x,z,relay,string,error,index
160,-60,false,f,true
148.081,-60,false,b,true
159.774,-40,true,l,true
160,-40,false,l,true
168.383,-40,true,g,true
157.33,-60,false,g,true
148.681,-60,false,b,true
160.331,-40,true,l,true
160,-40,false,l,true
160.547,-40,true,g,true
148.914,-60,false,g,true
141.014,-60,false,b,true
153.248,-40,true,l,true
160,-40,false,l,true
197.354,-40,true,g,true
188.012,-60,false,g,true
185.992,-60,false,b,true
136.861,-60,false,b,true
149.435,-40,true,l,true
160,-40,false,l,true
182.933,-40,true,g,true
172.813,-60,false,g,true
148.391,-60,false,b,true
160.062,-40,true,l,true
160,-40,false,l,true
166.628,-40,true,g,true
155.45,-60,false,g,true
151.041,-60,false,b,true
162.522,-40,true,l,true
160,-40,false,l,true
169.884,-40,true,g,true
158.936,-60,false,g,true
155.652,-60,false,b,true
166.816,-40,true,l,true
160,-40,false,l,true
188.646,-40,true,g,true
178.85,-60,false,g,true
136.261,-60,false,b,true
154.37,-60,false,b,true
149.766,-60,false,b,true
161.337,-40,true,l,true
160,-40,false,l,true
163.886,-40,true,g,true
152.508,-60,false,g,true
196.373,-60,false,b,true
174.541,-60,false,b,true
184.566,-40,true,l,true
160,-40,false,l,true
165.105,-40,true,g,true
153.817,-60,false,g,true
194.235,-60,false,b,true
198.788,-60,false,b,true
207.646,-40,true,l,true
160,-40,false,l,true
203.924,-40,true,g,true
194.897,-60,false,g,true
193.743,-60,false,b,true
202.821,-40,true,l,true
160,-40,false,l,true
173.058,-40,true,g,true
162.324,-60,false,g,true
156.315,-60,false,b,true
188.227,-60,false,b,true
197.559,-40,true,l,true
160,-40,false,l,true
199.961,-40,true,g,true
190.747,-60,false,g,true
190.448,-60,false,b,true
161.267,-60,false,b,true
185.647,-60,false,b,true
184.395,-60,false,b,true
196.856,-60,false,b,true
205.797,-40,true,l,true
160,-40,false,l,true
156.576,-40,true,g,true
144.624,-60,false,g,true
138.296,-60,false,b,true
150.75,-40,true,l,true
160,-40,false,l,true
164.554,-40,true,g,true
153.225,-60,false,g,true
145.37,-60,false,b,true
157.266,-40,true,l,true
160,-40,false,l,true
174.447,-40,true,g,true
163.804,-60,false,g,true
161.055,-60,false,b,true
171.868,-40,true,l,true
160,-40,false,l,true
200.981,-40,true,g,true
191.816,-60,false,g,true
159.964,-60,false,b,true
170.846,-40,true,l,true
160,-40,false,l,true
165.792,-40,true,g,true
154.555,-60,false,g,true
148.888,-60,false,b,true
160.523,-40,true,l,true
160,-40,false,l,true
165.323,-40,true,g,true
154.05,-60,false,g,true
135.901,-60,false,b,true
148.557,-40,true,l,true
160,-40,false,l,true
164.049,-40,true,g,true
152.683,-60,false,g,true
144.14,-60,false,b,true
186.854,-60,false,b,true
196.251,-40,true,l,true
160,-40,false,l,true
169.339,-40,true,g,true
158.353,-60,false,g,true
147.511,-60,false,b,true
175.569,-60,false,b,true
185.538,-40,true,l,true
160,-40,false,l,true
183.528,-40,true,g,true
173.443,-60,false,g,true
172.435,-60,false,b,true
182.575,-40,true,l,true
160,-40,false,l,true
162.665,-40,true,g,true
151.195,-60,false,g,true
143.826,-60,false,b,true
196.008,-60,false,b,true
204.985,-40,true,l,true
160,-40,false,l,true
172.05,-40,true,g,true
161.249,-60,false,g,true
156.202,-60,false,b,true
167.329,-40,true,l,true
160,-40,false,l,true
166.333,-40,true,g,true
155.134,-60,false,g,true
147.531,-60,false,b,true
159.265,-40,true,l,true
160,-40,false,l,true
162.412,-40,true,g,true
150.922,-60,false,g,true
140.992,-60,false,b,true
153.228,-40,true,l,true
160,-40,false,l,true
193.934,-40,true,g,true
184.419,-60,false,g,true
183.553,-60,false,b,true
154.763,-60,false,b,true
193.958,-60,false,b,true
192.538,-60,false,b,true
201.671,-40,true,l,true
160,-40,false,l,true
169.241,-40,true,g,true
158.248,-60,false,g,true
154.313,-60,false,b,true
165.568,-40,true,l,true
160,-40,false,l,true
153.199,-40,true,g,true
140.961,-60,false,g,true
138.951,-60,false,b,true
151.352,-40,true,l,true
160,-40,false,l,true
174.339,-40,true,g,true
163.689,-60,false,g,true
164.591,-60,false,b,true
175.186,-40,true,l,true
160,-40,false,l,true
159.891,-40,true,g,true
148.206,-60,false,g,true
142.557,-60,false,b,true
154.669,-40,true,l,true
160,-40,false,l,true
167.91,-40,true,g,true
156.824,-60,false,g,true
149.281,-60,false,b,true
160.887,-40,true,l,true
160,-40,false,l,true
161.079,-40,true,g,true
149.487,-60,false,g,true
185.699,-60,false,b,true
195.152,-40,true,l,true
160,-40,false,l,true
197.534,-40,true,g,true
188.201,-60,false,g,true
193.778,-60,false,b,true
154.522,-60,false,b,true
155.329,-60,false,b,true
195.185,-60,false,b,true
204.199,-40,true,l,true
160,-40,false,l,true
173.575,-40,true,g,true
162.875,-60,false,g,true
158.434,-60,false,b,true
188.122,-60,false,b,true
197.459,-40,true,l,true
160,-40,false,l,true
182.474,-40,true,g,true
172.328,-60,false,g,true
171.407,-60,false,b,true
142.262,-60,false,b,true
189.47,-60,false,b,true
174.753,-60,false,b,true
184.766,-40,true,l,true
160,-40,false,l,true
180.576,-40,true,g,true
170.317,-60,false,g,true
136.326,-60,false,b,true
141.811,-60,false,b,true
153.982,-40,true,l,true
160,-40,false,l,true
183.658,-40,true,g,true
173.581,-60,false,g,true
171.512,-60,false,b,true
138.187,-60,false,b,true
150.651,-40,true,l,true
160,-40,false,l,true
203.14,-40,true,g,true
194.077,-60,false,g,true
141.242,-60,false,b,true
153.457,-40,true,l,true
160,-40,false,l,true
182.444,-40,true,g,true
172.296,-60,false,g,true
136.518,-60,false,b,true
149.121,-40,true,l,true
160,-40,false,l,true
166.05,-40,true,g,true
154.831,-60,false,g,true
144.875,-60,false,b,true
147.433,-60,false,b,true
159.174,-40,true,l,true
160,-40,false,l,true
197.125,-40,true,g,true
187.772,-60,false,g,true
156.203,-60,false,b,true
167.33,-40,true,l,true
160,-40,false,l,true
181.787,-40,true,g,true
171.6,-60,false,g,true
136.353,-60,false,b,true
148.971,-40,true,l,true
160,-40,false,l,true
163.571,-40,true,g,true
152.169,-60,false,g,true
144.647,-60,false,b,true
156.597,-40,true,l,true
160,-40,false,l,true
173.298,-40,true,g,true
162.58,-60,false,g,true
177.788,-60,false,b,true
135.357,-60,false,b,true
148.059,-40,true,l,true
160,-40,false,l,true
164.466,-40,true,g,true
153.13,-60,false,g,true
144.75,-60,false,b,true
156.693,-40,true,l,true
160,-40,false,l,true
159.028,-40,true,g,true
147.274,-60,false,g,true
137.539,-60,false,b,true
150.057,-40,true,l,true
160,-40,false,l,true
181.872,-40,true,g,true
171.69,-60,false,g,true
136.352,-60,false,b,true
147.793,-60,false,b,true
137.475,-60,false,b,true
149.998,-40,true,l,true
160,-40,false,l,true
174.678,-40,true,g,true
164.05,-60,false,g,true
151.971,-60,false,b,true
183.626,-60,false,b,true
193.18,-40,true,l,true
160,-40,false,l,true
201.491,-40,true,g,true
192.351,-60,false,g,true
139.848,-60,false,b,true
181.098,-60,false,b,true
158.604,-60,false,b,true
169.574,-40,true,l,true
160,-40,false,l,true
151.796,-40,true,g,true
139.435,-60,false,g,true
143.622,-60,false,b,true
155.651,-40,true,l,true
160,-40,false,l,true
163.291,-40,true,g,true
151.868,-60,false,g,true
145.331,-60,false,b,true
157.229,-40,true,l,true
160,-40,false,l,true
183.149,-40,true,g,true
173.042,-60,false,g,true
162.71,-60,false,b,true
173.42,-40,true,l,true
160,-40,false,l,true
168.294,-40,true,g,true
157.236,-60,false,g,true
152.102,-60,false,b,true
163.509,-40,true,l,true
160,-40,false,l,true
169.973,-40,true,g,true
159.031,-60,false,g,true
197.791,-60,false,b,true
199.393,-60,false,b,true
208.225,-40,true,l,true
160,-40,false,l,true
202.411,-40,true,g,true
193.314,-60,false,g,true
140.288,-60,false,b,true
152.58,-40,true,l,true
160,-40,false,l,true
170.986,-40,true,g,true
160.113,-60,false,g,true
148.383,-60,false,b,true
188.368,-60,false,b,true
192.442,-60,false,b,true
201.578,-40,true,l,true
160,-40,false,l,true
155.632,-40,true,g,true
143.601,-60,false,g,true
167.509,-60,false,b,true
169.627,-60,false,b,true
179.926,-40,true,l,true
160,-40,false,l,true
160.973,-40,true,g,true
149.373,-60,false,g,true
140.887,-60,false,b,true
153.132,-40,true,l,true
160,-40,false,l,true
183.799,-40,true,g,true
173.73,-60,false,g,true
146.177,-60,false,b,true
158.011,-40,true,l,true
160,-40,false,l,true
167.144,-40,true,g,true
156.003,-60,false,g,true
150.341,-60,false,b,true
157.714,-60,false,b,true
168.742,-40,true,l,true
160,-40,false,l,true
201.179,-40,true,g,true
192.024,-60,false,g,true
179.078,-60,false,b,true
188.862,-40,true,l,true
160,-40,false,l,true
183.771,-40,true,g,true
173.7,-60,false,g,true
162.621,-60,false,b,true
173.337,-40,true,l,true
160,-40,false,l,true
204.065,-40,true,g,true
195.045,-60,false,g,true
179.453,-60,false,b,true
136.936,-60,false,b,true
149.504,-40,true,l,true
160,-40,false,l,true
154.335,-40,true,g,true
142.195,-60,false,g,true
165.787,-60,false,b,true
158.984,-60,false,b,true
169.929,-40,true,l,true
160,-40,false,l,true
205.608,-40,true,g,true
196.659,-60,false,g,true
143.22,-60,false,b,true
155.28,-40,true,l,true
160,-40,false,l,true
173.974,-40,true,g,true
163.301,-60,false,g,true
158.852,-60,false,b,true
169.806,-40,true,l,true
160,-40,false,l,true
183.879,-40,true,g,true
173.814,-60,false,g,true
138.232,-60,false,b,true
150.692,-40,true,l,true
160,-40,false,l,true
166.032,-40,true,g,true
154.812,-60,false,g,true
147.173,-60,false,b,true
158.934,-40,true,l,true
160,-40,false,l,true
169.604,-40,true,g,true
158.637,-60,false,g,true
192.953,-60,false,b,true
202.066,-40,true,l,true
160,-40,false,l,true
160.088,-40,true,g,true
148.418,-60,false,g,true
141.174,-60,false,b,true
153.395,-40,true,l,true
160,-40,false,l,true
174.019,-40,true,g,true
163.348,-60,false,g,true
159.881,-60,false,b,true
159.937,-60,false,b,true
199.362,-60,false,b,true
208.195,-40,true,l,true
160,-40,false,l,true
188.781,-40,true,g,true
178.993,-60,false,g,true
175.28,-60,false,b,true
182.915,-60,false,b,true
164.245,-60,false,b,true
174.861,-40,true,l,true
160,-40,false,l,true
206.359,-40,true,g,true
197.444,-60,false,g,true
137.445,-60,false,b,true
149.97,-40,true,l,true
160,-40,false,l,true
165.06,-40,true,g,true
153.769,-60,false,g,true
146.092,-60,false,b,true
157.933,-40,true,l,true
160,-40,false,l,true
188.73,-40,true,g,true
178.939,-60,false,g,true
143.358,-60,false,b,true
155.408,-40,true,l,true
160,-40,false,l,true
162.872,-40,true,g,true
151.418,-60,false,g,true
143.467,-60,false,b,true
155.508,-40,true,l,true
160,-40,false,l,true
172.439,-40,true,g,true
161.664,-60,false,g,true
152.496,-60,false,b,true
163.875,-40,true,l,true
160,-40,false,l,true
169.061,-40,true,g,true
158.056,-60,false,g,true
155.535,-60,false,b,true
170.31,-60,false,b,true
180.57,-40,true,l,true
160,-40,false,l,true
196.613,-40,true,g,true
187.234,-60,false,g,true
186.547,-60,false,b,true
156.535,-60,false,b,true
183.657,-60,false,b,true
150.918,-60,false,b,true
162.408,-40,true,l,true
160,-40,false,l,true
188.985,-40,true,g,true
179.208,-60,false,g,true
151.791,-60,false,b,true
163.219,-40,true,l,true
160,-40,false,l,true
178.634,-40,true,g,true
168.256,-60,false,g,true
169.427,-60,false,b,true
197.233,-60,false,b,true
154.141,-60,false,b,true
188.384,-60,false,b,true
197.708,-40,true,l,true
160,-40,false,l,true
165.335,-40,true,g,true
154.064,-60,false,g,true
146.455,-60,false,b,true
158.269,-40,true,l,true
160,-40,false,l,true
196.608,-40,true,g,true
187.229,-60,false,g,true
147.614,-60,false,b,true
159.342,-40,true,l,true
160,-40,false,l,true
190.109,-40,true,g,true
180.393,-60,false,g,true
145.036,-60,false,b,true
156.957,-40,true,l,true
160,-40,false,l,true
187.651,-40,true,g,true
177.8,-60,false,g,true
158.249,-60,false,b,true
169.242,-40,true,l,true
160,-40,false,l,true
175.604,-40,true,g,true
165.035,-60,false,g,true
154.975,-60,false,b,true
148.667,-60,false,b,true
164.959,-60,false,b,true
175.532,-40,true,l,true
160,-40,false,l,true
170.698,-40,true,g,true
159.806,-60,false,g,true
151.325,-60,false,b,true
162.786,-40,true,l,true
160,-40,false,l,true
163.241,-40,true,g,true
151.815,-60,false,g,true
163.493,-60,false,b,true
174.155,-40,true,l,true
160,-40,false,l,true
160.207,-40,true,g,true
148.548,-60,false,g,true
141.358,-60,false,b,true
