x,z,relay,string,error,index
160,-60,false,f,true
160,-40,false,l,true
175.389,-40,true,g,true
164.807,-60,false,g,true
156.641,-60,false,b,true
196.598,-60,false,b,true
205.55,-40,true,l,true
160,-40,false,l,true
174.174,-40,true,g,true
163.514,-60,false,g,true
198.764,-60,false,b,true
207.623,-40,true,l,true
160,-40,false,l,true
159.125,-40,true,g,true
147.38,-60,false,g,true
189.877,-60,false,b,true
199.132,-40,true,l,true
160,-40,false,l,true
161.487,-40,true,g,true
149.927,-60,false,g,true
193.222,-60,false,b,true
202.323,-40,true,l,true
160,-40,false,l,true
172.717,-40,true,g,true
161.96,-60,false,g,true
186.616,-60,false,b,true
196.024,-40,true,l,true
160,-40,false,l,true
162.758,-40,true,g,true
151.295,-60,false,g,true
193.283,-60,false,b,true
202.382,-40,true,l,true
160,-40,false,l,true
169.477,-40,true,g,true
158.501,-60,false,g,true
152.444,-60,false,b,true
163.827,-40,true,l,true
160,-40,false,l,true
162.15,-40,true,g,true
150.64,-60,false,g,true
190.669,-60,false,b,true
199.887,-40,true,l,true
160,-40,false,l,true
164.497,-40,true,g,true
153.164,-60,false,g,true
195.78,-60,false,b,true
204.768,-40,true,l,true
160,-40,false,l,true
166.511,-40,true,g,true
155.325,-60,false,g,true
148.131,-60,false,b,true
198.08,-60,false,b,true
206.968,-40,true,l,true
160,-40,false,l,true
198.554,-40,true,g,true
189.271,-60,false,g,true
186.554,-60,false,b,true
195.965,-40,true,l,true
160,-40,false,l,true
163.453,-40,true,g,true
152.042,-60,false,g,true
149.307,-60,false,b,true
150.288,-60,false,b,true
173.907,-60,false,b,true
183.967,-40,true,l,true
160,-40,false,l,true
176.746,-40,true,g,true
166.25,-60,false,g,true
159.878,-60,false,b,true
170.765,-40,true,l,true
160,-40,false,l,true
206.555,-40,true,g,true
197.649,-60,false,g,true
195.295,-60,false,b,true
204.304,-40,true,l,true
160,-40,false,l,true
159.51,-40,true,g,true
147.796,-60,false,g,true
195.321,-60,false,b,true
204.329,-40,true,l,true
160,-40,false,l,true
170.297,-40,true,g,true
159.377,-60,false,g,true
198.71,-60,false,b,true
207.571,-40,true,l,true
160,-40,false,l,true
182.116,-40,true,g,true
171.949,-60,false,g,true
173.598,-60,false,b,true
183.674,-40,true,l,true
160,-40,false,l,true
183.743,-40,true,g,true
173.67,-60,false,g,true
198.473,-60,false,b,true
207.344,-40,true,l,true
160,-40,false,l,true
166.775,-40,true,g,true
155.609,-60,false,g,true
196.997,-60,false,b,true
205.931,-40,true,l,true
160,-40,false,l,true
167.854,-40,true,g,true
156.764,-60,false,g,true
196.287,-60,false,b,true
205.252,-40,true,l,true
160,-40,false,l,true
171.889,-40,true,g,true
161.077,-60,false,g,true
193.638,-60,false,b,true
202.721,-40,true,l,true
160,-40,false,l,true
152.789,-40,true,g,true
140.515,-60,false,g,true
137.852,-60,false,b,true
147.14,-60,false,b,true
148.977,-60,false,b,true
187.247,-60,false,b,true
196.626,-40,true,l,true
160,-40,false,l,true
205.575,-40,true,g,true
196.624,-60,false,g,true
196.827,-60,false,b,true
205.769,-40,true,l,true
160,-40,false,l,true
158.297,-40,true,g,true
146.485,-60,false,g,true
199.555,-60,false,b,true
208.38,-40,true,l,true
160,-40,false,l,true
160.763,-40,true,g,true
149.146,-60,false,g,true
198.827,-60,false,b,true
207.683,-40,true,l,true
160,-40,false,l,true
162.939,-40,true,g,true
151.489,-60,false,g,true
194.213,-60,false,b,true
203.27,-40,true,l,true
160,-40,false,l,true
155.501,-40,true,g,true
143.46,-60,false,g,true
135.12,-60,false,b,true
195.027,-60,false,b,true
204.048,-40,true,l,true
160,-40,false,l,true
165.527,-40,true,g,true
154.27,-60,false,g,true
197.391,-60,false,b,true
206.308,-40,true,l,true
160,-40,false,l,true
161.168,-40,true,g,true
149.584,-60,false,g,true
162.115,-60,false,b,true
198.177,-60,false,b,true
207.061,-40,true,l,true
160,-40,false,l,true
156.881,-40,true,g,true
144.954,-60,false,g,true
193.561,-60,false,b,true
202.647,-40,true,l,true
160,-40,false,l,true
157.746,-40,true,g,true
145.889,-60,false,g,true
199.098,-60,false,b,true
207.943,-40,true,l,true
160,-40,false,l,true
164.576,-40,true,g,true
153.249,-60,false,g,true
187.756,-60,false,b,true
197.11,-40,true,l,true
160,-40,false,l,true
169.407,-40,true,g,true
158.426,-60,false,g,true
150.272,-60,false,b,true
189.921,-60,false,b,true
194.542,-60,false,b,true
203.584,-40,true,l,true
160,-40,false,l,true
159.338,-40,true,g,true
147.609,-60,false,g,true
190.538,-60,false,b,true
199.761,-40,true,l,true
160,-40,false,l,true
178.25,-40,true,g,true
167.848,-60,false,g,true
159.843,-60,false,b,true
170.733,-40,true,l,true
160,-40,false,l,true
200.258,-40,true,g,true
191.059,-60,false,g,true
191.251,-60,false,b,true
200.442,-40,true,l,true
160,-40,false,l,true
203.834,-40,true,g,true
194.804,-60,false,g,true
196.323,-60,false,b,true
205.287,-40,true,l,true
160,-40,false,l,true
170.465,-40,true,g,true
159.556,-60,false,g,true
190.178,-60,false,b,true
199.419,-40,true,l,true
160,-40,false,l,true
198.492,-40,true,g,true
189.206,-60,false,g,true
188.417,-60,false,b,true
197.74,-40,true,l,true
160,-40,false,l,true
174.948,-40,true,g,true
164.337,-60,false,g,true
160.507,-60,false,b,true
171.355,-40,true,l,true
160,-40,false,l,true
172.035,-40,true,g,true
161.232,-60,false,g,true
198.484,-60,false,b,true
207.354,-40,true,l,true
160,-40,false,l,true
161.971,-40,true,g,true
150.448,-60,false,g,true
193.697,-60,false,b,true
202.777,-40,true,l,true
160,-40,false,l,true
172.693,-40,true,g,true
161.935,-60,false,g,true
153.927,-60,false,b,true
198.912,-60,false,b,true
207.765,-40,true,l,true
160,-40,false,l,true
172.866,-40,true,g,true
162.119,-60,false,g,true
199.836,-60,false,b,true
208.649,-40,true,l,true
160,-40,false,l,true
158.389,-40,true,g,true
146.585,-60,false,g,true
190.857,-60,false,b,true
200.066,-40,true,l,true
160,-40,false,l,true
171.404,-40,true,g,true
160.559,-60,false,g,true
199.942,-60,false,b,true
208.75,-40,true,l,true
160,-40,false,l,true
167.909,-40,true,g,true
156.822,-60,false,g,true
136.721,-60,false,b,true
184.987,-60,false,b,true
194.474,-40,true,l,true
160,-40,false,l,true
151.383,-40,true,g,true
138.985,-60,false,g,true
186.863,-60,false,b,true
196.259,-40,true,l,true
160,-40,false,l,true
159.9,-40,true,g,true
148.216,-60,false,g,true
199.697,-60,false,b,true
208.516,-40,true,l,true
160,-40,false,l,true
158.006,-40,true,g,true
146.171,-60,false,g,true
190.457,-60,false,b,true
199.685,-40,true,l,true
160,-40,false,l,true
159.716,-40,true,g,true
148.018,-60,false,g,true
173.384,-60,false,b,true
183.472,-40,true,l,true
160,-40,false,l,true
201.321,-40,true,g,true
192.172,-60,false,g,true
198.887,-60,false,b,true
185.91,-60,false,b,true
195.352,-40,true,l,true
160,-40,false,l,true
208.535,-40,true,g,true
199.716,-60,false,g,true
160.454,-60,false,b,true
171.305,-40,true,l,true
160,-40,false,l,true
166.881,-40,true,g,true
155.721,-60,false,g,true
192.235,-60,false,b,true
201.381,-40,true,l,true
160,-40,false,l,true
162.435,-40,true,g,true
150.948,-60,false,g,true
199.071,-60,false,b,true
207.916,-40,true,l,true
160,-40,false,l,true
151.602,-40,true,g,true
139.223,-60,false,g,true
187.304,-60,false,b,true
196.679,-40,true,l,true
160,-40,false,l,true
204.341,-40,true,g,true
195.334,-60,false,g,true
196.047,-60,false,b,true
205.023,-40,true,l,true
160,-40,false,l,true
165.757,-40,true,g,true
154.516,-60,false,g,true
148.836,-60,false,b,true
160.475,-40,true,l,true
160,-40,false,l,true
162.437,-40,true,g,true
150.949,-60,false,g,true
193.858,-60,false,b,true
202.93,-40,true,l,true
160,-40,false,l,true
176.955,-40,true,g,true
166.473,-60,false,g,true
156.762,-60,false,b,true
191.545,-60,false,b,true
200.723,-40,true,l,true
160,-40,false,l,true
200.712,-40,true,g,true
191.534,-60,false,g,true
190.001,-60,false,b,true
199.25,-40,true,l,true
160,-40,false,l,true
154.528,-40,true,g,true
142.404,-60,false,g,true
189.507,-60,false,b,true
198.778,-40,true,l,true
160,-40,false,l,true
173.356,-40,true,g,true
162.642,-60,false,g,true
196.34,-60,false,b,true
205.303,-40,true,l,true
160,-40,false,l,true
163.408,-40,true,g,true
151.994,-60,false,g,true
195.642,-60,false,b,true
204.636,-40,true,l,true
160,-40,false,l,true
163.734,-40,true,g,true
152.344,-60,false,g,true
176.883,-60,false,b,true
186.782,-40,true,l,true
160,-40,false,l,true
150.663,-40,true,g,true
138.2,-60,false,g,true
185.854,-60,false,b,true
195.299,-40,true,l,true
160,-40,false,l,true
195.557,-40,true,g,true
186.125,-60,false,g,true
198.311,-60,false,b,true
207.189,-40,true,l,true
160,-40,false,l,true
163.346,-40,true,g,true
151.927,-60,false,g,true
195.859,-60,false,b,true
204.843,-40,true,l,true
160,-40,false,l,true
171.975,-40,true,g,true
161.169,-60,false,g,true
151.379,-60,false,b,true
162.836,-40,true,l,true
160,-40,false,l,true
159.182,-40,true,g,true
147.441,-60,false,g,true
190.508,-60,false,b,true
199.733,-40,true,l,true
160,-40,false,l,true
155.851,-40,true,g,true
143.838,-60,false,g,true
188.095,-60,false,b,true
197.433,-40,true,l,true
160,-40,false,l,true
169.071,-40,true,g,true
158.067,-60,false,g,true
197.759,-60,false,b,true
206.661,-40,true,l,true
160,-40,false,l,true
184.034,-40,true,g,true
173.979,-60,false,g,true
171.522,-60,false,b,true
181.713,-40,true,l,true
160,-40,false,l,true
175.019,-40,true,g,true
164.413,-60,false,g,true
199.987,-60,false,b,true
208.793,-40,true,l,true
160,-40,false,l,true
200.369,-40,true,g,true
191.175,-60,false,g,true
199.985,-60,false,b,true
208.792,-40,true,l,true
160,-40,false,l,true
156.388,-40,true,g,true
144.42,-60,false,g,true
136.647,-60,false,b,true
149.24,-40,true,l,true
160,-40,false,l,true
167.57,-40,true,g,true
156.46,-60,false,g,true
181.284,-60,false,b,true
190.955,-40,true,l,true
160,-40,false,l,true
156.452,-40,true,g,true
144.489,-60,false,g,true
198.684,-60,false,b,true
207.546,-40,true,l,true
160,-40,false,l,true
157.928,-40,true,g,true
146.087,-60,false,g,true
185.951,-60,false,b,true
195.391,-40,true,l,true
160,-40,false,l,true
158.704,-40,true,g,true
146.925,-60,false,g,true
199.877,-60,false,b,true
208.688,-40,true,l,true
160,-40,false,l,true
168.018,-40,true,g,true
156.94,-60,false,g,true
197.672,-60,false,b,true
206.577,-40,true,l,true
160,-40,false,l,true
153.027,-40,true,g,true
140.773,-60,false,g,true
188.599,-60,false,b,true
197.913,-40,true,l,true
160,-40,false,l,true
161.904,-40,true,g,true
150.376,-60,false,g,true
197.234,-60,false,b,true
206.158,-40,true,l,true
160,-40,false,l,true
190.291,-40,true,g,true
180.584,-60,false,g,true
176.675,-60,false,b,true
187.401,-60,false,b,true
196.772,-40,true,l,true
160,-40,false,l,true
173.646,-40,true,g,true
162.95,-60,false,g,true
198.271,-60,false,b,true
207.151,-40,true,l,true
160,-40,false,l,true
208,-40,true,g,true
199.159,-60,false,g,true
196.257,-60,false,b,true
205.223,-40,true,l,true
160,-40,false,l,true
171.728,-40,true,g,true
160.906,-60,false,g,true
199.386,-60,false,b,true
208.218,-40,true,l,true
160,-40,false,l,true
171.787,-40,true,g,true
160.968,-60,false,g,true
152.483,-60,false,b,true
163.863,-40,true,l,true
160,-40,false,l,true
163.106,-40,true,g,true
151.67,-60,false,g,true
153.004,-60,false,b,true
183.349,-60,false,b,true
192.916,-40,true,l,true
160,-40,false,l,true
199.437,-40,true,g,true
190.198,-60,false,g,true
186.796,-60,false,b,true
196.196,-40,true,l,true
160,-40,false,l,true
158.723,-40,true,g,true
146.945,-60,false,g,true
199.929,-60,false,b,true
208.738,-40,true,l,true
160,-40,false,l,true
159.869,-40,true,g,true
148.182,-60,false,g,true
196.383,-60,false,b,true
205.344,-40,true,l,true
160,-40,false,l,true
166.713,-40,true,g,true
155.541,-60,false,g,true
198.929,-60,false,b,true
207.781,-40,true,l,true
160,-40,false,l,true
183.428,-40,true,g,true
173.337,-60,false,g,true
196.965,-60,false,b,true
205.901,-40,true,l,true
160,-40,false,l,true
158.586,-40,true,g,true
146.798,-60,false,g,true
193.646,-60,false,b,true
202.728,-40,true,l,true
160,-40,false,l,true
193.313,-40,true,g,true
183.766,-60,false,g,true
180.731,-60,false,b,true
190.43,-40,true,l,true
160,-40,false,l,true
163.83,-40,true,g,true
152.448,-60,false,g,true
199.425,-60,false,b,true
208.255,-40,true,l,true
160,-40,false,l,true
180.735,-40,true,g,true
170.485,-60,false,g,true
182.027,-60,false,b,true
191.661,-40,true,l,true
160,-40,false,l,true
174.944,-40,true,g,true
164.333,-60,false,g,true
199.955,-60,false,b,true
