x,z,relay,string,error,index
160,-60,false,f,true
148.081,-60,false,b,true
159.774,-40,true,l,true
160,-40,false,l,true
185.357,-40,true,g,true
175.378,-60,false,g,true
143.555,-60,false,b,true
155.59,-40,true,l,true
160,-40,false,l,true
204.09,-40,true,g,true
195.071,-60,false,g,true
153.016,-60,false,b,true
164.359,-40,true,l,true
160,-40,false,l,true
157.607,-40,true,g,true
145.739,-60,false,g,true
144.59,-60,false,b,true
156.545,-40,true,l,true
160,-40,false,l,true
158.346,-40,true,g,true
146.538,-60,false,g,true
139.131,-60,false,b,true
139.055,-60,false,b,true
140.823,-60,false,b,true
153.072,-40,true,l,true
160,-40,false,l,true
201.768,-40,true,g,true
192.64,-60,false,g,true
175.763,-60,false,b,true
135.837,-60,false,b,true
148.498,-40,true,l,true
160,-40,false,l,true
167.515,-40,true,g,true
156.401,-60,false,g,true
148.251,-60,false,b,true
144.361,-60,false,b,true
156.334,-40,true,l,true
160,-40,false,l,true
171.539,-40,true,g,true
160.703,-60,false,g,true
157.631,-60,false,b,true
137.52,-60,false,b,true
150.039,-40,true,l,true
160,-40,false,l,true
178.723,-40,true,g,true
168.351,-60,false,g,true
160.7,-60,false,b,true
171.535,-40,true,l,true
160,-40,false,l,true
174.348,-40,true,g,true
163.699,-60,false,g,true
157.714,-60,false,b,true
168.742,-40,true,l,true
160,-40,false,l,true
187.181,-40,true,g,true
177.304,-60,false,g,true
167.516,-60,false,b,true
177.937,-40,true,l,true
160,-40,false,l,true
194.727,-40,true,g,true
185.253,-60,false,g,true
135.067,-60,false,b,true
147.794,-40,true,l,true
160,-40,false,l,true
175.906,-40,true,g,true
165.357,-60,false,g,true
159.228,-60,false,b,true
150.568,-60,false,b,true
162.082,-40,true,l,true
160,-40,false,l,true
164.837,-40,true,g,true
153.53,-60,false,g,true
140.096,-60,false,b,true
152.404,-40,true,l,true
160,-40,false,l,true
202.849,-40,true,g,true
193.772,-60,false,g,true
147.415,-60,false,b,true
159.158,-40,true,l,true
160,-40,false,l,true
183.399,-40,true,g,true
173.307,-60,false,g,true
176.108,-60,false,b,true
186.049,-40,true,l,true
160,-40,false,l,true
180.463,-40,true,g,true
170.196,-60,false,g,true
138.307,-60,false,b,true
150.761,-40,true,l,true
160,-40,false,l,true
199.915,-40,true,g,true
190.699,-60,false,g,true
137.589,-60,false,b,true
150.102,-40,true,l,true
160,-40,false,l,true
191.186,-40,true,g,true
181.527,-60,false,g,true
178.711,-60,false,b,true
138.296,-60,false,b,true
150.75,-40,true,l,true
160,-40,false,l,true
176.919,-40,true,g,true
166.434,-60,false,g,true
163.69,-60,false,b,true
161.413,-60,false,b,true
172.204,-40,true,l,true
160,-40,false,l,true
195.755,-40,true,g,true
186.334,-60,false,g,true
142.009,-60,false,b,true
154.164,-40,true,l,true
160,-40,false,l,true
199.846,-40,true,g,true
190.627,-60,false,g,true
141.854,-60,false,b,true
154.022,-40,true,l,true
160,-40,false,l,true
176.17,-40,true,g,true
165.637,-60,false,g,true
160.694,-60,false,b,true
171.53,-40,true,l,true
160,-40,false,l,true
200.699,-40,true,g,true
191.521,-60,false,g,true
148.428,-60,false,b,true
160.096,-40,true,l,true
160,-40,false,l,true
163.948,-40,true,g,true
152.574,-60,false,g,true
146.474,-60,false,b,true
158.286,-40,true,l,true
160,-40,false,l,true
159.696,-40,true,g,true
147.996,-60,false,g,true
141.111,-60,false,b,true
153.337,-40,true,l,true
160,-40,false,l,true
166.641,-40,true,g,true
155.464,-60,false,g,true
149.372,-60,false,b,true
160.972,-40,true,l,true
160,-40,false,l,true
162.251,-40,true,g,true
150.75,-60,false,g,true
143.144,-60,false,b,true
155.211,-40,true,l,true
160,-40,false,l,true
192.379,-40,true,g,true
182.783,-60,false,g,true
153.01,-60,false,b,true
164.353,-40,true,l,true
160,-40,false,l,true
203.81,-40,true,g,true
194.778,-60,false,g,true
148.266,-60,false,b,true
159.946,-40,true,l,true
160,-40,false,l,true
175.13,-40,true,g,true
164.531,-60,false,g,true
143.829,-60,false,b,true
155.842,-40,true,l,true
160,-40,false,l,true
199.851,-40,true,g,true
190.632,-60,false,g,true
147.252,-60,false,b,true
159.007,-40,true,l,true
160,-40,false,l,true
197.35,-40,true,g,true
188.008,-60,false,g,true
136.637,-60,false,b,true
137.856,-60,false,b,true
150.347,-40,true,l,true
160,-40,false,l,true
173.771,-40,true,g,true
163.083,-60,false,g,true
185.258,-60,false,b,true
194.732,-40,true,l,true
160,-40,false,l,true
191.026,-40,true,g,true
181.359,-60,false,g,true
137.02,-60,false,b,true
149.581,-40,true,l,true
160,-40,false,l,true
197.349,-40,true,g,true
188.007,-60,false,g,true
138.834,-60,false,b,true
151.244,-40,true,l,true
160,-40,false,l,true
196.823,-40,true,g,true
187.455,-60,false,g,true
149.785,-60,false,b,true
161.355,-40,true,l,true
160,-40,false,l,true
168.968,-40,true,g,true
157.956,-60,false,g,true
153.485,-60,false,b,true
164.796,-40,true,l,true
160,-40,false,l,true
203.893,-40,true,g,true
194.865,-60,false,g,true
192.177,-60,false,b,true
137.249,-60,false,b,true
149.791,-40,true,l,true
160,-40,false,l,true
201.918,-40,true,g,true
192.798,-60,false,g,true
158.437,-60,false,b,true
169.417,-40,true,l,true
160,-40,false,l,true
204.673,-40,true,g,true
195.681,-60,false,g,true
161.349,-60,false,b,true
172.144,-40,true,l,true
160,-40,false,l,true
158.576,-40,true,g,true
146.786,-60,false,g,true
145.168,-60,false,b,true
157.079,-40,true,l,true
160,-40,false,l,true
158.374,-40,true,g,true
146.569,-60,false,g,true
137.938,-60,false,b,true
150.422,-40,true,l,true
160,-40,false,l,true
208.017,-40,true,g,true
199.176,-60,false,g,true
163.045,-60,false,b,true
135.466,-60,false,b,true
148.159,-40,true,l,true
160,-40,false,l,true
196.081,-40,true,g,true
186.676,-60,false,g,true
154.524,-60,false,b,true
165.764,-40,true,l,true
160,-40,false,l,true
155.922,-40,true,g,true
143.916,-60,false,g,true
135.833,-60,false,b,true
148.495,-40,true,l,true
160,-40,false,l,true
202.521,-40,true,g,true
193.429,-60,false,g,true
147.347,-60,false,b,true
159.095,-40,true,l,true
160,-40,false,l,true
160.864,-40,true,g,true
149.255,-60,false,g,true
141.405,-60,false,b,true
153.608,-40,true,l,true
160,-40,false,l,true
161.154,-40,true,g,true
149.569,-60,false,g,true
146.215,-60,false,b,true
158.047,-40,true,l,true
160,-40,false,l,true
167.487,-40,true,g,true
156.372,-60,false,g,true
139.733,-60,false,b,true
152.07,-40,true,l,true
160,-40,false,l,true
156.345,-40,true,g,true
144.374,-60,false,g,true
136.204,-60,false,b,true
148.834,-40,true,l,true
160,-40,false,l,true
168.219,-40,true,g,true
157.155,-60,false,g,true
152.508,-60,false,b,true
163.886,-40,true,l,true
160,-40,false,l,true
170.959,-40,true,g,true
160.084,-60,false,g,true
156.16,-60,false,b,true
167.29,-40,true,l,true
160,-40,false,l,true
190.617,-40,true,g,true
180.928,-60,false,g,true
151.522,-60,false,b,true
162.969,-40,true,l,true
160,-40,false,l,true
175.963,-40,true,g,true
165.418,-60,false,g,true
161.108,-60,false,b,true
171.918,-40,true,l,true
160,-40,false,l,true
207.111,-40,true,g,true
198.229,-60,false,g,true
195.415,-60,false,b,true
204.418,-40,true,l,true
160,-40,false,l,true
198.668,-40,true,g,true
189.391,-60,false,g,true
150.666,-60,false,b,true
162.174,-40,true,l,true
160,-40,false,l,true
205.477,-40,true,g,true
196.522,-60,false,g,true
143.204,-60,false,b,true
155.266,-40,true,l,true
160,-40,false,l,true
165.679,-40,true,g,true
154.433,-60,false,g,true
145.53,-60,false,b,true
157.414,-40,true,l,true
160,-40,false,l,true
205.988,-40,true,g,true
197.056,-60,false,g,true
169.707,-60,false,b,true
151.213,-60,false,b,true
162.682,-40,true,l,true
160,-40,false,l,true
159.263,-40,true,g,true
147.528,-60,false,g,true
139.796,-60,false,b,true
152.128,-40,true,l,true
160,-40,false,l,true
196.751,-40,true,g,true
187.379,-60,false,g,true
159.562,-60,false,b,true
170.47,-40,true,l,true
160,-40,false,l,true
167.781,-40,true,g,true
156.686,-60,false,g,true
144.208,-60,false,b,true
156.192,-40,true,l,true
160,-40,false,l,true
208.028,-40,true,g,true
199.188,-60,false,g,true
146.618,-60,false,b,true
158.419,-40,true,l,true
160,-40,false,l,true
166.266,-40,true,g,true
155.062,-60,false,g,true
143.597,-60,false,b,true
155.628,-40,true,l,true
160,-40,false,l,true
164.195,-40,true,g,true
152.84,-60,false,g,true
144.671,-60,false,b,true
137.554,-60,false,b,true
140.265,-60,false,b,true
152.559,-40,true,l,true
160,-40,false,l,true
206.94,-40,true,g,true
198.051,-60,false,g,true
144.409,-60,false,b,true
156.377,-40,true,l,true
160,-40,false,l,true
193.589,-40,true,g,true
184.057,-60,false,g,true
168.191,-60,false,b,true
178.573,-40,true,l,true
160,-40,false,l,true
198.72,-40,true,g,true
189.445,-60,false,g,true
169.022,-60,false,b,true
137.955,-60,false,b,true
140.691,-60,false,b,true
152.951,-40,true,l,true
160,-40,false,l,true
173.603,-40,true,g,true
162.905,-60,false,g,true
158.41,-60,false,b,true
169.393,-40,true,l,true
160,-40,false,l,true
171.136,-40,true,g,true
160.273,-60,false,g,true
154.487,-60,false,b,true
165.729,-40,true,l,true
160,-40,false,l,true
201.658,-40,true,g,true
192.525,-60,false,g,true
145.905,-60,false,b,true
157.76,-40,true,l,true
160,-40,false,l,true
204.993,-40,true,g,true
196.016,-60,false,g,true
136.724,-60,false,b,true
149.31,-40,true,l,true
160,-40,false,l,true
174.829,-40,true,g,true
164.21,-60,false,g,true
145.403,-60,false,b,true
157.296,-40,true,l,true
160,-40,false,l,true
196.75,-40,true,g,true
187.378,-60,false,g,true
175.646,-60,false,b,true
135.341,-60,false,b,true
148.044,-40,true,l,true
160,-40,false,l,true
195.518,-40,true,g,true
186.084,-60,false,g,true
141.892,-60,false,b,true
154.056,-40,true,l,true
160,-40,false,l,true
157.439,-40,true,g,true
145.558,-60,false,g,true
136.975,-60,false,b,true
149.54,-40,true,l,true
160,-40,false,l,true
151.638,-40,true,g,true
139.262,-60,false,g,true
140.613,-60,false,b,true
152.879,-40,true,l,true
160,-40,false,l,true
201.457,-40,true,g,true
192.315,-60,false,g,true
149.448,-60,false,b,true
161.042,-40,true,l,true
160,-40,false,l,true
169.348,-40,true,g,true
158.362,-60,false,g,true
151.304,-60,false,b,true
162.767,-40,true,l,true
160,-40,false,l,true
206.026,-40,true,g,true
197.095,-60,false,g,true
144.173,-60,false,b,true
156.16,-40,true,l,true
160,-40,false,l,true
167.583,-40,true,g,true
156.474,-60,false,g,true
143.252,-60,false,b,true
155.31,-40,true,l,true
160,-40,false,l,true
207.288,-40,true,g,true
198.414,-60,false,g,true
139.359,-60,false,b,true
151.727,-40,true,l,true
160,-40,false,l,true
174.304,-40,true,g,true
163.652,-60,false,g,true
159.079,-60,false,b,true
170.018,-40,true,l,true
160,-40,false,l,true
163.053,-40,true,g,true
151.612,-60,false,g,true
180.71,-60,false,b,true
190.41,-40,true,l,true
160,-40,false,l,true
190.664,-40,true,g,true
180.977,-60,false,g,true
153.559,-60,false,b,true
135.191,-60,false,b,true
147.908,-40,true,l,true
160,-40,false,l,true
202.177,-40,true,g,true
193.068,-60,false,g,true
145.221,-60,false,b,true
157.128,-40,true,l,true
160,-40,false,l,true
196.403,-40,true,g,true
187.014,-60,false,g,true
184.106,-60,false,b,true
139.381,-60,false,b,true
151.747,-40,true,l,true
160,-40,false,l,true
201.159,-40,true,g,true
192.003,-60,false,g,true
149.098,-60,false,b,true
160.717,-40,true,l,true
160,-40,false,l,true
199.635,-40,true,g,true
190.405,-60,false,g,true
151.161,-60,false,b,true
162.634,-40,true,l,true
160,-40,false,l,true
194.578,-40,true,g,true
185.096,-60,false,g,true
150.43,-60,false,b,true
161.954,-40,true,l,true
160,-40,false,l,true
205.628,-40,true,g,true
196.68,-60,false,g,true
176.407,-60,false,b,true
186.332,-40,true,l,true
160,-40,false,l,true
166.229,-40,true,g,true
155.023,-60,false,g,true
140.463,-60,false,b,true
147.905,-60,false,b,true
135.741,-60,false,b,true
148.41,-40,true,l,true
160,-40,false,l,true
182.054,-40,true,g,true
171.883,-60,false,g,true
152.433,-60,false,b,true
163.816,-40,true,l,true
160,-40,false,l,true
190.369,-40,true,g,true
180.666,-60,false,g,true
156.147,-60,false,b,true
167.278,-40,true,l,true
160,-40,false,l,true
174.627,-40,true,g,true
163.995,-60,false,g,true
145.207,-60,false,b,true
