x,z,relay,string,error,index
160,-60,false,f,true
197.667,-60,false,b,true
206.572,-40,true,l,true
160,-40,false,l,true
149.168,-40,true,g,true
136.569,-60,false,g,true
184.197,-60,false,b,true
193.723,-40,true,l,true
160,-40,false,l,true
167.431,-40,true,g,true
156.311,-60,false,g,true
170.04,-60,false,b,true
180.315,-40,true,l,true
160,-40,false,l,true
205.928,-40,true,g,true
196.993,-60,false,g,true
157.641,-60,false,b,true
168.674,-40,true,l,true
160,-40,false,l,true
207.203,-40,true,g,true
198.326,-60,false,g,true
195.048,-60,false,b,true
197.798,-60,false,b,true
199.736,-60,false,b,true
208.553,-40,true,l,true
160,-40,false,l,true
160.145,-40,true,g,true
148.48,-60,false,g,true
184.135,-60,false,b,true
193.664,-40,true,l,true
160,-40,false,l,true
167.294,-40,true,g,true
156.164,-60,false,g,true
180.139,-60,false,b,true
189.869,-40,true,l,true
160,-40,false,l,true
198.673,-40,true,g,true
189.396,-60,false,g,true
187.925,-60,false,b,true
190.872,-60,false,b,true
200.08,-40,true,l,true
160,-40,false,l,true
204.417,-40,true,g,true
195.413,-60,false,g,true
167.955,-60,false,b,true
197.917,-60,false,b,true
206.812,-40,true,l,true
160,-40,false,l,true
183.722,-40,true,g,true
173.648,-60,false,g,true
198.134,-60,false,b,true
207.02,-40,true,l,true
160,-40,false,l,true
193.227,-40,true,g,true
183.675,-60,false,g,true
182.48,-60,false,b,true
199.574,-60,false,b,true
208.398,-40,true,l,true
160,-40,false,l,true
202.683,-40,true,g,true
193.598,-60,false,g,true
199.672,-60,false,b,true
208.492,-40,true,l,true
160,-40,false,l,true
166.46,-40,true,g,true
155.271,-60,false,g,true
198.062,-60,false,b,true
206.951,-40,true,l,true
160,-40,false,l,true
160.251,-40,true,g,true
148.595,-60,false,g,true
181.644,-60,false,b,true
191.297,-40,true,l,true
160,-40,false,l,true
168.412,-40,true,g,true
157.361,-60,false,g,true
197.615,-60,false,b,true
206.523,-40,true,l,true
160,-40,false,l,true
166.857,-40,true,g,true
155.697,-60,false,g,true
195.073,-60,false,b,true
204.092,-40,true,l,true
160,-40,false,l,true
156.608,-40,true,g,true
144.658,-60,false,g,true
191.6,-60,false,b,true
200.775,-40,true,l,true
160,-40,false,l,true
159.043,-40,true,g,true
147.292,-60,false,g,true
194.813,-60,false,b,true
203.844,-40,true,l,true
160,-40,false,l,true
169.826,-40,true,g,true
158.873,-60,false,g,true
155.701,-60,false,b,true
167.628,-60,false,b,true
178.042,-40,true,l,true
160,-40,false,l,true
200.394,-40,true,g,true
191.201,-60,false,g,true
175.234,-60,false,b,true
179.139,-60,false,b,true
190.323,-60,false,b,true
199.557,-40,true,l,true
160,-40,false,l,true
159.032,-40,true,g,true
147.28,-60,false,g,true
152.156,-60,false,b,true
197.416,-60,false,b,true
206.332,-40,true,l,true
160,-40,false,l,true
165.147,-40,true,g,true
153.863,-60,false,g,true
197.372,-60,false,b,true
206.29,-40,true,l,true
160,-40,false,l,true
151.302,-40,true,g,true
138.897,-60,false,g,true
186.488,-60,false,b,true
193.501,-60,false,b,true
202.59,-40,true,l,true
160,-40,false,l,true
151.756,-40,true,g,true
139.391,-60,false,g,true
137.771,-60,false,b,true
146.42,-60,false,b,true
197.944,-60,false,b,true
206.837,-40,true,l,true
160,-40,false,l,true
156.795,-40,true,g,true
144.861,-60,false,g,true
189.096,-60,false,b,true
198.387,-40,true,l,true
160,-40,false,l,true
177.284,-40,true,g,true
166.823,-60,false,g,true
195.894,-60,false,b,true
204.877,-40,true,l,true
160,-40,false,l,true
186.643,-40,true,g,true
176.736,-60,false,g,true
179.569,-60,false,b,true
189.327,-40,true,l,true
160,-40,false,l,true
164.624,-40,true,g,true
153.3,-60,false,g,true
162.192,-60,false,b,true
198.62,-60,false,b,true
207.485,-40,true,l,true
160,-40,false,l,true
177.761,-40,true,g,true
167.329,-60,false,g,true
196.802,-60,false,b,true
205.745,-40,true,l,true
160,-40,false,l,true
148.682,-40,true,g,true
136.038,-60,false,g,true
184.175,-60,false,b,true
193.702,-40,true,l,true
160,-40,false,l,true
172.594,-40,true,g,true
161.829,-60,false,g,true
199.469,-60,false,b,true
208.297,-40,true,l,true
160,-40,false,l,true
174.81,-40,true,g,true
164.191,-60,false,g,true
195.637,-60,false,b,true
204.631,-40,true,l,true
160,-40,false,l,true
177.681,-40,true,g,true
167.244,-60,false,g,true
193.103,-60,false,b,true
202.21,-40,true,l,true
160,-40,false,l,true
151.117,-40,true,g,true
138.695,-60,false,g,true
167.677,-60,false,b,true
178.088,-40,true,l,true
160,-40,false,l,true
162.662,-40,true,g,true
151.191,-60,false,g,true
194.891,-60,false,b,true
203.918,-40,true,l,true
160,-40,false,l,true
160.565,-40,true,g,true
148.933,-60,false,g,true
199.1,-60,false,b,true
207.944,-40,true,l,true
160,-40,false,l,true
167.294,-40,true,g,true
156.164,-60,false,g,true
198.889,-60,false,b,true
207.742,-40,true,l,true
160,-40,false,l,true
172.826,-40,true,g,true
162.077,-60,false,g,true
141.798,-60,false,b,true
181.309,-60,false,b,true
192.319,-60,false,b,true
201.461,-40,true,l,true
160,-40,false,l,true
148.276,-40,true,g,true
135.594,-60,false,g,true
183.192,-60,false,b,true
192.767,-40,true,l,true
160,-40,false,l,true
176.602,-40,true,g,true
166.097,-60,false,g,true
198.506,-60,false,b,true
207.376,-40,true,l,true
160,-40,false,l,true
157.802,-40,true,g,true
145.95,-60,false,g,true
188.829,-60,false,b,true
198.132,-40,true,l,true
160,-40,false,l,true
206.924,-40,true,g,true
198.034,-60,false,g,true
194.94,-60,false,b,true
203.964,-40,true,l,true
160,-40,false,l,true
204.424,-40,true,g,true
195.42,-60,false,g,true
193.208,-60,false,b,true
194.505,-60,false,b,true
203.549,-40,true,l,true
160,-40,false,l,true
158.804,-40,true,g,true
147.033,-60,false,g,true
197.24,-60,false,b,true
206.164,-40,true,l,true
160,-40,false,l,true
152.221,-40,true,g,true
139.897,-60,false,g,true
187.487,-60,false,b,true
196.854,-40,true,l,true
160,-40,false,l,true
155.704,-40,true,g,true
143.679,-60,false,g,true
190.899,-60,false,b,true
200.106,-40,true,l,true
160,-40,false,l,true
154.581,-40,true,g,true
142.462,-60,false,g,true
191.673,-60,false,b,true
200.845,-40,true,l,true
160,-40,false,l,true
172.464,-40,true,g,true
161.691,-60,false,g,true
197.451,-60,false,b,true
206.366,-40,true,l,true
160,-40,false,l,true
148.247,-40,true,g,true
135.563,-60,false,g,true
179.907,-60,false,b,true
189.649,-40,true,l,true
160,-40,false,l,true
151.961,-40,true,g,true
139.614,-60,false,g,true
179.405,-60,false,b,true
197.283,-60,false,b,true
206.205,-40,true,l,true
160,-40,false,l,true
165.697,-40,true,g,true
154.452,-60,false,g,true
197.929,-60,false,b,true
206.823,-40,true,l,true
160,-40,false,l,true
158.408,-40,true,g,true
146.606,-60,false,g,true
180.181,-60,false,b,true
189.909,-40,true,l,true
160,-40,false,l,true
160.272,-40,true,g,true
148.617,-60,false,g,true
183.257,-60,false,b,true
192.829,-40,true,l,true
160,-40,false,l,true
170.979,-40,true,g,true
160.105,-60,false,g,true
164.994,-60,false,b,true
199.37,-60,false,b,true
208.203,-40,true,l,true
160,-40,false,l,true
198.273,-40,true,g,true
188.977,-60,false,g,true
186.849,-60,false,b,true
196.246,-40,true,l,true
160,-40,false,l,true
191.053,-40,true,g,true
181.387,-60,false,g,true
177.673,-60,false,b,true
185.698,-60,false,b,true
195.259,-60,false,b,true
204.269,-40,true,l,true
160,-40,false,l,true
153.294,-40,true,g,true
141.065,-60,false,g,true
138.64,-60,false,b,true
151.067,-40,true,l,true
160,-40,false,l,true
185.465,-40,true,g,true
175.491,-60,false,g,true
174.773,-60,false,b,true
184.786,-40,true,l,true
160,-40,false,l,true
187.286,-40,true,g,true
177.415,-60,false,g,true
178.997,-60,false,b,true
188.785,-40,true,l,true
160,-40,false,l,true
206.318,-40,true,g,true
197.4,-60,false,g,true
195.731,-60,false,b,true
204.72,-40,true,l,true
160,-40,false,l,true
166.779,-40,true,g,true
155.612,-60,false,g,true
152.868,-60,false,b,true
182.721,-60,false,b,true
192.32,-40,true,l,true
160,-40,false,l,true
168.824,-40,true,g,true
157.802,-60,false,g,true
197.23,-60,false,b,true
206.154,-40,true,l,true
160,-40,false,l,true
179.106,-40,true,g,true
168.757,-60,false,g,true
167.158,-60,false,b,true
177.6,-40,true,l,true
160,-40,false,l,true
148.91,-40,true,g,true
136.287,-60,false,g,true
142.894,-60,false,b,true
154.979,-40,true,l,true
160,-40,false,l,true
196.667,-40,true,g,true
187.291,-60,false,g,true
182.921,-60,false,b,true
192.439,-60,false,b,true
201.576,-40,true,l,true
160,-40,false,l,true
172.861,-40,true,g,true
162.114,-60,false,g,true
197.615,-60,false,b,true
206.523,-40,true,l,true
160,-40,false,l,true
174.681,-40,true,g,true
164.053,-60,false,g,true
199.613,-60,false,b,true
208.435,-40,true,l,true
160,-40,false,l,true
149.332,-40,true,g,true
136.748,-60,false,g,true
161.252,-60,false,b,true
163.65,-60,false,b,true
174.303,-40,true,l,true
160,-40,false,l,true
156.347,-40,true,g,true
144.376,-60,false,g,true
186.423,-60,false,b,true
195.84,-40,true,l,true
160,-40,false,l,true
149.119,-40,true,g,true
136.516,-60,false,g,true
176.542,-60,false,b,true
196.542,-60,false,b,true
205.497,-40,true,l,true
160,-40,false,l,true
168.554,-40,true,g,true
157.513,-60,false,g,true
173.976,-60,false,b,true
184.031,-40,true,l,true
160,-40,false,l,true
158.155,-40,true,g,true
146.332,-60,false,g,true
193.407,-60,false,b,true
202.5,-40,true,l,true
160,-40,false,l,true
148.902,-40,true,g,true
136.278,-60,false,g,true
184.47,-60,false,b,true
193.982,-40,true,l,true
160,-40,false,l,true
168.252,-40,true,g,true
157.191,-60,false,g,true
195.832,-60,false,b,true
204.817,-40,true,l,true
160,-40,false,l,true
205.169,-40,true,g,true
196.2,-60,false,g,true
198.083,-60,false,b,true
206.971,-40,true,l,true
160,-40,false,l,true
197.415,-40,true,g,true
188.076,-60,false,g,true
188.054,-60,false,b,true
197.394,-40,true,l,true
160,-40,false,l,true
165.927,-40,true,g,true
154.699,-60,false,g,true
198.264,-60,false,b,true
207.144,-40,true,l,true
160,-40,false,l,true
158.205,-40,true,g,true
146.386,-60,false,g,true
199.594,-60,false,b,true
208.418,-40,true,l,true
160,-40,false,l,true
153.759,-40,true,g,true
141.57,-60,false,g,true
189.243,-60,false,b,true
198.527,-40,true,l,true
160,-40,false,l,true
171.954,-40,true,g,true
161.147,-60,false,g,true
197.289,-60,false,b,true
206.211,-40,true,l,true
160,-40,false,l,true
196.7,-40,true,g,true
187.326,-60,false,g,true
185.281,-60,false,b,true
194.754,-40,true,l,true
160,-40,false,l,true
189.484,-40,true,g,true
179.734,-60,false,g,true
176.774,-60,false,b,true
186.679,-40,true,l,true
160,-40,false,l,true
165.139,-40,true,g,true
153.854,-60,false,g,true
198.052,-60,false,b,true
206.941,-40,true,l,true
160,-40,false,l,true
172.841,-40,true,g,true
162.092,-60,false,g,true
181.262,-60,false,b,true
190.935,-40,true,l,true
160,-40,false,l,true
162.312,-40,true,g,true
150.815,-60,false,g,true
194.503,-60,false,b,true
203.547,-40,true,l,true
160,-40,false,l,true
173.003,-40,true,g,true
162.265,-60,false,g,true
154.624,-60,false,b,true
165.857,-40,true,l,true
160,-40,false,l,true
197.667,-40,true,g,true
188.341,-60,false,g,true
185.959,-60,false,b,true
195.399,-40,true,l,true
160,-40,false,l,true
152.562,-40,true,g,true
140.268,-60,false,g,true
142.471,-60,false,b,true
154.59,-40,true,l,true
160,-40,false,l,true
199.122,-40,true,g,true
189.867,-60,false,g,true
147.208,-60,false,b,true
158.966,-40,true,l,true
160,-40,false,l,true
174.593,-40,true,g,true
163.96,-60,false,g,true
197.044,-60,false,b,true
205.977,-40,true,l,true
160,-40,false,l,true
156.357,-40,true,g,true
144.386,-60,false,g,true
198.441,-60,false,b,true
207.314,-40,true,l,true
160,-40,false,l,true
200.272,-40,true,g,true
191.073,-60,false,g,true
190.1,-60,false,b,true
199.344,-40,true,l,true
160,-40,false,l,true
155.086,-40,true,g,true
143.009,-60,false,g,true
192.134,-60,false,b,true
201.285,-40,true,l,true
160,-40,false,l,true
168.438,-40,true,g,true
157.389,-60,false,g,true
196.987,-60,false,b,true
205.922,-40,true,l,true
160,-40,false,l,true
183.401,-40,true,g,true
173.309,-60,false,g,true
164.967,-60,false,b,true
175.539,-40,true,l,true
160,-40,false,l,true
182.324,-40,true,g,true
172.169,-60,false,g,true
140.506,-60,false,b,true
152.78,-40,true,l,true
160,-40,false,l,true
178.783,-40,true,g,true
168.414,-60,false,g,true
193.768,-60,false,b,true
202.845,-40,true,l,true
160,-40,false,l,true
149.038,-40,true,g,true
136.427,-60,false,g,true
184.66,-60,false,b,true
194.163,-40,true,l,true
160,-40,false,l,true
