x,z,relay,string,error,index
160,-60,false,f,true
160,-40,false,l,true
160.412,-40,true,g,true
148.768,-60,false,g,true
184.436,-60,false,b,true
193.95,-40,true,l,true
160,-40,false,l,true
160.551,-40,true,g,true
148.918,-60,false,g,true
144.435,-60,false,b,true
156.401,-40,true,l,true
160,-40,false,l,true
193.856,-40,true,g,true
184.337,-60,false,g,true
149.984,-60,false,b,true
161.54,-40,true,l,true
160,-40,false,l,true
187.41,-40,true,g,true
177.546,-60,false,g,true
165.017,-60,false,b,true
175.587,-40,true,l,true
160,-40,false,l,true
205.053,-40,true,g,true
196.078,-60,false,g,true
156.833,-60,false,b,true
167.918,-40,true,l,true
160,-40,false,l,true
172.939,-40,true,g,true
162.197,-60,false,g,true
155.61,-60,false,b,true
166.777,-40,true,l,true
160,-40,false,l,true
153.269,-40,true,g,true
141.037,-60,false,g,true
161.873,-60,false,b,true
172.635,-40,true,l,true
160,-40,false,l,true
172.885,-40,true,g,true
162.14,-60,false,g,true
152.938,-60,false,b,true
164.286,-40,true,l,true
160,-40,false,l,true
194.145,-40,true,g,true
184.641,-60,false,g,true
187.54,-60,false,b,true
137.283,-60,false,b,true
149.822,-40,true,l,true
160,-40,false,l,true
197.542,-40,true,g,true
188.21,-60,false,g,true
184.994,-60,false,b,true
142.551,-60,false,b,true
154.664,-40,true,l,true
160,-40,false,l,true
199.159,-40,true,g,true
189.906,-60,false,g,true
199.159,-40,true,l,true
160,-40,false,l,true
201.801,-40,true,g,true
192.675,-60,false,g,true
140.176,-60,false,b,true
152.477,-40,true,l,true
160,-40,false,l,true
184.139,-40,true,g,true
174.09,-60,false,g,true
142.382,-60,false,b,true
135.145,-60,false,b,true
147.865,-40,true,l,true
160,-40,false,l,true
158.834,-40,true,g,true
147.065,-60,false,g,true
159.986,-60,false,b,true
170.867,-40,true,l,true
160,-40,false,l,true
167.645,-40,true,g,true
156.54,-60,false,g,true
146.41,-60,false,b,true
158.228,-40,true,l,true
160,-40,false,l,true
180.213,-40,true,g,true
169.931,-60,false,g,true
137.976,-60,false,b,true
150.458,-40,true,l,true
160,-40,false,l,true
178.289,-40,true,g,true
167.89,-60,false,g,true
157.455,-60,false,b,true
168.499,-40,true,l,true
160,-40,false,l,true
178.036,-40,true,g,true
167.621,-60,false,g,true
158.666,-60,false,b,true
169.631,-40,true,l,true
160,-40,false,l,true
171.126,-40,true,g,true
160.262,-60,false,g,true
137.784,-60,false,b,true
150.281,-40,true,l,true
160,-40,false,l,true
168.783,-40,true,g,true
157.758,-60,false,g,true
151.392,-60,false,b,true
162.848,-40,true,l,true
160,-40,false,l,true
205.311,-40,true,g,true
196.349,-60,false,g,true
137.258,-60,false,b,true
149.799,-40,true,l,true
160,-40,false,l,true
163.115,-40,true,g,true
151.679,-60,false,g,true
142.69,-60,false,b,true
136.228,-60,false,b,true
148.856,-40,true,l,true
160,-40,false,l,true
207.103,-40,true,g,true
198.221,-60,false,g,true
170.874,-60,false,b,true
140.785,-60,false,b,true
153.037,-40,true,l,true
160,-40,false,l,true
161.758,-40,true,g,true
150.218,-60,false,g,true
146.486,-60,false,b,true
158.298,-40,true,l,true
160,-40,false,l,true
158.886,-40,true,g,true
147.122,-60,false,g,true
140.7,-60,false,b,true
135.052,-60,false,b,true
147.78,-40,true,l,true
160,-40,false,l,true
171.298,-40,true,g,true
160.446,-60,false,g,true
154.927,-60,false,b,true
166.139,-40,true,l,true
160,-40,false,l,true
156.131,-40,true,g,true
144.142,-60,false,g,true
135.46,-60,false,b,true
148.153,-40,true,l,true
160,-40,false,l,true
198.772,-40,true,g,true
189.5,-60,false,g,true
139.657,-60,false,b,true
152,-40,true,l,true
160,-40,false,l,true
208.212,-40,true,g,true
199.38,-60,false,g,true
196.825,-60,false,b,true
205.767,-40,true,l,true
160,-40,false,l,true
168.789,-40,true,g,true
157.765,-60,false,g,true
135.854,-60,false,b,true
148.514,-40,true,l,true
160,-40,false,l,true
170.889,-40,true,g,true
160.009,-60,false,g,true
155.58,-60,false,b,true
166.749,-40,true,l,true
160,-40,false,l,true
174.24,-40,true,g,true
163.583,-60,false,g,true
157.323,-60,false,b,true
168.376,-40,true,l,true
160,-40,false,l,true
159.157,-40,true,g,true
147.414,-60,false,g,true
143.36,-60,false,b,true
155.41,-40,true,l,true
160,-40,false,l,true
197.058,-40,true,g,true
187.701,-60,false,g,true
155.591,-60,false,b,true
166.759,-40,true,l,true
160,-40,false,l,true
156.882,-40,true,g,true
144.955,-60,false,g,true
137.321,-60,false,b,true
149.857,-40,true,l,true
160,-40,false,l,true
203.285,-40,true,g,true
194.229,-60,false,g,true
150.007,-60,false,b,true
148.223,-60,false,b,true
159.906,-40,true,l,true
160,-40,false,l,true
171.959,-40,true,g,true
161.152,-60,false,g,true
152.419,-60,false,b,true
163.803,-40,true,l,true
160,-40,false,l,true
176.711,-40,true,g,true
166.213,-60,false,g,true
159.941,-60,false,b,true
170.825,-40,true,l,true
160,-40,false,l,true
156.908,-40,true,g,true
144.984,-60,false,g,true
160.161,-60,false,b,true
160.189,-60,false,b,true
171.057,-40,true,l,true
160,-40,false,l,true
158.891,-40,true,g,true
147.127,-60,false,g,true
142.522,-60,false,b,true
154.636,-40,true,l,true
160,-40,false,l,true
193.684,-40,true,g,true
184.156,-60,false,g,true
141.818,-60,false,b,true
153.989,-40,true,l,true
160,-40,false,l,true
160.156,-40,true,g,true
148.493,-60,false,g,true
143.634,-60,false,b,true
155.662,-40,true,l,true
160,-40,false,l,true
204.521,-40,true,g,true
195.522,-60,false,g,true
156.236,-60,false,b,true
167.361,-40,true,l,true
160,-40,false,l,true
174.355,-40,true,g,true
163.706,-60,false,g,true
158.499,-60,false,b,true
169.476,-40,true,l,true
160,-40,false,l,true
163.119,-40,true,g,true
151.683,-60,false,g,true
183.79,-60,false,b,true
193.336,-40,true,l,true
160,-40,false,l,true
190.653,-40,true,g,true
180.965,-60,false,g,true
166.289,-60,false,b,true
176.782,-40,true,l,true
160,-40,false,l,true
199.058,-40,true,g,true
189.8,-60,false,g,true
146.58,-60,false,b,true
158.385,-40,true,l,true
160,-40,false,l,true
162.249,-40,true,g,true
150.747,-60,false,g,true
147.351,-60,false,b,true
159.098,-40,true,l,true
160,-40,false,l,true
177.175,-40,true,g,true
166.706,-60,false,g,true
156.237,-60,false,b,true
175.867,-60,false,b,true
185.82,-40,true,l,true
160,-40,false,l,true
171.958,-40,true,g,true
161.151,-60,false,g,true
155.135,-60,false,b,true
166.334,-40,true,l,true
160,-40,false,l,true
172.059,-40,true,g,true
161.259,-60,false,g,true
151.445,-60,false,b,true
162.898,-40,true,l,true
160,-40,false,l,true
150.166,-40,true,g,true
137.659,-60,false,g,true
138.253,-60,false,b,true
150.711,-40,true,l,true
160,-40,false,l,true
198.221,-40,true,g,true
188.922,-60,false,g,true
148.927,-60,false,b,true
160.559,-40,true,l,true
160,-40,false,l,true
156.937,-40,true,g,true
145.015,-60,false,g,true
137.786,-60,false,b,true
159.657,-60,false,b,true
170.559,-40,true,l,true
160,-40,false,l,true
201.333,-40,true,g,true
192.184,-60,false,g,true
193.083,-60,false,b,true
202.191,-40,true,l,true
160,-40,false,l,true
159.146,-40,true,g,true
147.402,-60,false,g,true
139.933,-60,false,b,true
152.254,-40,true,l,true
160,-40,false,l,true
194.227,-40,true,g,true
184.727,-60,false,g,true
135.487,-60,false,b,true
148.178,-40,true,l,true
160,-40,false,l,true
171.531,-40,true,g,true
160.695,-60,false,g,true
138.457,-60,false,b,true
150.898,-40,true,l,true
160,-40,false,l,true
194.983,-40,true,g,true
185.521,-60,false,g,true
184.165,-60,false,b,true
136.768,-60,false,b,true
149.351,-40,true,l,true
160,-40,false,l,true
170.764,-40,true,g,true
159.876,-60,false,g,true
176.329,-60,false,b,true
186.257,-40,true,l,true
160,-40,false,l,true
173.713,-40,true,g,true
163.022,-60,false,g,true
157.511,-60,false,b,true
168.552,-40,true,l,true
160,-40,false,l,true
153.857,-40,true,g,true
141.676,-60,false,g,true
139.53,-60,false,b,true
151.884,-40,true,l,true
160,-40,false,l,true
182.276,-40,true,g,true
172.118,-60,false,g,true
137.766,-60,false,b,true
137.18,-60,false,b,true
149.727,-40,true,l,true
160,-40,false,l,true
167.242,-40,true,g,true
156.109,-60,false,g,true
170.724,-60,false,b,true
180.96,-40,true,l,true
160,-40,false,l,true
170.346,-40,true,g,true
159.429,-60,false,g,true
148.518,-60,false,b,true
160.18,-40,true,l,true
160,-40,false,l,true
192.89,-40,true,g,true
183.321,-60,false,g,true
138.545,-60,false,b,true
150.979,-40,true,l,true
160,-40,false,l,true
169.538,-40,true,g,true
158.566,-60,false,g,true
135.994,-60,false,b,true
148.642,-40,true,l,true
160,-40,false,l,true
205.397,-40,true,g,true
196.438,-60,false,g,true
137.282,-60,false,b,true
149.822,-40,true,l,true
160,-40,false,l,true
173.099,-40,true,g,true
162.368,-60,false,g,true
152.388,-60,false,b,true
163.775,-40,true,l,true
160,-40,false,l,true
173.491,-40,true,g,true
162.785,-60,false,g,true
158.796,-60,false,b,true
169.754,-40,true,l,true
160,-40,false,l,true
162.122,-40,true,g,true
150.61,-60,false,g,true
159.733,-60,false,b,true
170.63,-40,true,l,true
160,-40,false,l,true
176.935,-40,true,g,true
166.451,-60,false,g,true
160.308,-60,false,b,true
171.169,-40,true,l,true
160,-40,false,l,true
170.458,-40,true,g,true
159.549,-60,false,g,true
143.107,-60,false,b,true
155.176,-40,true,l,true
160,-40,false,l,true
190.822,-40,true,g,true
181.144,-60,false,g,true
151.717,-60,false,b,true
163.151,-40,true,l,true
160,-40,false,l,true
178.713,-40,true,g,true
168.34,-60,false,g,true
158.594,-60,false,b,true
169.564,-40,true,l,true
160,-40,false,l,true
159.145,-40,true,g,true
147.401,-60,false,g,true
143.499,-60,false,b,true
155.537,-40,true,l,true
160,-40,false,l,true
192.206,-40,true,g,true
182.601,-60,false,g,true
151.574,-60,false,b,true
163.017,-40,true,l,true
160,-40,false,l,true
206.402,-40,true,g,true
197.489,-60,false,g,true
195.264,-60,false,b,true
135.358,-60,false,b,true
148.06,-40,true,l,true
160,-40,false,l,true
199.536,-40,true,g,true
190.301,-60,false,g,true
147.003,-60,false,b,true
158.776,-40,true,l,true
160,-40,false,l,true
175.146,-40,true,g,true
164.548,-60,false,g,true
153.842,-60,false,b,true
165.128,-40,true,l,true
160,-40,false,l,true
169.702,-40,true,g,true
158.741,-60,false,g,true
152.877,-60,false,b,true
164.229,-40,true,l,true
160,-40,false,l,true
194.108,-40,true,g,true
184.602,-60,false,g,true
135.455,-60,false,b,true
148.149,-40,true,l,true
160,-40,false,l,true
197.29,-40,true,g,true
187.945,-60,false,g,true
135.523,-60,false,b,true
148.211,-40,true,l,true
160,-40,false,l,true
177.701,-40,true,g,true
167.265,-60,false,g,true
159.238,-60,false,b,true
162.564,-60,false,b,true
173.283,-40,true,l,true
160,-40,false,l,true
208.087,-40,true,g,true
199.249,-60,false,g,true
164.908,-60,false,b,true
175.484,-40,true,l,true
160,-40,false,l,true
157.02,-40,true,g,true
145.105,-60,false,g,true
136.632,-60,false,b,true
149.226,-40,true,l,true
160,-40,false,l,true
164.342,-40,true,g,true
152.997,-60,false,g,true
147.966,-60,false,b,true
159.668,-40,true,l,true
160,-40,false,l,true
177.178,-40,true,g,true
166.709,-60,false,g,true
183.018,-60,false,b,true
136.788,-60,false,b,true
149.369,-40,true,l,true
160,-40,false,l,true
172.082,-40,true,g,true
161.283,-60,false,g,true
152.694,-60,false,b,true
164.059,-40,true,l,true
160,-40,false,l,true
193.441,-40,true,g,true
183.9,-60,false,g,true
155.623,-60,false,b,true
166.789,-40,true,l,true
160,-40,false,l,true
169.753,-40,true,g,true
158.796,-60,false,g,true
153.515,-60,false,b,true
164.823,-40,true,l,true
160,-40,false,l,true
199.513,-40,true,g,true
190.277,-60,false,g,true
136.41,-60,false,b,true
149.022,-40,true,l,true
160,-40,false,l,true
170.411,-40,true,g,true
159.498,-60,false,g,true
153.483,-60,false,b,true
164.794,-40,true,l,true
160,-40,false,l,true
169.65,-40,true,g,true
158.685,-60,false,g,true
147.836,-60,false,b,true
159.548,-40,true,l,true
160,-40,false,l,true
203.964,-40,true,g,true
194.939,-60,false,g,true
155.479,-60,false,b,true
166.654,-40,true,l,true
160,-40,false,l,true
202.015,-40,true,g,true
192.899,-60,false,g,true
138.824,-60,false,b,true
151.235,-40,true,l,true
160,-40,false,l,true
159.121,-40,true,g,true
147.376,-60,false,g,true
143.576,-60,false,b,true
155.608,-40,true,l,true
160,-40,false,l,true
