x,z,relay,string,error,index
160,-60,false,f,true,0
160,-40,false,l,true,0
160.412,-40,true,g,true,0
148.768,-60,false,g,true,0
184.436,-60,false,b,true,0
193.95,-40,true,l,true,0
160,-40,false,l,true,0
160.551,-40,true,g,true,0
148.918,-60,false,g,true,0
144.435,-60,false,b,true,0
156.401,-40,true,l,true,0
160,-40,false,l,true,0
193.856,-40,true,g,true,0
184.337,-60,false,g,true,0
149.984,-60,false,b,true,0
161.54,-40,true,l,true,0
160,-40,false,l,true,0
187.41,-40,true,g,true,0
177.546,-60,false,g,true,0
165.017,-60,false,b,true,0
175.587,-40,true,l,true,0
160,-40,false,l,true,0
205.053,-40,true,g,true,0
196.078,-60,false,g,true,0
156.833,-60,false,b,true,0
167.918,-40,true,l,true,0
160,-40,false,l,true,0
172.939,-40,true,g,true,0
162.197,-60,false,g,true,0
155.61,-60,false,b,true,0
166.777,-40,true,l,true,0
160,-40,false,l,true,0
153.269,-40,true,g,true,0
141.037,-60,false,g,true,0
161.873,-60,false,b,true,0
172.635,-40,true,l,true,0
160,-40,false,l,true,0
172.885,-40,true,g,true,0
162.14,-60,false,g,true,0
152.938,-60,false,b,true,0
164.286,-40,true,l,true,0
160,-40,false,l,true,0
194.145,-40,true,g,true,0
184.641,-60,false,g,true,0
187.54,-60,false,b,true,0
137.283,-60,false,b,true,0
149.822,-40,true,l,true,0
160,-40,false,l,true,0
197.542,-40,true,g,true,0
188.21,-60,false,g,true,0
184.994,-60,false,b,true,0
142.551,-60,false,b,true,0
154.664,-40,true,l,true,0
160,-40,false,l,true,0
199.159,-40,true,g,true,0
189.906,-60,false,g,true,0
199.159,-40,true,l,true,0
160,-40,false,l,true,0
201.801,-40,true,g,true,0
192.675,-60,false,g,true,0
140.176,-60,false,b,true,0
152.477,-40,true,l,true,0
160,-40,false,l,true,0
184.139,-40,true,g,true,0
174.09,-60,false,g,true,0
142.382,-60,false,b,true,0
135.145,-60,false,b,true,0
147.865,-40,true,l,true,0
160,-40,false,l,true,0
158.834,-40,true,g,true,0
147.065,-60,false,g,true,0
159.986,-60,false,b,true,0
170.867,-40,true,l,true,0
160,-40,false,l,true,0
167.645,-40,true,g,true,0
156.54,-60,false,g,true,0
146.41,-60,false,b,true,0
158.228,-40,true,l,true,0
160,-40,false,l,true,0
180.213,-40,true,g,true,0
169.931,-60,false,g,true,0
137.976,-60,false,b,true,0
150.458,-40,true,l,true,0
160,-40,false,l,true,0
178.289,-40,true,g,true,0
167.89,-60,false,g,true,0
157.455,-60,false,b,true,0
168.499,-40,true,l,true,0
160,-40,false,l,true,0
178.036,-40,true,g,true,0
167.621,-60,false,g,true,0
158.666,-60,false,b,true,0
169.631,-40,true,l,true,0
160,-40,false,l,true,0
171.126,-40,true,g,true,0
160.262,-60,false,g,true,0
137.784,-60,false,b,true,0
150.281,-40,true,l,true,0
160,-40,false,l,true,0
168.783,-40,true,g,true,0
157.758,-60,false,g,true,0
151.392,-60,false,b,true,0
162.848,-40,true,l,true,0
160,-40,false,l,true,0
205.311,-40,true,g,true,0
196.349,-60,false,g,true,0
137.258,-60,false,b,true,0
149.799,-40,true,l,true,0
160,-40,false,l,true,0
163.115,-40,true,g,true,0
151.679,-60,false,g,true,0
142.69,-60,false,b,true,0
136.228,-60,false,b,true,0
148.856,-40,true,l,true,0
160,-40,false,l,true,0
207.103,-40,true,g,true,0
198.221,-60,false,g,true,0
170.874,-60,false,b,true,0
140.785,-60,false,b,true,0
153.037,-40,true,l,true,0
160,-40,false,l,true,0
161.758,-40,true,g,true,0
150.218,-60,false,g,true,0
146.486,-60,false,b,true,0
158.298,-40,true,l,true,0
160,-40,false,l,true,0
158.886,-40,true,g,true,0
147.122,-60,false,g,true,0
140.7,-60,false,b,true,0
135.052,-60,false,b,true,0
147.78,-40,true,l,true,0
160,-40,false,l,true,0
171.298,-40,true,g,true,0
160.446,-60,false,g,true,0
154.927,-60,false,b,true,0
166.139,-40,true,l,true,0
160,-40,false,l,true,0
156.131,-40,true,g,true,0
144.142,-60,false,g,true,0
135.46,-60,false,b,true,0
148.153,-40,true,l,true,0
160,-40,false,l,true,0
198.772,-40,true,g,true,0
189.5,-60,false,g,true,0
139.657,-60,false,b,true,0
152,-40,true,l,true,0
160,-40,false,l,true,0
208.212,-40,true,g,true,0
199.38,-60,false,g,true,0
196.825,-60,false,b,true,0
205.767,-40,true,l,true,0
160,-40,false,l,true,0
168.789,-40,true,g,true,0
157.765,-60,false,g,true,0
135.854,-60,false,b,true,0
148.514,-40,true,l,true,0
160,-40,false,l,true,0
170.889,-40,true,g,true,0
160.009,-60,false,g,true,0
155.58,-60,false,b,true,0
166.749,-40,true,l,true,0
160,-40,false,l,true,0
174.24,-40,true,g,true,0
163.583,-60,false,g,true,0
157.323,-60,false,b,true,0
168.376,-40,true,l,true,0
160,-40,false,l,true,0
159.157,-40,true,g,true,0
147.414,-60,false,g,true,0
143.36,-60,false,b,true,0
155.41,-40,true,l,true,0
160,-40,false,l,true,0
197.058,-40,true,g,true,0
187.701,-60,false,g,true,0
155.591,-60,false,b,true,0
166.759,-40,true,l,true,0
160,-40,false,l,true,0
156.882,-40,true,g,true,0
144.955,-60,false,g,true,0
137.321,-60,false,b,true,0
149.857,-40,true,l,true,0
160,-40,false,l,true,0
203.285,-40,true,g,true,0
194.229,-60,false,g,true,0
150.007,-60,false,b,true,0
148.223,-60,false,b,true,0
159.906,-40,true,l,true,0
160,-40,false,l,true,0
171.959,-40,true,g,true,0
161.152,-60,false,g,true,0
152.419,-60,false,b,true,0
163.803,-40,true,l,true,0
160,-40,false,l,true,0
176.711,-40,true,g,true,0
166.213,-60,false,g,true,0
159.941,-60,false,b,true,0
170.825,-40,true,l,true,0
160,-40,false,l,true,0
156.908,-40,true,g,true,0
144.984,-60,false,g,true,0
160.161,-60,false,b,true,0
160.189,-60,false,b,true,0
171.057,-40,true,l,true,0
160,-40,false,l,true,0
158.891,-40,true,g,true,0
147.127,-60,false,g,true,0
142.522,-60,false,b,true,0
154.636,-40,true,l,true,0
160,-40,false,l,true,0
193.684,-40,true,g,true,0
184.156,-60,false,g,true,0
141.818,-60,false,b,true,0
153.989,-40,true,l,true,0
160,-40,false,l,true,0
160.156,-40,true,g,true,0
148.493,-60,false,g,true,0
143.634,-60,false,b,true,0
155.662,-40,true,l,true,0
160,-40,false,l,true,0
204.521,-40,true,g,true,0
195.522,-60,false,g,true,0
156.236,-60,false,b,true,0
167.361,-40,true,l,true,0
160,-40,false,l,true,0
174.355,-40,true,g,true,0
163.706,-60,false,g,true,0
158.499,-60,false,b,true,0
169.476,-40,true,l,true,0
160,-40,false,l,true,0
163.119,-40,true,g,true,0
151.683,-60,false,g,true,0
183.79,-60,false,b,true,0
193.336,-40,true,l,true,0
160,-40,false,l,true,0
190.653,-40,true,g,true,0
180.965,-60,false,g,true,0
166.289,-60,false,b,true,0
176.782,-40,true,l,true,0
160,-40,false,l,true,0
199.058,-40,true,g,true,0
189.8,-60,false,g,true,0
146.58,-60,false,b,true,0
158.385,-40,true,l,true,0
160,-40,false,l,true,0
162.249,-40,true,g,true,0
150.747,-60,false,g,true,0
147.351,-60,false,b,true,0
159.098,-40,true,l,true,0
160,-40,false,l,true,0
177.175,-40,true,g,true,0
166.706,-60,false,g,true,0
156.237,-60,false,b,true,0
175.867,-60,false,b,true,0
185.82,-40,true,l,true,0
160,-40,false,l,true,0
171.958,-40,true,g,true,0
161.151,-60,false,g,true,0
155.135,-60,false,b,true,0
166.334,-40,true,l,true,0
160,-40,false,l,true,0
172.059,-40,true,g,true,0
161.259,-60,false,g,true,0
151.445,-60,false,b,true,0
162.898,-40,true,l,true,0
160,-40,false,l,true,0
150.166,-40,true,g,true,0
137.659,-60,false,g,true,0
138.253,-60,false,b,true,0
150.711,-40,true,l,true,0
160,-40,false,l,true,0
198.221,-40,true,g,true,0
188.922,-60,false,g,true,0
148.927,-60,false,b,true,0
160.559,-40,true,l,true,0
160,-40,false,l,true,0
156.937,-40,true,g,true,0
145.015,-60,false,g,true,0
137.786,-60,false,b,true,0
159.657,-60,false,b,true,0
170.559,-40,true,l,true,0
160,-40,false,l,true,0
201.333,-40,true,g,true,0
192.184,-60,false,g,true,0
193.083,-60,false,b,true,0
202.191,-40,true,l,true,0
160,-40,false,l,true,0
159.146,-40,true,g,true,0
147.402,-60,false,g,true,0
139.933,-60,false,b,true,0
152.254,-40,true,l,true,0
160,-40,false,l,true,0
194.227,-40,true,g,true,0
184.727,-60,false,g,true,0
135.487,-60,false,b,true,0
148.178,-40,true,l,true,0
160,-40,false,l,true,0
171.531,-40,true,g,true,0
160.695,-60,false,g,true,0
138.457,-60,false,b,true,0
150.898,-40,true,l,true,0
160,-40,false,l,true,0
194.983,-40,true,g,true,0
185.521,-60,false,g,true,0
184.165,-60,false,b,true,0
136.768,-60,false,b,true,0
149.351,-40,true,l,true,0
160,-40,false,l,true,0
170.764,-40,true,g,true,0
159.876,-60,false,g,true,0
176.329,-60,false,b,true,0
186.257,-40,true,l,true,0
160,-40,false,l,true,0
173.713,-40,true,g,true,0
163.022,-60,false,g,true,0
157.511,-60,false,b,true,0
168.552,-40,true,l,true,0
160,-40,false,l,true,0
153.857,-40,true,g,true,0
141.676,-60,false,g,true,0
139.53,-60,false,b,true,0
151.884,-40,true,l,true,0
160,-40,false,l,true,0
182.276,-40,true,g,true,0
172.118,-60,false,g,true,0
137.766,-60,false,b,true,0
137.18,-60,false,b,true,0
149.727,-40,true,l,true,0
160,-40,false,l,true,0
167.242,-40,true,g,true,0
156.109,-60,false,g,true,0
170.724,-60,false,b,true,0
180.96,-40,true,l,true,0
160,-40,false,l,true,0
170.346,-40,true,g,true,0
159.429,-60,false,g,true,0
148.518,-60,false,b,true,0
160.18,-40,true,l,true,0
160,-40,false,l,true,0
192.89,-40,true,g,true,0
183.321,-60,false,g,true,0
138.545,-60,false,b,true,0
150.979,-40,true,l,true,0
160,-40,false,l,true,0
169.538,-40,true,g,true,0
158.566,-60,false,g,true,0
135.994,-60,false,b,true,0
148.642,-40,true,l,true,0
160,-40,false,l,true,0
205.397,-40,true,g,true,0
196.438,-60,false,g,true,0
137.282,-60,false,b,true,0
149.822,-40,true,l,true,0
160,-40,false,l,true,0
173.099,-40,true,g,true,0
162.368,-60,false,g,true,0
152.388,-60,false,b,true,0
163.775,-40,true,l,true,0
160,-40,false,l,true,0
173.491,-40,true,g,true,0
162.785,-60,false,g,true,0
158.796,-60,false,b,true,0
169.754,-40,true,l,true,0
160,-40,false,l,true,0
162.122,-40,true,g,true,0
150.61,-60,false,g,true,0
159.733,-60,false,b,true,0
170.63,-40,true,l,true,0
160,-40,false,l,true,0
176.935,-40,true,g,true,0
166.451,-60,false,g,true,0
160.308,-60,false,b,true,0
171.169,-40,true,l,true,0
160,-40,false,l,true,0
170.458,-40,true,g,true,0
159.549,-60,false,g,true,0
143.107,-60,false,b,true,0
155.176,-40,true,l,true,0
160,-40,false,l,true,0
190.822,-40,true,g,true,0
181.144,-60,false,g,true,0
151.717,-60,false,b,true,0
163.151,-40,true,l,true,0
160,-40,false,l,true,0
178.713,-40,true,g,true,0
168.34,-60,false,g,true,0
158.594,-60,false,b,true,0
169.564,-40,true,l,true,0
160,-40,false,l,true,0
159.145,-40,true,g,true,0
147.401,-60,false,g,true,0
143.499,-60,false,b,true,0
155.537,-40,true,l,true,0
160,-40,false,l,true,0
192.206,-40,true,g,true,0
182.601,-60,false,g,true,0
151.574,-60,false,b,true,0
163.017,-40,true,l,true,0
160,-40,false,l,true,0
206.402,-40,true,g,true,0
197.489,-60,false,g,true,0
195.264,-60,false,b,true,0
135.358,-60,false,b,true,0
148.06,-40,true,l,true,0
160,-40,false,l,true,0
199.536,-40,true,g,true,0
190.301,-60,false,g,true,0
147.003,-60,false,b,true,0
158.776,-40,true,l,true,0
160,-40,false,l,true,0
175.146,-40,true,g,true,0
164.548,-60,false,g,true,0
153.842,-60,false,b,true,0
165.128,-40,true,l,true,0
160,-40,false,l,true,0
169.702,-40,true,g,true,0
158.741,-60,false,g,true,0
152.877,-60,false,b,true,0
164.229,-40,true,l,true,0
160,-40,false,l,true,0
194.108,-40,true,g,true,0
184.602,-60,false,g,true,0
135.455,-60,false,b,true,0
148.149,-40,true,l,true,0
160,-40,false,l,true,0
197.29,-40,true,g,true,0
187.945,-60,false,g,true,0
135.523,-60,false,b,true,0
148.211,-40,true,l,true,0
160,-40,false,l,true,0
177.701,-40,true,g,true,0
167.265,-60,false,g,true,0
159.238,-60,false,b,true,0
162.564,-60,false,b,true,0
173.283,-40,true,l,true,0
160,-40,false,l,true,0
208.087,-40,true,g,true,0
199.249,-60,false,g,true,0
164.908,-60,false,b,true,0
175.484,-40,true,l,true,0
160,-40,false,l,true,0
157.02,-40,true,g,true,0
145.105,-60,false,g,true,0
136.632,-60,false,b,true,0
149.226,-40,true,l,true,0
160,-40,false,l,true,0
164.342,-40,true,g,true,0
152.997,-60,false,g,true,0
147.966,-60,false,b,true,0
159.668,-40,true,l,true,0
160,-40,false,l,true,0
177.178,-40,true,g,true,0
166.709,-60,false,g,true,0
183.018,-60,false,b,true,0
136.788,-60,false,b,true,0
149.369,-40,true,l,true,0
160,-40,false,l,true,0
172.082,-40,true,g,true,0
161.283,-60,false,g,true,0
152.694,-60,false,b,true,0
164.059,-40,true,l,true,0
160,-40,false,l,true,0
193.441,-40,true,g,true,0
183.9,-60,false,g,true,0
155.623,-60,false,b,true,0
166.789,-40,true,l,true,0
160,-40,false,l,true,0
169.753,-40,true,g,true,0
158.796,-60,false,g,true,0
153.515,-60,false,b,true,0
164.823,-40,true,l,true,0
160,-40,false,l,true,0
199.513,-40,true,g,true,0
190.277,-60,false,g,true,0
136.41,-60,false,b,true,0
149.022,-40,true,l,true,0
160,-40,false,l,true,0
170.411,-40,true,g,true,0
159.498,-60,false,g,true,0
153.483,-60,false,b,true,0
164.794,-40,true,l,true,0
160,-40,false,l,true,0
169.65,-40,true,g,true,0
158.685,-60,false,g,true,0
147.836,-60,false,b,true,0
159.548,-40,true,l,true,0
160,-40,false,l,true,0
203.964,-40,true,g,true,0
194.939,-60,false,g,true,0
155.479,-60,false,b,true,0
166.654,-40,true,l,true,0
160,-40,false,l,true,0
202.015,-40,true,g,true,0
192.899,-60,false,g,true,0
138.824,-60,false,b,true,0
151.235,-40,true,l,true,0
160,-40,false,l,true,0
159.121,-40,true,g,true,0
147.376,-60,false,g,true,0
143.576,-60,false,b,true,0
155.608,-40,true,l,true,0
160,-40,false,l,true,0
160,-60,false,f,true,1
148.081,-60,false,b,true,1
159.774,-40,true,l,true,1
160,-40,false,l,true,1
168.383,-40,true,g,true,1
157.33,-60,false,g,true,1
148.681,-60,false,b,true,1
160.331,-40,true,l,true,1
160,-40,false,l,true,1
160.547,-40,true,g,true,1
148.914,-60,false,g,true,1
141.014,-60,false,b,true,1
153.248,-40,true,l,true,1
160,-40,false,l,true,1
197.354,-40,true,g,true,1
188.012,-60,false,g,true,1
185.992,-60,false,b,true,1
136.861,-60,false,b,true,1
149.435,-40,true,l,true,1
160,-40,false,l,true,1
182.933,-40,true,g,true,1
172.813,-60,false,g,true,1
148.391,-60,false,b,true,1
160.062,-40,true,l,true,1
160,-40,false,l,true,1
166.628,-40,true,g,true,1
155.45,-60,false,g,true,1
151.041,-60,false,b,true,1
162.522,-40,true,l,true,1
160,-40,false,l,true,1
169.884,-40,true,g,true,1
158.936,-60,false,g,true,1
155.652,-60,false,b,true,1
166.816,-40,true,l,true,1
160,-40,false,l,true,1
188.646,-40,true,g,true,1
178.85,-60,false,g,true,1
136.261,-60,false,b,true,1
154.37,-60,false,b,true,1
149.766,-60,false,b,true,1
161.337,-40,true,l,true,1
160,-40,false,l,true,1
163.886,-40,true,g,true,1
152.508,-60,false,g,true,1
196.373,-60,false,b,true,1
174.541,-60,false,b,true,1
184.566,-40,true,l,true,1
160,-40,false,l,true,1
165.105,-40,true,g,true,1
153.817,-60,false,g,true,1
194.235,-60,false,b,true,1
198.788,-60,false,b,true,1
207.646,-40,true,l,true,1
160,-40,false,l,true,1
203.924,-40,true,g,true,1
194.897,-60,false,g,true,1
193.743,-60,false,b,true,1
202.821,-40,true,l,true,1
160,-40,false,l,true,1
173.058,-40,true,g,true,1
162.324,-60,false,g,true,1
156.315,-60,false,b,true,1
188.227,-60,false,b,true,1
197.559,-40,true,l,true,1
160,-40,false,l,true,1
199.961,-40,true,g,true,1
190.747,-60,false,g,true,1
190.448,-60,false,b,true,1
161.267,-60,false,b,true,1
185.647,-60,false,b,true,1
184.395,-60,false,b,true,1
196.856,-60,false,b,true,1
205.797,-40,true,l,true,1
160,-40,false,l,true,1
156.576,-40,true,g,true,1
144.624,-60,false,g,true,1
138.296,-60,false,b,true,1
150.75,-40,true,l,true,1
160,-40,false,l,true,1
164.554,-40,true,g,true,1
153.225,-60,false,g,true,1
145.37,-60,false,b,true,1
157.266,-40,true,l,true,1
160,-40,false,l,true,1
174.447,-40,true,g,true,1
163.804,-60,false,g,true,1
161.055,-60,false,b,true,1
171.868,-40,true,l,true,1
160,-40,false,l,true,1
200.981,-40,true,g,true,1
191.816,-60,false,g,true,1
159.964,-60,false,b,true,1
170.846,-40,true,l,true,1
160,-40,false,l,true,1
165.792,-40,true,g,true,1
154.555,-60,false,g,true,1
148.888,-60,false,b,true,1
160.523,-40,true,l,true,1
160,-40,false,l,true,1
165.323,-40,true,g,true,1
154.05,-60,false,g,true,1
135.901,-60,false,b,true,1
148.557,-40,true,l,true,1
160,-40,false,l,true,1
164.049,-40,true,g,true,1
152.683,-60,false,g,true,1
144.14,-60,false,b,true,1
186.854,-60,false,b,true,1
196.251,-40,true,l,true,1
160,-40,false,l,true,1
169.339,-40,true,g,true,1
158.353,-60,false,g,true,1
147.511,-60,false,b,true,1
175.569,-60,false,b,true,1
185.538,-40,true,l,true,1
160,-40,false,l,true,1
183.528,-40,true,g,true,1
173.443,-60,false,g,true,1
172.435,-60,false,b,true,1
182.575,-40,true,l,true,1
160,-40,false,l,true,1
162.665,-40,true,g,true,1
151.195,-60,false,g,true,1
143.826,-60,false,b,true,1
196.008,-60,false,b,true,1
204.985,-40,true,l,true,1
160,-40,false,l,true,1
172.05,-40,true,g,true,1
161.249,-60,false,g,true,1
156.202,-60,false,b,true,1
167.329,-40,true,l,true,1
160,-40,false,l,true,1
166.333,-40,true,g,true,1
155.134,-60,false,g,true,1
147.531,-60,false,b,true,1
159.265,-40,true,l,true,1
160,-40,false,l,true,1
162.412,-40,true,g,true,1
150.922,-60,false,g,true,1
140.992,-60,false,b,true,1
153.228,-40,true,l,true,1
160,-40,false,l,true,1
193.934,-40,true,g,true,1
184.419,-60,false,g,true,1
183.553,-60,false,b,true,1
154.763,-60,false,b,true,1
193.958,-60,false,b,true,1
192.538,-60,false,b,true,1
201.671,-40,true,l,true,1
160,-40,false,l,true,1
169.241,-40,true,g,true,1
158.248,-60,false,g,true,1
154.313,-60,false,b,true,1
165.568,-40,true,l,true,1
160,-40,false,l,true,1
153.199,-40,true,g,true,1
140.961,-60,false,g,true,1
138.951,-60,false,b,true,1
151.352,-40,true,l,true,1
160,-40,false,l,true,1
174.339,-40,true,g,true,1
163.689,-60,false,g,true,1
164.591,-60,false,b,true,1
175.186,-40,true,l,true,1
160,-40,false,l,true,1
159.891,-40,true,g,true,1
148.206,-60,false,g,true,1
142.557,-60,false,b,true,1
154.669,-40,true,l,true,1
160,-40,false,l,true,1
167.91,-40,true,g,true,1
156.824,-60,false,g,true,1
149.281,-60,false,b,true,1
160.887,-40,true,l,true,1
160,-40,false,l,true,1
161.079,-40,true,g,true,1
149.487,-60,false,g,true,1
185.699,-60,false,b,true,1
195.152,-40,true,l,true,1
160,-40,false,l,true,1
197.534,-40,true,g,true,1
188.201,-60,false,g,true,1
193.778,-60,false,b,true,1
154.522,-60,false,b,true,1
155.329,-60,false,b,true,1
195.185,-60,false,b,true,1
204.199,-40,true,l,true,1
160,-40,false,l,true,1
173.575,-40,true,g,true,1
162.875,-60,false,g,true,1
158.434,-60,false,b,true,1
188.122,-60,false,b,true,1
197.459,-40,true,l,true,1
160,-40,false,l,true,1
182.474,-40,true,g,true,1
172.328,-60,false,g,true,1
171.407,-60,false,b,true,1
142.262,-60,false,b,true,1
189.47,-60,false,b,true,1
174.753,-60,false,b,true,1
184.766,-40,true,l,true,1
160,-40,false,l,true,1
180.576,-40,true,g,true,1
170.317,-60,false,g,true,1
136.326,-60,false,b,true,1
141.811,-60,false,b,true,1
153.982,-40,true,l,true,1
160,-40,false,l,true,1
183.658,-40,true,g,true,1
173.581,-60,false,g,true,1
171.512,-60,false,b,true,1
138.187,-60,false,b,true,1
150.651,-40,true,l,true,1
160,-40,false,l,true,1
203.14,-40,true,g,true,1
194.077,-60,false,g,true,1
141.242,-60,false,b,true,1
153.457,-40,true,l,true,1
160,-40,false,l,true,1
182.444,-40,true,g,true,1
172.296,-60,false,g,true,1
136.518,-60,false,b,true,1
149.121,-40,true,l,true,1
160,-40,false,l,true,1
166.05,-40,true,g,true,1
154.831,-60,false,g,true,1
144.875,-60,false,b,true,1
147.433,-60,false,b,true,1
159.174,-40,true,l,true,1
160,-40,false,l,true,1
197.125,-40,true,g,true,1
187.772,-60,false,g,true,1
156.203,-60,false,b,true,1
167.33,-40,true,l,true,1
160,-40,false,l,true,1
181.787,-40,true,g,true,1
171.6,-60,false,g,true,1
136.353,-60,false,b,true,1
148.971,-40,true,l,true,1
160,-40,false,l,true,1
163.571,-40,true,g,true,1
152.169,-60,false,g,true,1
144.647,-60,false,b,true,1
156.597,-40,true,l,true,1
160,-40,false,l,true,1
173.298,-40,true,g,true,1
162.58,-60,false,g,true,1
177.788,-60,false,b,true,1
135.357,-60,false,b,true,1
148.059,-40,true,l,true,1
160,-40,false,l,true,1
164.466,-40,true,g,true,1
153.13,-60,false,g,true,1
144.75,-60,false,b,true,1
156.693,-40,true,l,true,1
160,-40,false,l,true,1
159.028,-40,true,g,true,1
147.274,-60,false,g,true,1
137.539,-60,false,b,true,1
150.057,-40,true,l,true,1
160,-40,false,l,true,1
181.872,-40,true,g,true,1
171.69,-60,false,g,true,1
136.352,-60,false,b,true,1
147.793,-60,false,b,true,1
137.475,-60,false,b,true,1
149.998,-40,true,l,true,1
160,-40,false,l,true,1
174.678,-40,true,g,true,1
164.05,-60,false,g,true,1
151.971,-60,false,b,true,1
183.626,-60,false,b,true,1
193.18,-40,true,l,true,1
160,-40,false,l,true,1
201.491,-40,true,g,true,1
192.351,-60,false,g,true,1
139.848,-60,false,b,true,1
181.098,-60,false,b,true,1
158.604,-60,false,b,true,1
169.574,-40,true,l,true,1
160,-40,false,l,true,1
151.796,-40,true,g,true,1
139.435,-60,false,g,true,1
143.622,-60,false,b,true,1
155.651,-40,true,l,true,1
160,-40,false,l,true,1
163.291,-40,true,g,true,1
151.868,-60,false,g,true,1
145.331,-60,false,b,true,1
157.229,-40,true,l,true,1
160,-40,false,l,true,1
183.149,-40,true,g,true,1
173.042,-60,false,g,true,1
162.71,-60,false,b,true,1
173.42,-40,true,l,true,1
160,-40,false,l,true,1
168.294,-40,true,g,true,1
157.236,-60,false,g,true,1
152.102,-60,false,b,true,1
163.509,-40,true,l,true,1
160,-40,false,l,true,1
169.973,-40,true,g,true,1
159.031,-60,false,g,true,1
197.791,-60,false,b,true,1
199.393,-60,false,b,true,1
208.225,-40,true,l,true,1
160,-40,false,l,true,1
202.411,-40,true,g,true,1
193.314,-60,false,g,true,1
140.288,-60,false,b,true,1
152.58,-40,true,l,true,1
160,-40,false,l,true,1
170.986,-40,true,g,true,1
160.113,-60,false,g,true,1
148.383,-60,false,b,true,1
188.368,-60,false,b,true,1
192.442,-60,false,b,true,1
201.578,-40,true,l,true,1
160,-40,false,l,true,1
155.632,-40,true,g,true,1
143.601,-60,false,g,true,1
167.509,-60,false,b,true,1
169.627,-60,false,b,true,1
179.926,-40,true,l,true,1
160,-40,false,l,true,1
160.973,-40,true,g,true,1
149.373,-60,false,g,true,1
140.887,-60,false,b,true,1
153.132,-40,true,l,true,1
160,-40,false,l,true,1
183.799,-40,true,g,true,1
173.73,-60,false,g,true,1
146.177,-60,false,b,true,1
158.011,-40,true,l,true,1
160,-40,false,l,true,1
167.144,-40,true,g,true,1
156.003,-60,false,g,true,1
150.341,-60,false,b,true,1
157.714,-60,false,b,true,1
168.742,-40,true,l,true,1
160,-40,false,l,true,1
201.179,-40,true,g,true,1
192.024,-60,false,g,true,1
179.078,-60,false,b,true,1
188.862,-40,true,l,true,1
160,-40,false,l,true,1
183.771,-40,true,g,true,1
173.7,-60,false,g,true,1
162.621,-60,false,b,true,1
173.337,-40,true,l,true,1
160,-40,false,l,true,1
204.065,-40,true,g,true,1
195.045,-60,false,g,true,1
179.453,-60,false,b,true,1
136.936,-60,false,b,true,1
149.504,-40,true,l,true,1
160,-40,false,l,true,1
154.335,-40,true,g,true,1
142.195,-60,false,g,true,1
165.787,-60,false,b,true,1
158.984,-60,false,b,true,1
169.929,-40,true,l,true,1
160,-40,false,l,true,1
205.608,-40,true,g,true,1
196.659,-60,false,g,true,1
143.22,-60,false,b,true,1
155.28,-40,true,l,true,1
160,-40,false,l,true,1
173.974,-40,true,g,true,1
163.301,-60,false,g,true,1
158.852,-60,false,b,true,1
169.806,-40,true,l,true,1
160,-40,false,l,true,1
183.879,-40,true,g,true,1
173.814,-60,false,g,true,1
138.232,-60,false,b,true,1
150.692,-40,true,l,true,1
160,-40,false,l,true,1
166.032,-40,true,g,true,1
154.812,-60,false,g,true,1
147.173,-60,false,b,true,1
158.934,-40,true,l,true,1
160,-40,false,l,true,1
169.604,-40,true,g,true,1
158.637,-60,false,g,true,1
192.953,-60,false,b,true,1
202.066,-40,true,l,true,1
160,-40,false,l,true,1
160.088,-40,true,g,true,1
148.418,-60,false,g,true,1
141.174,-60,false,b,true,1
153.395,-40,true,l,true,1
160,-40,false,l,true,1
174.019,-40,true,g,true,1
163.348,-60,false,g,true,1
159.881,-60,false,b,true,1
159.937,-60,false,b,true,1
199.362,-60,false,b,true,1
208.195,-40,true,l,true,1
160,-40,false,l,true,1
188.781,-40,true,g,true,1
178.993,-60,false,g,true,1
175.28,-60,false,b,true,1
182.915,-60,false,b,true,1
164.245,-60,false,b,true,1
174.861,-40,true,l,true,1
160,-40,false,l,true,1
206.359,-40,true,g,true,1
197.444,-60,false,g,true,1
137.445,-60,false,b,true,1
149.97,-40,true,l,true,1
160,-40,false,l,true,1
165.06,-40,true,g,true,1
153.769,-60,false,g,true,1
146.092,-60,false,b,true,1
157.933,-40,true,l,true,1
160,-40,false,l,true,1
188.73,-40,true,g,true,1
178.939,-60,false,g,true,1
143.358,-60,false,b,true,1
155.408,-40,true,l,true,1
160,-40,false,l,true,1
162.872,-40,true,g,true,1
151.418,-60,false,g,true,1
143.467,-60,false,b,true,1
155.508,-40,true,l,true,1
160,-40,false,l,true,1
172.439,-40,true,g,true,1
161.664,-60,false,g,true,1
152.496,-60,false,b,true,1
163.875,-40,true,l,true,1
160,-40,false,l,true,1
169.061,-40,true,g,true,1
158.056,-60,false,g,true,1
155.535,-60,false,b,true,1
170.31,-60,false,b,true,1
180.57,-40,true,l,true,1
160,-40,false,l,true,1
196.613,-40,true,g,true,1
187.234,-60,false,g,true,1
186.547,-60,false,b,true,1
156.535,-60,false,b,true,1
183.657,-60,false,b,true,1
150.918,-60,false,b,true,1
162.408,-40,true,l,true,1
160,-40,false,l,true,1
188.985,-40,true,g,true,1
179.208,-60,false,g,true,1
151.791,-60,false,b,true,1
163.219,-40,true,l,true,1
160,-40,false,l,true,1
178.634,-40,true,g,true,1
168.256,-60,false,g,true,1
169.427,-60,false,b,true,1
197.233,-60,false,b,true,1
154.141,-60,false,b,true,1
188.384,-60,false,b,true,1
197.708,-40,true,l,true,1
160,-40,false,l,true,1
165.335,-40,true,g,true,1
154.064,-60,false,g,true,1
146.455,-60,false,b,true,1
158.269,-40,true,l,true,1
160,-40,false,l,true,1
196.608,-40,true,g,true,1
187.229,-60,false,g,true,1
147.614,-60,false,b,true,1
159.342,-40,true,l,true,1
160,-40,false,l,true,1
190.109,-40,true,g,true,1
180.393,-60,false,g,true,1
145.036,-60,false,b,true,1
156.957,-40,true,l,true,1
160,-40,false,l,true,1
187.651,-40,true,g,true,1
177.8,-60,false,g,true,1
158.249,-60,false,b,true,1
169.242,-40,true,l,true,1
160,-40,false,l,true,1
175.604,-40,true,g,true,1
165.035,-60,false,g,true,1
154.975,-60,false,b,true,1
148.667,-60,false,b,true,1
164.959,-60,false,b,true,1
175.532,-40,true,l,true,1
160,-40,false,l,true,1
170.698,-40,true,g,true,1
159.806,-60,false,g,true,1
151.325,-60,false,b,true,1
162.786,-40,true,l,true,1
160,-40,false,l,true,1
163.241,-40,true,g,true,1
151.815,-60,false,g,true,1
163.493,-60,false,b,true,1
174.155,-40,true,l,true,1
160,-40,false,l,true,1
160.207,-40,true,g,true,1
148.548,-60,false,g,true,1
141.358,-60,false,b,true,1
160,-60,false,f,true,2
197.667,-60,false,b,true,2
206.572,-40,true,l,true,2
160,-40,false,l,true,2
149.168,-40,true,g,true,2
136.569,-60,false,g,true,2
184.197,-60,false,b,true,2
193.723,-40,true,l,true,2
160,-40,false,l,true,2
167.431,-40,true,g,true,2
156.311,-60,false,g,true,2
170.04,-60,false,b,true,2
180.315,-40,true,l,true,2
160,-40,false,l,true,2
205.928,-40,true,g,true,2
196.993,-60,false,g,true,2
157.641,-60,false,b,true,2
168.674,-40,true,l,true,2
160,-40,false,l,true,2
207.203,-40,true,g,true,2
198.326,-60,false,g,true,2
195.048,-60,false,b,true,2
197.798,-60,false,b,true,2
199.736,-60,false,b,true,2
208.553,-40,true,l,true,2
160,-40,false,l,true,2
160.145,-40,true,g,true,2
148.48,-60,false,g,true,2
184.135,-60,false,b,true,2
193.664,-40,true,l,true,2
160,-40,false,l,true,2
167.294,-40,true,g,true,2
156.164,-60,false,g,true,2
180.139,-60,false,b,true,2
189.869,-40,true,l,true,2
160,-40,false,l,true,2
198.673,-40,true,g,true,2
189.396,-60,false,g,true,2
187.925,-60,false,b,true,2
190.872,-60,false,b,true,2
200.08,-40,true,l,true,2
160,-40,false,l,true,2
204.417,-40,true,g,true,2
195.413,-60,false,g,true,2
167.955,-60,false,b,true,2
197.917,-60,false,b,true,2
206.812,-40,true,l,true,2
160,-40,false,l,true,2
183.722,-40,true,g,true,2
173.648,-60,false,g,true,2
198.134,-60,false,b,true,2
207.02,-40,true,l,true,2
160,-40,false,l,true,2
193.227,-40,true,g,true,2
183.675,-60,false,g,true,2
182.48,-60,false,b,true,2
199.574,-60,false,b,true,2
208.398,-40,true,l,true,2
160,-40,false,l,true,2
202.683,-40,true,g,true,2
193.598,-60,false,g,true,2
199.672,-60,false,b,true,2
208.492,-40,true,l,true,2
160,-40,false,l,true,2
166.46,-40,true,g,true,2
155.271,-60,false,g,true,2
198.062,-60,false,b,true,2
206.951,-40,true,l,true,2
160,-40,false,l,true,2
160.251,-40,true,g,true,2
148.595,-60,false,g,true,2
181.644,-60,false,b,true,2
191.297,-40,true,l,true,2
160,-40,false,l,true,2
168.412,-40,true,g,true,2
157.361,-60,false,g,true,2
197.615,-60,false,b,true,2
206.523,-40,true,l,true,2
160,-40,false,l,true,2
166.857,-40,true,g,true,2
155.697,-60,false,g,true,2
195.073,-60,false,b,true,2
204.092,-40,true,l,true,2
160,-40,false,l,true,2
156.608,-40,true,g,true,2
144.658,-60,false,g,true,2
191.6,-60,false,b,true,2
200.775,-40,true,l,true,2
160,-40,false,l,true,2
159.043,-40,true,g,true,2
147.292,-60,false,g,true,2
194.813,-60,false,b,true,2
203.844,-40,true,l,true,2
160,-40,false,l,true,2
169.826,-40,true,g,true,2
158.873,-60,false,g,true,2
155.701,-60,false,b,true,2
167.628,-60,false,b,true,2
178.042,-40,true,l,true,2
160,-40,false,l,true,2
200.394,-40,true,g,true,2
191.201,-60,false,g,true,2
175.234,-60,false,b,true,2
179.139,-60,false,b,true,2
190.323,-60,false,b,true,2
199.557,-40,true,l,true,2
160,-40,false,l,true,2
159.032,-40,true,g,true,2
147.28,-60,false,g,true,2
152.156,-60,false,b,true,2
197.416,-60,false,b,true,2
206.332,-40,true,l,true,2
160,-40,false,l,true,2
165.147,-40,true,g,true,2
153.863,-60,false,g,true,2
197.372,-60,false,b,true,2
206.29,-40,true,l,true,2
160,-40,false,l,true,2
151.302,-40,true,g,true,2
138.897,-60,false,g,true,2
186.488,-60,false,b,true,2
193.501,-60,false,b,true,2
202.59,-40,true,l,true,2
160,-40,false,l,true,2
151.756,-40,true,g,true,2
139.391,-60,false,g,true,2
137.771,-60,false,b,true,2
146.42,-60,false,b,true,2
197.944,-60,false,b,true,2
206.837,-40,true,l,true,2
160,-40,false,l,true,2
156.795,-40,true,g,true,2
144.861,-60,false,g,true,2
189.096,-60,false,b,true,2
198.387,-40,true,l,true,2
160,-40,false,l,true,2
177.284,-40,true,g,true,2
166.823,-60,false,g,true,2
195.894,-60,false,b,true,2
204.877,-40,true,l,true,2
160,-40,false,l,true,2
186.643,-40,true,g,true,2
176.736,-60,false,g,true,2
179.569,-60,false,b,true,2
189.327,-40,true,l,true,2
160,-40,false,l,true,2
164.624,-40,true,g,true,2
153.3,-60,false,g,true,2
162.192,-60,false,b,true,2
198.62,-60,false,b,true,2
207.485,-40,true,l,true,2
160,-40,false,l,true,2
177.761,-40,true,g,true,2
167.329,-60,false,g,true,2
196.802,-60,false,b,true,2
205.745,-40,true,l,true,2
160,-40,false,l,true,2
148.682,-40,true,g,true,2
136.038,-60,false,g,true,2
184.175,-60,false,b,true,2
193.702,-40,true,l,true,2
160,-40,false,l,true,2
172.594,-40,true,g,true,2
161.829,-60,false,g,true,2
199.469,-60,false,b,true,2
208.297,-40,true,l,true,2
160,-40,false,l,true,2
174.81,-40,true,g,true,2
164.191,-60,false,g,true,2
195.637,-60,false,b,true,2
204.631,-40,true,l,true,2
160,-40,false,l,true,2
177.681,-40,true,g,true,2
167.244,-60,false,g,true,2
193.103,-60,false,b,true,2
202.21,-40,true,l,true,2
160,-40,false,l,true,2
151.117,-40,true,g,true,2
138.695,-60,false,g,true,2
167.677,-60,false,b,true,2
178.088,-40,true,l,true,2
160,-40,false,l,true,2
162.662,-40,true,g,true,2
151.191,-60,false,g,true,2
194.891,-60,false,b,true,2
203.918,-40,true,l,true,2
160,-40,false,l,true,2
160.565,-40,true,g,true,2
148.933,-60,false,g,true,2
199.1,-60,false,b,true,2
207.944,-40,true,l,true,2
160,-40,false,l,true,2
167.294,-40,true,g,true,2
156.164,-60,false,g,true,2
198.889,-60,false,b,true,2
207.742,-40,true,l,true,2
160,-40,false,l,true,2
172.826,-40,true,g,true,2
162.077,-60,false,g,true,2
141.798,-60,false,b,true,2
181.309,-60,false,b,true,2
192.319,-60,false,b,true,2
201.461,-40,true,l,true,2
160,-40,false,l,true,2
148.276,-40,true,g,true,2
135.594,-60,false,g,true,2
183.192,-60,false,b,true,2
192.767,-40,true,l,true,2
160,-40,false,l,true,2
176.602,-40,true,g,true,2
166.097,-60,false,g,true,2
198.506,-60,false,b,true,2
207.376,-40,true,l,true,2
160,-40,false,l,true,2
157.802,-40,true,g,true,2
145.95,-60,false,g,true,2
188.829,-60,false,b,true,2
198.132,-40,true,l,true,2
160,-40,false,l,true,2
206.924,-40,true,g,true,2
198.034,-60,false,g,true,2
194.94,-60,false,b,true,2
203.964,-40,true,l,true,2
160,-40,false,l,true,2
204.424,-40,true,g,true,2
195.42,-60,false,g,true,2
193.208,-60,false,b,true,2
194.505,-60,false,b,true,2
203.549,-40,true,l,true,2
160,-40,false,l,true,2
158.804,-40,true,g,true,2
147.033,-60,false,g,true,2
197.24,-60,false,b,true,2
206.164,-40,true,l,true,2
160,-40,false,l,true,2
152.221,-40,true,g,true,2
139.897,-60,false,g,true,2
187.487,-60,false,b,true,2
196.854,-40,true,l,true,2
160,-40,false,l,true,2
155.704,-40,true,g,true,2
143.679,-60,false,g,true,2
190.899,-60,false,b,true,2
200.106,-40,true,l,true,2
160,-40,false,l,true,2
154.581,-40,true,g,true,2
142.462,-60,false,g,true,2
191.673,-60,false,b,true,2
200.845,-40,true,l,true,2
160,-40,false,l,true,2
172.464,-40,true,g,true,2
161.691,-60,false,g,true,2
197.451,-60,false,b,true,2
206.366,-40,true,l,true,2
160,-40,false,l,true,2
148.247,-40,true,g,true,2
135.563,-60,false,g,true,2
179.907,-60,false,b,true,2
189.649,-40,true,l,true,2
160,-40,false,l,true,2
151.961,-40,true,g,true,2
139.614,-60,false,g,true,2
179.405,-60,false,b,true,2
197.283,-60,false,b,true,2
206.205,-40,true,l,true,2
160,-40,false,l,true,2
165.697,-40,true,g,true,2
154.452,-60,false,g,true,2
197.929,-60,false,b,true,2
206.823,-40,true,l,true,2
160,-40,false,l,true,2
158.408,-40,true,g,true,2
146.606,-60,false,g,true,2
180.181,-60,false,b,true,2
189.909,-40,true,l,true,2
160,-40,false,l,true,2
160.272,-40,true,g,true,2
148.617,-60,false,g,true,2
183.257,-60,false,b,true,2
192.829,-40,true,l,true,2
160,-40,false,l,true,2
170.979,-40,true,g,true,2
160.105,-60,false,g,true,2
164.994,-60,false,b,true,2
199.37,-60,false,b,true,2
208.203,-40,true,l,true,2
160,-40,false,l,true,2
198.273,-40,true,g,true,2
188.977,-60,false,g,true,2
186.849,-60,false,b,true,2
196.246,-40,true,l,true,2
160,-40,false,l,true,2
191.053,-40,true,g,true,2
181.387,-60,false,g,true,2
177.673,-60,false,b,true,2
185.698,-60,false,b,true,2
195.259,-60,false,b,true,2
204.269,-40,true,l,true,2
160,-40,false,l,true,2
153.294,-40,true,g,true,2
141.065,-60,false,g,true,2
138.64,-60,false,b,true,2
151.067,-40,true,l,true,2
160,-40,false,l,true,2
185.465,-40,true,g,true,2
175.491,-60,false,g,true,2
174.773,-60,false,b,true,2
184.786,-40,true,l,true,2
160,-40,false,l,true,2
187.286,-40,true,g,true,2
177.415,-60,false,g,true,2
178.997,-60,false,b,true,2
188.785,-40,true,l,true,2
160,-40,false,l,true,2
206.318,-40,true,g,true,2
197.4,-60,false,g,true,2
195.731,-60,false,b,true,2
204.72,-40,true,l,true,2
160,-40,false,l,true,2
166.779,-40,true,g,true,2
155.612,-60,false,g,true,2
152.868,-60,false,b,true,2
182.721,-60,false,b,true,2
192.32,-40,true,l,true,2
160,-40,false,l,true,2
168.824,-40,true,g,true,2
157.802,-60,false,g,true,2
197.23,-60,false,b,true,2
206.154,-40,true,l,true,2
160,-40,false,l,true,2
179.106,-40,true,g,true,2
168.757,-60,false,g,true,2
167.158,-60,false,b,true,2
177.6,-40,true,l,true,2
160,-40,false,l,true,2
148.91,-40,true,g,true,2
136.287,-60,false,g,true,2
142.894,-60,false,b,true,2
154.979,-40,true,l,true,2
160,-40,false,l,true,2
196.667,-40,true,g,true,2
187.291,-60,false,g,true,2
182.921,-60,false,b,true,2
192.439,-60,false,b,true,2
201.576,-40,true,l,true,2
160,-40,false,l,true,2
172.861,-40,true,g,true,2
162.114,-60,false,g,true,2
197.615,-60,false,b,true,2
206.523,-40,true,l,true,2
160,-40,false,l,true,2
174.681,-40,true,g,true,2
164.053,-60,false,g,true,2
199.613,-60,false,b,true,2
208.435,-40,true,l,true,2
160,-40,false,l,true,2
149.332,-40,true,g,true,2
136.748,-60,false,g,true,2
161.252,-60,false,b,true,2
163.65,-60,false,b,true,2
174.303,-40,true,l,true,2
160,-40,false,l,true,2
156.347,-40,true,g,true,2
144.376,-60,false,g,true,2
186.423,-60,false,b,true,2
195.84,-40,true,l,true,2
160,-40,false,l,true,2
149.119,-40,true,g,true,2
136.516,-60,false,g,true,2
176.542,-60,false,b,true,2
196.542,-60,false,b,true,2
205.497,-40,true,l,true,2
160,-40,false,l,true,2
168.554,-40,true,g,true,2
157.513,-60,false,g,true,2
173.976,-60,false,b,true,2
184.031,-40,true,l,true,2
160,-40,false,l,true,2
158.155,-40,true,g,true,2
146.332,-60,false,g,true,2
193.407,-60,false,b,true,2
202.5,-40,true,l,true,2
160,-40,false,l,true,2
148.902,-40,true,g,true,2
136.278,-60,false,g,true,2
184.47,-60,false,b,true,2
193.982,-40,true,l,true,2
160,-40,false,l,true,2
168.252,-40,true,g,true,2
157.191,-60,false,g,true,2
195.832,-60,false,b,true,2
204.817,-40,true,l,true,2
160,-40,false,l,true,2
205.169,-40,true,g,true,2
196.2,-60,false,g,true,2
198.083,-60,false,b,true,2
206.971,-40,true,l,true,2
160,-40,false,l,true,2
197.415,-40,true,g,true,2
188.076,-60,false,g,true,2
188.054,-60,false,b,true,2
197.394,-40,true,l,true,2
160,-40,false,l,true,2
165.927,-40,true,g,true,2
154.699,-60,false,g,true,2
198.264,-60,false,b,true,2
207.144,-40,true,l,true,2
160,-40,false,l,true,2
158.205,-40,true,g,true,2
146.386,-60,false,g,true,2
199.594,-60,false,b,true,2
208.418,-40,true,l,true,2
160,-40,false,l,true,2
153.759,-40,true,g,true,2
141.57,-60,false,g,true,2
189.243,-60,false,b,true,2
198.527,-40,true,l,true,2
160,-40,false,l,true,2
171.954,-40,true,g,true,2
161.147,-60,false,g,true,2
197.289,-60,false,b,true,2
206.211,-40,true,l,true,2
160,-40,false,l,true,2
196.7,-40,true,g,true,2
187.326,-60,false,g,true,2
185.281,-60,false,b,true,2
194.754,-40,true,l,true,2
160,-40,false,l,true,2
189.484,-40,true,g,true,2
179.734,-60,false,g,true,2
176.774,-60,false,b,true,2
186.679,-40,true,l,true,2
160,-40,false,l,true,2
165.139,-40,true,g,true,2
153.854,-60,false,g,true,2
198.052,-60,false,b,true,2
206.941,-40,true,l,true,2
160,-40,false,l,true,2
172.841,-40,true,g,true,2
162.092,-60,false,g,true,2
181.262,-60,false,b,true,2
190.935,-40,true,l,true,2
160,-40,false,l,true,2
162.312,-40,true,g,true,2
150.815,-60,false,g,true,2
194.503,-60,false,b,true,2
203.547,-40,true,l,true,2
160,-40,false,l,true,2
173.003,-40,true,g,true,2
162.265,-60,false,g,true,2
154.624,-60,false,b,true,2
165.857,-40,true,l,true,2
160,-40,false,l,true,2
197.667,-40,true,g,true,2
188.341,-60,false,g,true,2
185.959,-60,false,b,true,2
195.399,-40,true,l,true,2
160,-40,false,l,true,2
152.562,-40,true,g,true,2
140.268,-60,false,g,true,2
142.471,-60,false,b,true,2
154.59,-40,true,l,true,2
160,-40,false,l,true,2
199.122,-40,true,g,true,2
189.867,-60,false,g,true,2
147.208,-60,false,b,true,2
158.966,-40,true,l,true,2
160,-40,false,l,true,2
174.593,-40,true,g,true,2
163.96,-60,false,g,true,2
197.044,-60,false,b,true,2
205.977,-40,true,l,true,2
160,-40,false,l,true,2
156.357,-40,true,g,true,2
144.386,-60,false,g,true,2
198.441,-60,false,b,true,2
207.314,-40,true,l,true,2
160,-40,false,l,true,2
200.272,-40,true,g,true,2
191.073,-60,false,g,true,2
190.1,-60,false,b,true,2
199.344,-40,true,l,true,2
160,-40,false,l,true,2
155.086,-40,true,g,true,2
143.009,-60,false,g,true,2
192.134,-60,false,b,true,2
201.285,-40,true,l,true,2
160,-40,false,l,true,2
168.438,-40,true,g,true,2
157.389,-60,false,g,true,2
196.987,-60,false,b,true,2
205.922,-40,true,l,true,2
160,-40,false,l,true,2
183.401,-40,true,g,true,2
173.309,-60,false,g,true,2
164.967,-60,false,b,true,2
175.539,-40,true,l,true,2
160,-40,false,l,true,2
182.324,-40,true,g,true,2
172.169,-60,false,g,true,2
140.506,-60,false,b,true,2
152.78,-40,true,l,true,2
160,-40,false,l,true,2
178.783,-40,true,g,true,2
168.414,-60,false,g,true,2
193.768,-60,false,b,true,2
202.845,-40,true,l,true,2
160,-40,false,l,true,2
149.038,-40,true,g,true,2
136.427,-60,false,g,true,2
184.66,-60,false,b,true,2
194.163,-40,true,l,true,2
160,-40,false,l,true,2
160,-60,false,f,true,3
160,-40,false,l,true,3
175.389,-40,true,g,true,3
164.807,-60,false,g,true,3
156.641,-60,false,b,true,3
196.598,-60,false,b,true,3
205.55,-40,true,l,true,3
160,-40,false,l,true,3
174.174,-40,true,g,true,3
163.514,-60,false,g,true,3
198.764,-60,false,b,true,3
207.623,-40,true,l,true,3
160,-40,false,l,true,3
159.125,-40,true,g,true,3
147.38,-60,false,g,true,3
189.877,-60,false,b,true,3
199.132,-40,true,l,true,3
160,-40,false,l,true,3
161.487,-40,true,g,true,3
149.927,-60,false,g,true,3
193.222,-60,false,b,true,3
202.323,-40,true,l,true,3
160,-40,false,l,true,3
172.717,-40,true,g,true,3
161.96,-60,false,g,true,3
186.616,-60,false,b,true,3
196.024,-40,true,l,true,3
160,-40,false,l,true,3
162.758,-40,true,g,true,3
151.295,-60,false,g,true,3
193.283,-60,false,b,true,3
202.382,-40,true,l,true,3
160,-40,false,l,true,3
169.477,-40,true,g,true,3
158.501,-60,false,g,true,3
152.444,-60,false,b,true,3
163.827,-40,true,l,true,3
160,-40,false,l,true,3
162.15,-40,true,g,true,3
150.64,-60,false,g,true,3
190.669,-60,false,b,true,3
199.887,-40,true,l,true,3
160,-40,false,l,true,3
164.497,-40,true,g,true,3
153.164,-60,false,g,true,3
195.78,-60,false,b,true,3
204.768,-40,true,l,true,3
160,-40,false,l,true,3
166.511,-40,true,g,true,3
155.325,-60,false,g,true,3
148.131,-60,false,b,true,3
198.08,-60,false,b,true,3
206.968,-40,true,l,true,3
160,-40,false,l,true,3
198.554,-40,true,g,true,3
189.271,-60,false,g,true,3
186.554,-60,false,b,true,3
195.965,-40,true,l,true,3
160,-40,false,l,true,3
163.453,-40,true,g,true,3
152.042,-60,false,g,true,3
149.307,-60,false,b,true,3
150.288,-60,false,b,true,3
173.907,-60,false,b,true,3
183.967,-40,true,l,true,3
160,-40,false,l,true,3
176.746,-40,true,g,true,3
166.25,-60,false,g,true,3
159.878,-60,false,b,true,3
170.765,-40,true,l,true,3
160,-40,false,l,true,3
206.555,-40,true,g,true,3
197.649,-60,false,g,true,3
195.295,-60,false,b,true,3
204.304,-40,true,l,true,3
160,-40,false,l,true,3
159.51,-40,true,g,true,3
147.796,-60,false,g,true,3
195.321,-60,false,b,true,3
204.329,-40,true,l,true,3
160,-40,false,l,true,3
170.297,-40,true,g,true,3
159.377,-60,false,g,true,3
198.71,-60,false,b,true,3
207.571,-40,true,l,true,3
160,-40,false,l,true,3
182.116,-40,true,g,true,3
171.949,-60,false,g,true,3
173.598,-60,false,b,true,3
183.674,-40,true,l,true,3
160,-40,false,l,true,3
183.743,-40,true,g,true,3
173.67,-60,false,g,true,3
198.473,-60,false,b,true,3
207.344,-40,true,l,true,3
160,-40,false,l,true,3
166.775,-40,true,g,true,3
155.609,-60,false,g,true,3
196.997,-60,false,b,true,3
205.931,-40,true,l,true,3
160,-40,false,l,true,3
167.854,-40,true,g,true,3
156.764,-60,false,g,true,3
196.287,-60,false,b,true,3
205.252,-40,true,l,true,3
160,-40,false,l,true,3
171.889,-40,true,g,true,3
161.077,-60,false,g,true,3
193.638,-60,false,b,true,3
202.721,-40,true,l,true,3
160,-40,false,l,true,3
152.789,-40,true,g,true,3
140.515,-60,false,g,true,3
137.852,-60,false,b,true,3
147.14,-60,false,b,true,3
148.977,-60,false,b,true,3
187.247,-60,false,b,true,3
196.626,-40,true,l,true,3
160,-40,false,l,true,3
205.575,-40,true,g,true,3
196.624,-60,false,g,true,3
196.827,-60,false,b,true,3
205.769,-40,true,l,true,3
160,-40,false,l,true,3
158.297,-40,true,g,true,3
146.485,-60,false,g,true,3
199.555,-60,false,b,true,3
208.38,-40,true,l,true,3
160,-40,false,l,true,3
160.763,-40,true,g,true,3
149.146,-60,false,g,true,3
198.827,-60,false,b,true,3
207.683,-40,true,l,true,3
160,-40,false,l,true,3
162.939,-40,true,g,true,3
151.489,-60,false,g,true,3
194.213,-60,false,b,true,3
203.27,-40,true,l,true,3
160,-40,false,l,true,3
155.501,-40,true,g,true,3
143.46,-60,false,g,true,3
135.12,-60,false,b,true,3
195.027,-60,false,b,true,3
204.048,-40,true,l,true,3
160,-40,false,l,true,3
165.527,-40,true,g,true,3
154.27,-60,false,g,true,3
197.391,-60,false,b,true,3
206.308,-40,true,l,true,3
160,-40,false,l,true,3
161.168,-40,true,g,true,3
149.584,-60,false,g,true,3
162.115,-60,false,b,true,3
198.177,-60,false,b,true,3
207.061,-40,true,l,true,3
160,-40,false,l,true,3
156.881,-40,true,g,true,3
144.954,-60,false,g,true,3
193.561,-60,false,b,true,3
202.647,-40,true,l,true,3
160,-40,false,l,true,3
157.746,-40,true,g,true,3
145.889,-60,false,g,true,3
199.098,-60,false,b,true,3
207.943,-40,true,l,true,3
160,-40,false,l,true,3
164.576,-40,true,g,true,3
153.249,-60,false,g,true,3
187.756,-60,false,b,true,3
197.11,-40,true,l,true,3
160,-40,false,l,true,3
169.407,-40,true,g,true,3
158.426,-60,false,g,true,3
150.272,-60,false,b,true,3
189.921,-60,false,b,true,3
194.542,-60,false,b,true,3
203.584,-40,true,l,true,3
160,-40,false,l,true,3
159.338,-40,true,g,true,3
147.609,-60,false,g,true,3
190.538,-60,false,b,true,3
199.761,-40,true,l,true,3
160,-40,false,l,true,3
178.25,-40,true,g,true,3
167.848,-60,false,g,true,3
159.843,-60,false,b,true,3
170.733,-40,true,l,true,3
160,-40,false,l,true,3
200.258,-40,true,g,true,3
191.059,-60,false,g,true,3
191.251,-60,false,b,true,3
200.442,-40,true,l,true,3
160,-40,false,l,true,3
203.834,-40,true,g,true,3
194.804,-60,false,g,true,3
196.323,-60,false,b,true,3
205.287,-40,true,l,true,3
160,-40,false,l,true,3
170.465,-40,true,g,true,3
159.556,-60,false,g,true,3
190.178,-60,false,b,true,3
199.419,-40,true,l,true,3
160,-40,false,l,true,3
198.492,-40,true,g,true,3
189.206,-60,false,g,true,3
188.417,-60,false,b,true,3
197.74,-40,true,l,true,3
160,-40,false,l,true,3
174.948,-40,true,g,true,3
164.337,-60,false,g,true,3
160.507,-60,false,b,true,3
171.355,-40,true,l,true,3
160,-40,false,l,true,3
172.035,-40,true,g,true,3
161.232,-60,false,g,true,3
198.484,-60,false,b,true,3
207.354,-40,true,l,true,3
160,-40,false,l,true,3
161.971,-40,true,g,true,3
150.448,-60,false,g,true,3
193.697,-60,false,b,true,3
202.777,-40,true,l,true,3
160,-40,false,l,true,3
172.693,-40,true,g,true,3
161.935,-60,false,g,true,3
153.927,-60,false,b,true,3
198.912,-60,false,b,true,3
207.765,-40,true,l,true,3
160,-40,false,l,true,3
172.866,-40,true,g,true,3
162.119,-60,false,g,true,3
199.836,-60,false,b,true,3
208.649,-40,true,l,true,3
160,-40,false,l,true,3
158.389,-40,true,g,true,3
146.585,-60,false,g,true,3
190.857,-60,false,b,true,3
200.066,-40,true,l,true,3
160,-40,false,l,true,3
171.404,-40,true,g,true,3
160.559,-60,false,g,true,3
199.942,-60,false,b,true,3
208.75,-40,true,l,true,3
160,-40,false,l,true,3
167.909,-40,true,g,true,3
156.822,-60,false,g,true,3
136.721,-60,false,b,true,3
184.987,-60,false,b,true,3
194.474,-40,true,l,true,3
160,-40,false,l,true,3
151.383,-40,true,g,true,3
138.985,-60,false,g,true,3
186.863,-60,false,b,true,3
196.259,-40,true,l,true,3
160,-40,false,l,true,3
159.9,-40,true,g,true,3
148.216,-60,false,g,true,3
199.697,-60,false,b,true,3
208.516,-40,true,l,true,3
160,-40,false,l,true,3
158.006,-40,true,g,true,3
146.171,-60,false,g,true,3
190.457,-60,false,b,true,3
199.685,-40,true,l,true,3
160,-40,false,l,true,3
159.716,-40,true,g,true,3
148.018,-60,false,g,true,3
173.384,-60,false,b,true,3
183.472,-40,true,l,true,3
160,-40,false,l,true,3
201.321,-40,true,g,true,3
192.172,-60,false,g,true,3
198.887,-60,false,b,true,3
185.91,-60,false,b,true,3
195.352,-40,true,l,true,3
160,-40,false,l,true,3
208.535,-40,true,g,true,3
199.716,-60,false,g,true,3
160.454,-60,false,b,true,3
171.305,-40,true,l,true,3
160,-40,false,l,true,3
166.881,-40,true,g,true,3
155.721,-60,false,g,true,3
192.235,-60,false,b,true,3
201.381,-40,true,l,true,3
160,-40,false,l,true,3
162.435,-40,true,g,true,3
150.948,-60,false,g,true,3
199.071,-60,false,b,true,3
207.916,-40,true,l,true,3
160,-40,false,l,true,3
151.602,-40,true,g,true,3
139.223,-60,false,g,true,3
187.304,-60,false,b,true,3
196.679,-40,true,l,true,3
160,-40,false,l,true,3
204.341,-40,true,g,true,3
195.334,-60,false,g,true,3
196.047,-60,false,b,true,3
205.023,-40,true,l,true,3
160,-40,false,l,true,3
165.757,-40,true,g,true,3
154.516,-60,false,g,true,3
148.836,-60,false,b,true,3
160.475,-40,true,l,true,3
160,-40,false,l,true,3
162.437,-40,true,g,true,3
150.949,-60,false,g,true,3
193.858,-60,false,b,true,3
202.93,-40,true,l,true,3
160,-40,false,l,true,3
176.955,-40,true,g,true,3
166.473,-60,false,g,true,3
156.762,-60,false,b,true,3
191.545,-60,false,b,true,3
200.723,-40,true,l,true,3
160,-40,false,l,true,3
200.712,-40,true,g,true,3
191.534,-60,false,g,true,3
190.001,-60,false,b,true,3
199.25,-40,true,l,true,3
160,-40,false,l,true,3
154.528,-40,true,g,true,3
142.404,-60,false,g,true,3
189.507,-60,false,b,true,3
198.778,-40,true,l,true,3
160,-40,false,l,true,3
173.356,-40,true,g,true,3
162.642,-60,false,g,true,3
196.34,-60,false,b,true,3
205.303,-40,true,l,true,3
160,-40,false,l,true,3
163.408,-40,true,g,true,3
151.994,-60,false,g,true,3
195.642,-60,false,b,true,3
204.636,-40,true,l,true,3
160,-40,false,l,true,3
163.734,-40,true,g,true,3
152.344,-60,false,g,true,3
176.883,-60,false,b,true,3
186.782,-40,true,l,true,3
160,-40,false,l,true,3
150.663,-40,true,g,true,3
138.2,-60,false,g,true,3
185.854,-60,false,b,true,3
195.299,-40,true,l,true,3
160,-40,false,l,true,3
195.557,-40,true,g,true,3
186.125,-60,false,g,true,3
198.311,-60,false,b,true,3
207.189,-40,true,l,true,3
160,-40,false,l,true,3
163.346,-40,true,g,true,3
151.927,-60,false,g,true,3
195.859,-60,false,b,true,3
204.843,-40,true,l,true,3
160,-40,false,l,true,3
171.975,-40,true,g,true,3
161.169,-60,false,g,true,3
151.379,-60,false,b,true,3
162.836,-40,true,l,true,3
160,-40,false,l,true,3
159.182,-40,true,g,true,3
147.441,-60,false,g,true,3
190.508,-60,false,b,true,3
199.733,-40,true,l,true,3
160,-40,false,l,true,3
155.851,-40,true,g,true,3
143.838,-60,false,g,true,3
188.095,-60,false,b,true,3
197.433,-40,true,l,true,3
160,-40,false,l,true,3
169.071,-40,true,g,true,3
158.067,-60,false,g,true,3
197.759,-60,false,b,true,3
206.661,-40,true,l,true,3
160,-40,false,l,true,3
184.034,-40,true,g,true,3
173.979,-60,false,g,true,3
171.522,-60,false,b,true,3
181.713,-40,true,l,true,3
160,-40,false,l,true,3
175.019,-40,true,g,true,3
164.413,-60,false,g,true,3
199.987,-60,false,b,true,3
208.793,-40,true,l,true,3
160,-40,false,l,true,3
200.369,-40,true,g,true,3
191.175,-60,false,g,true,3
199.985,-60,false,b,true,3
208.792,-40,true,l,true,3
160,-40,false,l,true,3
156.388,-40,true,g,true,3
144.42,-60,false,g,true,3
136.647,-60,false,b,true,3
149.24,-40,true,l,true,3
160,-40,false,l,true,3
167.57,-40,true,g,true,3
156.46,-60,false,g,true,3
181.284,-60,false,b,true,3
190.955,-40,true,l,true,3
160,-40,false,l,true,3
156.452,-40,true,g,true,3
144.489,-60,false,g,true,3
198.684,-60,false,b,true,3
207.546,-40,true,l,true,3
160,-40,false,l,true,3
157.928,-40,true,g,true,3
146.087,-60,false,g,true,3
185.951,-60,false,b,true,3
195.391,-40,true,l,true,3
160,-40,false,l,true,3
158.704,-40,true,g,true,3
146.925,-60,false,g,true,3
199.877,-60,false,b,true,3
208.688,-40,true,l,true,3
160,-40,false,l,true,3
168.018,-40,true,g,true,3
156.94,-60,false,g,true,3
197.672,-60,false,b,true,3
206.577,-40,true,l,true,3
160,-40,false,l,true,3
153.027,-40,true,g,true,3
140.773,-60,false,g,true,3
188.599,-60,false,b,true,3
197.913,-40,true,l,true,3
160,-40,false,l,true,3
161.904,-40,true,g,true,3
150.376,-60,false,g,true,3
197.234,-60,false,b,true,3
206.158,-40,true,l,true,3
160,-40,false,l,true,3
190.291,-40,true,g,true,3
180.584,-60,false,g,true,3
176.675,-60,false,b,true,3
187.401,-60,false,b,true,3
196.772,-40,true,l,true,3
160,-40,false,l,true,3
173.646,-40,true,g,true,3
162.95,-60,false,g,true,3
198.271,-60,false,b,true,3
207.151,-40,true,l,true,3
160,-40,false,l,true,3
208,-40,true,g,true,3
199.159,-60,false,g,true,3
196.257,-60,false,b,true,3
205.223,-40,true,l,true,3
160,-40,false,l,true,3
171.728,-40,true,g,true,3
160.906,-60,false,g,true,3
199.386,-60,false,b,true,3
208.218,-40,true,l,true,3
160,-40,false,l,true,3
171.787,-40,true,g,true,3
160.968,-60,false,g,true,3
152.483,-60,false,b,true,3
163.863,-40,true,l,true,3
160,-40,false,l,true,3
163.106,-40,true,g,true,3
151.67,-60,false,g,true,3
153.004,-60,false,b,true,3
183.349,-60,false,b,true,3
192.916,-40,true,l,true,3
160,-40,false,l,true,3
199.437,-40,true,g,true,3
190.198,-60,false,g,true,3
186.796,-60,false,b,true,3
196.196,-40,true,l,true,3
160,-40,false,l,true,3
158.723,-40,true,g,true,3
146.945,-60,false,g,true,3
199.929,-60,false,b,true,3
208.738,-40,true,l,true,3
160,-40,false,l,true,3
159.869,-40,true,g,true,3
148.182,-60,false,g,true,3
196.383,-60,false,b,true,3
205.344,-40,true,l,true,3
160,-40,false,l,true,3
166.713,-40,true,g,true,3
155.541,-60,false,g,true,3
198.929,-60,false,b,true,3
207.781,-40,true,l,true,3
160,-40,false,l,true,3
183.428,-40,true,g,true,3
173.337,-60,false,g,true,3
196.965,-60,false,b,true,3
205.901,-40,true,l,true,3
160,-40,false,l,true,3
158.586,-40,true,g,true,3
146.798,-60,false,g,true,3
193.646,-60,false,b,true,3
202.728,-40,true,l,true,3
160,-40,false,l,true,3
193.313,-40,true,g,true,3
183.766,-60,false,g,true,3
180.731,-60,false,b,true,3
190.43,-40,true,l,true,3
160,-40,false,l,true,3
163.83,-40,true,g,true,3
152.448,-60,false,g,true,3
199.425,-60,false,b,true,3
208.255,-40,true,l,true,3
160,-40,false,l,true,3
180.735,-40,true,g,true,3
170.485,-60,false,g,true,3
182.027,-60,false,b,true,3
191.661,-40,true,l,true,3
160,-40,false,l,true,3
174.944,-40,true,g,true,3
164.333,-60,false,g,true,3
199.955,-60,false,b,true,3
160,-60,false,f,true,4
197.667,-60,false,b,true,4
157.904,-60,false,b,true,4
168.919,-40,true,l,true,4
160,-40,false,l,true,4
166.422,-40,true,g,true,4
155.23,-60,false,g,true,4
145.866,-60,false,b,true,4
157.724,-40,true,l,true,4
160,-40,false,l,true,4
189.506,-40,true,g,true,4
179.757,-60,false,g,true,4
176.289,-60,false,b,true,4
136.059,-60,false,b,true,4
182.942,-60,false,b,true,4
175.221,-60,false,b,true,4
199.136,-60,false,b,true,4
207.978,-40,true,l,true,4
160,-40,false,l,true,4
205.524,-40,true,g,true,4
196.571,-60,false,g,true,4
145.04,-60,false,b,true,4
167.794,-60,false,b,true,4
178.199,-40,true,l,true,4
160,-40,false,l,true,4
189.578,-40,true,g,true,4
179.833,-60,false,g,true,4
177.263,-60,false,b,true,4
144.129,-60,false,b,true,4
187.842,-60,false,b,true,4
197.192,-40,true,l,true,4
160,-40,false,l,true,4
176.947,-40,true,g,true,4
166.464,-60,false,g,true,4
161.34,-60,false,b,true,4
196.046,-60,false,b,true,4
205.022,-40,true,l,true,4
160,-40,false,l,true,4
155.572,-40,true,g,true,4
143.536,-60,false,g,true,4
136.961,-60,false,b,true,4
149.527,-40,true,l,true,4
160,-40,false,l,true,4
196.459,-40,true,g,true,4
187.073,-60,false,g,true,4
137.03,-60,false,b,true,4
156.76,-60,false,b,true,4
189.745,-60,false,b,true,4
193.115,-60,false,b,true,4
202.221,-40,true,l,true,4
160,-40,false,l,true,4
198.55,-40,true,g,true,4
189.268,-60,false,g,true,4
136.837,-60,false,b,true,4
159.515,-60,false,b,true,4
138.777,-60,false,b,true,4
189.154,-60,false,b,true,4
198.442,-40,true,l,true,4
160,-40,false,l,true,4
167.213,-40,true,g,true,4
156.077,-60,false,g,true,4
149.061,-60,false,b,true,4
160.683,-40,true,l,true,4
160,-40,false,l,true,4
201.262,-40,true,g,true,4
192.11,-60,false,g,true,4
160.313,-60,false,b,true,4
171.173,-40,true,l,true,4
160,-40,false,l,true,4
158.898,-40,true,g,true,4
147.134,-60,false,g,true,4
139.054,-60,false,b,true,4
151.446,-40,true,l,true,4
160,-40,false,l,true,4
157.008,-40,true,g,true,4
145.091,-60,false,g,true,4
138.607,-60,false,b,true,4
151.036,-40,true,l,true,4
160,-40,false,l,true,4
187.922,-40,true,g,true,4
178.087,-60,false,g,true,4
176.34,-60,false,b,true,4
189.769,-60,false,b,true,4
174.347,-60,false,b,true,4
194.34,-60,false,b,true,4
203.391,-40,true,l,true,4
160,-40,false,l,true,4
182.937,-40,true,g,true,4
172.817,-60,false,g,true,4
169.761,-60,false,b,true,4
135.024,-60,false,b,true,4
147.755,-40,true,l,true,4
160,-40,false,l,true,4
182.903,-40,true,g,true,4
172.781,-60,false,g,true,4
145.432,-60,false,b,true,4
157.323,-40,true,l,true,4
160,-40,false,l,true,4
151.934,-40,true,g,true,4
139.584,-60,false,g,true,4
135.411,-60,false,b,true,4
148.109,-40,true,l,true,4
160,-40,false,l,true,4
208.12,-40,true,g,true,4
199.283,-60,false,g,true,4
195.63,-60,false,b,true,4
153.295,-60,false,b,true,4
156.612,-60,false,b,true,4
193.188,-60,false,b,true,4
197.01,-60,false,b,true,4
205.944,-40,true,l,true,4
160,-40,false,l,true,4
183.466,-40,true,g,true,4
173.378,-60,false,g,true,4
137.982,-60,false,b,true,4
150.463,-40,true,l,true,4
160,-40,false,l,true,4
207.263,-40,true,g,true,4
198.388,-60,false,g,true,4
195.046,-60,false,b,true,4
157.617,-60,false,b,true,4
195.785,-60,false,b,true,4
168.275,-60,false,b,true,4
178.652,-40,true,l,true,4
160,-40,false,l,true,4
192.168,-40,true,g,true,4
182.561,-60,false,g,true,4
179.03,-60,false,b,true,4
185.962,-60,false,b,true,4
164.164,-60,false,b,true,4
163.337,-60,false,b,true,4
166.818,-60,false,b,true,4
177.28,-40,true,l,true,4
160,-40,false,l,true,4
167.215,-40,true,g,true,4
156.079,-60,false,g,true,4
147.233,-60,false,b,true,4
158.989,-40,true,l,true,4
160,-40,false,l,true,4
167.808,-40,true,g,true,4
156.715,-60,false,g,true,4
150.057,-60,false,b,true,4
161.608,-40,true,l,true,4
160,-40,false,l,true,4
181.858,-40,true,g,true,4
171.675,-60,false,g,true,4
143.645,-60,false,b,true,4
155.672,-40,true,l,true,4
160,-40,false,l,true,4
154.498,-40,true,g,true,4
142.372,-60,false,g,true,4
136.599,-60,false,b,true,4
149.196,-40,true,l,true,4
160,-40,false,l,true,4
162.234,-40,true,g,true,4
150.731,-60,false,g,true,4
145.135,-60,false,b,true,4
157.048,-40,true,l,true,4
160,-40,false,l,true,4
202.906,-40,true,g,true,4
193.832,-60,false,g,true,4
141.475,-60,false,b,true,4
163.522,-60,false,b,true,4
138.517,-60,false,b,true,4
150.954,-40,true,l,true,4
160,-40,false,l,true,4
189.909,-40,true,g,true,4
180.181,-60,false,g,true,4
136.052,-60,false,b,true,4
148.695,-40,true,l,true,4
160,-40,false,l,true,4
168.143,-40,true,g,true,4
157.074,-60,false,g,true,4
147.763,-60,false,b,true,4
172.656,-60,false,b,true,4
182.784,-40,true,l,true,4
160,-40,false,l,true,4
170.718,-40,true,g,true,4
159.827,-60,false,g,true,4
157.041,-60,false,b,true,4
168.113,-40,true,l,true,4
160,-40,false,l,true,4
167.263,-40,true,g,true,4
156.131,-60,false,g,true,4
146.47,-60,false,b,true,4
158.283,-40,true,l,true,4
160,-40,false,l,true,4
152.466,-40,true,g,true,4
140.163,-60,false,g,true,4
140.813,-60,false,b,true,4
153.063,-40,true,l,true,4
160,-40,false,l,true,4
198.898,-40,true,g,true,4
189.633,-60,false,g,true,4
187.689,-60,false,b,true,4
157.253,-60,false,b,true,4
184.084,-60,false,b,true,4
148.229,-60,false,b,true,4
159.912,-40,true,l,true,4
160,-40,false,l,true,4
153.047,-40,true,g,true,4
140.796,-60,false,g,true,4
139.892,-60,false,b,true,4
142.477,-60,false,b,true,4
154.596,-40,true,l,true,4
160,-40,false,l,true,4
167.47,-40,true,g,true,4
156.353,-60,false,g,true,4
149.185,-60,false,b,true,4
160.799,-40,true,l,true,4
160,-40,false,l,true,4
163.478,-40,true,g,true,4
152.07,-60,false,g,true,4
143.556,-60,false,b,true,4
155.591,-40,true,l,true,4
160,-40,false,l,true,4
178.615,-40,true,g,true,4
168.236,-60,false,g,true,4
157.904,-60,false,b,true,4
142.744,-60,false,b,true,4
154.841,-40,true,l,true,4
160,-40,false,l,true,4
184.624,-40,true,g,true,4
174.602,-60,false,g,true,4
135.166,-60,false,b,true,4
147.885,-40,true,l,true,4
160,-40,false,l,true,4
162.645,-40,true,g,true,4
151.174,-60,false,g,true,4
143.65,-60,false,b,true,4
155.677,-40,true,l,true,4
160,-40,false,l,true,4
192.015,-40,true,g,true,4
182.4,-60,false,g,true,4
138.038,-60,false,b,true,4
150.514,-40,true,l,true,4
160,-40,false,l,true,4
189.084,-40,true,g,true,4
179.312,-60,false,g,true,4
135.088,-60,false,b,true,4
158.026,-60,false,b,true,4
197.167,-60,false,b,true,4
206.094,-40,true,l,true,4
160,-40,false,l,true,4
179.189,-40,true,g,true,4
168.845,-60,false,g,true,4
137.208,-60,false,b,true,4
149.753,-40,true,l,true,4
160,-40,false,l,true,4
198.663,-40,true,g,true,4
189.386,-60,false,g,true,4
188.174,-60,false,b,true,4
139.145,-60,false,b,true,4
169.421,-60,false,b,true,4
171.58,-60,false,b,true,4
181.768,-40,true,l,true,4
160,-40,false,l,true,4
170.166,-40,true,g,true,4
159.237,-60,false,g,true,4
149.86,-60,false,b,true,4
161.425,-40,true,l,true,4
160,-40,false,l,true,4
185.662,-40,true,g,true,4
175.699,-60,false,g,true,4
172.469,-60,false,b,true,4
182.608,-40,true,l,true,4
160,-40,false,l,true,4
168.96,-40,true,g,true,4
157.948,-60,false,g,true,4
154.896,-60,false,b,true,4
167.241,-60,false,b,true,4
158.033,-60,false,b,true,4
147.719,-60,false,b,true,4
175.924,-60,false,b,true,4
185.874,-40,true,l,true,4
160,-40,false,l,true,4
199.875,-40,true,g,true,4
190.656,-60,false,g,true,4
188.795,-60,false,b,true,4
158.291,-60,false,b,true,4
199.023,-60,false,b,true,4
173.947,-60,false,b,true,4
184.004,-40,true,l,true,4
160,-40,false,l,true,4
176.166,-40,true,g,true,4
165.633,-60,false,g,true,4
162.843,-60,false,b,true,4
136.886,-60,false,b,true,4
158.979,-60,false,b,true,4
135.375,-60,false,b,true,4
148.076,-40,true,l,true,4
160,-40,false,l,true,4
166.014,-40,true,g,true,4
154.792,-60,false,g,true,4
146.726,-60,false,b,true,4
158.52,-40,true,l,true,4
160,-40,false,l,true,4
176.359,-40,true,g,true,4
165.839,-60,false,g,true,4
191.444,-60,false,b,true,4
200.626,-40,true,l,true,4
160,-40,false,l,true,4
155.464,-40,true,g,true,4
143.419,-60,false,g,true,4
135.228,-60,false,b,true,4
147.941,-40,true,l,true,4
160,-40,false,l,true,4
163.859,-40,true,g,true,4
152.479,-60,false,g,true,4
149.123,-60,false,b,true,4
163.462,-60,false,b,true,4
174.126,-40,true,l,true,4
160,-40,false,l,true,4
162.012,-40,true,g,true,4
150.492,-60,false,g,true,4
142.679,-60,false,b,true,4
154.782,-40,true,l,true,4
160,-40,false,l,true,4
195.808,-40,true,g,true,4
186.388,-60,false,g,true,4
186.164,-60,false,b,true,4
156.694,-60,false,b,true,4
135.949,-60,false,b,true,4
186.471,-60,false,b,true,4
195.886,-40,true,l,true,4
160,-40,false,l,true,4
173.342,-40,true,g,true,4
162.627,-60,false,g,true,4
163.657,-60,false,b,true,4
140.049,-60,false,b,true,4
152.36,-40,true,l,true,4
160,-40,false,l,true,4
181.793,-40,true,g,true,4
171.606,-60,false,g,true,4
155.226,-60,false,b,true,4
166.419,-40,true,l,true,4
160,-40,false,l,true,4
162.583,-40,true,g,true,4
151.107,-60,false,g,true,4
165.431,-60,false,b,true,4
175.975,-40,true,l,true,4
160,-40,false,l,true,4
157.523,-40,true,g,true,4
145.648,-60,false,g,true,4
138.237,-60,false,b,true,4
150.697,-40,true,l,true,4
160,-40,false,l,true,4
167.043,-40,true,g,true,4
155.895,-60,false,g,true,4
147.185,-60,false,b,true,4
158.945,-40,true,l,true,4
160,-40,false,l,true,4
161.592,-40,true,g,true,4
150.04,-60,false,g,true,4
140.163,-60,false,b,true,4
152.465,-40,true,l,true,4
160,-40,false,l,true,4
202.234,-40,true,g,true,4
193.128,-60,false,g,true,4
190.663,-60,false,b,true,4
151.004,-60,false,b,true,4
170.459,-60,false,b,true,4
180.71,-40,true,l,true,4
160,-40,false,l,true,4
191.605,-40,true,g,true,4
181.968,-60,false,g,true,4
146.98,-60,false,b,true,4
158.755,-40,true,l,true,4
160,-40,false,l,true,4
167.653,-40,true,g,true,4
156.549,-60,false,g,true,4
149.168,-60,false,b,true,4
160.783,-40,true,l,true,4
160,-40,false,l,true,4
162.074,-40,true,g,true,4
150.559,-60,false,g,true,4
142.625,-60,false,b,true,4
154.731,-40,true,l,true,4
160,-40,false,l,true,4
156.64,-40,true,g,true,4
144.693,-60,false,g,true,4
135.089,-60,false,b,true,4
147.814,-40,true,l,true,4
160,-40,false,l,true,4
187.081,-40,true,g,true,4
177.199,-60,false,g,true,4
174.104,-60,false,b,true,4
184.153,-40,true,l,true,4
160,-40,false,l,true,4
164.284,-40,true,g,true,4
152.935,-60,false,g,true,4
187.745,-60,false,b,true,4
197.099,-40,true,l,true,4
160,-40,false,l,true,4
173.379,-40,true,g,true,4
162.666,-60,false,g,true,4
154.423,-60,false,b,true,4
157.871,-60,false,b,true,4
168.888,-40,true,l,true,4
160,-40,false,l,true,4
184.648,-40,true,g,true,4
174.628,-60,false,g,true,4
171.851,-60,false,b,true,4
135.313,-60,false,b,true,4
148.019,-40,true,l,true,4
160,-40,false,l,true,4
182.495,-40,true,g,true,4
172.35,-60,false,g,true,4
136.837,-60,false,b,true,4
149.413,-40,true,l,true,4
160,-40,false,l,true,4
162.567,-40,true,g,true,4
151.089,-60,false,g,true,4
141.127,-60,false,b,true,4
169.143,-60,false,b,true,4
179.47,-40,true,l,true,4
160,-40,false,l,true,4
163.434,-40,true,g,true,4
152.022,-60,false,g,true,4
189.033,-60,false,b,true,4
198.327,-40,true,l,true,4
160,-40,false,l,true,4
161.931,-40,true,g,true,4
150.405,-60,false,g,true,4
144.939,-60,false,b,true,4
199.413,-60,false,b,true,4
208.244,-40,true,l,true,4
160,-40,false,l,true,4
168.918,-40,true,g,true,4
157.903,-60,false,g,true,4
152.284,-60,false,b,true,4
163.678,-40,true,l,true,4
160,-40,false,l,true,4
200.489,-40,true,g,true,4
191.3,-60,false,g,true,4
150.864,-60,false,b,true,4
162.357,-40,true,l,true,4
160,-40,false,l,true,4
158.535,-40,true,g,true,4
146.742,-60,false,g,true,4
148.819,-60,false,b,true,4
160.459,-40,true,l,true,4
160,-40,false,l,true,4
185.314,-40,true,g,true,4
175.332,-60,false,g,true,4
136.181,-60,false,b,true,4
148.813,-40,true,l,true,4
160,-40,false,l,true,4
166.533,-40,true,g,true,4
155.348,-60,false,g,true,4
147.43,-60,false,b,true,4
159.171,-40,true,l,true,4
160,-40,false,l,true,4
202.198,-40,true,g,true,4
193.091,-60,false,g,true,4
198.693,-60,false,b,true,4
207.554,-40,true,l,true,4
160,-40,false,l,true,4
171.741,-40,true,g,true,4
160.919,-60,false,g,true,4
199.338,-60,false,b,true,4
208.172,-40,true,l,true,4
160,-40,false,l,true,4
175.241,-40,true,g,true,4
164.649,-60,false,g,true,4
195.744,-60,false,b,true,4
204.733,-40,true,l,true,4
160,-40,false,l,true,4
166.941,-40,true,g,true,4
155.786,-60,false,g,true,4
147.172,-60,false,b,true,4
158.932,-40,true,l,true,4
160,-40,false,l,true,4
160,-60,false,f,true,5
148.081,-60,false,b,true,5
159.774,-40,true,l,true,5
160,-40,false,l,true,5
185.357,-40,true,g,true,5
175.378,-60,false,g,true,5
143.555,-60,false,b,true,5
155.59,-40,true,l,true,5
160,-40,false,l,true,5
204.09,-40,true,g,true,5
195.071,-60,false,g,true,5
153.016,-60,false,b,true,5
164.359,-40,true,l,true,5
160,-40,false,l,true,5
157.607,-40,true,g,true,5
145.739,-60,false,g,true,5
144.59,-60,false,b,true,5
156.545,-40,true,l,true,5
160,-40,false,l,true,5
158.346,-40,true,g,true,5
146.538,-60,false,g,true,5
139.131,-60,false,b,true,5
139.055,-60,false,b,true,5
140.823,-60,false,b,true,5
153.072,-40,true,l,true,5
160,-40,false,l,true,5
201.768,-40,true,g,true,5
192.64,-60,false,g,true,5
175.763,-60,false,b,true,5
135.837,-60,false,b,true,5
148.498,-40,true,l,true,5
160,-40,false,l,true,5
167.515,-40,true,g,true,5
156.401,-60,false,g,true,5
148.251,-60,false,b,true,5
144.361,-60,false,b,true,5
156.334,-40,true,l,true,5
160,-40,false,l,true,5
171.539,-40,true,g,true,5
160.703,-60,false,g,true,5
157.631,-60,false,b,true,5
137.52,-60,false,b,true,5
150.039,-40,true,l,true,5
160,-40,false,l,true,5
178.723,-40,true,g,true,5
168.351,-60,false,g,true,5
160.7,-60,false,b,true,5
171.535,-40,true,l,true,5
160,-40,false,l,true,5
174.348,-40,true,g,true,5
163.699,-60,false,g,true,5
157.714,-60,false,b,true,5
168.742,-40,true,l,true,5
160,-40,false,l,true,5
187.181,-40,true,g,true,5
177.304,-60,false,g,true,5
167.516,-60,false,b,true,5
177.937,-40,true,l,true,5
160,-40,false,l,true,5
194.727,-40,true,g,true,5
185.253,-60,false,g,true,5
135.067,-60,false,b,true,5
147.794,-40,true,l,true,5
160,-40,false,l,true,5
175.906,-40,true,g,true,5
165.357,-60,false,g,true,5
159.228,-60,false,b,true,5
150.568,-60,false,b,true,5
162.082,-40,true,l,true,5
160,-40,false,l,true,5
164.837,-40,true,g,true,5
153.53,-60,false,g,true,5
140.096,-60,false,b,true,5
152.404,-40,true,l,true,5
160,-40,false,l,true,5
202.849,-40,true,g,true,5
193.772,-60,false,g,true,5
147.415,-60,false,b,true,5
159.158,-40,true,l,true,5
160,-40,false,l,true,5
183.399,-40,true,g,true,5
173.307,-60,false,g,true,5
176.108,-60,false,b,true,5
186.049,-40,true,l,true,5
160,-40,false,l,true,5
180.463,-40,true,g,true,5
170.196,-60,false,g,true,5
138.307,-60,false,b,true,5
150.761,-40,true,l,true,5
160,-40,false,l,true,5
199.915,-40,true,g,true,5
190.699,-60,false,g,true,5
137.589,-60,false,b,true,5
150.102,-40,true,l,true,5
160,-40,false,l,true,5
191.186,-40,true,g,true,5
181.527,-60,false,g,true,5
178.711,-60,false,b,true,5
138.296,-60,false,b,true,5
150.75,-40,true,l,true,5
160,-40,false,l,true,5
176.919,-40,true,g,true,5
166.434,-60,false,g,true,5
163.69,-60,false,b,true,5
161.413,-60,false,b,true,5
172.204,-40,true,l,true,5
160,-40,false,l,true,5
195.755,-40,true,g,true,5
186.334,-60,false,g,true,5
142.009,-60,false,b,true,5
154.164,-40,true,l,true,5
160,-40,false,l,true,5
199.846,-40,true,g,true,5
190.627,-60,false,g,true,5
141.854,-60,false,b,true,5
154.022,-40,true,l,true,5
160,-40,false,l,true,5
176.17,-40,true,g,true,5
165.637,-60,false,g,true,5
160.694,-60,false,b,true,5
171.53,-40,true,l,true,5
160,-40,false,l,true,5
200.699,-40,true,g,true,5
191.521,-60,false,g,true,5
148.428,-60,false,b,true,5
160.096,-40,true,l,true,5
160,-40,false,l,true,5
163.948,-40,true,g,true,5
152.574,-60,false,g,true,5
146.474,-60,false,b,true,5
158.286,-40,true,l,true,5
160,-40,false,l,true,5
159.696,-40,true,g,true,5
147.996,-60,false,g,true,5
141.111,-60,false,b,true,5
153.337,-40,true,l,true,5
160,-40,false,l,true,5
166.641,-40,true,g,true,5
155.464,-60,false,g,true,5
149.372,-60,false,b,true,5
160.972,-40,true,l,true,5
160,-40,false,l,true,5
162.251,-40,true,g,true,5
150.75,-60,false,g,true,5
143.144,-60,false,b,true,5
155.211,-40,true,l,true,5
160,-40,false,l,true,5
192.379,-40,true,g,true,5
182.783,-60,false,g,true,5
153.01,-60,false,b,true,5
164.353,-40,true,l,true,5
160,-40,false,l,true,5
203.81,-40,true,g,true,5
194.778,-60,false,g,true,5
148.266,-60,false,b,true,5
159.946,-40,true,l,true,5
160,-40,false,l,true,5
175.13,-40,true,g,true,5
164.531,-60,false,g,true,5
143.829,-60,false,b,true,5
155.842,-40,true,l,true,5
160,-40,false,l,true,5
199.851,-40,true,g,true,5
190.632,-60,false,g,true,5
147.252,-60,false,b,true,5
159.007,-40,true,l,true,5
160,-40,false,l,true,5
197.35,-40,true,g,true,5
188.008,-60,false,g,true,5
136.637,-60,false,b,true,5
137.856,-60,false,b,true,5
150.347,-40,true,l,true,5
160,-40,false,l,true,5
173.771,-40,true,g,true,5
163.083,-60,false,g,true,5
185.258,-60,false,b,true,5
194.732,-40,true,l,true,5
160,-40,false,l,true,5
191.026,-40,true,g,true,5
181.359,-60,false,g,true,5
137.02,-60,false,b,true,5
149.581,-40,true,l,true,5
160,-40,false,l,true,5
197.349,-40,true,g,true,5
188.007,-60,false,g,true,5
138.834,-60,false,b,true,5
151.244,-40,true,l,true,5
160,-40,false,l,true,5
196.823,-40,true,g,true,5
187.455,-60,false,g,true,5
149.785,-60,false,b,true,5
161.355,-40,true,l,true,5
160,-40,false,l,true,5
168.968,-40,true,g,true,5
157.956,-60,false,g,true,5
153.485,-60,false,b,true,5
164.796,-40,true,l,true,5
160,-40,false,l,true,5
203.893,-40,true,g,true,5
194.865,-60,false,g,true,5
192.177,-60,false,b,true,5
137.249,-60,false,b,true,5
149.791,-40,true,l,true,5
160,-40,false,l,true,5
201.918,-40,true,g,true,5
192.798,-60,false,g,true,5
158.437,-60,false,b,true,5
169.417,-40,true,l,true,5
160,-40,false,l,true,5
204.673,-40,true,g,true,5
195.681,-60,false,g,true,5
161.349,-60,false,b,true,5
172.144,-40,true,l,true,5
160,-40,false,l,true,5
158.576,-40,true,g,true,5
146.786,-60,false,g,true,5
145.168,-60,false,b,true,5
157.079,-40,true,l,true,5
160,-40,false,l,true,5
158.374,-40,true,g,true,5
146.569,-60,false,g,true,5
137.938,-60,false,b,true,5
150.422,-40,true,l,true,5
160,-40,false,l,true,5
208.017,-40,true,g,true,5
199.176,-60,false,g,true,5
163.045,-60,false,b,true,5
135.466,-60,false,b,true,5
148.159,-40,true,l,true,5
160,-40,false,l,true,5
196.081,-40,true,g,true,5
186.676,-60,false,g,true,5
154.524,-60,false,b,true,5
165.764,-40,true,l,true,5
160,-40,false,l,true,5
155.922,-40,true,g,true,5
143.916,-60,false,g,true,5
135.833,-60,false,b,true,5
148.495,-40,true,l,true,5
160,-40,false,l,true,5
202.521,-40,true,g,true,5
193.429,-60,false,g,true,5
147.347,-60,false,b,true,5
159.095,-40,true,l,true,5
160,-40,false,l,true,5
160.864,-40,true,g,true,5
149.255,-60,false,g,true,5
141.405,-60,false,b,true,5
153.608,-40,true,l,true,5
160,-40,false,l,true,5
161.154,-40,true,g,true,5
149.569,-60,false,g,true,5
146.215,-60,false,b,true,5
158.047,-40,true,l,true,5
160,-40,false,l,true,5
167.487,-40,true,g,true,5
156.372,-60,false,g,true,5
139.733,-60,false,b,true,5
152.07,-40,true,l,true,5
160,-40,false,l,true,5
156.345,-40,true,g,true,5
144.374,-60,false,g,true,5
136.204,-60,false,b,true,5
148.834,-40,true,l,true,5
160,-40,false,l,true,5
168.219,-40,true,g,true,5
157.155,-60,false,g,true,5
152.508,-60,false,b,true,5
163.886,-40,true,l,true,5
160,-40,false,l,true,5
170.959,-40,true,g,true,5
160.084,-60,false,g,true,5
156.16,-60,false,b,true,5
167.29,-40,true,l,true,5
160,-40,false,l,true,5
190.617,-40,true,g,true,5
180.928,-60,false,g,true,5
151.522,-60,false,b,true,5
162.969,-40,true,l,true,5
160,-40,false,l,true,5
175.963,-40,true,g,true,5
165.418,-60,false,g,true,5
161.108,-60,false,b,true,5
171.918,-40,true,l,true,5
160,-40,false,l,true,5
207.111,-40,true,g,true,5
198.229,-60,false,g,true,5
195.415,-60,false,b,true,5
204.418,-40,true,l,true,5
160,-40,false,l,true,5
198.668,-40,true,g,true,5
189.391,-60,false,g,true,5
150.666,-60,false,b,true,5
162.174,-40,true,l,true,5
160,-40,false,l,true,5
205.477,-40,true,g,true,5
196.522,-60,false,g,true,5
143.204,-60,false,b,true,5
155.266,-40,true,l,true,5
160,-40,false,l,true,5
165.679,-40,true,g,true,5
154.433,-60,false,g,true,5
145.53,-60,false,b,true,5
157.414,-40,true,l,true,5
160,-40,false,l,true,5
205.988,-40,true,g,true,5
197.056,-60,false,g,true,5
169.707,-60,false,b,true,5
151.213,-60,false,b,true,5
162.682,-40,true,l,true,5
160,-40,false,l,true,5
159.263,-40,true,g,true,5
147.528,-60,false,g,true,5
139.796,-60,false,b,true,5
152.128,-40,true,l,true,5
160,-40,false,l,true,5
196.751,-40,true,g,true,5
187.379,-60,false,g,true,5
159.562,-60,false,b,true,5
170.47,-40,true,l,true,5
160,-40,false,l,true,5
167.781,-40,true,g,true,5
156.686,-60,false,g,true,5
144.208,-60,false,b,true,5
156.192,-40,true,l,true,5
160,-40,false,l,true,5
208.028,-40,true,g,true,5
199.188,-60,false,g,true,5
146.618,-60,false,b,true,5
158.419,-40,true,l,true,5
160,-40,false,l,true,5
166.266,-40,true,g,true,5
155.062,-60,false,g,true,5
143.597,-60,false,b,true,5
155.628,-40,true,l,true,5
160,-40,false,l,true,5
164.195,-40,true,g,true,5
152.84,-60,false,g,true,5
144.671,-60,false,b,true,5
137.554,-60,false,b,true,5
140.265,-60,false,b,true,5
152.559,-40,true,l,true,5
160,-40,false,l,true,5
206.94,-40,true,g,true,5
198.051,-60,false,g,true,5
144.409,-60,false,b,true,5
156.377,-40,true,l,true,5
160,-40,false,l,true,5
193.589,-40,true,g,true,5
184.057,-60,false,g,true,5
168.191,-60,false,b,true,5
178.573,-40,true,l,true,5
160,-40,false,l,true,5
198.72,-40,true,g,true,5
189.445,-60,false,g,true,5
169.022,-60,false,b,true,5
137.955,-60,false,b,true,5
140.691,-60,false,b,true,5
152.951,-40,true,l,true,5
160,-40,false,l,true,5
173.603,-40,true,g,true,5
162.905,-60,false,g,true,5
158.41,-60,false,b,true,5
169.393,-40,true,l,true,5
160,-40,false,l,true,5
171.136,-40,true,g,true,5
160.273,-60,false,g,true,5
154.487,-60,false,b,true,5
165.729,-40,true,l,true,5
160,-40,false,l,true,5
201.658,-40,true,g,true,5
192.525,-60,false,g,true,5
145.905,-60,false,b,true,5
157.76,-40,true,l,true,5
160,-40,false,l,true,5
204.993,-40,true,g,true,5
196.016,-60,false,g,true,5
136.724,-60,false,b,true,5
149.31,-40,true,l,true,5
160,-40,false,l,true,5
174.829,-40,true,g,true,5
164.21,-60,false,g,true,5
145.403,-60,false,b,true,5
157.296,-40,true,l,true,5
160,-40,false,l,true,5
196.75,-40,true,g,true,5
187.378,-60,false,g,true,5
175.646,-60,false,b,true,5
135.341,-60,false,b,true,5
148.044,-40,true,l,true,5
160,-40,false,l,true,5
195.518,-40,true,g,true,5
186.084,-60,false,g,true,5
141.892,-60,false,b,true,5
154.056,-40,true,l,true,5
160,-40,false,l,true,5
157.439,-40,true,g,true,5
145.558,-60,false,g,true,5
136.975,-60,false,b,true,5
149.54,-40,true,l,true,5
160,-40,false,l,true,5
151.638,-40,true,g,true,5
139.262,-60,false,g,true,5
140.613,-60,false,b,true,5
152.879,-40,true,l,true,5
160,-40,false,l,true,5
201.457,-40,true,g,true,5
192.315,-60,false,g,true,5
149.448,-60,false,b,true,5
161.042,-40,true,l,true,5
160,-40,false,l,true,5
169.348,-40,true,g,true,5
158.362,-60,false,g,true,5
151.304,-60,false,b,true,5
162.767,-40,true,l,true,5
160,-40,false,l,true,5
206.026,-40,true,g,true,5
197.095,-60,false,g,true,5
144.173,-60,false,b,true,5
156.16,-40,true,l,true,5
160,-40,false,l,true,5
167.583,-40,true,g,true,5
156.474,-60,false,g,true,5
143.252,-60,false,b,true,5
155.31,-40,true,l,true,5
160,-40,false,l,true,5
207.288,-40,true,g,true,5
198.414,-60,false,g,true,5
139.359,-60,false,b,true,5
151.727,-40,true,l,true,5
160,-40,false,l,true,5
174.304,-40,true,g,true,5
163.652,-60,false,g,true,5
159.079,-60,false,b,true,5
170.018,-40,true,l,true,5
160,-40,false,l,true,5
163.053,-40,true,g,true,5
151.612,-60,false,g,true,5
180.71,-60,false,b,true,5
190.41,-40,true,l,true,5
160,-40,false,l,true,5
190.664,-40,true,g,true,5
180.977,-60,false,g,true,5
153.559,-60,false,b,true,5
135.191,-60,false,b,true,5
147.908,-40,true,l,true,5
160,-40,false,l,true,5
202.177,-40,true,g,true,5
193.068,-60,false,g,true,5
145.221,-60,false,b,true,5
157.128,-40,true,l,true,5
160,-40,false,l,true,5
196.403,-40,true,g,true,5
187.014,-60,false,g,true,5
184.106,-60,false,b,true,5
139.381,-60,false,b,true,5
151.747,-40,true,l,true,5
160,-40,false,l,true,5
201.159,-40,true,g,true,5
192.003,-60,false,g,true,5
149.098,-60,false,b,true,5
160.717,-40,true,l,true,5
160,-40,false,l,true,5
199.635,-40,true,g,true,5
190.405,-60,false,g,true,5
151.161,-60,false,b,true,5
162.634,-40,true,l,true,5
160,-40,false,l,true,5
194.578,-40,true,g,true,5
185.096,-60,false,g,true,5
150.43,-60,false,b,true,5
161.954,-40,true,l,true,5
160,-40,false,l,true,5
205.628,-40,true,g,true,5
196.68,-60,false,g,true,5
176.407,-60,false,b,true,5
186.332,-40,true,l,true,5
160,-40,false,l,true,5
166.229,-40,true,g,true,5
155.023,-60,false,g,true,5
140.463,-60,false,b,true,5
147.905,-60,false,b,true,5
135.741,-60,false,b,true,5
148.41,-40,true,l,true,5
160,-40,false,l,true,5
182.054,-40,true,g,true,5
171.883,-60,false,g,true,5
152.433,-60,false,b,true,5
163.816,-40,true,l,true,5
160,-40,false,l,true,5
190.369,-40,true,g,true,5
180.666,-60,false,g,true,5
156.147,-60,false,b,true,5
167.278,-40,true,l,true,5
160,-40,false,l,true,5
174.627,-40,true,g,true,5
163.995,-60,false,g,true,5
145.207,-60,false,b,true,5
