x,z,relay,string,error,index
160,-60,false,f,true
197.667,-60,false,b,true
157.904,-60,false,b,true
168.919,-40,true,l,true
160,-40,false,l,true
166.422,-40,true,g,true
155.23,-60,false,g,true
145.866,-60,false,b,true
157.724,-40,true,l,true
160,-40,false,l,true
189.506,-40,true,g,true
179.757,-60,false,g,true
176.289,-60,false,b,true
136.059,-60,false,b,true
182.942,-60,false,b,true
175.221,-60,false,b,true
199.136,-60,false,b,true
207.978,-40,true,l,true
160,-40,false,l,true
205.524,-40,true,g,true
196.571,-60,false,g,true
145.04,-60,false,b,true
167.794,-60,false,b,true
178.199,-40,true,l,true
160,-40,false,l,true
189.578,-40,true,g,true
179.833,-60,false,g,true
177.263,-60,false,b,true
144.129,-60,false,b,true
187.842,-60,false,b,true
197.192,-40,true,l,true
160,-40,false,l,true
176.947,-40,true,g,true
166.464,-60,false,g,true
161.34,-60,false,b,true
196.046,-60,false,b,true
205.022,-40,true,l,true
160,-40,false,l,true
155.572,-40,true,g,true
143.536,-60,false,g,true
136.961,-60,false,b,true
149.527,-40,true,l,true
160,-40,false,l,true
196.459,-40,true,g,true
187.073,-60,false,g,true
137.03,-60,false,b,true
156.76,-60,false,b,true
189.745,-60,false,b,true
193.115,-60,false,b,true
202.221,-40,true,l,true
160,-40,false,l,true
198.55,-40,true,g,true
189.268,-60,false,g,true
136.837,-60,false,b,true
159.515,-60,false,b,true
138.777,-60,false,b,true
189.154,-60,false,b,true
198.442,-40,true,l,true
160,-40,false,l,true
167.213,-40,true,g,true
156.077,-60,false,g,true
149.061,-60,false,b,true
160.683,-40,true,l,true
160,-40,false,l,true
201.262,-40,true,g,true
192.11,-60,false,g,true
160.313,-60,false,b,true
171.173,-40,true,l,true
160,-40,false,l,true
158.898,-40,true,g,true
147.134,-60,false,g,true
139.054,-60,false,b,true
151.446,-40,true,l,true
160,-40,false,l,true
157.008,-40,true,g,true
145.091,-60,false,g,true
138.607,-60,false,b,true
151.036,-40,true,l,true
160,-40,false,l,true
187.922,-40,true,g,true
178.087,-60,false,g,true
176.34,-60,false,b,true
189.769,-60,false,b,true
174.347,-60,false,b,true
194.34,-60,false,b,true
203.391,-40,true,l,true
160,-40,false,l,true
182.937,-40,true,g,true
172.817,-60,false,g,true
169.761,-60,false,b,true
135.024,-60,false,b,true
147.755,-40,true,l,true
160,-40,false,l,true
182.903,-40,true,g,true
172.781,-60,false,g,true
145.432,-60,false,b,true
157.323,-40,true,l,true
160,-40,false,l,true
151.934,-40,true,g,true
139.584,-60,false,g,true
135.411,-60,false,b,true
148.109,-40,true,l,true
160,-40,false,l,true
208.12,-40,true,g,true
199.283,-60,false,g,true
195.63,-60,false,b,true
153.295,-60,false,b,true
156.612,-60,false,b,true
193.188,-60,false,b,true
197.01,-60,false,b,true
205.944,-40,true,l,true
160,-40,false,l,true
183.466,-40,true,g,true
173.378,-60,false,g,true
137.982,-60,false,b,true
150.463,-40,true,l,true
160,-40,false,l,true
207.263,-40,true,g,true
198.388,-60,false,g,true
195.046,-60,false,b,true
157.617,-60,false,b,true
195.785,-60,false,b,true
168.275,-60,false,b,true
178.652,-40,true,l,true
160,-40,false,l,true
192.168,-40,true,g,true
182.561,-60,false,g,true
179.03,-60,false,b,true
185.962,-60,false,b,true
164.164,-60,false,b,true
163.337,-60,false,b,true
166.818,-60,false,b,true
177.28,-40,true,l,true
160,-40,false,l,true
167.215,-40,true,g,true
156.079,-60,false,g,true
147.233,-60,false,b,true
158.989,-40,true,l,true
160,-40,false,l,true
167.808,-40,true,g,true
156.715,-60,false,g,true
150.057,-60,false,b,true
161.608,-40,true,l,true
160,-40,false,l,true
181.858,-40,true,g,true
171.675,-60,false,g,true
143.645,-60,false,b,true
155.672,-40,true,l,true
160,-40,false,l,true
154.498,-40,true,g,true
142.372,-60,false,g,true
136.599,-60,false,b,true
149.196,-40,true,l,true
160,-40,false,l,true
162.234,-40,true,g,true
150.731,-60,false,g,true
145.135,-60,false,b,true
157.048,-40,true,l,true
160,-40,false,l,true
202.906,-40,true,g,true
193.832,-60,false,g,true
141.475,-60,false,b,true
163.522,-60,false,b,true
138.517,-60,false,b,true
150.954,-40,true,l,true
160,-40,false,l,true
189.909,-40,true,g,true
180.181,-60,false,g,true
136.052,-60,false,b,true
148.695,-40,true,l,true
160,-40,false,l,true
168.143,-40,true,g,true
157.074,-60,false,g,true
147.763,-60,false,b,true
172.656,-60,false,b,true
182.784,-40,true,l,true
160,-40,false,l,true
170.718,-40,true,g,true
159.827,-60,false,g,true
157.041,-60,false,b,true
168.113,-40,true,l,true
160,-40,false,l,true
167.263,-40,true,g,true
156.131,-60,false,g,true
146.47,-60,false,b,true
158.283,-40,true,l,true
160,-40,false,l,true
152.466,-40,true,g,true
140.163,-60,false,g,true
140.813,-60,false,b,true
153.063,-40,true,l,true
160,-40,false,l,true
198.898,-40,true,g,true
189.633,-60,false,g,true
187.689,-60,false,b,true
157.253,-60,false,b,true
184.084,-60,false,b,true
148.229,-60,false,b,true
159.912,-40,true,l,true
160,-40,false,l,true
153.047,-40,true,g,true
140.796,-60,false,g,true
139.892,-60,false,b,true
142.477,-60,false,b,true
154.596,-40,true,l,true
160,-40,false,l,true
167.47,-40,true,g,true
156.353,-60,false,g,true
149.185,-60,false,b,true
160.799,-40,true,l,true
160,-40,false,l,true
163.478,-40,true,g,true
152.07,-60,false,g,true
143.556,-60,false,b,true
155.591,-40,true,l,true
160,-40,false,l,true
178.615,-40,true,g,true
168.236,-60,false,g,true
157.904,-60,false,b,true
142.744,-60,false,b,true
154.841,-40,true,l,true
160,-40,false,l,true
184.624,-40,true,g,true
174.602,-60,false,g,true
135.166,-60,false,b,true
147.885,-40,true,l,true
160,-40,false,l,true
162.645,-40,true,g,true
151.174,-60,false,g,true
143.65,-60,false,b,true
155.677,-40,true,l,true
160,-40,false,l,true
192.015,-40,true,g,true
182.4,-60,false,g,true
138.038,-60,false,b,true
150.514,-40,true,l,true
160,-40,false,l,true
189.084,-40,true,g,true
179.312,-60,false,g,true
135.088,-60,false,b,true
158.026,-60,false,b,true
197.167,-60,false,b,true
206.094,-40,true,l,true
160,-40,false,l,true
179.189,-40,true,g,true
168.845,-60,false,g,true
137.208,-60,false,b,true
149.753,-40,true,l,true
160,-40,false,l,true
198.663,-40,true,g,true
189.386,-60,false,g,true
188.174,-60,false,b,true
139.145,-60,false,b,true
169.421,-60,false,b,true
171.58,-60,false,b,true
181.768,-40,true,l,true
160,-40,false,l,true
170.166,-40,true,g,true
159.237,-60,false,g,true
149.86,-60,false,b,true
161.425,-40,true,l,true
160,-40,false,l,true
185.662,-40,true,g,true
175.699,-60,false,g,true
172.469,-60,false,b,true
182.608,-40,true,l,true
160,-40,false,l,true
168.96,-40,true,g,true
157.948,-60,false,g,true
154.896,-60,false,b,true
167.241,-60,false,b,true
158.033,-60,false,b,true
147.719,-60,false,b,true
175.924,-60,false,b,true
185.874,-40,true,l,true
160,-40,false,l,true
199.875,-40,true,g,true
190.656,-60,false,g,true
188.795,-60,false,b,true
158.291,-60,false,b,true
199.023,-60,false,b,true
173.947,-60,false,b,true
184.004,-40,true,l,true
160,-40,false,l,true
176.166,-40,true,g,true
165.633,-60,false,g,true
162.843,-60,false,b,true
136.886,-60,false,b,true
158.979,-60,false,b,true
135.375,-60,false,b,true
148.076,-40,true,l,true
160,-40,false,l,true
166.014,-40,true,g,true
154.792,-60,false,g,true
146.726,-60,false,b,true
158.52,-40,true,l,true
160,-40,false,l,true
176.359,-40,true,g,true
165.839,-60,false,g,true
191.444,-60,false,b,true
200.626,-40,true,l,true
160,-40,false,l,true
155.464,-40,true,g,true
143.419,-60,false,g,true
135.228,-60,false,b,true
147.941,-40,true,l,true
160,-40,false,l,true
163.859,-40,true,g,true
152.479,-60,false,g,true
149.123,-60,false,b,true
163.462,-60,false,b,true
174.126,-40,true,l,true
160,-40,false,l,true
162.012,-40,true,g,true
150.492,-60,false,g,true
142.679,-60,false,b,true
154.782,-40,true,l,true
160,-40,false,l,true
195.808,-40,true,g,true
186.388,-60,false,g,true
186.164,-60,false,b,true
156.694,-60,false,b,true
135.949,-60,false,b,true
186.471,-60,false,b,true
195.886,-40,true,l,true
160,-40,false,l,true
173.342,-40,true,g,true
162.627,-60,false,g,true
163.657,-60,false,b,true
140.049,-60,false,b,true
152.36,-40,true,l,true
160,-40,false,l,true
181.793,-40,true,g,true
171.606,-60,false,g,true
155.226,-60,false,b,true
166.419,-40,true,l,true
160,-40,false,l,true
162.583,-40,true,g,true
151.107,-60,false,g,true
165.431,-60,false,b,true
175.975,-40,true,l,true
160,-40,false,l,true
157.523,-40,true,g,true
145.648,-60,false,g,true
138.237,-60,false,b,true
150.697,-40,true,l,true
160,-40,false,l,true
167.043,-40,true,g,true
155.895,-60,false,g,true
147.185,-60,false,b,true
158.945,-40,true,l,true
160,-40,false,l,true
161.592,-40,true,g,true
150.04,-60,false,g,true
140.163,-60,false,b,true
152.465,-40,true,l,true
160,-40,false,l,true
202.234,-40,true,g,true
193.128,-60,false,g,true
190.663,-60,false,b,true
151.004,-60,false,b,true
170.459,-60,false,b,true
180.71,-40,true,l,true
160,-40,false,l,true
191.605,-40,true,g,true
181.968,-60,false,g,true
146.98,-60,false,b,true
158.755,-40,true,l,true
160,-40,false,l,true
167.653,-40,true,g,true
156.549,-60,false,g,true
149.168,-60,false,b,true
160.783,-40,true,l,true
160,-40,false,l,true
162.074,-40,true,g,true
150.559,-60,false,g,true
142.625,-60,false,b,true
154.731,-40,true,l,true
160,-40,false,l,true
156.64,-40,true,g,true
144.693,-60,false,g,true
135.089,-60,false,b,true
147.814,-40,true,l,true
160,-40,false,l,true
187.081,-40,true,g,true
177.199,-60,false,g,true
174.104,-60,false,b,true
184.153,-40,true,l,true
160,-40,false,l,true
164.284,-40,true,g,true
152.935,-60,false,g,true
187.745,-60,false,b,true
197.099,-40,true,l,true
160,-40,false,l,true
173.379,-40,true,g,true
162.666,-60,false,g,true
154.423,-60,false,b,true
157.871,-60,false,b,true
168.888,-40,true,l,true
160,-40,false,l,true
184.648,-40,true,g,true
174.628,-60,false,g,true
171.851,-60,false,b,true
135.313,-60,false,b,true
148.019,-40,true,l,true
160,-40,false,l,true
182.495,-40,true,g,true
172.35,-60,false,g,true
136.837,-60,false,b,true
149.413,-40,true,l,true
160,-40,false,l,true
162.567,-40,true,g,true
151.089,-60,false,g,true
141.127,-60,false,b,true
169.143,-60,false,b,true
179.47,-40,true,l,true
160,-40,false,l,true
163.434,-40,true,g,true
152.022,-60,false,g,true
189.033,-60,false,b,true
198.327,-40,true,l,true
160,-40,false,l,true
161.931,-40,true,g,true
150.405,-60,false,g,true
144.939,-60,false,b,true
199.413,-60,false,b,true
208.244,-40,true,l,true
160,-40,false,l,true
168.918,-40,true,g,true
157.903,-60,false,g,true
152.284,-60,false,b,true
163.678,-40,true,l,true
160,-40,false,l,true
200.489,-40,true,g,true
191.3,-60,false,g,true
150.864,-60,false,b,true
162.357,-40,true,l,true
160,-40,false,l,true
158.535,-40,true,g,true
146.742,-60,false,g,true
148.819,-60,false,b,true
160.459,-40,true,l,true
160,-40,false,l,true
185.314,-40,true,g,true
175.332,-60,false,g,true
136.181,-60,false,b,true
148.813,-40,true,l,true
160,-40,false,l,true
166.533,-40,true,g,true
155.348,-60,false,g,true
147.43,-60,false,b,true
159.171,-40,true,l,true
160,-40,false,l,true
202.198,-40,true,g,true
193.091,-60,false,g,true
198.693,-60,false,b,true
207.554,-40,true,l,true
160,-40,false,l,true
171.741,-40,true,g,true
160.919,-60,false,g,true
199.338,-60,false,b,true
208.172,-40,true,l,true
160,-40,false,l,true
175.241,-40,true,g,true
164.649,-60,false,g,true
195.744,-60,false,b,true
204.733,-40,true,l,true
160,-40,false,l,true
166.941,-40,true,g,true
155.786,-60,false,g,true
147.172,-60,false,b,true
158.932,-40,true,l,true
160,-40,false,l,true
