x,z,relay,string,error,index
160,-60,false,f,true
197.667,-60,false,b,true
199.333,-60,false,b,true
208.167,-40,true,l,true
160,-40,false,l,true
166.222,-40,true,g,true
155.016,-60,false,g,true
150.563,-60,false,b,true
162.078,-40,true,l,true
160,-40,false,l,true
165.119,-40,true,g,true
153.832,-60,false,g,true
148.895,-60,false,b,true
160.529,-40,true,l,true
160,-40,false,l,true
164.029,-40,true,g,true
152.661,-60,false,g,true
181.071,-60,false,b,true
183.839,-60,false,b,true
193.382,-40,true,l,true
160,-40,false,l,true
190.03,-40,true,g,true
180.309,-60,false,g,true
149.092,-60,false,b,true
160.713,-40,true,l,true
160,-40,false,l,true
163.508,-40,true,g,true
152.102,-60,false,g,true
145.963,-60,false,b,true
157.814,-40,true,l,true
160,-40,false,l,true
188.557,-40,true,g,true
178.756,-60,false,g,true
175.085,-60,false,b,true
137.983,-60,false,b,true
178.881,-60,false,b,true
182.566,-60,false,b,true
192.173,-40,true,l,true
160,-40,false,l,true
160.208,-40,true,g,true
148.548,-60,false,g,true
139.13,-60,false,b,true
163.199,-60,false,b,true
173.879,-40,true,l,true
160,-40,false,l,true
164.242,-40,true,g,true
152.89,-60,false,g,true
146.179,-60,false,b,true
147.686,-60,false,b,true
159.409,-40,true,l,true
160,-40,false,l,true
152.671,-40,true,g,true
140.386,-60,false,g,true
138.381,-60,false,b,true
150.829,-40,true,l,true
160,-40,false,l,true
206.829,-40,true,g,true
197.934,-60,false,g,true
194.509,-60,false,b,true
157.023,-60,false,b,true
195.201,-60,false,b,true
199.1,-60,false,b,true
207.944,-40,true,l,true
160,-40,false,l,true
166.178,-40,true,g,true
154.968,-60,false,g,true
183.859,-60,false,b,true
187.945,-60,false,b,true
197.29,-40,true,l,true
160,-40,false,l,true
188.158,-40,true,g,true
178.335,-60,false,g,true
178.569,-60,false,b,true
151.619,-60,false,b,true
199.503,-60,false,b,true
208.33,-40,true,l,true
160,-40,false,l,true
203.568,-40,true,g,true
194.525,-60,false,g,true
193.415,-60,false,b,true
162.083,-60,false,b,true
198.276,-60,false,b,true
199.578,-60,false,b,true
208.402,-40,true,l,true
160,-40,false,l,true
183.493,-40,true,g,true
173.406,-60,false,g,true
136.149,-60,false,b,true
156.776,-60,false,b,true
154.149,-60,false,b,true
165.414,-40,true,l,true
160,-40,false,l,true
169.428,-40,true,g,true
158.449,-60,false,g,true
149.286,-60,false,b,true
199.843,-60,false,b,true
208.656,-40,true,l,true
160,-40,false,l,true
167.934,-40,true,g,true
156.849,-60,false,g,true
149.451,-60,false,b,true
161.045,-40,true,l,true
160,-40,false,l,true
163.965,-40,true,g,true
152.593,-60,false,g,true
143.773,-60,false,b,true
155.791,-40,true,l,true
160,-40,false,l,true
187.158,-40,true,g,true
177.28,-60,false,g,true
174.236,-60,false,b,true
193.029,-60,false,b,true
182.872,-60,false,b,true
192.463,-40,true,l,true
160,-40,false,l,true
198.832,-40,true,g,true
189.563,-60,false,g,true
161.401,-60,false,b,true
172.192,-40,true,l,true
160,-40,false,l,true
161.785,-40,true,g,true
150.248,-60,false,g,true
142.519,-60,false,b,true
154.634,-40,true,l,true
160,-40,false,l,true
165.823,-40,true,g,true
154.588,-60,false,g,true
151.252,-60,false,b,true
195.664,-60,false,b,true
204.657,-40,true,l,true
160,-40,false,l,true
162.845,-40,true,g,true
151.389,-60,false,g,true
148.669,-60,false,b,true
159.832,-60,false,b,true
151.773,-60,false,b,true
163.202,-40,true,l,true
160,-40,false,l,true
159.299,-40,true,g,true
147.567,-60,false,g,true
141.086,-60,false,b,true
143.088,-60,false,b,true
155.159,-40,true,l,true
160,-40,false,l,true
163.761,-40,true,g,true
152.373,-60,false,g,true
177.539,-60,false,b,true
180.43,-60,false,b,true
190.144,-40,true,l,true
160,-40,false,l,true
167.894,-40,true,g,true
156.807,-60,false,g,true
146.724,-60,false,b,true
158.518,-40,true,l,true
160,-40,false,l,true
183.826,-40,true,g,true
173.758,-60,false,g,true
137.982,-60,false,b,true
152.184,-60,false,b,true
144.721,-60,false,b,true
145.78,-60,false,b,true
157.644,-40,true,l,true
160,-40,false,l,true
197.515,-40,true,g,true
188.182,-60,false,g,true
148.674,-60,false,b,true
160.324,-40,true,l,true
160,-40,false,l,true
185.721,-40,true,g,true
175.762,-60,false,g,true
172.703,-60,false,b,true
163.159,-60,false,b,true
185.736,-60,false,b,true
180.051,-60,false,b,true
189.785,-40,true,l,true
160,-40,false,l,true
161.593,-40,true,g,true
150.041,-60,false,g,true
141.769,-60,false,b,true
153.943,-40,true,l,true
160,-40,false,l,true
184.891,-40,true,g,true
174.885,-60,false,g,true
143.026,-60,false,b,true
155.102,-40,true,l,true
160,-40,false,l,true
187.172,-40,true,g,true
177.295,-60,false,g,true
173.916,-60,false,b,true
192.316,-60,false,b,true
181.451,-60,false,b,true
191.114,-40,true,l,true
160,-40,false,l,true
167.342,-40,true,g,true
156.216,-60,false,g,true
148.375,-60,false,b,true
160.047,-40,true,l,true
160,-40,false,l,true
202.626,-40,true,g,true
193.539,-60,false,g,true
157.766,-60,false,b,true
168.79,-40,true,l,true
160,-40,false,l,true
173.36,-40,true,g,true
162.646,-60,false,g,true
156.677,-60,false,b,true
167.773,-40,true,l,true
160,-40,false,l,true
207.904,-40,true,g,true
199.058,-60,false,g,true
159.889,-60,false,b,true
170.777,-40,true,l,true
160,-40,false,l,true
175.007,-40,true,g,true
164.4,-60,false,g,true
158.142,-60,false,b,true
169.142,-40,true,l,true
160,-40,false,l,true
165.295,-40,true,g,true
154.021,-60,false,g,true
144.908,-60,false,b,true
156.838,-40,true,l,true
160,-40,false,l,true
188.425,-40,true,g,true
178.617,-60,false,g,true
143.3,-60,false,b,true
155.354,-40,true,l,true
160,-40,false,l,true
165.092,-40,true,g,true
153.803,-60,false,g,true
143.447,-60,false,b,true
155.49,-40,true,l,true
160,-40,false,l,true
163.185,-40,true,g,true
151.754,-60,false,g,true
143.041,-60,false,b,true
155.115,-40,true,l,true
160,-40,false,l,true
159.638,-40,true,g,true
147.933,-60,false,g,true
139.764,-60,false,b,true
152.099,-40,true,l,true
160,-40,false,l,true
207.972,-40,true,g,true
199.129,-60,false,g,true
160.098,-60,false,b,true
170.972,-40,true,l,true
160,-40,false,l,true
175.538,-40,true,g,true
164.965,-60,false,g,true
158.875,-60,false,b,true
169.827,-40,true,l,true
160,-40,false,l,true
172.142,-40,true,g,true
161.347,-60,false,g,true
155.809,-60,false,b,true
166.963,-40,true,l,true
160,-40,false,l,true
206.31,-40,true,g,true
197.392,-60,false,g,true
193.89,-60,false,b,true
156.365,-60,false,b,true
194.579,-60,false,b,true
198.551,-60,false,b,true
207.419,-40,true,l,true
160,-40,false,l,true
165.567,-40,true,g,true
154.313,-60,false,g,true
183.236,-60,false,b,true
187.401,-60,false,b,true
196.771,-40,true,l,true
160,-40,false,l,true
159.558,-40,true,g,true
147.847,-60,false,g,true
137.836,-60,false,b,true
150.329,-40,true,l,true
160,-40,false,l,true
159.904,-40,true,g,true
148.22,-60,false,g,true
140.676,-60,false,b,true
152.937,-40,true,l,true
160,-40,false,l,true
177.395,-40,true,g,true
166.941,-60,false,g,true
195.997,-60,false,b,true
204.975,-40,true,l,true
160,-40,false,l,true
163.535,-40,true,g,true
152.13,-60,false,g,true
144.196,-60,false,b,true
156.181,-40,true,l,true
160,-40,false,l,true
184.591,-40,true,g,true
174.567,-60,false,g,true
135.519,-60,false,b,true
148.207,-40,true,l,true
160,-40,false,l,true
186.748,-40,true,g,true
176.846,-60,false,g,true
174.218,-60,false,b,true
192.266,-60,false,b,true
181.104,-60,false,b,true
190.784,-40,true,l,true
160,-40,false,l,true
184.594,-40,true,g,true
174.571,-60,false,g,true
135.587,-60,false,b,true
148.269,-40,true,l,true
160,-40,false,l,true
186.757,-40,true,g,true
176.856,-60,false,g,true
174.308,-60,false,b,true
192.46,-60,false,b,true
181.367,-60,false,b,true
191.034,-40,true,l,true
160,-40,false,l,true
167.468,-40,true,g,true
156.351,-60,false,g,true
148.627,-60,false,b,true
160.281,-40,true,l,true
160,-40,false,l,true
162.632,-40,true,g,true
151.159,-60,false,g,true
145.203,-60,false,b,true
157.111,-40,true,l,true
160,-40,false,l,true
165.27,-40,true,g,true
153.994,-60,false,g,true
143.779,-60,false,b,true
155.796,-40,true,l,true
160,-40,false,l,true
177.53,-40,true,g,true
167.083,-60,false,g,true
159.892,-60,false,b,true
170.779,-40,true,l,true
160,-40,false,l,true
187.41,-40,true,g,true
177.546,-60,false,g,true
174.144,-60,false,b,true
192.487,-60,false,b,true
181.555,-60,false,b,true
191.212,-40,true,l,true
160,-40,false,l,true
167.499,-40,true,g,true
156.384,-60,false,g,true
148.873,-60,false,b,true
160.509,-40,true,l,true
160,-40,false,l,true
162.684,-40,true,g,true
151.215,-60,false,g,true
145.427,-60,false,b,true
157.318,-40,true,l,true
160,-40,false,l,true
165.282,-40,true,g,true
154.007,-60,false,g,true
144.696,-60,false,b,true
156.643,-40,true,l,true
160,-40,false,l,true
188.658,-40,true,g,true
178.862,-60,false,g,true
143.479,-60,false,b,true
155.519,-40,true,l,true
160,-40,false,l,true
165.083,-40,true,g,true
153.793,-60,false,g,true
143.266,-60,false,b,true
182.84,-60,false,b,true
192.433,-40,true,l,true
160,-40,false,l,true
203.082,-40,true,g,true
194.016,-60,false,g,true
158.611,-60,false,b,true
169.581,-40,true,l,true
160,-40,false,l,true
184.712,-40,true,g,true
174.695,-60,false,g,true
135.3,-60,false,b,true
151.384,-60,false,b,true
143.887,-60,false,b,true
155.896,-40,true,l,true
160,-40,false,l,true
164.114,-40,true,g,true
152.753,-60,false,g,true
142.461,-60,false,b,true
177.987,-60,false,b,true
187.828,-40,true,l,true
160,-40,false,l,true
167.683,-40,true,g,true
156.581,-60,false,g,true
148.379,-60,false,b,true
196.784,-60,false,b,true
205.728,-40,true,l,true
160,-40,false,l,true
165.259,-40,true,g,true
153.982,-60,false,g,true
192.719,-60,false,b,true
195.754,-60,false,b,true
204.743,-40,true,l,true
160,-40,false,l,true
169.278,-40,true,g,true
158.288,-60,false,g,true
156.102,-60,false,b,true
137.17,-60,false,b,true
162.964,-60,false,b,true
164.501,-60,false,b,true
175.102,-40,true,l,true
160,-40,false,l,true
165.789,-40,true,g,true
154.551,-60,false,g,true
149.031,-60,false,b,true
160.656,-40,true,l,true
160,-40,false,l,true
195.91,-40,true,g,true
186.496,-60,false,g,true
137.194,-60,false,b,true
142.396,-60,false,b,true
158.164,-60,false,b,true
155.594,-60,false,b,true
166.762,-40,true,l,true
160,-40,false,l,true
195.813,-40,true,g,true
186.394,-60,false,g,true
162.098,-60,false,b,true
136.647,-60,false,b,true
149.24,-40,true,l,true
160,-40,false,l,true
177.429,-40,true,g,true
166.976,-60,false,g,true
159.823,-60,false,b,true
170.714,-40,true,l,true
160,-40,false,l,true
187.254,-40,true,g,true
177.381,-60,false,g,true
173.994,-60,false,b,true
192.374,-60,false,b,true
181.486,-60,false,b,true
191.147,-40,true,l,true
160,-40,false,l,true
167.395,-40,true,g,true
156.273,-60,false,g,true
148.402,-60,false,b,true
160.072,-40,true,l,true
160,-40,false,l,true
202.708,-40,true,g,true
193.625,-60,false,g,true
157.848,-60,false,b,true
168.867,-40,true,l,true
160,-40,false,l,true
173.411,-40,true,g,true
162.7,-60,false,g,true
156.705,-60,false,b,true
