x,z,relay,string,error,index
160,-60,false,f,true,0
160,-40,false,l,true,0
160.412,-40,true,g,true,0
148.768,-60,false,g,true,0
142.066,-60,false,b,true,0
154.217,-40,true,l,true,0
160,-40,false,l,true,0
166.758,-40,true,g,true,0
155.59,-60,false,g,true,0
147.53,-60,false,b,true,0
159.264,-40,true,l,true,0
160,-40,false,l,true,0
168.405,-40,true,g,true,0
157.354,-60,false,g,true,0
148.94,-60,false,b,true,0
140.072,-60,false,b,true,0
152.382,-40,true,l,true,0
160,-40,false,l,true,0
194.722,-40,true,g,true,0
185.247,-60,false,g,true,0
150.287,-60,false,b,true,0
161.822,-40,true,l,true,0
160,-40,false,l,true,0
191.794,-40,true,g,true,0
182.167,-60,false,g,true,0
150.966,-60,false,b,true,0
162.452,-40,true,l,true,0
160,-40,false,l,true,0
197.462,-40,true,g,true,0
188.126,-60,false,g,true,0
149.452,-60,false,b,true,0
161.046,-40,true,l,true,0
160,-40,false,l,true,0
195.315,-40,true,g,true,0
185.871,-60,false,g,true,0
141.671,-60,false,b,true,0
153.852,-40,true,l,true,0
160,-40,false,l,true,0
204.355,-40,true,g,true,0
195.348,-60,false,g,true,0
168.197,-60,false,b,true,0
178.579,-40,true,l,true,0
160,-40,false,l,true,0
165.832,-40,true,g,true,0
154.597,-60,false,g,true,0
150.293,-60,false,b,true,0
161.827,-40,true,l,true,0
160,-40,false,l,true,0
199.766,-40,true,g,true,0
190.543,-60,false,g,true,0
162.608,-60,false,b,true,0
137.936,-60,false,b,true,0
150.421,-40,true,l,true,0
160,-40,false,l,true,0
204.063,-40,true,g,true,0
195.043,-60,false,g,true,0
145.908,-60,false,b,true,0
157.763,-40,true,l,true,0
160,-40,false,l,true,0
180.166,-40,true,g,true,0
169.882,-60,false,g,true,0
160.035,-60,false,b,true,0
142.547,-60,false,b,true,0
154.66,-40,true,l,true,0
160,-40,false,l,true,0
163.849,-40,true,g,true,0
152.469,-60,false,g,true,0
145.13,-60,false,b,true,0
157.044,-40,true,l,true,0
160,-40,false,l,true,0
159.671,-40,true,g,true,0
147.969,-60,false,g,true,0
144.034,-60,false,b,true,0
156.031,-40,true,l,true,0
160,-40,false,l,true,0
166.173,-40,true,g,true,0
154.963,-60,false,g,true,0
137.094,-60,false,b,true,0
149.649,-40,true,l,true,0
160,-40,false,l,true,0
172.297,-40,true,g,true,0
161.512,-60,false,g,true,0
154.172,-60,false,b,true,0
165.436,-40,true,l,true,0
160,-40,false,l,true,0
200.759,-40,true,g,true,0
191.583,-60,false,g,true,0
172.056,-60,false,b,true,0
137.154,-60,false,b,true,0
149.704,-40,true,l,true,0
160,-40,false,l,true,0
162.982,-40,true,g,true,0
151.536,-60,false,g,true,0
145.134,-60,false,b,true,0
157.048,-40,true,l,true,0
160,-40,false,l,true,0
182.697,-40,true,g,true,0
172.564,-60,false,g,true,0
164.166,-60,false,b,true,0
174.787,-40,true,l,true,0
160,-40,false,l,true,0
200.469,-40,true,g,true,0
191.279,-60,false,g,true,0
175.552,-60,false,b,true,0
138.125,-60,false,b,true,0
150.594,-40,true,l,true,0
160,-40,false,l,true,0
162.163,-40,true,g,true,0
150.655,-60,false,g,true,0
146.927,-60,false,b,true,0
158.706,-40,true,l,true,0
160,-40,false,l,true,0
193.966,-40,true,g,true,0
184.453,-60,false,g,true,0
135.315,-60,false,b,true,0
148.02,-40,true,l,true,0
160,-40,false,l,true,0
201.279,-40,true,g,true,0
192.129,-60,false,g,true,0
152.972,-60,false,b,true,0
164.318,-40,true,l,true,0
160,-40,false,l,true,0
199.086,-40,true,g,true,0
189.83,-60,false,g,true,0
161.413,-60,false,b,true,0
172.204,-40,true,l,true,0
160,-40,false,l,true,0
173.169,-40,true,g,true,0
162.442,-60,false,g,true,0
152.559,-60,false,b,true,0
163.934,-40,true,l,true,0
160,-40,false,l,true,0
165.774,-40,true,g,true,0
154.535,-60,false,g,true,0
147.575,-60,false,b,true,0
159.306,-40,true,l,true,0
160,-40,false,l,true,0
168.327,-40,true,g,true,0
157.271,-60,false,g,true,0
150.934,-60,false,b,true,0
138.988,-60,false,b,true,0
151.386,-40,true,l,true,0
160,-40,false,l,true,0
175,-40,true,g,true,0
164.393,-60,false,g,true,0
144.044,-60,false,b,true,0
143.299,-60,false,b,true,0
155.353,-40,true,l,true,0
160,-40,false,l,true,0
193.953,-40,true,g,true,0
184.439,-60,false,g,true,0
148.768,-60,false,b,true,0
160.412,-40,true,l,true,0
160,-40,false,l,true,0
171.179,-40,true,g,true,0
160.319,-60,false,g,true,0
151.769,-60,false,b,true,0
163.198,-40,true,l,true,0
160,-40,false,l,true,0
159.172,-40,true,g,true,0
147.43,-60,false,g,true,0
140.916,-60,false,b,true,0
153.158,-40,true,l,true,0
160,-40,false,l,true,0
172.143,-40,true,g,true,0
161.348,-60,false,g,true,0
155.442,-60,false,b,true,0
166.62,-40,true,l,true,0
160,-40,false,l,true,0
205.771,-40,true,g,true,0
196.829,-60,false,g,true,0
172.6,-60,false,b,true,0
137.376,-60,false,b,true,0
149.908,-40,true,l,true,0
160,-40,false,l,true,0
199.415,-40,true,g,true,0
190.174,-60,false,g,true,0
150.727,-60,false,b,true,0
162.23,-40,true,l,true,0
160,-40,false,l,true,0
192.503,-40,true,g,true,0
182.914,-60,false,g,true,0
138.611,-60,false,b,true,0
151.04,-40,true,l,true,0
160,-40,false,l,true,0
169.643,-40,true,g,true,0
158.678,-60,false,g,true,0
155.434,-60,false,b,true,0
166.613,-40,true,l,true,0
160,-40,false,l,true,0
163.75,-40,true,g,true,0
152.361,-60,false,g,true,0
149.347,-60,false,b,true,0
160.949,-40,true,l,true,0
160,-40,false,l,true,0
170.566,-40,true,g,true,0
159.664,-60,false,g,true,0
153.672,-60,false,b,true,0
164.97,-40,true,l,true,0
160,-40,false,l,true,0
195.027,-40,true,g,true,0
185.568,-60,false,g,true,0
136.404,-60,false,b,true,0
149.017,-40,true,l,true,0
160,-40,false,l,true,0
171.469,-40,true,g,true,0
160.629,-60,false,g,true,0
150.498,-60,false,b,true,0
162.018,-40,true,l,true,0
160,-40,false,l,true,0
168.803,-40,true,g,true,0
157.78,-60,false,g,true,0
146.896,-60,false,b,true,0
158.677,-40,true,l,true,0
160,-40,false,l,true,0
180.026,-40,true,g,true,0
169.733,-60,false,g,true,0
161.904,-60,false,b,true,0
172.664,-40,true,l,true,0
160,-40,false,l,true,0
174.004,-40,true,g,true,0
163.332,-60,false,g,true,0
157.363,-60,false,b,true,0
168.413,-40,true,l,true,0
160,-40,false,l,true,0
204.732,-40,true,g,true,0
195.743,-60,false,g,true,0
157.741,-60,false,b,true,0
168.766,-40,true,l,true,0
160,-40,false,l,true,0
173.41,-40,true,g,true,0
162.699,-60,false,g,true,0
156.343,-60,false,b,true,0
167.461,-40,true,l,true,0
160,-40,false,l,true,0
161.282,-40,true,g,true,0
149.706,-60,false,g,true,0
145.575,-60,false,b,true,0
157.455,-40,true,l,true,0
160,-40,false,l,true,0
168.081,-40,true,g,true,0
157.008,-60,false,g,true,0
150.214,-60,false,b,true,0
161.754,-40,true,l,true,0
160,-40,false,l,true,0
162.221,-40,true,g,true,0
150.718,-60,false,g,true,0
144.662,-60,false,b,true,0
156.611,-40,true,l,true,0
160,-40,false,l,true,0
162.769,-40,true,g,true,0
151.307,-60,false,g,true,0
147.748,-60,false,b,true,0
159.466,-40,true,l,true,0
160,-40,false,l,true,0
177.716,-40,true,g,true,0
167.282,-60,false,g,true,0
156.686,-60,false,b,true,0
167.781,-40,true,l,true,0
160,-40,false,l,true,0
204.042,-40,true,g,true,0
195.021,-60,false,g,true,0
156.966,-60,false,b,true,0
168.043,-40,true,l,true,0
160,-40,false,l,true,0
172.674,-40,true,g,true,0
161.915,-60,false,g,true,0
155.675,-60,false,b,true,0
166.838,-40,true,l,true,0
160,-40,false,l,true,0
160.277,-40,true,g,true,0
148.623,-60,false,g,true,0
139.577,-60,false,b,true,0
151.927,-40,true,l,true,0
160,-40,false,l,true,0
204.217,-40,true,g,true,0
195.204,-60,false,g,true,0
146.034,-60,false,b,true,0
157.879,-40,true,l,true,0
160,-40,false,l,true,0
180.631,-40,true,g,true,0
170.375,-60,false,g,true,0
160.635,-60,false,b,true,0
143.174,-60,false,b,true,0
155.238,-40,true,l,true,0
160,-40,false,l,true,0
164.322,-40,true,g,true,0
152.976,-60,false,g,true,0
145.746,-60,false,b,true,0
157.614,-40,true,l,true,0
160,-40,false,l,true,0
167.79,-40,true,g,true,0
156.696,-60,false,g,true,0
152.309,-60,false,b,true,0
163.701,-40,true,l,true,0
160,-40,false,l,true,0
203.01,-40,true,g,true,0
193.941,-60,false,g,true,0
155.588,-60,false,b,true,0
166.757,-40,true,l,true,0
160,-40,false,l,true,0
196.198,-40,true,g,true,0
186.798,-60,false,g,true,0
137.638,-60,false,b,true,0
150.148,-40,true,l,true,0
160,-40,false,l,true,0
172.377,-40,true,g,true,0
161.597,-60,false,g,true,0
151.112,-60,false,b,true,0
162.588,-40,true,l,true,0
160,-40,false,l,true,0
170.241,-40,true,g,true,0
159.317,-60,false,g,true,0
153.58,-60,false,b,true,0
164.885,-40,true,l,true,0
160,-40,false,l,true,0
191.224,-40,true,g,true,0
181.567,-60,false,g,true,0
137.35,-60,false,b,true,0
149.883,-40,true,l,true,0
160,-40,false,l,true,0
172.085,-40,true,g,true,0
161.287,-60,false,g,true,0
150.847,-60,false,b,true,0
162.342,-40,true,l,true,0
160,-40,false,l,true,0
169.957,-40,true,g,true,0
159.014,-60,false,g,true,0
153.321,-60,false,b,true,0
164.643,-40,true,l,true,0
160,-40,false,l,true,0
190.944,-40,true,g,true,0
181.272,-60,false,g,true,0
137.062,-60,false,b,true,0
149.619,-40,true,l,true,0
160,-40,false,l,true,0
171.794,-40,true,g,true,0
160.976,-60,false,g,true,0
150.583,-60,false,b,true,0
162.097,-40,true,l,true,0
160,-40,false,l,true,0
169.137,-40,true,g,true,0
158.137,-60,false,g,true,0
147.128,-60,false,b,true,0
158.892,-40,true,l,true,0
160,-40,false,l,true,0
169.132,-40,true,g,true,0
158.132,-60,false,g,true,0
149.891,-60,false,b,true,0
161.454,-40,true,l,true,0
160,-40,false,l,true,0
161.852,-40,true,g,true,0
150.32,-60,false,g,true,0
144.374,-60,false,b,true,0
156.345,-40,true,l,true,0
160,-40,false,l,true,0
198.071,-40,true,g,true,0
188.765,-60,false,g,true,0
154.488,-60,false,b,true,0
165.73,-40,true,l,true,0
160,-40,false,l,true,0
195.153,-40,true,g,true,0
185.701,-60,false,g,true,0
136.549,-60,false,b,true,0
149.15,-40,true,l,true,0
160,-40,false,l,true,0
171.46,-40,true,g,true,0
160.62,-60,false,g,true,0
150.395,-60,false,b,true,0
161.921,-40,true,l,true,0
160,-40,false,l,true,0
168.798,-40,true,g,true,0
157.775,-60,false,g,true,0
146.951,-60,false,b,true,0
158.729,-40,true,l,true,0
160,-40,false,l,true,0
168.813,-40,true,g,true,0
157.79,-60,false,g,true,0
149.692,-60,false,b,true,0
161.269,-40,true,l,true,0
160,-40,false,l,true,0
161.543,-40,true,g,true,0
149.987,-60,false,g,true,0
145.668,-60,false,b,true,0
157.541,-40,true,l,true,0
160,-40,false,l,true,0
194.304,-40,true,g,true,0
184.808,-60,false,g,true,0
150.41,-60,false,b,true,0
161.936,-40,true,l,true,0
160,-40,false,l,true,0
162.485,-40,true,g,true,0
151.001,-60,false,g,true,0
144.788,-60,false,b,true,0
156.728,-40,true,l,true,0
160,-40,false,l,true,0
177.742,-40,true,g,true,0
167.309,-60,false,g,true,0
159.619,-60,false,b,true,0
170.523,-40,true,l,true,0
160,-40,false,l,true,0
171.737,-40,true,g,true,0
160.915,-60,false,g,true,0
154.902,-60,false,b,true,0
166.117,-40,true,l,true,0
160,-40,false,l,true,0
171.839,-40,true,g,true,0
161.024,-60,false,g,true,0
151.21,-60,false,b,true,0
162.679,-40,true,l,true,0
160,-40,false,l,true,0
163.015,-40,true,g,true,0
151.572,-60,false,g,true,0
145.689,-60,false,b,true,0
157.56,-40,true,l,true,0
160,-40,false,l,true,0
194.086,-40,true,g,true,0
184.579,-60,false,g,true,0
159.949,-60,false,b,true,0
136.25,-60,false,b,true,0
148.876,-40,true,l,true,0
160,-40,false,l,true,0
192.631,-40,true,g,true,0
183.049,-60,false,g,true,0
138.71,-60,false,b,true,0
151.131,-40,true,l,true,0
160,-40,false,l,true,0
180.04,-40,true,g,true,0
169.748,-60,false,g,true,0
141.719,-60,false,b,true,0
141.425,-60,false,b,true,0
153.626,-40,true,l,true,0
160,-40,false,l,true,0
196.172,-40,true,g,true,0
186.771,-60,false,g,true,0
159.228,-60,false,b,true,0
170.157,-40,true,l,true,0
160,-40,false,l,true,0
161.111,-40,true,g,true,0
149.521,-60,false,g,true,0
141.34,-60,false,b,true,0
153.548,-40,true,l,true,0
160,-40,false,l,true,0
168.516,-40,true,g,true,0
157.473,-60,false,g,true,0
148.457,-60,false,b,true,0
136.731,-60,false,b,true,0
149.317,-40,true,l,true,0
160,-40,false,l,true,0
197.383,-40,true,g,true,0
188.042,-60,false,g,true,0
158.624,-60,false,b,true,0
169.593,-40,true,l,true,0
160,-40,false,l,true,0
161.678,-40,true,g,true,0
150.133,-60,false,g,true,0
143.705,-60,false,b,true,0
138.006,-60,false,b,true,0
150.485,-40,true,l,true,0
160,-40,false,l,true,0
156.836,-40,true,g,true,0
144.905,-60,false,g,true,0
137.056,-60,false,b,true,0
149.614,-40,true,l,true,0
160,-40,false,l,true,0
197.989,-40,true,g,true,0
188.679,-60,false,g,true,0
154.428,-60,false,b,true,0
165.674,-40,true,l,true,0
160,-40,false,l,true,0
195.073,-40,true,g,true,0
185.616,-60,false,g,true,0
136.456,-60,false,b,true,0
149.064,-40,true,l,true,0
160,-40,false,l,true,0
171.468,-40,true,g,true,0
160.627,-60,false,g,true,0
150.464,-60,false,b,true,0
161.986,-40,true,l,true,0
160,-40,false,l,true,0
168.803,-40,true,g,true,0
157.779,-60,false,g,true,0
146.862,-60,false,b,true,0
158.646,-40,true,l,true,0
160,-40,false,l,true,0
180.019,-40,true,g,true,0
169.726,-60,false,g,true,0
161.874,-60,false,b,true,0
172.636,-40,true,l,true,0
160,-40,false,l,true,0
173.995,-40,true,g,true,0
163.323,-60,false,g,true,0
157.325,-60,false,b,true,0
160,-60,false,f,true,1
148.081,-60,false,b,true,1
159.774,-40,true,l,true,1
160,-40,false,l,true,1
153.088,-40,true,g,true,1
140.84,-60,false,g,true,1
138.68,-60,false,b,true,1
149.548,-60,false,b,true,1
144.489,-60,false,b,true,1
187.868,-60,false,b,true,1
197.216,-40,true,l,true,1
160,-40,false,l,true,1
157.291,-40,true,g,true,1
145.397,-60,false,g,true,1
138.766,-60,false,b,true,1
151.182,-40,true,l,true,1
160,-40,false,l,true,1
184.309,-40,true,g,true,1
174.269,-60,false,g,true,1
138.502,-60,false,b,true,1
150.94,-40,true,l,true,1
160,-40,false,l,true,1
172.873,-40,true,g,true,1
162.127,-60,false,g,true,1
156.038,-60,false,b,true,1
167.176,-40,true,l,true,1
160,-40,false,l,true,1
184.901,-40,true,g,true,1
174.896,-60,false,g,true,1
143.213,-60,false,b,true,1
155.274,-40,true,l,true,1
160,-40,false,l,true,1
191.571,-40,true,g,true,1
181.932,-60,false,g,true,1
182.465,-60,false,b,true,1
155.227,-60,false,b,true,1
177.009,-60,false,b,true,1
181.167,-60,false,b,true,1
190.844,-40,true,l,true,1
160,-40,false,l,true,1
164.737,-40,true,g,true,1
153.422,-60,false,g,true,1
145.358,-60,false,b,true,1
144.533,-60,false,b,true,1
156.492,-40,true,l,true,1
160,-40,false,l,true,1
177.768,-40,true,g,true,1
167.336,-60,false,g,true,1
163.739,-60,false,b,true,1
165.711,-60,false,b,true,1
143.829,-60,false,b,true,1
135.725,-60,false,b,true,1
148.395,-40,true,l,true,1
160,-40,false,l,true,1
194.44,-40,true,g,true,1
184.951,-60,false,g,true,1
184.149,-60,false,b,true,1
155.336,-60,false,b,true,1
186.729,-60,false,b,true,1
196.132,-40,true,l,true,1
160,-40,false,l,true,1
174.115,-40,true,g,true,1
163.45,-60,false,g,true,1
156.121,-60,false,b,true,1
167.254,-40,true,l,true,1
160,-40,false,l,true,1
206.811,-40,true,g,true,1
197.917,-60,false,g,true,1
195.304,-60,false,b,true,1
145.752,-60,false,b,true,1
171.256,-60,false,b,true,1
170.758,-60,false,b,true,1
180.992,-40,true,l,true,1
160,-40,false,l,true,1
196.531,-40,true,g,true,1
187.148,-60,false,g,true,1
137.198,-60,false,b,true,1
157.062,-60,false,b,true,1
152.162,-60,false,b,true,1
172.445,-60,false,b,true,1
182.585,-40,true,l,true,1
160,-40,false,l,true,1
184.598,-40,true,g,true,1
174.575,-60,false,g,true,1
174.095,-60,false,b,true,1
142.965,-60,false,b,true,1
188.505,-60,false,b,true,1
191.987,-60,false,b,true,1
201.145,-40,true,l,true,1
160,-40,false,l,true,1
169.495,-40,true,g,true,1
158.52,-60,false,g,true,1
152.315,-60,false,b,true,1
168.459,-60,false,b,true,1
178.825,-40,true,l,true,1
160,-40,false,l,true,1
181.642,-40,true,g,true,1
171.446,-60,false,g,true,1
136.068,-60,false,b,true,1
151.594,-60,false,b,true,1
143.626,-60,false,b,true,1
155.655,-40,true,l,true,1
160,-40,false,l,true,1
162.715,-40,true,g,true,1
151.249,-60,false,g,true,1
143.371,-60,false,b,true,1
155.42,-40,true,l,true,1
160,-40,false,l,true,1
174.999,-40,true,g,true,1
164.392,-60,false,g,true,1
158.345,-60,false,b,true,1
169.331,-40,true,l,true,1
160,-40,false,l,true,1
165.249,-40,true,g,true,1
153.972,-60,false,g,true,1
145.124,-60,false,b,true,1
157.038,-40,true,l,true,1
160,-40,false,l,true,1
188.068,-40,true,g,true,1
178.241,-60,false,g,true,1
174.868,-60,false,b,true,1
190.249,-60,false,b,true,1
149.961,-60,false,b,true,1
187.355,-60,false,b,true,1
196.728,-40,true,l,true,1
160,-40,false,l,true,1
175.13,-40,true,g,true,1
164.531,-60,false,g,true,1
157.955,-60,false,b,true,1
178.373,-60,false,b,true,1
188.194,-40,true,l,true,1
160,-40,false,l,true,1
168.478,-40,true,g,true,1
157.432,-60,false,g,true,1
154.049,-60,false,b,true,1
159.767,-60,false,b,true,1
145.695,-60,false,b,true,1
138.926,-60,false,b,true,1
151.328,-40,true,l,true,1
160,-40,false,l,true,1
158.831,-40,true,g,true,1
147.063,-60,false,g,true,1
136.733,-60,false,b,true,1
149.318,-40,true,l,true,1
160,-40,false,l,true,1
172.847,-40,true,g,true,1
162.099,-60,false,g,true,1
156.791,-60,false,b,true,1
167.88,-40,true,l,true,1
160,-40,false,l,true,1
163.199,-40,true,g,true,1
151.769,-60,false,g,true,1
141.686,-60,false,b,true,1
165.969,-60,false,b,true,1
176.481,-40,true,l,true,1
160,-40,false,l,true,1
166.752,-40,true,g,true,1
155.583,-60,false,g,true,1
145.971,-60,false,b,true,1
179.719,-60,false,b,true,1
199.173,-60,false,b,true,1
208.014,-40,true,l,true,1
160,-40,false,l,true,1
165.012,-40,true,g,true,1
153.717,-60,false,g,true,1
160.393,-60,false,b,true,1
156.141,-60,false,b,true,1
167.272,-40,true,l,true,1
160,-40,false,l,true,1
177.956,-40,true,g,true,1
167.536,-60,false,g,true,1
164.829,-60,false,b,true,1
174.124,-60,false,b,true,1
158.22,-60,false,b,true,1
169.214,-40,true,l,true,1
160,-40,false,l,true,1
189.579,-40,true,g,true,1
179.834,-60,false,g,true,1
144.163,-60,false,b,true,1
156.151,-40,true,l,true,1
160,-40,false,l,true,1
163.288,-40,true,g,true,1
151.865,-60,false,g,true,1
143.453,-60,false,b,true,1
155.495,-40,true,l,true,1
160,-40,false,l,true,1
159.741,-40,true,g,true,1
148.045,-60,false,g,true,1
140.184,-60,false,b,true,1
152.485,-40,true,l,true,1
160,-40,false,l,true,1
156.208,-40,true,g,true,1
144.225,-60,false,g,true,1
136.944,-60,false,b,true,1
149.512,-40,true,l,true,1
160,-40,false,l,true,1
197.729,-40,true,g,true,1
188.406,-60,false,g,true,1
148.747,-60,false,b,true,1
160.392,-40,true,l,true,1
160,-40,false,l,true,1
167.813,-40,true,g,true,1
156.72,-60,false,g,true,1
148.7,-60,false,b,true,1
160.349,-40,true,l,true,1
160,-40,false,l,true,1
192.971,-40,true,g,true,1
183.406,-60,false,g,true,1
147.585,-60,false,b,true,1
159.315,-40,true,l,true,1
160,-40,false,l,true,1
199.087,-40,true,g,true,1
189.83,-60,false,g,true,1
161.606,-60,false,b,true,1
172.385,-40,true,l,true,1
160,-40,false,l,true,1
161.687,-40,true,g,true,1
150.142,-60,false,g,true,1
142.213,-60,false,b,true,1
154.352,-40,true,l,true,1
160,-40,false,l,true,1
185.871,-40,true,g,true,1
175.92,-60,false,g,true,1
172.752,-60,false,b,true,1
182.875,-40,true,l,true,1
160,-40,false,l,true,1
177.702,-40,true,g,true,1
167.267,-60,false,g,true,1
196.426,-60,false,b,true,1
205.385,-40,true,l,true,1
160,-40,false,l,true,1
163.815,-40,true,g,true,1
152.431,-60,false,g,true,1
144.675,-60,false,b,true,1
156.623,-40,true,l,true,1
160,-40,false,l,true,1
167.38,-40,true,g,true,1
156.257,-60,false,g,true,1
148.549,-60,false,b,true,1
160.209,-40,true,l,true,1
160,-40,false,l,true,1
192.24,-40,true,g,true,1
182.637,-60,false,g,true,1
146.864,-60,false,b,true,1
158.648,-40,true,l,true,1
160,-40,false,l,true,1
198.355,-40,true,g,true,1
189.062,-60,false,g,true,1
149.671,-60,false,b,true,1
161.25,-40,true,l,true,1
160,-40,false,l,true,1
169.18,-40,true,g,true,1
158.183,-60,false,g,true,1
150.362,-60,false,b,true,1
161.891,-40,true,l,true,1
160,-40,false,l,true,1
194.963,-40,true,g,true,1
185.501,-60,false,g,true,1
184.793,-60,false,b,true,1
155.983,-60,false,b,true,1
187.332,-60,false,b,true,1
196.706,-40,true,l,true,1
160,-40,false,l,true,1
174.729,-40,true,g,true,1
164.105,-60,false,g,true,1
156.723,-60,false,b,true,1
167.816,-40,true,l,true,1
160,-40,false,l,true,1
207.334,-40,true,g,true,1
198.463,-60,false,g,true,1
195.876,-60,false,b,true,1
204.859,-40,true,l,true,1
160,-40,false,l,true,1
167.195,-40,true,g,true,1
156.058,-60,false,g,true,1
147.188,-60,false,b,true,1
158.947,-40,true,l,true,1
160,-40,false,l,true,1
190.381,-40,true,g,true,1
180.679,-60,false,g,true,1
144.844,-60,false,b,true,1
156.78,-40,true,l,true,1
160,-40,false,l,true,1
163.419,-40,true,g,true,1
152.005,-60,false,g,true,1
143.017,-60,false,b,true,1
155.093,-40,true,l,true,1
160,-40,false,l,true,1
186.086,-40,true,g,true,1
176.147,-60,false,g,true,1
145.074,-60,false,b,true,1
156.992,-40,true,l,true,1
160,-40,false,l,true,1
163.542,-40,true,g,true,1
152.138,-60,false,g,true,1
143.643,-60,false,b,true,1
155.671,-40,true,l,true,1
160,-40,false,l,true,1
163.257,-40,true,g,true,1
151.832,-60,false,g,true,1
142.984,-60,false,b,true,1
155.063,-40,true,l,true,1
160,-40,false,l,true,1
185.808,-40,true,g,true,1
175.854,-60,false,g,true,1
144.803,-60,false,b,true,1
156.741,-40,true,l,true,1
160,-40,false,l,true,1
163.385,-40,true,g,true,1
151.97,-60,false,g,true,1
143.595,-60,false,b,true,1
155.626,-40,true,l,true,1
160,-40,false,l,true,1
163.096,-40,true,g,true,1
151.659,-60,false,g,true,1
142.952,-60,false,b,true,1
155.033,-40,true,l,true,1
160,-40,false,l,true,1
159.549,-40,true,g,true,1
147.838,-60,false,g,true,1
139.676,-60,false,b,true,1
152.018,-40,true,l,true,1
160,-40,false,l,true,1
207.903,-40,true,g,true,1
199.057,-60,false,g,true,1
160.016,-60,false,b,true,1
170.895,-40,true,l,true,1
160,-40,false,l,true,1
185.515,-40,true,g,true,1
175.545,-60,false,g,true,1
172.449,-60,false,b,true,1
186.017,-60,false,b,true,1
174.514,-60,false,b,true,1
184.54,-40,true,l,true,1
160,-40,false,l,true,1
189.535,-40,true,g,true,1
179.787,-60,false,g,true,1
144.075,-60,false,b,true,1
156.069,-40,true,l,true,1
160,-40,false,l,true,1
163.113,-40,true,g,true,1
151.677,-60,false,g,true,1
143.207,-60,false,b,true,1
155.268,-40,true,l,true,1
160,-40,false,l,true,1
159.567,-40,true,g,true,1
147.857,-60,false,g,true,1
139.937,-60,false,b,true,1
152.258,-40,true,l,true,1
160,-40,false,l,true,1
158.038,-40,true,g,true,1
146.206,-60,false,g,true,1
138.772,-60,false,b,true,1
151.188,-40,true,l,true,1
160,-40,false,l,true,1
185.242,-40,true,g,true,1
175.255,-60,false,g,true,1
172.28,-60,false,b,true,1
190.058,-60,false,b,true,1
179.097,-60,false,b,true,1
188.88,-40,true,l,true,1
160,-40,false,l,true,1
186.104,-40,true,g,true,1
176.167,-60,false,g,true,1
172.898,-60,false,b,true,1
186.204,-60,false,b,true,1
172.925,-60,false,b,true,1
171.586,-60,false,b,true,1
181.774,-40,true,l,true,1
160,-40,false,l,true,1
164.752,-40,true,g,true,1
153.438,-60,false,g,true,1
146.57,-60,false,b,true,1
158.375,-40,true,l,true,1
160,-40,false,l,true,1
164.283,-40,true,g,true,1
152.934,-60,false,g,true,1
144.637,-60,false,b,true,1
156.588,-40,true,l,true,1
160,-40,false,l,true,1
186.735,-40,true,g,true,1
176.833,-60,false,g,true,1
173.768,-60,false,b,true,1
187.249,-60,false,b,true,1
174.755,-60,false,b,true,1
172.559,-60,false,b,true,1
182.693,-40,true,l,true,1
160,-40,false,l,true,1
163.739,-40,true,g,true,1
152.35,-60,false,g,true,1
146.353,-60,false,b,true,1
158.174,-40,true,l,true,1
160,-40,false,l,true,1
174.724,-40,true,g,true,1
164.099,-60,false,g,true,1
156.806,-60,false,b,true,1
185.092,-60,false,b,true,1
194.574,-40,true,l,true,1
160,-40,false,l,true,1
207.3,-40,true,g,true,1
198.427,-60,false,g,true,1
159.602,-60,false,b,true,1
170.507,-40,true,l,true,1
160,-40,false,l,true,1
203.527,-40,true,g,true,1
194.482,-60,false,g,true,1
151.326,-60,false,b,true,1
160.445,-60,false,b,true,1
146.74,-60,false,b,true,1
195.846,-60,false,b,true,1
204.831,-40,true,l,true,1
160,-40,false,l,true,1
159.856,-40,true,g,true,1
148.168,-60,false,g,true,1
148.923,-60,false,b,true,1
160.555,-40,true,l,true,1
160,-40,false,l,true,1
166.738,-40,true,g,true,1
155.569,-60,false,g,true,1
146.036,-60,false,b,true,1
197.532,-60,false,b,true,1
206.444,-40,true,l,true,1
160,-40,false,l,true,1
161.375,-40,true,g,true,1
149.806,-60,false,g,true,1
146.436,-60,false,b,true,1
158.252,-40,true,l,true,1
160,-40,false,l,true,1
160.428,-40,true,g,true,1
148.785,-60,false,g,true,1
142.453,-60,false,b,true,1
154.573,-40,true,l,true,1
160,-40,false,l,true,1
189.566,-40,true,g,true,1
179.82,-60,false,g,true,1
144.135,-60,false,b,true,1
156.124,-40,true,l,true,1
160,-40,false,l,true,1
163.229,-40,true,g,true,1
151.801,-60,false,g,true,1
143.369,-60,false,b,true,1
155.417,-40,true,l,true,1
160,-40,false,l,true,1
159.682,-40,true,g,true,1
147.981,-60,false,g,true,1
140.1,-60,false,b,true,1
152.407,-40,true,l,true,1
160,-40,false,l,true,1
156.149,-40,true,g,true,1
144.162,-60,false,g,true,1
136.86,-60,false,b,true,1
149.434,-40,true,l,true,1
160,-40,false,l,true,1
197.715,-40,true,g,true,1
188.391,-60,false,g,true,1
148.717,-60,false,b,true,1
160.364,-40,true,l,true,1
160,-40,false,l,true,1
160,-60,false,f,true,2
197.667,-60,false,b,true,2
206.572,-40,true,l,true,2
160,-40,false,l,true,2
174.913,-40,true,g,true,2
164.3,-60,false,g,true,2
178.992,-60,false,b,true,2
188.781,-40,true,l,true,2
160,-40,false,l,true,2
194.485,-40,true,g,true,2
184.998,-60,false,g,true,2
197.383,-60,false,b,true,2
206.301,-40,true,l,true,2
160,-40,false,l,true,2
193.355,-40,true,g,true,2
183.81,-60,false,g,true,2
196.135,-60,false,b,true,2
205.107,-40,true,l,true,2
160,-40,false,l,true,2
165.367,-40,true,g,true,2
154.098,-60,false,g,true,2
197.553,-60,false,b,true,2
206.463,-40,true,l,true,2
160,-40,false,l,true,2
167.642,-40,true,g,true,2
156.537,-60,false,g,true,2
195.243,-60,false,b,true,2
204.254,-40,true,l,true,2
160,-40,false,l,true,2
163.565,-40,true,g,true,2
152.163,-60,false,g,true,2
197.555,-60,false,b,true,2
206.466,-40,true,l,true,2
160,-40,false,l,true,2
195.597,-40,true,g,true,2
186.167,-60,false,g,true,2
183.444,-60,false,b,true,2
193.007,-40,true,l,true,2
160,-40,false,l,true,2
205.812,-40,true,g,true,2
196.872,-60,false,g,true,2
198.086,-60,false,b,true,2
206.974,-40,true,l,true,2
160,-40,false,l,true,2
167.87,-40,true,g,true,2
156.781,-60,false,g,true,2
182.711,-60,false,b,true,2
192.311,-40,true,l,true,2
160,-40,false,l,true,2
200.175,-40,true,g,true,2
190.972,-60,false,g,true,2
188.499,-60,false,b,true,2
197.818,-40,true,l,true,2
160,-40,false,l,true,2
173.567,-40,true,g,true,2
162.866,-60,false,g,true,2
195.46,-60,false,b,true,2
204.462,-40,true,l,true,2
160,-40,false,l,true,2
168.906,-40,true,g,true,2
157.89,-60,false,g,true,2
180.121,-60,false,b,true,2
199.803,-60,false,b,true,2
208.617,-40,true,l,true,2
160,-40,false,l,true,2
177.581,-40,true,g,true,2
167.138,-60,false,g,true,2
196.088,-60,false,b,true,2
205.062,-40,true,l,true,2
160,-40,false,l,true,2
205.751,-40,true,g,true,2
196.808,-60,false,g,true,2
196.545,-60,false,b,true,2
205.499,-40,true,l,true,2
160,-40,false,l,true,2
178.287,-40,true,g,true,2
167.887,-60,false,g,true,2
164.716,-60,false,b,true,2
169.622,-60,false,b,true,2
179.921,-40,true,l,true,2
160,-40,false,l,true,2
168.689,-40,true,g,true,2
157.658,-60,false,g,true,2
166.201,-60,false,b,true,2
170.976,-60,false,b,true,2
181.198,-40,true,l,true,2
160,-40,false,l,true,2
161.346,-40,true,g,true,2
149.775,-60,false,g,true,2
190.331,-60,false,b,true,2
199.565,-40,true,l,true,2
160,-40,false,l,true,2
198.854,-40,true,g,true,2
189.586,-60,false,g,true,2
186.922,-60,false,b,true,2
196.315,-40,true,l,true,2
160,-40,false,l,true,2
201.498,-40,true,g,true,2
192.358,-60,false,g,true,2
190.293,-60,false,b,true,2
199.528,-40,true,l,true,2
160,-40,false,l,true,2
162.26,-40,true,g,true,2
150.76,-60,false,g,true,2
170.214,-60,false,b,true,2
180.48,-40,true,l,true,2
160,-40,false,l,true,2
165.296,-40,true,g,true,2
154.022,-60,false,g,true,2
185.757,-60,false,b,true,2
195.207,-40,true,l,true,2
160,-40,false,l,true,2
171.339,-40,true,g,true,2
160.49,-60,false,g,true,2
173.843,-60,false,b,true,2
183.906,-40,true,l,true,2
160,-40,false,l,true,2
202.519,-40,true,g,true,2
193.426,-60,false,g,true,2
190.448,-60,false,b,true,2
199.676,-40,true,l,true,2
160,-40,false,l,true,2
158.048,-40,true,g,true,2
146.216,-60,false,g,true,2
199.445,-60,false,b,true,2
208.275,-40,true,l,true,2
160,-40,false,l,true,2
151.644,-40,true,g,true,2
139.269,-60,false,g,true,2
186.76,-60,false,b,true,2
196.161,-40,true,l,true,2
160,-40,false,l,true,2
196.562,-40,true,g,true,2
187.181,-60,false,g,true,2
185.18,-60,false,b,true,2
194.657,-40,true,l,true,2
160,-40,false,l,true,2
159.339,-40,true,g,true,2
147.611,-60,false,g,true,2
195.675,-60,false,b,true,2
204.667,-40,true,l,true,2
160,-40,false,l,true,2
186.054,-40,true,g,true,2
176.114,-60,false,g,true,2
197.517,-60,false,b,true,2
206.429,-40,true,l,true,2
160,-40,false,l,true,2
173.126,-40,true,g,true,2
162.397,-60,false,g,true,2
197.917,-60,false,b,true,2
206.812,-40,true,l,true,2
160,-40,false,l,true,2
196.972,-40,true,g,true,2
187.611,-60,false,g,true,2
153.273,-60,false,b,true,2
164.599,-40,true,l,true,2
160,-40,false,l,true,2
196.814,-40,true,g,true,2
187.446,-60,false,g,true,2
184.436,-60,false,b,true,2
190.788,-60,false,b,true,2
200,-40,true,l,true,2
160,-40,false,l,true,2
167.895,-40,true,g,true,2
156.807,-60,false,g,true,2
179.224,-60,false,b,true,2
189,-40,true,l,true,2
160,-40,false,l,true,2
204.251,-40,true,g,true,2
195.239,-60,false,g,true,2
191.91,-60,false,b,true,2
196.908,-60,false,b,true,2
205.846,-40,true,l,true,2
160,-40,false,l,true,2
167.335,-40,true,g,true,2
156.208,-60,false,g,true,2
198.835,-60,false,b,true,2
207.691,-40,true,l,true,2
160,-40,false,l,true,2
160.699,-40,true,g,true,2
149.078,-60,false,g,true,2
192.568,-60,false,b,true,2
201.699,-40,true,l,true,2
160,-40,false,l,true,2
171.649,-40,true,g,true,2
160.821,-60,false,g,true,2
193.163,-60,false,b,true,2
202.267,-40,true,l,true,2
160,-40,false,l,true,2
156.196,-40,true,g,true,2
144.213,-60,false,g,true,2
190.252,-60,false,b,true,2
199.489,-40,true,l,true,2
160,-40,false,l,true,2
159.181,-40,true,g,true,2
147.44,-60,false,g,true,2
195.712,-60,false,b,true,2
204.703,-40,true,l,true,2
160,-40,false,l,true,2
197.539,-40,true,g,true,2
188.206,-60,false,g,true,2
186.14,-60,false,b,true,2
195.571,-40,true,l,true,2
160,-40,false,l,true,2
160.239,-40,true,g,true,2
148.582,-60,false,g,true,2
183.366,-60,false,b,true,2
192.933,-40,true,l,true,2
160,-40,false,l,true,2
180.375,-40,true,g,true,2
170.103,-60,false,g,true,2
189.731,-60,false,b,true,2
198.992,-40,true,l,true,2
160,-40,false,l,true,2
179.406,-40,true,g,true,2
169.075,-60,false,g,true,2
166.377,-60,false,b,true,2
199.298,-60,false,b,true,2
208.134,-40,true,l,true,2
160,-40,false,l,true,2
196.972,-40,true,g,true,2
187.611,-60,false,g,true,2
185.3,-60,false,b,true,2
194.772,-40,true,l,true,2
160,-40,false,l,true,2
171.238,-40,true,g,true,2
160.383,-60,false,g,true,2
199.822,-60,false,b,true,2
208.635,-40,true,l,true,2
160,-40,false,l,true,2
167.745,-40,true,g,true,2
156.647,-60,false,g,true,2
196.419,-60,false,b,true,2
205.378,-40,true,l,true,2
160,-40,false,l,true,2
164.876,-40,true,g,true,2
153.571,-60,false,g,true,2
197.894,-60,false,b,true,2
206.79,-40,true,l,true,2
160,-40,false,l,true,2
153.42,-40,true,g,true,2
141.201,-60,false,g,true,2
195.459,-60,false,b,true,2
204.461,-40,true,l,true,2
160,-40,false,l,true,2
177.137,-40,true,g,true,2
166.666,-60,false,g,true,2
198.146,-60,false,b,true,2
207.031,-40,true,l,true,2
160,-40,false,l,true,2
151.85,-40,true,g,true,2
139.494,-60,false,g,true,2
198.611,-60,false,b,true,2
207.476,-40,true,l,true,2
160,-40,false,l,true,2
150.303,-40,true,g,true,2
137.808,-60,false,g,true,2
185.374,-60,false,b,true,2
194.843,-40,true,l,true,2
160,-40,false,l,true,2
168.444,-40,true,g,true,2
157.396,-60,false,g,true,2
198.283,-60,false,b,true,2
207.163,-40,true,l,true,2
160,-40,false,l,true,2
153.193,-40,true,g,true,2
140.955,-60,false,g,true,2
198.328,-60,false,b,true,2
207.205,-40,true,l,true,2
160,-40,false,l,true,2
152.402,-40,true,g,true,2
140.094,-60,false,g,true,2
187.496,-60,false,b,true,2
196.863,-40,true,l,true,2
160,-40,false,l,true,2
155.889,-40,true,g,true,2
143.879,-60,false,g,true,2
190.914,-60,false,b,true,2
200.12,-40,true,l,true,2
160,-40,false,l,true,2
176.777,-40,true,g,true,2
166.283,-60,false,g,true,2
197.921,-60,false,b,true,2
206.816,-40,true,l,true,2
160,-40,false,l,true,2
152.33,-40,true,g,true,2
140.016,-60,false,g,true,2
199.094,-60,false,b,true,2
207.938,-40,true,l,true,2
160,-40,false,l,true,2
159.406,-40,true,g,true,2
147.683,-60,false,g,true,2
198.818,-60,false,b,true,2
207.674,-40,true,l,true,2
160,-40,false,l,true,2
177.964,-40,true,g,true,2
167.544,-60,false,g,true,2
196.368,-60,false,b,true,2
205.33,-40,true,l,true,2
160,-40,false,l,true,2
206.365,-40,true,g,true,2
197.45,-60,false,g,true,2
197.095,-60,false,b,true,2
206.025,-40,true,l,true,2
160,-40,false,l,true,2
178.893,-40,true,g,true,2
168.531,-60,false,g,true,2
165.333,-60,false,b,true,2
170.145,-60,false,b,true,2
180.414,-40,true,l,true,2
160,-40,false,l,true,2
151.075,-40,true,g,true,2
138.649,-60,false,g,true,2
147.54,-60,false,b,true,2
198.977,-60,false,b,true,2
207.827,-40,true,l,true,2
160,-40,false,l,true,2
175.125,-40,true,g,true,2
164.526,-60,false,g,true,2
196.42,-60,false,b,true,2
205.38,-40,true,l,true,2
160,-40,false,l,true,2
196.9,-40,true,g,true,2
187.536,-60,false,g,true,2
184.9,-60,false,b,true,2
194.392,-40,true,l,true,2
160,-40,false,l,true,2
171.193,-40,true,g,true,2
160.335,-60,false,g,true,2
199.465,-60,false,b,true,2
208.294,-40,true,l,true,2
160,-40,false,l,true,2
155.862,-40,true,g,true,2
143.85,-60,false,g,true,2
192.987,-60,false,b,true,2
202.099,-40,true,l,true,2
160,-40,false,l,true,2
170.541,-40,true,g,true,2
159.637,-60,false,g,true,2
185.097,-60,false,b,true,2
194.579,-40,true,l,true,2
160,-40,false,l,true,2
171.071,-40,true,g,true,2
160.204,-60,false,g,true,2
199.411,-60,false,b,true,2
208.242,-40,true,l,true,2
160,-40,false,l,true,2
156.069,-40,true,g,true,2
144.075,-60,false,g,true,2
193.199,-60,false,b,true,2
202.301,-40,true,l,true,2
160,-40,false,l,true,2
170.621,-40,true,g,true,2
159.723,-60,false,g,true,2
185.246,-60,false,b,true,2
194.721,-40,true,l,true,2
160,-40,false,l,true,2
170.949,-40,true,g,true,2
160.073,-60,false,g,true,2
199.358,-60,false,b,true,2
208.191,-40,true,l,true,2
160,-40,false,l,true,2
167.453,-40,true,g,true,2
156.335,-60,false,g,true,2
199.711,-60,false,b,true,2
208.529,-40,true,l,true,2
160,-40,false,l,true,2
164.444,-40,true,g,true,2
153.108,-60,false,g,true,2
198.447,-60,false,b,true,2
207.319,-40,true,l,true,2
160,-40,false,l,true,2
153.354,-40,true,g,true,2
141.129,-60,false,g,true,2
198.544,-60,false,b,true,2
207.412,-40,true,l,true,2
160,-40,false,l,true,2
167.463,-40,true,g,true,2
156.345,-60,false,g,true,2
196.761,-60,false,b,true,2
205.706,-40,true,l,true,2
160,-40,false,l,true,2
196.767,-40,true,g,true,2
187.396,-60,false,g,true,2
185.057,-60,false,b,true,2
194.54,-40,true,l,true,2
160,-40,false,l,true,2
171.04,-40,true,g,true,2
160.171,-60,false,g,true,2
199.581,-60,false,b,true,2
208.405,-40,true,l,true,2
160,-40,false,l,true,2
167.547,-40,true,g,true,2
156.435,-60,false,g,true,2
199.946,-60,false,b,true,2
208.754,-40,true,l,true,2
160,-40,false,l,true,2
164.749,-40,true,g,true,2
153.435,-60,false,g,true,2
198.821,-60,false,b,true,2
207.677,-40,true,l,true,2
160,-40,false,l,true,2
150.231,-40,true,g,true,2
137.73,-60,false,g,true,2
185.163,-60,false,b,true,2
194.641,-40,true,l,true,2
160,-40,false,l,true,2
168.183,-40,true,g,true,2
157.116,-60,false,g,true,2
197.969,-60,false,b,true,2
206.862,-40,true,l,true,2
160,-40,false,l,true,2
192.382,-40,true,g,true,2
182.787,-60,false,g,true,2
180.623,-60,false,b,true,2
190.327,-40,true,l,true,2
160,-40,false,l,true,2
166.137,-40,true,g,true,2
154.924,-60,false,g,true,2
199.153,-60,false,b,true,2
207.995,-40,true,l,true,2
160,-40,false,l,true,2
154.661,-40,true,g,true,2
142.549,-60,false,g,true,2
191.749,-60,false,b,true,2
200.917,-40,true,l,true,2
160,-40,false,l,true,2
172.302,-40,true,g,true,2
161.517,-60,false,g,true,2
197.32,-60,false,b,true,2
206.241,-40,true,l,true,2
160,-40,false,l,true,2
193.429,-40,true,g,true,2
183.888,-60,false,g,true,2
181.318,-60,false,b,true,2
190.988,-40,true,l,true,2
160,-40,false,l,true,2
147.747,-40,true,g,true,2
135.015,-60,false,g,true,2
153.244,-60,false,b,true,2
165.13,-60,false,b,true,2
153.301,-60,false,b,true,2
199.816,-60,false,b,true,2
208.63,-40,true,l,true,2
160,-40,false,l,true,2
199.979,-40,true,g,true,2
190.766,-60,false,g,true,2
199.955,-60,false,b,true,2
208.763,-40,true,l,true,2
160,-40,false,l,true,2
165.308,-40,true,g,true,2
154.035,-60,false,g,true,2
185.602,-60,false,b,true,2
195.059,-40,true,l,true,2
160,-40,false,l,true,2
183.206,-40,true,g,true,2
173.102,-60,false,g,true,2
197.563,-60,false,b,true,2
206.473,-40,true,l,true,2
160,-40,false,l,true,2
192.192,-40,true,g,true,2
182.587,-60,false,g,true,2
199.135,-60,false,b,true,2
207.978,-40,true,l,true,2
160,-40,false,l,true,2
192.685,-40,true,g,true,2
183.106,-60,false,g,true,2
179.751,-60,false,b,true,2
189.5,-40,true,l,true,2
160,-40,false,l,true,2
198.921,-40,true,g,true,2
189.656,-60,false,g,true,2
197.977,-60,false,b,true,2
206.869,-40,true,l,true,2
160,-40,false,l,true,2
156.94,-40,true,g,true,2
145.018,-60,false,g,true,2
179.431,-60,false,b,true,2
189.197,-40,true,l,true,2
160,-40,false,l,true,2
167.618,-40,true,g,true,2
156.511,-60,false,g,true,2
196.928,-60,false,b,true,2
205.866,-40,true,l,true,2
160,-40,false,l,true,2
196.902,-40,true,g,true,2
187.537,-60,false,g,true,2
185.216,-60,false,b,true,2
194.692,-40,true,l,true,2
160,-40,false,l,true,2
171.171,-40,true,g,true,2
160.311,-60,false,g,true,2
199.739,-60,false,b,true,2
208.556,-40,true,l,true,2
160,-40,false,l,true,2
167.677,-40,true,g,true,2
156.575,-60,false,g,true,2
196.336,-60,false,b,true,2
205.299,-40,true,l,true,2
160,-40,false,l,true,2
164.808,-40,true,g,true,2
153.498,-60,false,g,true,2
197.819,-60,false,b,true,2
206.718,-40,true,l,true,2
160,-40,false,l,true,2
153.353,-40,true,g,true,2
141.128,-60,false,g,true,2
195.384,-60,false,b,true,2
160,-60,false,f,true,3
160,-40,false,l,true,3
175.389,-40,true,g,true,3
164.807,-60,false,g,true,3
186.215,-60,false,b,true,3
195.642,-40,true,l,true,3
160,-40,false,l,true,3
168.316,-40,true,g,true,3
157.259,-60,false,g,true,3
197.101,-60,false,b,true,3
206.031,-40,true,l,true,3
160,-40,false,l,true,3
166.644,-40,true,g,true,3
155.468,-60,false,g,true,3
195.332,-60,false,b,true,3
204.34,-40,true,l,true,3
160,-40,false,l,true,3
178.233,-40,true,g,true,3
167.831,-60,false,g,true,3
199.936,-60,false,b,true,3
208.745,-40,true,l,true,3
160,-40,false,l,true,3
154.897,-40,true,g,true,3
142.804,-60,false,g,true,3
187.082,-60,false,b,true,3
196.468,-40,true,l,true,3
160,-40,false,l,true,3
171.726,-40,true,g,true,3
160.903,-60,false,g,true,3
198.983,-60,false,b,true,3
207.832,-40,true,l,true,3
160,-40,false,l,true,3
171.559,-40,true,g,true,3
160.725,-60,false,g,true,3
199.13,-60,false,b,true,3
207.973,-40,true,l,true,3
160,-40,false,l,true,3
166.036,-40,true,g,true,3
154.816,-60,false,g,true,3
198.118,-60,false,b,true,3
207.004,-40,true,l,true,3
160,-40,false,l,true,3
170.866,-40,true,g,true,3
159.985,-60,false,g,true,3
156.657,-60,false,b,true,3
167.754,-40,true,l,true,3
160,-40,false,l,true,3
170.65,-40,true,g,true,3
159.754,-60,false,g,true,3
198.966,-60,false,b,true,3
207.816,-40,true,l,true,3
160,-40,false,l,true,3
165.311,-40,true,g,true,3
154.038,-60,false,g,true,3
198.253,-60,false,b,true,3
207.133,-40,true,l,true,3
160,-40,false,l,true,3
205.7,-40,true,g,true,3
196.755,-60,false,g,true,3
194.291,-60,false,b,true,3
196.369,-60,false,b,true,3
205.331,-40,true,l,true,3
160,-40,false,l,true,3
156.702,-40,true,g,true,3
144.76,-60,false,g,true,3
174.191,-60,false,b,true,3
184.235,-40,true,l,true,3
160,-40,false,l,true,3
162.535,-40,true,g,true,3
151.055,-60,false,g,true,3
193.932,-60,false,b,true,3
203.002,-40,true,l,true,3
160,-40,false,l,true,3
155.083,-40,true,g,true,3
143.006,-60,false,g,true,3
170.388,-60,false,b,true,3
195.323,-60,false,b,true,3
204.33,-40,true,l,true,3
160,-40,false,l,true,3
171.752,-40,true,g,true,3
160.931,-60,false,g,true,3
188.533,-60,false,b,true,3
198.528,-60,false,b,true,3
207.396,-40,true,l,true,3
160,-40,false,l,true,3
202.418,-40,true,g,true,3
193.321,-60,false,g,true,3
195.326,-60,false,b,true,3
204.333,-40,true,l,true,3
160,-40,false,l,true,3
168.76,-40,true,g,true,3
157.734,-60,false,g,true,3
177.322,-60,false,b,true,3
187.198,-40,true,l,true,3
160,-40,false,l,true,3
163.135,-40,true,g,true,3
151.7,-60,false,g,true,3
193.021,-60,false,b,true,3
202.132,-40,true,l,true,3
160,-40,false,l,true,3
189.466,-40,true,g,true,3
179.715,-60,false,g,true,3
176.385,-60,false,b,true,3
186.31,-40,true,l,true,3
160,-40,false,l,true,3
160.053,-40,true,g,true,3
148.381,-60,false,g,true,3
175.44,-60,false,b,true,3
185.416,-40,true,l,true,3
160,-40,false,l,true,3
201.366,-40,true,g,true,3
192.22,-60,false,g,true,3
192.295,-60,false,b,true,3
201.438,-40,true,l,true,3
160,-40,false,l,true,3
179.558,-40,true,g,true,3
169.236,-60,false,g,true,3
196.788,-60,false,b,true,3
205.732,-40,true,l,true,3
160,-40,false,l,true,3
171.053,-40,true,g,true,3
160.185,-60,false,g,true,3
157.887,-60,false,b,true,3
168.903,-40,true,l,true,3
160,-40,false,l,true,3
158.006,-40,true,g,true,3
146.171,-60,false,g,true,3
190.474,-60,false,b,true,3
199.7,-40,true,l,true,3
160,-40,false,l,true,3
171.81,-40,true,g,true,3
160.993,-60,false,g,true,3
196.539,-60,false,b,true,3
205.494,-40,true,l,true,3
160,-40,false,l,true,3
153.203,-40,true,g,true,3
140.965,-60,false,g,true,3
188.805,-60,false,b,true,3
198.109,-40,true,l,true,3
160,-40,false,l,true,3
152.379,-40,true,g,true,3
140.069,-60,false,g,true,3
199.183,-60,false,b,true,3
208.024,-40,true,l,true,3
160,-40,false,l,true,3
150.46,-40,true,g,true,3
137.979,-60,false,g,true,3
185.712,-60,false,b,true,3
195.164,-40,true,l,true,3
160,-40,false,l,true,3
195.355,-40,true,g,true,3
185.913,-60,false,g,true,3
183.392,-60,false,b,true,3
199.257,-60,false,b,true,3
208.094,-40,true,l,true,3
160,-40,false,l,true,3
167.641,-40,true,g,true,3
156.536,-60,false,g,true,3
191.693,-60,false,b,true,3
200.863,-40,true,l,true,3
160,-40,false,l,true,3
205.074,-40,true,g,true,3
196.101,-60,false,g,true,3
192.796,-60,false,b,true,3
201.916,-40,true,l,true,3
160,-40,false,l,true,3
173.35,-40,true,g,true,3
162.635,-60,false,g,true,3
159.377,-60,false,b,true,3
164.932,-60,false,b,true,3
196.009,-60,false,b,true,3
204.987,-40,true,l,true,3
160,-40,false,l,true,3
164.172,-40,true,g,true,3
152.815,-60,false,g,true,3
180.315,-60,false,b,true,3
190.036,-40,true,l,true,3
160,-40,false,l,true,3
176.536,-40,true,g,true,3
166.027,-60,false,g,true,3
196.722,-60,false,b,true,3
205.668,-40,true,l,true,3
160,-40,false,l,true,3
164.756,-40,true,g,true,3
153.442,-60,false,g,true,3
179.778,-60,false,b,true,3
189.526,-40,true,l,true,3
160,-40,false,l,true,3
158.765,-40,true,g,true,3
146.991,-60,false,g,true,3
143.777,-60,false,b,true,3
155.794,-40,true,l,true,3
160,-40,false,l,true,3
176.468,-40,true,g,true,3
165.955,-60,false,g,true,3
199.054,-60,false,b,true,3
207.9,-40,true,l,true,3
160,-40,false,l,true,3
201.366,-40,true,g,true,3
192.22,-60,false,g,true,3
189.167,-60,false,b,true,3
198.454,-40,true,l,true,3
160,-40,false,l,true,3
190.899,-40,true,g,true,3
181.225,-60,false,g,true,3
179.624,-60,false,b,true,3
189.38,-40,true,l,true,3
160,-40,false,l,true,3
167.243,-40,true,g,true,3
156.109,-60,false,g,true,3
199.782,-60,false,b,true,3
208.598,-40,true,l,true,3
160,-40,false,l,true,3
156.658,-40,true,g,true,3
144.713,-60,false,g,true,3
146.686,-60,false,b,true,3
196.418,-60,false,b,true,3
205.378,-40,true,l,true,3
160,-40,false,l,true,3
166.746,-40,true,g,true,3
155.577,-60,false,g,true,3
198.829,-60,false,b,true,3
207.685,-40,true,l,true,3
160,-40,false,l,true,3
152.439,-40,true,g,true,3
140.135,-60,false,g,true,3
187.751,-60,false,b,true,3
197.106,-40,true,l,true,3
160,-40,false,l,true,3
155.923,-40,true,g,true,3
143.917,-60,false,g,true,3
191.163,-60,false,b,true,3
200.358,-40,true,l,true,3
160,-40,false,l,true,3
159.423,-40,true,g,true,3
147.701,-60,false,g,true,3
194.59,-60,false,b,true,3
203.63,-40,true,l,true,3
160,-40,false,l,true,3
158.785,-40,true,g,true,3
147.012,-60,false,g,true,3
195.23,-60,false,b,true,3
204.242,-40,true,l,true,3
160,-40,false,l,true,3
166.971,-40,true,g,true,3
155.818,-60,false,g,true,3
199.071,-60,false,b,true,3
207.917,-40,true,l,true,3
160,-40,false,l,true,3
163.386,-40,true,g,true,3
151.97,-60,false,g,true,3
195.254,-60,false,b,true,3
204.265,-40,true,l,true,3
160,-40,false,l,true,3
186.017,-40,true,g,true,3
176.075,-60,false,g,true,3
197.392,-60,false,b,true,3
206.31,-40,true,l,true,3
160,-40,false,l,true,3
173.091,-40,true,g,true,3
162.359,-60,false,g,true,3
197.746,-60,false,b,true,3
206.648,-40,true,l,true,3
160,-40,false,l,true,3
197.536,-40,true,g,true,3
188.204,-60,false,g,true,3
186.033,-60,false,b,true,3
195.47,-40,true,l,true,3
160,-40,false,l,true,3
168.54,-40,true,g,true,3
157.498,-60,false,g,true,3
185.3,-60,false,b,true,3
194.772,-40,true,l,true,3
160,-40,false,l,true,3
171.038,-40,true,g,true,3
160.169,-60,false,g,true,3
199.449,-60,false,b,true,3
208.278,-40,true,l,true,3
160,-40,false,l,true,3
167.542,-40,true,g,true,3
156.43,-60,false,g,true,3
199.801,-60,false,b,true,3
208.615,-40,true,l,true,3
160,-40,false,l,true,3
164.132,-40,true,g,true,3
152.772,-60,false,g,true,3
196.056,-60,false,b,true,3
205.031,-40,true,l,true,3
160,-40,false,l,true,3
158.576,-40,true,g,true,3
146.786,-60,false,g,true,3
195.132,-60,false,b,true,3
204.148,-40,true,l,true,3
160,-40,false,l,true,3
165.837,-40,true,g,true,3
154.603,-60,false,g,true,3
198.212,-60,false,b,true,3
207.095,-40,true,l,true,3
160,-40,false,l,true,3
162.139,-40,true,g,true,3
150.629,-60,false,g,true,3
193.689,-60,false,b,true,3
202.769,-40,true,l,true,3
160,-40,false,l,true,3
154.669,-40,true,g,true,3
142.557,-60,false,g,true,3
170.083,-60,false,b,true,3
195.023,-60,false,b,true,3
204.044,-40,true,l,true,3
160,-40,false,l,true,3
171.341,-40,true,g,true,3
160.492,-60,false,g,true,3
188.223,-60,false,b,true,3
198.252,-60,false,b,true,3
207.133,-40,true,l,true,3
160,-40,false,l,true,3
148.688,-40,true,g,true,3
136.045,-60,false,g,true,3
184.161,-60,false,b,true,3
193.689,-40,true,l,true,3
160,-40,false,l,true,3
165.772,-40,true,g,true,3
154.533,-60,false,g,true,3
197.741,-60,false,b,true,3
206.643,-40,true,l,true,3
160,-40,false,l,true,3
152.073,-40,true,g,true,3
139.736,-60,false,g,true,3
187.006,-60,false,b,true,3
196.396,-40,true,l,true,3
160,-40,false,l,true,3
171.517,-40,true,g,true,3
160.68,-60,false,g,true,3
199.337,-60,false,b,true,3
208.171,-40,true,l,true,3
160,-40,false,l,true,3
170.877,-40,true,g,true,3
159.996,-60,false,g,true,3
198.788,-60,false,b,true,3
207.645,-40,true,l,true,3
160,-40,false,l,true,3
152.279,-40,true,g,true,3
139.961,-60,false,g,true,3
187.29,-60,false,b,true,3
196.666,-40,true,l,true,3
160,-40,false,l,true,3
171.813,-40,true,g,true,3
160.996,-60,false,g,true,3
199.654,-60,false,b,true,3
208.475,-40,true,l,true,3
160,-40,false,l,true,3
171.087,-40,true,g,true,3
160.221,-60,false,g,true,3
199.062,-60,false,b,true,3
207.908,-40,true,l,true,3
160,-40,false,l,true,3
152.486,-40,true,g,true,3
140.186,-60,false,g,true,3
187.574,-60,false,b,true,3
196.936,-40,true,l,true,3
160,-40,false,l,true,3
155.973,-40,true,g,true,3
143.97,-60,false,g,true,3
190.992,-60,false,b,true,3
200.195,-40,true,l,true,3
160,-40,false,l,true,3
176.863,-40,true,g,true,3
166.374,-60,false,g,true,3
198.004,-60,false,b,true,3
206.895,-40,true,l,true,3
160,-40,false,l,true,3
197.791,-40,true,g,true,3
188.471,-60,false,g,true,3
186.377,-60,false,b,true,3
195.797,-40,true,l,true,3
160,-40,false,l,true,3
168.936,-40,true,g,true,3
157.922,-60,false,g,true,3
196.276,-60,false,b,true,3
205.242,-40,true,l,true,3
160,-40,false,l,true,3
166.729,-40,true,g,true,3
155.559,-60,false,g,true,3
198.793,-60,false,b,true,3
207.65,-40,true,l,true,3
160,-40,false,l,true,3
152.572,-40,true,g,true,3
140.28,-60,false,g,true,3
187.824,-60,false,b,true,3
197.174,-40,true,l,true,3
160,-40,false,l,true,3
156.058,-40,true,g,true,3
144.062,-60,false,g,true,3
191.237,-60,false,b,true,3
200.429,-40,true,l,true,3
160,-40,false,l,true,3
176.951,-40,true,g,true,3
166.469,-60,false,g,true,3
198.205,-60,false,b,true,3
207.087,-40,true,l,true,3
160,-40,false,l,true,3
197.903,-40,true,g,true,3
188.588,-60,false,g,true,3
186.612,-60,false,b,true,3
196.02,-40,true,l,true,3
160,-40,false,l,true,3
173.016,-40,true,g,true,3
162.279,-60,false,g,true,3
197.567,-60,false,b,true,3
206.477,-40,true,l,true,3
160,-40,false,l,true,3
197.443,-40,true,g,true,3
188.105,-60,false,g,true,3
185.836,-60,false,b,true,3
199.256,-60,false,b,true,3
208.094,-40,true,l,true,3
160,-40,false,l,true,3
172.129,-40,true,g,true,3
161.334,-60,false,g,true,3
190.236,-60,false,b,true,3
199.474,-40,true,l,true,3
160,-40,false,l,true,3
161.03,-40,true,g,true,3
149.434,-60,false,g,true,3
197.628,-60,false,b,true,3
206.536,-40,true,l,true,3
160,-40,false,l,true,3
151.587,-40,true,g,true,3
139.207,-60,false,g,true,3
187.101,-60,false,b,true,3
196.486,-40,true,l,true,3
160,-40,false,l,true,3
196.547,-40,true,g,true,3
187.165,-60,false,g,true,3
185.063,-60,false,b,true,3
198.759,-60,false,b,true,3
207.618,-40,true,l,true,3
160,-40,false,l,true,3
193.501,-40,true,g,true,3
183.963,-60,false,g,true,3
199.417,-60,false,b,true,3
208.248,-40,true,l,true,3
160,-40,false,l,true,3
150.513,-40,true,g,true,3
138.037,-60,false,g,true,3
166.684,-60,false,b,true,3
177.154,-40,true,l,true,3
160,-40,false,l,true,3
184.04,-40,true,g,true,3
173.985,-60,false,g,true,3
170.482,-60,false,b,true,3
180.732,-40,true,l,true,3
160,-40,false,l,true,3
176.981,-40,true,g,true,3
166.5,-60,false,g,true,3
198.407,-60,false,b,true,3
207.281,-40,true,l,true,3
160,-40,false,l,true,3
163.621,-40,true,g,true,3
152.223,-60,false,g,true,3
188.426,-60,false,b,true,3
198.864,-60,false,b,true,3
207.718,-40,true,l,true,3
160,-40,false,l,true,3
166.439,-40,true,g,true,3
155.248,-60,false,g,true,3
194.693,-60,false,b,true,3
203.729,-40,true,l,true,3
160,-40,false,l,true,3
169.141,-40,true,g,true,3
158.141,-60,false,g,true,3
194.515,-60,false,b,true,3
203.559,-40,true,l,true,3
160,-40,false,l,true,3
148.729,-40,true,g,true,3
136.089,-60,false,g,true,3
161.203,-60,false,b,true,3
175.372,-60,false,b,true,3
184.695,-60,false,b,true,3
198.948,-60,false,b,true,3
207.799,-40,true,l,true,3
160,-40,false,l,true,3
164.526,-40,true,g,true,3
153.196,-60,false,g,true,3
196.297,-60,false,b,true,3
205.262,-40,true,l,true,3
160,-40,false,l,true,3
166.738,-40,true,g,true,3
155.569,-60,false,g,true,3
198.814,-60,false,b,true,3
207.671,-40,true,l,true,3
160,-40,false,l,true,3
152.484,-40,true,g,true,3
140.183,-60,false,g,true,3
187.775,-60,false,b,true,3
197.128,-40,true,l,true,3
160,-40,false,l,true,3
155.968,-40,true,g,true,3
143.966,-60,false,g,true,3
191.188,-60,false,b,true,3
200.381,-40,true,l,true,3
160,-40,false,l,true,3
159.468,-40,true,g,true,3
147.75,-60,false,g,true,3
194.616,-60,false,b,true,3
203.655,-40,true,l,true,3
160,-40,false,l,true,3
158.777,-40,true,g,true,3
147.004,-60,false,g,true,3
195.216,-60,false,b,true,3
204.228,-40,true,l,true,3
160,-40,false,l,true,3
160,-60,false,f,true,4
197.667,-60,false,b,true,4
199.333,-60,false,b,true,4
208.167,-40,true,l,true,4
160,-40,false,l,true,4
166.222,-40,true,g,true,4
155.016,-60,false,g,true,4
150.563,-60,false,b,true,4
162.078,-40,true,l,true,4
160,-40,false,l,true,4
165.119,-40,true,g,true,4
153.832,-60,false,g,true,4
148.895,-60,false,b,true,4
160.529,-40,true,l,true,4
160,-40,false,l,true,4
164.029,-40,true,g,true,4
152.661,-60,false,g,true,4
181.071,-60,false,b,true,4
183.839,-60,false,b,true,4
193.382,-40,true,l,true,4
160,-40,false,l,true,4
190.03,-40,true,g,true,4
180.309,-60,false,g,true,4
149.092,-60,false,b,true,4
160.713,-40,true,l,true,4
160,-40,false,l,true,4
163.508,-40,true,g,true,4
152.102,-60,false,g,true,4
145.963,-60,false,b,true,4
157.814,-40,true,l,true,4
160,-40,false,l,true,4
188.557,-40,true,g,true,4
178.756,-60,false,g,true,4
175.085,-60,false,b,true,4
137.983,-60,false,b,true,4
178.881,-60,false,b,true,4
182.566,-60,false,b,true,4
192.173,-40,true,l,true,4
160,-40,false,l,true,4
160.208,-40,true,g,true,4
148.548,-60,false,g,true,4
139.13,-60,false,b,true,4
163.199,-60,false,b,true,4
173.879,-40,true,l,true,4
160,-40,false,l,true,4
164.242,-40,true,g,true,4
152.89,-60,false,g,true,4
146.179,-60,false,b,true,4
147.686,-60,false,b,true,4
159.409,-40,true,l,true,4
160,-40,false,l,true,4
152.671,-40,true,g,true,4
140.386,-60,false,g,true,4
138.381,-60,false,b,true,4
150.829,-40,true,l,true,4
160,-40,false,l,true,4
206.829,-40,true,g,true,4
197.934,-60,false,g,true,4
194.509,-60,false,b,true,4
157.023,-60,false,b,true,4
195.201,-60,false,b,true,4
199.1,-60,false,b,true,4
207.944,-40,true,l,true,4
160,-40,false,l,true,4
166.178,-40,true,g,true,4
154.968,-60,false,g,true,4
183.859,-60,false,b,true,4
187.945,-60,false,b,true,4
197.29,-40,true,l,true,4
160,-40,false,l,true,4
188.158,-40,true,g,true,4
178.335,-60,false,g,true,4
178.569,-60,false,b,true,4
151.619,-60,false,b,true,4
199.503,-60,false,b,true,4
208.33,-40,true,l,true,4
160,-40,false,l,true,4
203.568,-40,true,g,true,4
194.525,-60,false,g,true,4
193.415,-60,false,b,true,4
162.083,-60,false,b,true,4
198.276,-60,false,b,true,4
199.578,-60,false,b,true,4
208.402,-40,true,l,true,4
160,-40,false,l,true,4
183.493,-40,true,g,true,4
173.406,-60,false,g,true,4
136.149,-60,false,b,true,4
156.776,-60,false,b,true,4
154.149,-60,false,b,true,4
165.414,-40,true,l,true,4
160,-40,false,l,true,4
169.428,-40,true,g,true,4
158.449,-60,false,g,true,4
149.286,-60,false,b,true,4
199.843,-60,false,b,true,4
208.656,-40,true,l,true,4
160,-40,false,l,true,4
167.934,-40,true,g,true,4
156.849,-60,false,g,true,4
149.451,-60,false,b,true,4
161.045,-40,true,l,true,4
160,-40,false,l,true,4
163.965,-40,true,g,true,4
152.593,-60,false,g,true,4
143.773,-60,false,b,true,4
155.791,-40,true,l,true,4
160,-40,false,l,true,4
187.158,-40,true,g,true,4
177.28,-60,false,g,true,4
174.236,-60,false,b,true,4
193.029,-60,false,b,true,4
182.872,-60,false,b,true,4
192.463,-40,true,l,true,4
160,-40,false,l,true,4
198.832,-40,true,g,true,4
189.563,-60,false,g,true,4
161.401,-60,false,b,true,4
172.192,-40,true,l,true,4
160,-40,false,l,true,4
161.785,-40,true,g,true,4
150.248,-60,false,g,true,4
142.519,-60,false,b,true,4
154.634,-40,true,l,true,4
160,-40,false,l,true,4
165.823,-40,true,g,true,4
154.588,-60,false,g,true,4
151.252,-60,false,b,true,4
195.664,-60,false,b,true,4
204.657,-40,true,l,true,4
160,-40,false,l,true,4
162.845,-40,true,g,true,4
151.389,-60,false,g,true,4
148.669,-60,false,b,true,4
159.832,-60,false,b,true,4
151.773,-60,false,b,true,4
163.202,-40,true,l,true,4
160,-40,false,l,true,4
159.299,-40,true,g,true,4
147.567,-60,false,g,true,4
141.086,-60,false,b,true,4
143.088,-60,false,b,true,4
155.159,-40,true,l,true,4
160,-40,false,l,true,4
163.761,-40,true,g,true,4
152.373,-60,false,g,true,4
177.539,-60,false,b,true,4
180.43,-60,false,b,true,4
190.144,-40,true,l,true,4
160,-40,false,l,true,4
167.894,-40,true,g,true,4
156.807,-60,false,g,true,4
146.724,-60,false,b,true,4
158.518,-40,true,l,true,4
160,-40,false,l,true,4
183.826,-40,true,g,true,4
173.758,-60,false,g,true,4
137.982,-60,false,b,true,4
152.184,-60,false,b,true,4
144.721,-60,false,b,true,4
145.78,-60,false,b,true,4
157.644,-40,true,l,true,4
160,-40,false,l,true,4
197.515,-40,true,g,true,4
188.182,-60,false,g,true,4
148.674,-60,false,b,true,4
160.324,-40,true,l,true,4
160,-40,false,l,true,4
185.721,-40,true,g,true,4
175.762,-60,false,g,true,4
172.703,-60,false,b,true,4
163.159,-60,false,b,true,4
185.736,-60,false,b,true,4
180.051,-60,false,b,true,4
189.785,-40,true,l,true,4
160,-40,false,l,true,4
161.593,-40,true,g,true,4
150.041,-60,false,g,true,4
141.769,-60,false,b,true,4
153.943,-40,true,l,true,4
160,-40,false,l,true,4
184.891,-40,true,g,true,4
174.885,-60,false,g,true,4
143.026,-60,false,b,true,4
155.102,-40,true,l,true,4
160,-40,false,l,true,4
187.172,-40,true,g,true,4
177.295,-60,false,g,true,4
173.916,-60,false,b,true,4
192.316,-60,false,b,true,4
181.451,-60,false,b,true,4
191.114,-40,true,l,true,4
160,-40,false,l,true,4
167.342,-40,true,g,true,4
156.216,-60,false,g,true,4
148.375,-60,false,b,true,4
160.047,-40,true,l,true,4
160,-40,false,l,true,4
202.626,-40,true,g,true,4
193.539,-60,false,g,true,4
157.766,-60,false,b,true,4
168.79,-40,true,l,true,4
160,-40,false,l,true,4
173.36,-40,true,g,true,4
162.646,-60,false,g,true,4
156.677,-60,false,b,true,4
167.773,-40,true,l,true,4
160,-40,false,l,true,4
207.904,-40,true,g,true,4
199.058,-60,false,g,true,4
159.889,-60,false,b,true,4
170.777,-40,true,l,true,4
160,-40,false,l,true,4
175.007,-40,true,g,true,4
164.4,-60,false,g,true,4
158.142,-60,false,b,true,4
169.142,-40,true,l,true,4
160,-40,false,l,true,4
165.295,-40,true,g,true,4
154.021,-60,false,g,true,4
144.908,-60,false,b,true,4
156.838,-40,true,l,true,4
160,-40,false,l,true,4
188.425,-40,true,g,true,4
178.617,-60,false,g,true,4
143.3,-60,false,b,true,4
155.354,-40,true,l,true,4
160,-40,false,l,true,4
165.092,-40,true,g,true,4
153.803,-60,false,g,true,4
143.447,-60,false,b,true,4
155.49,-40,true,l,true,4
160,-40,false,l,true,4
163.185,-40,true,g,true,4
151.754,-60,false,g,true,4
143.041,-60,false,b,true,4
155.115,-40,true,l,true,4
160,-40,false,l,true,4
159.638,-40,true,g,true,4
147.933,-60,false,g,true,4
139.764,-60,false,b,true,4
152.099,-40,true,l,true,4
160,-40,false,l,true,4
207.972,-40,true,g,true,4
199.129,-60,false,g,true,4
160.098,-60,false,b,true,4
170.972,-40,true,l,true,4
160,-40,false,l,true,4
175.538,-40,true,g,true,4
164.965,-60,false,g,true,4
158.875,-60,false,b,true,4
169.827,-40,true,l,true,4
160,-40,false,l,true,4
172.142,-40,true,g,true,4
161.347,-60,false,g,true,4
155.809,-60,false,b,true,4
166.963,-40,true,l,true,4
160,-40,false,l,true,4
206.31,-40,true,g,true,4
197.392,-60,false,g,true,4
193.89,-60,false,b,true,4
156.365,-60,false,b,true,4
194.579,-60,false,b,true,4
198.551,-60,false,b,true,4
207.419,-40,true,l,true,4
160,-40,false,l,true,4
165.567,-40,true,g,true,4
154.313,-60,false,g,true,4
183.236,-60,false,b,true,4
187.401,-60,false,b,true,4
196.771,-40,true,l,true,4
160,-40,false,l,true,4
159.558,-40,true,g,true,4
147.847,-60,false,g,true,4
137.836,-60,false,b,true,4
150.329,-40,true,l,true,4
160,-40,false,l,true,4
159.904,-40,true,g,true,4
148.22,-60,false,g,true,4
140.676,-60,false,b,true,4
152.937,-40,true,l,true,4
160,-40,false,l,true,4
177.395,-40,true,g,true,4
166.941,-60,false,g,true,4
195.997,-60,false,b,true,4
204.975,-40,true,l,true,4
160,-40,false,l,true,4
163.535,-40,true,g,true,4
152.13,-60,false,g,true,4
144.196,-60,false,b,true,4
156.181,-40,true,l,true,4
160,-40,false,l,true,4
184.591,-40,true,g,true,4
174.567,-60,false,g,true,4
135.519,-60,false,b,true,4
148.207,-40,true,l,true,4
160,-40,false,l,true,4
186.748,-40,true,g,true,4
176.846,-60,false,g,true,4
174.218,-60,false,b,true,4
192.266,-60,false,b,true,4
181.104,-60,false,b,true,4
190.784,-40,true,l,true,4
160,-40,false,l,true,4
184.594,-40,true,g,true,4
174.571,-60,false,g,true,4
135.587,-60,false,b,true,4
148.269,-40,true,l,true,4
160,-40,false,l,true,4
186.757,-40,true,g,true,4
176.856,-60,false,g,true,4
174.308,-60,false,b,true,4
192.46,-60,false,b,true,4
181.367,-60,false,b,true,4
191.034,-40,true,l,true,4
160,-40,false,l,true,4
167.468,-40,true,g,true,4
156.351,-60,false,g,true,4
148.627,-60,false,b,true,4
160.281,-40,true,l,true,4
160,-40,false,l,true,4
162.632,-40,true,g,true,4
151.159,-60,false,g,true,4
145.203,-60,false,b,true,4
157.111,-40,true,l,true,4
160,-40,false,l,true,4
165.27,-40,true,g,true,4
153.994,-60,false,g,true,4
143.779,-60,false,b,true,4
155.796,-40,true,l,true,4
160,-40,false,l,true,4
177.53,-40,true,g,true,4
167.083,-60,false,g,true,4
159.892,-60,false,b,true,4
170.779,-40,true,l,true,4
160,-40,false,l,true,4
187.41,-40,true,g,true,4
177.546,-60,false,g,true,4
174.144,-60,false,b,true,4
192.487,-60,false,b,true,4
181.555,-60,false,b,true,4
191.212,-40,true,l,true,4
160,-40,false,l,true,4
167.499,-40,true,g,true,4
156.384,-60,false,g,true,4
148.873,-60,false,b,true,4
160.509,-40,true,l,true,4
160,-40,false,l,true,4
162.684,-40,true,g,true,4
151.215,-60,false,g,true,4
145.427,-60,false,b,true,4
157.318,-40,true,l,true,4
160,-40,false,l,true,4
165.282,-40,true,g,true,4
154.007,-60,false,g,true,4
144.696,-60,false,b,true,4
156.643,-40,true,l,true,4
160,-40,false,l,true,4
188.658,-40,true,g,true,4
178.862,-60,false,g,true,4
143.479,-60,false,b,true,4
155.519,-40,true,l,true,4
160,-40,false,l,true,4
165.083,-40,true,g,true,4
153.793,-60,false,g,true,4
143.266,-60,false,b,true,4
182.84,-60,false,b,true,4
192.433,-40,true,l,true,4
160,-40,false,l,true,4
203.082,-40,true,g,true,4
194.016,-60,false,g,true,4
158.611,-60,false,b,true,4
169.581,-40,true,l,true,4
160,-40,false,l,true,4
184.712,-40,true,g,true,4
174.695,-60,false,g,true,4
135.3,-60,false,b,true,4
151.384,-60,false,b,true,4
143.887,-60,false,b,true,4
155.896,-40,true,l,true,4
160,-40,false,l,true,4
164.114,-40,true,g,true,4
152.753,-60,false,g,true,4
142.461,-60,false,b,true,4
177.987,-60,false,b,true,4
187.828,-40,true,l,true,4
160,-40,false,l,true,4
167.683,-40,true,g,true,4
156.581,-60,false,g,true,4
148.379,-60,false,b,true,4
196.784,-60,false,b,true,4
205.728,-40,true,l,true,4
160,-40,false,l,true,4
165.259,-40,true,g,true,4
153.982,-60,false,g,true,4
192.719,-60,false,b,true,4
195.754,-60,false,b,true,4
204.743,-40,true,l,true,4
160,-40,false,l,true,4
169.278,-40,true,g,true,4
158.288,-60,false,g,true,4
156.102,-60,false,b,true,4
137.17,-60,false,b,true,4
162.964,-60,false,b,true,4
164.501,-60,false,b,true,4
175.102,-40,true,l,true,4
160,-40,false,l,true,4
165.789,-40,true,g,true,4
154.551,-60,false,g,true,4
149.031,-60,false,b,true,4
160.656,-40,true,l,true,4
160,-40,false,l,true,4
195.91,-40,true,g,true,4
186.496,-60,false,g,true,4
137.194,-60,false,b,true,4
142.396,-60,false,b,true,4
158.164,-60,false,b,true,4
155.594,-60,false,b,true,4
166.762,-40,true,l,true,4
160,-40,false,l,true,4
195.813,-40,true,g,true,4
186.394,-60,false,g,true,4
162.098,-60,false,b,true,4
136.647,-60,false,b,true,4
149.24,-40,true,l,true,4
160,-40,false,l,true,4
177.429,-40,true,g,true,4
166.976,-60,false,g,true,4
159.823,-60,false,b,true,4
170.714,-40,true,l,true,4
160,-40,false,l,true,4
187.254,-40,true,g,true,4
177.381,-60,false,g,true,4
173.994,-60,false,b,true,4
192.374,-60,false,b,true,4
181.486,-60,false,b,true,4
191.147,-40,true,l,true,4
160,-40,false,l,true,4
167.395,-40,true,g,true,4
156.273,-60,false,g,true,4
148.402,-60,false,b,true,4
160.072,-40,true,l,true,4
160,-40,false,l,true,4
202.708,-40,true,g,true,4
193.625,-60,false,g,true,4
157.848,-60,false,b,true,4
168.867,-40,true,l,true,4
160,-40,false,l,true,4
173.411,-40,true,g,true,4
162.7,-60,false,g,true,4
156.705,-60,false,b,true,4
160,-60,false,f,true,5
148.081,-60,false,b,true,5
159.774,-40,true,l,true,5
160,-40,false,l,true,5
161.025,-40,true,g,true,5
149.429,-60,false,g,true,5
136.148,-60,false,b,true,5
148.783,-40,true,l,true,5
160,-40,false,l,true,5
167.204,-40,true,g,true,5
156.068,-60,false,g,true,5
152.29,-60,false,b,true,5
163.683,-40,true,l,true,5
160,-40,false,l,true,5
167.628,-40,true,g,true,5
156.522,-60,false,g,true,5
149.991,-60,false,b,true,5
138.11,-60,false,b,true,5
150.58,-40,true,l,true,5
160,-40,false,l,true,5
171.914,-40,true,g,true,5
161.104,-60,false,g,true,5
155.079,-60,false,b,true,5
166.281,-40,true,l,true,5
160,-40,false,l,true,5
174.177,-40,true,g,true,5
163.517,-60,false,g,true,5
157.462,-60,false,b,true,5
168.506,-40,true,l,true,5
160,-40,false,l,true,5
169.534,-40,true,g,true,5
158.562,-60,false,g,true,5
152.69,-60,false,b,true,5
164.055,-40,true,l,true,5
160,-40,false,l,true,5
157.395,-40,true,g,true,5
145.51,-60,false,g,true,5
140.444,-60,false,b,true,5
152.724,-40,true,l,true,5
160,-40,false,l,true,5
168.778,-40,true,g,true,5
157.753,-60,false,g,true,5
151.796,-60,false,b,true,5
163.224,-40,true,l,true,5
160,-40,false,l,true,5
208.3,-40,true,g,true,5
199.471,-60,false,g,true,5
175.054,-60,false,b,true,5
142.483,-60,false,b,true,5
154.601,-40,true,l,true,5
160,-40,false,l,true,5
195.57,-40,true,g,true,5
186.138,-60,false,g,true,5
161.64,-60,false,b,true,5
172.417,-40,true,l,true,5
160,-40,false,l,true,5
155.835,-40,true,g,true,5
143.822,-60,false,g,true,5
136.399,-60,false,b,true,5
149.012,-40,true,l,true,5
160,-40,false,l,true,5
159.333,-40,true,g,true,5
147.604,-60,false,g,true,5
140.553,-60,false,b,true,5
152.824,-40,true,l,true,5
160,-40,false,l,true,5
200.898,-40,true,g,true,5
191.729,-60,false,g,true,5
171.486,-60,false,b,true,5
135.841,-60,false,b,true,5
148.502,-40,true,l,true,5
160,-40,false,l,true,5
166.354,-40,true,g,true,5
155.156,-60,false,g,true,5
141.252,-60,false,b,true,5
153.467,-40,true,l,true,5
160,-40,false,l,true,5
160.531,-40,true,g,true,5
148.897,-60,false,g,true,5
135.391,-60,false,b,true,5
137.962,-60,false,b,true,5
150.445,-40,true,l,true,5
160,-40,false,l,true,5
163.699,-40,true,g,true,5
152.306,-60,false,g,true,5
144.063,-60,false,b,true,5
156.059,-40,true,l,true,5
160,-40,false,l,true,5
174.122,-40,true,g,true,5
163.458,-60,false,g,true,5
157.106,-60,false,b,true,5
168.173,-40,true,l,true,5
160,-40,false,l,true,5
171.263,-40,true,g,true,5
160.409,-60,false,g,true,5
141.252,-60,false,b,true,5
153.467,-40,true,l,true,5
160,-40,false,l,true,5
165.331,-40,true,g,true,5
154.06,-60,false,g,true,5
149.277,-60,false,b,true,5
160.884,-40,true,l,true,5
160,-40,false,l,true,5
179.232,-40,true,g,true,5
168.89,-60,false,g,true,5
163.049,-60,false,b,true,5
151.319,-60,false,b,true,5
162.781,-40,true,l,true,5
160,-40,false,l,true,5
156.618,-40,true,g,true,5
144.67,-60,false,g,true,5
136.54,-60,false,b,true,5
149.142,-40,true,l,true,5
160,-40,false,l,true,5
203.114,-40,true,g,true,5
194.05,-60,false,g,true,5
151.508,-60,false,b,true,5
162.956,-40,true,l,true,5
160,-40,false,l,true,5
205.953,-40,true,g,true,5
197.02,-60,false,g,true,5
144.152,-60,false,b,true,5
156.14,-40,true,l,true,5
160,-40,false,l,true,5
173.12,-40,true,g,true,5
162.391,-60,false,g,true,5
156.235,-60,false,b,true,5
167.36,-40,true,l,true,5
160,-40,false,l,true,5
160.994,-40,true,g,true,5
149.395,-60,false,g,true,5
145.523,-60,false,b,true,5
157.407,-40,true,l,true,5
160,-40,false,l,true,5
193.379,-40,true,g,true,5
183.835,-60,false,g,true,5
144.534,-60,false,b,true,5
156.493,-40,true,l,true,5
160,-40,false,l,true,5
165.318,-40,true,g,true,5
154.045,-60,false,g,true,5
179.761,-60,false,b,true,5
140.101,-60,false,b,true,5
152.408,-40,true,l,true,5
160,-40,false,l,true,5
175.23,-40,true,g,true,5
164.637,-60,false,g,true,5
145.997,-60,false,b,true,5
157.845,-40,true,l,true,5
160,-40,false,l,true,5
196.187,-40,true,g,true,5
186.786,-60,false,g,true,5
162.276,-60,false,b,true,5
173.013,-40,true,l,true,5
160,-40,false,l,true,5
160.808,-40,true,g,true,5
149.195,-60,false,g,true,5
141.443,-60,false,b,true,5
143.909,-60,false,b,true,5
155.916,-40,true,l,true,5
160,-40,false,l,true,5
168.872,-40,true,g,true,5
157.853,-60,false,g,true,5
153.266,-60,false,b,true,5
164.592,-40,true,l,true,5
160,-40,false,l,true,5
175.717,-40,true,g,true,5
165.156,-60,false,g,true,5
159.915,-60,false,b,true,5
170.8,-40,true,l,true,5
160,-40,false,l,true,5
164.465,-40,true,g,true,5
153.129,-60,false,g,true,5
148.304,-60,false,b,true,5
159.981,-40,true,l,true,5
160,-40,false,l,true,5
192.109,-40,true,g,true,5
182.499,-60,false,g,true,5
154.411,-60,false,b,true,5
165.658,-40,true,l,true,5
160,-40,false,l,true,5
173.747,-40,true,g,true,5
163.059,-60,false,g,true,5
141.791,-60,false,b,true,5
140.552,-60,false,b,true,5
152.823,-40,true,l,true,5
160,-40,false,l,true,5
161.794,-40,true,g,true,5
150.257,-60,false,g,true,5
141.946,-60,false,b,true,5
154.106,-40,true,l,true,5
160,-40,false,l,true,5
168.731,-40,true,g,true,5
157.703,-60,false,g,true,5
139.328,-60,false,b,true,5
151.698,-40,true,l,true,5
160,-40,false,l,true,5
202.195,-40,true,g,true,5
193.087,-60,false,g,true,5
150.076,-60,false,b,true,5
161.626,-40,true,l,true,5
160,-40,false,l,true,5
196.053,-40,true,g,true,5
186.646,-60,false,g,true,5
152.165,-60,false,b,true,5
163.567,-40,true,l,true,5
160,-40,false,l,true,5
162.306,-40,true,g,true,5
150.809,-60,false,g,true,5
147.524,-60,false,b,true,5
159.259,-40,true,l,true,5
160,-40,false,l,true,5
164.139,-40,true,g,true,5
152.78,-60,false,g,true,5
137.557,-60,false,b,true,5
150.073,-40,true,l,true,5
160,-40,false,l,true,5
166.463,-40,true,g,true,5
155.274,-60,false,g,true,5
141.098,-60,false,b,true,5
153.326,-40,true,l,true,5
160,-40,false,l,true,5
200.206,-40,true,g,true,5
191.004,-60,false,g,true,5
151.566,-60,false,b,true,5
163.01,-40,true,l,true,5
160,-40,false,l,true,5
169.265,-40,true,g,true,5
158.274,-60,false,g,true,5
146.955,-60,false,b,true,5
158.732,-40,true,l,true,5
160,-40,false,l,true,5
197.873,-40,true,g,true,5
188.557,-60,false,g,true,5
153.531,-60,false,b,true,5
164.838,-40,true,l,true,5
160,-40,false,l,true,5
180.98,-40,true,g,true,5
170.745,-60,false,g,true,5
142.936,-60,false,b,true,5
155.019,-40,true,l,true,5
160,-40,false,l,true,5
203.632,-40,true,g,true,5
194.592,-60,false,g,true,5
152.315,-60,false,b,true,5
163.707,-40,true,l,true,5
160,-40,false,l,true,5
192.919,-40,true,g,true,5
183.351,-60,false,g,true,5
139.048,-60,false,b,true,5
151.441,-40,true,l,true,5
160,-40,false,l,true,5
195.645,-40,true,g,true,5
186.218,-60,false,g,true,5
137.067,-60,false,b,true,5
149.624,-40,true,l,true,5
160,-40,false,l,true,5
202.957,-40,true,g,true,5
193.885,-60,false,g,true,5
147.703,-60,false,b,true,5
159.425,-40,true,l,true,5
160,-40,false,l,true,5
202.189,-40,true,g,true,5
193.081,-60,false,g,true,5
142.61,-60,false,b,true,5
154.718,-40,true,l,true,5
160,-40,false,l,true,5
197.389,-40,true,g,true,5
188.049,-60,false,g,true,5
153.133,-60,false,b,true,5
164.468,-40,true,l,true,5
160,-40,false,l,true,5
199.133,-40,true,g,true,5
189.878,-60,false,g,true,5
150.238,-60,false,b,true,5
161.776,-40,true,l,true,5
160,-40,false,l,true,5
181.669,-40,true,g,true,5
171.475,-60,false,g,true,5
164.256,-60,false,b,true,5
174.872,-40,true,l,true,5
160,-40,false,l,true,5
158.887,-40,true,g,true,5
147.122,-60,false,g,true,5
139.917,-60,false,b,true,5
152.239,-40,true,l,true,5
160,-40,false,l,true,5
200.786,-40,true,g,true,5
191.612,-60,false,g,true,5
171.317,-60,false,b,true,5
135.531,-60,false,b,true,5
148.219,-40,true,l,true,5
160,-40,false,l,true,5
165.939,-40,true,g,true,5
154.711,-60,false,g,true,5
140.789,-60,false,b,true,5
153.041,-40,true,l,true,5
160,-40,false,l,true,5
159.206,-40,true,g,true,5
147.467,-60,false,g,true,5
143.391,-60,false,b,true,5
155.438,-40,true,l,true,5
160,-40,false,l,true,5
197.149,-40,true,g,true,5
187.797,-60,false,g,true,5
153.223,-60,false,b,true,5
164.552,-40,true,l,true,5
160,-40,false,l,true,5
162.886,-40,true,g,true,5
151.433,-60,false,g,true,5
147.596,-60,false,b,true,5
159.325,-40,true,l,true,5
160,-40,false,l,true,5
208.504,-40,true,g,true,5
199.684,-60,false,g,true,5
168.234,-60,false,b,true,5
178.613,-40,true,l,true,5
160,-40,false,l,true,5
204.82,-40,true,g,true,5
195.835,-60,false,g,true,5
149.56,-60,false,b,true,5
161.146,-40,true,l,true,5
160,-40,false,l,true,5
162.865,-40,true,g,true,5
151.41,-60,false,g,true,5
147.719,-60,false,b,true,5
159.44,-40,true,l,true,5
160,-40,false,l,true,5
208.296,-40,true,g,true,5
199.467,-60,false,g,true,5
168.051,-60,false,b,true,5
178.44,-40,true,l,true,5
160,-40,false,l,true,5
204.609,-40,true,g,true,5
195.614,-60,false,g,true,5
149.395,-60,false,b,true,5
160.994,-40,true,l,true,5
160,-40,false,l,true,5
162.845,-40,true,g,true,5
151.388,-60,false,g,true,5
147.844,-60,false,b,true,5
159.555,-40,true,l,true,5
160,-40,false,l,true,5
164.739,-40,true,g,true,5
153.424,-60,false,g,true,5
137.979,-60,false,b,true,5
150.46,-40,true,l,true,5
160,-40,false,l,true,5
204.074,-40,true,g,true,5
195.054,-60,false,g,true,5
157.015,-60,false,b,true,5
168.089,-40,true,l,true,5
160,-40,false,l,true,5
192.587,-40,true,g,true,5
183.002,-60,false,g,true,5
138.686,-60,false,b,true,5
151.108,-40,true,l,true,5
160,-40,false,l,true,5
195.311,-40,true,g,true,5
185.867,-60,false,g,true,5
155.311,-60,false,b,true,5
166.498,-40,true,l,true,5
160,-40,false,l,true,5
196.258,-40,true,g,true,5
186.861,-60,false,g,true,5
152.401,-60,false,b,true,5
163.786,-40,true,l,true,5
160,-40,false,l,true,5
162.542,-40,true,g,true,5
151.062,-60,false,g,true,5
147.738,-60,false,b,true,5
159.457,-40,true,l,true,5
160,-40,false,l,true,5
164.376,-40,true,g,true,5
153.034,-60,false,g,true,5
137.791,-60,false,b,true,5
150.287,-40,true,l,true,5
160,-40,false,l,true,5
203.588,-40,true,g,true,5
194.546,-60,false,g,true,5
156.538,-60,false,b,true,5
167.643,-40,true,l,true,5
160,-40,false,l,true,5
192.106,-40,true,g,true,5
182.496,-60,false,g,true,5
138.174,-60,false,b,true,5
150.639,-40,true,l,true,5
160,-40,false,l,true,5
204.044,-40,true,g,true,5
195.023,-60,false,g,true,5
152.719,-60,false,b,true,5
164.082,-40,true,l,true,5
160,-40,false,l,true,5
193.325,-40,true,g,true,5
183.779,-60,false,g,true,5
139.481,-60,false,b,true,5
151.838,-40,true,l,true,5
160,-40,false,l,true,5
170.636,-40,true,g,true,5
159.739,-60,false,g,true,5
152.816,-60,false,b,true,5
156.38,-60,false,b,true,5
167.495,-40,true,l,true,5
160,-40,false,l,true,5
198.917,-40,true,g,true,5
189.652,-60,false,g,true,5
150.605,-60,false,b,true,5
162.117,-40,true,l,true,5
160,-40,false,l,true,5
161.226,-40,true,g,true,5
149.646,-60,false,g,true,5
146.387,-60,false,b,true,5
158.206,-40,true,l,true,5
160,-40,false,l,true,5
192.754,-40,true,g,true,5
183.178,-60,false,g,true,5
138.928,-60,false,b,true,5
151.33,-40,true,l,true,5
160,-40,false,l,true,5
195.485,-40,true,g,true,5
186.049,-60,false,g,true,5
151.754,-60,false,b,true,5
135.436,-60,false,b,true,5
148.132,-40,true,l,true,5
160,-40,false,l,true,5
201.634,-40,true,g,true,5
192.5,-60,false,g,true,5
139.816,-60,false,b,true,5
150.496,-60,false,b,true,5
138.938,-60,false,b,true,5
151.34,-40,true,l,true,5
160,-40,false,l,true,5
162.228,-40,true,g,true,5
150.724,-60,false,g,true,5
136.395,-60,false,b,true,5
149.009,-40,true,l,true,5
160,-40,false,l,true,5
196.873,-40,true,g,true,5
187.507,-60,false,g,true,5
153.077,-60,false,b,true,5
164.416,-40,true,l,true,5
160,-40,false,l,true,5
179.203,-40,true,g,true,5
168.86,-60,false,g,true,5
161.121,-60,false,b,true,5
171.93,-40,true,l,true,5
160,-40,false,l,true,5
168.878,-40,true,g,true,5
157.86,-60,false,g,true,5
149.412,-60,false,b,true,5
161.009,-40,true,l,true,5
160,-40,false,l,true,5
198.004,-40,true,g,true,5
188.695,-60,false,g,true,5
165.198,-60,false,b,true,5
137.852,-60,false,b,true,5
150.344,-40,true,l,true,5
160,-40,false,l,true,5
207.936,-40,true,g,true,5
199.092,-60,false,g,true,5
190.968,-60,false,b,true,5
200.172,-40,true,l,true,5
160,-40,false,l,true,5
199.051,-40,true,g,true,5
189.793,-60,false,g,true,5
155.158,-60,false,b,true,5
166.355,-40,true,l,true,5
160,-40,false,l,true,5
196.125,-40,true,g,true,5
186.722,-60,false,g,true,5
152.248,-60,false,b,true,5
163.644,-40,true,l,true,5
160,-40,false,l,true,5
162.387,-40,true,g,true,5
150.896,-60,false,g,true,5
147.597,-60,false,b,true,5
159.326,-40,true,l,true,5
160,-40,false,l,true,5
164.221,-40,true,g,true,5
152.868,-60,false,g,true,5
137.637,-60,false,b,true,5
150.146,-40,true,l,true,5
160,-40,false,l,true,5
166.545,-40,true,g,true,5
155.361,-60,false,g,true,5
141.178,-60,false,b,true,5
153.398,-40,true,l,true,5
160,-40,false,l,true,5
200.276,-40,true,g,true,5
191.077,-60,false,g,true,5
151.646,-60,false,b,true,5
163.085,-40,true,l,true,5
160,-40,false,l,true,5
