x,z,relay,string,error,index
160,-60,false,f,true
148.081,-60,false,b,true
159.774,-40,true,l,true
160,-40,false,l,true
153.088,-40,true,g,true
140.84,-60,false,g,true
138.68,-60,false,b,true
149.548,-60,false,b,true
144.489,-60,false,b,true
187.868,-60,false,b,true
197.216,-40,true,l,true
160,-40,false,l,true
157.291,-40,true,g,true
145.397,-60,false,g,true
138.766,-60,false,b,true
151.182,-40,true,l,true
160,-40,false,l,true
184.309,-40,true,g,true
174.269,-60,false,g,true
138.502,-60,false,b,true
150.94,-40,true,l,true
160,-40,false,l,true
172.873,-40,true,g,true
162.127,-60,false,g,true
156.038,-60,false,b,true
167.176,-40,true,l,true
160,-40,false,l,true
184.901,-40,true,g,true
174.896,-60,false,g,true
143.213,-60,false,b,true
155.274,-40,true,l,true
160,-40,false,l,true
191.571,-40,true,g,true
181.932,-60,false,g,true
182.465,-60,false,b,true
155.227,-60,false,b,true
177.009,-60,false,b,true
181.167,-60,false,b,true
190.844,-40,true,l,true
160,-40,false,l,true
164.737,-40,true,g,true
153.422,-60,false,g,true
145.358,-60,false,b,true
144.533,-60,false,b,true
156.492,-40,true,l,true
160,-40,false,l,true
177.768,-40,true,g,true
167.336,-60,false,g,true
163.739,-60,false,b,true
165.711,-60,false,b,true
143.829,-60,false,b,true
135.725,-60,false,b,true
148.395,-40,true,l,true
160,-40,false,l,true
194.44,-40,true,g,true
184.951,-60,false,g,true
184.149,-60,false,b,true
155.336,-60,false,b,true
186.729,-60,false,b,true
196.132,-40,true,l,true
160,-40,false,l,true
174.115,-40,true,g,true
163.45,-60,false,g,true
156.121,-60,false,b,true
167.254,-40,true,l,true
160,-40,false,l,true
206.811,-40,true,g,true
197.917,-60,false,g,true
195.304,-60,false,b,true
145.752,-60,false,b,true
171.256,-60,false,b,true
170.758,-60,false,b,true
180.992,-40,true,l,true
160,-40,false,l,true
196.531,-40,true,g,true
187.148,-60,false,g,true
137.198,-60,false,b,true
157.062,-60,false,b,true
152.162,-60,false,b,true
172.445,-60,false,b,true
182.585,-40,true,l,true
160,-40,false,l,true
184.598,-40,true,g,true
174.575,-60,false,g,true
174.095,-60,false,b,true
142.965,-60,false,b,true
188.505,-60,false,b,true
191.987,-60,false,b,true
201.145,-40,true,l,true
160,-40,false,l,true
169.495,-40,true,g,true
158.52,-60,false,g,true
152.315,-60,false,b,true
168.459,-60,false,b,true
178.825,-40,true,l,true
160,-40,false,l,true
181.642,-40,true,g,true
171.446,-60,false,g,true
136.068,-60,false,b,true
151.594,-60,false,b,true
143.626,-60,false,b,true
155.655,-40,true,l,true
160,-40,false,l,true
162.715,-40,true,g,true
151.249,-60,false,g,true
143.371,-60,false,b,true
155.42,-40,true,l,true
160,-40,false,l,true
174.999,-40,true,g,true
164.392,-60,false,g,true
158.345,-60,false,b,true
169.331,-40,true,l,true
160,-40,false,l,true
165.249,-40,true,g,true
153.972,-60,false,g,true
145.124,-60,false,b,true
157.038,-40,true,l,true
160,-40,false,l,true
188.068,-40,true,g,true
178.241,-60,false,g,true
174.868,-60,false,b,true
190.249,-60,false,b,true
149.961,-60,false,b,true
187.355,-60,false,b,true
196.728,-40,true,l,true
160,-40,false,l,true
175.13,-40,true,g,true
164.531,-60,false,g,true
157.955,-60,false,b,true
178.373,-60,false,b,true
188.194,-40,true,l,true
160,-40,false,l,true
168.478,-40,true,g,true
157.432,-60,false,g,true
154.049,-60,false,b,true
159.767,-60,false,b,true
145.695,-60,false,b,true
138.926,-60,false,b,true
151.328,-40,true,l,true
160,-40,false,l,true
158.831,-40,true,g,true
147.063,-60,false,g,true
136.733,-60,false,b,true
149.318,-40,true,l,true
160,-40,false,l,true
172.847,-40,true,g,true
162.099,-60,false,g,true
156.791,-60,false,b,true
167.88,-40,true,l,true
160,-40,false,l,true
163.199,-40,true,g,true
151.769,-60,false,g,true
141.686,-60,false,b,true
165.969,-60,false,b,true
176.481,-40,true,l,true
160,-40,false,l,true
166.752,-40,true,g,true
155.583,-60,false,g,true
145.971,-60,false,b,true
179.719,-60,false,b,true
199.173,-60,false,b,true
208.014,-40,true,l,true
160,-40,false,l,true
165.012,-40,true,g,true
153.717,-60,false,g,true
160.393,-60,false,b,true
156.141,-60,false,b,true
167.272,-40,true,l,true
160,-40,false,l,true
177.956,-40,true,g,true
167.536,-60,false,g,true
164.829,-60,false,b,true
174.124,-60,false,b,true
158.22,-60,false,b,true
169.214,-40,true,l,true
160,-40,false,l,true
189.579,-40,true,g,true
179.834,-60,false,g,true
144.163,-60,false,b,true
156.151,-40,true,l,true
160,-40,false,l,true
163.288,-40,true,g,true
151.865,-60,false,g,true
143.453,-60,false,b,true
155.495,-40,true,l,true
160,-40,false,l,true
159.741,-40,true,g,true
148.045,-60,false,g,true
140.184,-60,false,b,true
152.485,-40,true,l,true
160,-40,false,l,true
156.208,-40,true,g,true
144.225,-60,false,g,true
136.944,-60,false,b,true
149.512,-40,true,l,true
160,-40,false,l,true
197.729,-40,true,g,true
188.406,-60,false,g,true
148.747,-60,false,b,true
160.392,-40,true,l,true
160,-40,false,l,true
167.813,-40,true,g,true
156.72,-60,false,g,true
148.7,-60,false,b,true
160.349,-40,true,l,true
160,-40,false,l,true
192.971,-40,true,g,true
183.406,-60,false,g,true
147.585,-60,false,b,true
159.315,-40,true,l,true
160,-40,false,l,true
199.087,-40,true,g,true
189.83,-60,false,g,true
161.606,-60,false,b,true
172.385,-40,true,l,true
160,-40,false,l,true
161.687,-40,true,g,true
150.142,-60,false,g,true
142.213,-60,false,b,true
154.352,-40,true,l,true
160,-40,false,l,true
185.871,-40,true,g,true
175.92,-60,false,g,true
172.752,-60,false,b,true
182.875,-40,true,l,true
160,-40,false,l,true
177.702,-40,true,g,true
167.267,-60,false,g,true
196.426,-60,false,b,true
205.385,-40,true,l,true
160,-40,false,l,true
163.815,-40,true,g,true
152.431,-60,false,g,true
144.675,-60,false,b,true
156.623,-40,true,l,true
160,-40,false,l,true
167.38,-40,true,g,true
156.257,-60,false,g,true
148.549,-60,false,b,true
160.209,-40,true,l,true
160,-40,false,l,true
192.24,-40,true,g,true
182.637,-60,false,g,true
146.864,-60,false,b,true
158.648,-40,true,l,true
160,-40,false,l,true
198.355,-40,true,g,true
189.062,-60,false,g,true
149.671,-60,false,b,true
161.25,-40,true,l,true
160,-40,false,l,true
169.18,-40,true,g,true
158.183,-60,false,g,true
150.362,-60,false,b,true
161.891,-40,true,l,true
160,-40,false,l,true
194.963,-40,true,g,true
185.501,-60,false,g,true
184.793,-60,false,b,true
155.983,-60,false,b,true
187.332,-60,false,b,true
196.706,-40,true,l,true
160,-40,false,l,true
174.729,-40,true,g,true
164.105,-60,false,g,true
156.723,-60,false,b,true
167.816,-40,true,l,true
160,-40,false,l,true
207.334,-40,true,g,true
198.463,-60,false,g,true
195.876,-60,false,b,true
204.859,-40,true,l,true
160,-40,false,l,true
167.195,-40,true,g,true
156.058,-60,false,g,true
147.188,-60,false,b,true
158.947,-40,true,l,true
160,-40,false,l,true
190.381,-40,true,g,true
180.679,-60,false,g,true
144.844,-60,false,b,true
156.78,-40,true,l,true
160,-40,false,l,true
163.419,-40,true,g,true
152.005,-60,false,g,true
143.017,-60,false,b,true
155.093,-40,true,l,true
160,-40,false,l,true
186.086,-40,true,g,true
176.147,-60,false,g,true
145.074,-60,false,b,true
156.992,-40,true,l,true
160,-40,false,l,true
163.542,-40,true,g,true
152.138,-60,false,g,true
143.643,-60,false,b,true
155.671,-40,true,l,true
160,-40,false,l,true
163.257,-40,true,g,true
151.832,-60,false,g,true
142.984,-60,false,b,true
155.063,-40,true,l,true
160,-40,false,l,true
185.808,-40,true,g,true
175.854,-60,false,g,true
144.803,-60,false,b,true
156.741,-40,true,l,true
160,-40,false,l,true
163.385,-40,true,g,true
151.97,-60,false,g,true
143.595,-60,false,b,true
155.626,-40,true,l,true
160,-40,false,l,true
163.096,-40,true,g,true
151.659,-60,false,g,true
142.952,-60,false,b,true
155.033,-40,true,l,true
160,-40,false,l,true
159.549,-40,true,g,true
147.838,-60,false,g,true
139.676,-60,false,b,true
152.018,-40,true,l,true
160,-40,false,l,true
207.903,-40,true,g,true
199.057,-60,false,g,true
160.016,-60,false,b,true
170.895,-40,true,l,true
160,-40,false,l,true
185.515,-40,true,g,true
175.545,-60,false,g,true
172.449,-60,false,b,true
186.017,-60,false,b,true
174.514,-60,false,b,true
184.54,-40,true,l,true
160,-40,false,l,true
189.535,-40,true,g,true
179.787,-60,false,g,true
144.075,-60,false,b,true
156.069,-40,true,l,true
160,-40,false,l,true
163.113,-40,true,g,true
151.677,-60,false,g,true
143.207,-60,false,b,true
155.268,-40,true,l,true
160,-40,false,l,true
159.567,-40,true,g,true
147.857,-60,false,g,true
139.937,-60,false,b,true
152.258,-40,true,l,true
160,-40,false,l,true
158.038,-40,true,g,true
146.206,-60,false,g,true
138.772,-60,false,b,true
151.188,-40,true,l,true
160,-40,false,l,true
185.242,-40,true,g,true
175.255,-60,false,g,true
172.28,-60,false,b,true
190.058,-60,false,b,true
179.097,-60,false,b,true
188.88,-40,true,l,true
160,-40,false,l,true
186.104,-40,true,g,true
176.167,-60,false,g,true
172.898,-60,false,b,true
186.204,-60,false,b,true
172.925,-60,false,b,true
171.586,-60,false,b,true
181.774,-40,true,l,true
160,-40,false,l,true
164.752,-40,true,g,true
153.438,-60,false,g,true
146.57,-60,false,b,true
158.375,-40,true,l,true
160,-40,false,l,true
164.283,-40,true,g,true
152.934,-60,false,g,true
144.637,-60,false,b,true
156.588,-40,true,l,true
160,-40,false,l,true
186.735,-40,true,g,true
176.833,-60,false,g,true
173.768,-60,false,b,true
187.249,-60,false,b,true
174.755,-60,false,b,true
172.559,-60,false,b,true
182.693,-40,true,l,true
160,-40,false,l,true
163.739,-40,true,g,true
152.35,-60,false,g,true
146.353,-60,false,b,true
158.174,-40,true,l,true
160,-40,false,l,true
174.724,-40,true,g,true
164.099,-60,false,g,true
156.806,-60,false,b,true
185.092,-60,false,b,true
194.574,-40,true,l,true
160,-40,false,l,true
207.3,-40,true,g,true
198.427,-60,false,g,true
159.602,-60,false,b,true
170.507,-40,true,l,true
160,-40,false,l,true
203.527,-40,true,g,true
194.482,-60,false,g,true
151.326,-60,false,b,true
160.445,-60,false,b,true
146.74,-60,false,b,true
195.846,-60,false,b,true
204.831,-40,true,l,true
160,-40,false,l,true
159.856,-40,true,g,true
148.168,-60,false,g,true
148.923,-60,false,b,true
160.555,-40,true,l,true
160,-40,false,l,true
166.738,-40,true,g,true
155.569,-60,false,g,true
146.036,-60,false,b,true
197.532,-60,false,b,true
206.444,-40,true,l,true
160,-40,false,l,true
161.375,-40,true,g,true
149.806,-60,false,g,true
146.436,-60,false,b,true
158.252,-40,true,l,true
160,-40,false,l,true
160.428,-40,true,g,true
148.785,-60,false,g,true
142.453,-60,false,b,true
154.573,-40,true,l,true
160,-40,false,l,true
189.566,-40,true,g,true
179.82,-60,false,g,true
144.135,-60,false,b,true
156.124,-40,true,l,true
160,-40,false,l,true
163.229,-40,true,g,true
151.801,-60,false,g,true
143.369,-60,false,b,true
155.417,-40,true,l,true
160,-40,false,l,true
159.682,-40,true,g,true
147.981,-60,false,g,true
140.1,-60,false,b,true
152.407,-40,true,l,true
160,-40,false,l,true
156.149,-40,true,g,true
144.162,-60,false,g,true
136.86,-60,false,b,true
149.434,-40,true,l,true
160,-40,false,l,true
197.715,-40,true,g,true
188.391,-60,false,g,true
148.717,-60,false,b,true
160.364,-40,true,l,true
160,-40,false,l,true
