x,z,relay,string,error,index
160,-60,false,f,true
160,-40,false,l,true
175.389,-40,true,g,true
164.807,-60,false,g,true
156.641,-60,false,b,true
196.598,-60,false,b,true
205.55,-40,true,l,true
160,-40,false,l,true
174.174,-40,true,g,true
163.514,-60,false,g,true
198.764,-60,false,b,true
207.623,-40,true,l,true
160,-40,false,l,true
207.126,-40,true,g,true
198.245,-60,false,g,true
195.323,-60,false,b,true
204.331,-40,true,l,true
160,-40,false,l,true
201.717,-40,true,g,true
192.587,-60,false,g,true
193.734,-60,false,b,true
202.812,-40,true,l,true
160,-40,false,l,true
158.54,-40,true,g,true
146.748,-60,false,g,true
199.914,-60,false,b,true
208.723,-40,true,l,true
160,-40,false,l,true
165.382,-40,true,g,true
154.114,-60,false,g,true
172.034,-60,false,b,true
182.197,-40,true,l,true
160,-40,false,l,true
181.282,-40,true,g,true
171.065,-60,false,g,true
199.89,-60,false,b,true
208.701,-40,true,l,true
160,-40,false,l,true
192.603,-40,true,g,true
183.019,-60,false,g,true
184.578,-60,false,b,true
194.085,-40,true,l,true
160,-40,false,l,true
184.176,-40,true,g,true
174.129,-60,false,g,true
175.044,-60,false,b,true
199.616,-60,false,b,true
208.438,-40,true,l,true
160,-40,false,l,true
193.808,-40,true,g,true
184.287,-60,false,g,true
184.098,-60,false,b,true
193.628,-40,true,l,true
160,-40,false,l,true
171.885,-40,true,g,true
161.073,-60,false,g,true
154.697,-60,false,b,true
197.431,-60,false,b,true
206.346,-40,true,l,true
160,-40,false,l,true
147.841,-40,true,g,true
135.119,-60,false,g,true
171.662,-60,false,b,true
153.627,-60,false,b,true
164.928,-40,true,l,true
160,-40,false,l,true
184.103,-40,true,g,true
174.051,-60,false,g,true
166.66,-60,false,b,true
177.131,-40,true,l,true
160,-40,false,l,true
194.667,-40,true,g,true
185.19,-60,false,g,true
183.402,-60,false,b,true
198.387,-60,false,b,true
207.262,-40,true,l,true
160,-40,false,l,true
169.373,-40,true,g,true
158.389,-60,false,g,true
167.188,-60,false,b,true
177.628,-40,true,l,true
160,-40,false,l,true
169.902,-40,true,g,true
158.955,-60,false,g,true
163.841,-60,false,b,true
174.481,-40,true,l,true
160,-40,false,l,true
151.241,-40,true,g,true
138.83,-60,false,g,true
186.603,-60,false,b,true
196.012,-40,true,l,true
160,-40,false,l,true
206.99,-40,true,g,true
198.103,-60,false,g,true
194.573,-60,false,b,true
183.428,-60,false,b,true
192.992,-40,true,l,true
160,-40,false,l,true
148.634,-40,true,g,true
135.986,-60,false,g,true
143.924,-60,false,b,true
155.93,-40,true,l,true
160,-40,false,l,true
183.874,-40,true,g,true
173.809,-60,false,g,true
178.001,-60,false,b,true
187.842,-40,true,l,true
160,-40,false,l,true
206.574,-40,true,g,true
197.668,-60,false,g,true
199.078,-60,false,b,true
207.923,-40,true,l,true
160,-40,false,l,true
171.794,-40,true,g,true
160.976,-60,false,g,true
175.025,-60,false,b,true
199.494,-60,false,b,true
208.321,-40,true,l,true
160,-40,false,l,true
199.797,-40,true,g,true
190.575,-60,false,g,true
191.985,-60,false,b,true
201.143,-40,true,l,true
160,-40,false,l,true
165.051,-40,true,g,true
153.759,-60,false,g,true
197.234,-60,false,b,true
206.158,-40,true,l,true
160,-40,false,l,true
192.238,-40,true,g,true
182.634,-60,false,g,true
184.765,-60,false,b,true
194.263,-40,true,l,true
160,-40,false,l,true
173.593,-40,true,g,true
162.894,-60,false,g,true
190.167,-60,false,b,true
199.408,-40,true,l,true
160,-40,false,l,true
167.452,-40,true,g,true
156.333,-60,false,g,true
157.301,-60,false,b,true
168.356,-40,true,l,true
160,-40,false,l,true
160.801,-40,true,g,true
149.188,-60,false,g,true
147.615,-60,false,b,true
190.421,-60,false,b,true
199.65,-40,true,l,true
160,-40,false,l,true
191.793,-40,true,g,true
182.166,-60,false,g,true
196.976,-60,false,b,true
198.726,-60,false,b,true
207.586,-40,true,l,true
160,-40,false,l,true
151.755,-40,true,g,true
139.39,-60,false,g,true
198.933,-60,false,b,true
207.784,-40,true,l,true
160,-40,false,l,true
208.17,-40,true,g,true
199.336,-60,false,g,true
197.247,-60,false,b,true
206.171,-40,true,l,true
160,-40,false,l,true
155.161,-40,true,g,true
143.09,-60,false,g,true
135.049,-60,false,b,true
194.977,-60,false,b,true
204,-40,true,l,true
160,-40,false,l,true
201.957,-40,true,g,true
192.838,-60,false,g,true
191.081,-60,false,b,true
200.28,-40,true,l,true
160,-40,false,l,true
168.041,-40,true,g,true
156.964,-60,false,g,true
179.917,-60,false,b,true
194.873,-60,false,b,true
203.901,-40,true,l,true
160,-40,false,l,true
152.431,-40,true,g,true
140.126,-60,false,g,true
189.482,-60,false,b,true
198.755,-40,true,l,true
160,-40,false,l,true
156.47,-40,true,g,true
144.509,-60,false,g,true
185.636,-60,false,b,true
195.091,-40,true,l,true
160,-40,false,l,true
166.709,-40,true,g,true
155.537,-60,false,g,true
198.248,-60,false,b,true
207.129,-40,true,l,true
160,-40,false,l,true
169.029,-40,true,g,true
158.021,-60,false,g,true
198.059,-60,false,b,true
206.948,-40,true,l,true
160,-40,false,l,true
201.416,-40,true,g,true
192.272,-60,false,g,true
147.945,-60,false,b,true
195.631,-60,false,b,true
204.626,-40,true,l,true
160,-40,false,l,true
168.357,-40,true,g,true
157.302,-60,false,g,true
191.02,-60,false,b,true
200.221,-40,true,l,true
160,-40,false,l,true
172.204,-40,true,g,true
161.413,-60,false,g,true
158.563,-60,false,b,true
169.535,-40,true,l,true
160,-40,false,l,true
202.949,-40,true,g,true
193.877,-60,false,g,true
179.711,-60,false,b,true
189.462,-40,true,l,true
160,-40,false,l,true
156.835,-40,true,g,true
144.905,-60,false,g,true
146.552,-60,false,b,true
158.359,-40,true,l,true
160,-40,false,l,true
151.769,-40,true,g,true
139.405,-60,false,g,true
198.997,-60,false,b,true
207.846,-40,true,l,true
160,-40,false,l,true
149.846,-40,true,g,true
137.309,-60,false,g,true
159.354,-60,false,b,true
171.17,-60,false,b,true
181.381,-40,true,l,true
160,-40,false,l,true
154.2,-40,true,g,true
142.048,-60,false,g,true
194.824,-60,false,b,true
203.853,-40,true,l,true
160,-40,false,l,true
168.242,-40,true,g,true
157.18,-60,false,g,true
148.136,-60,false,b,true
189.634,-60,false,b,true
198.899,-40,true,l,true
160,-40,false,l,true
155.521,-40,true,g,true
143.481,-60,false,g,true
192.05,-60,false,b,true
201.205,-40,true,l,true
160,-40,false,l,true
155.679,-40,true,g,true
143.652,-60,false,g,true
142.074,-60,false,b,true
185.165,-60,false,b,true
194.643,-40,true,l,true
160,-40,false,l,true
150.528,-40,true,g,true
138.053,-60,false,g,true
136.589,-60,false,b,true
149.187,-40,true,l,true
160,-40,false,l,true
167.271,-40,true,g,true
156.14,-60,false,g,true
183.416,-60,false,b,true
192.98,-40,true,l,true
160,-40,false,l,true
154.839,-40,true,g,true
142.742,-60,false,g,true
145.075,-60,false,b,true
156.993,-40,true,l,true
160,-40,false,l,true
177.839,-40,true,g,true
167.412,-60,false,g,true
191.524,-60,false,b,true
200.703,-40,true,l,true
160,-40,false,l,true
158.226,-40,true,g,true
146.409,-60,false,g,true
190.635,-60,false,b,true
199.854,-40,true,l,true
160,-40,false,l,true
195.236,-40,true,g,true
185.788,-60,false,g,true
198.221,-60,false,b,true
207.103,-40,true,l,true
160,-40,false,l,true
164.638,-40,true,g,true
153.316,-60,false,g,true
198.477,-60,false,b,true
207.348,-40,true,l,true
160,-40,false,l,true
172.926,-40,true,g,true
162.183,-60,false,g,true
175.78,-60,false,b,true
185.738,-40,true,l,true
160,-40,false,l,true
202.456,-40,true,g,true
193.361,-60,false,g,true
192.025,-60,false,b,true
201.18,-40,true,l,true
160,-40,false,l,true
156.113,-40,true,g,true
144.122,-60,false,g,true
177.591,-60,false,b,true
187.453,-40,true,l,true
160,-40,false,l,true
193.263,-40,true,g,true
183.713,-60,false,g,true
176.214,-60,false,b,true
199.436,-60,false,b,true
208.266,-40,true,l,true
160,-40,false,l,true
191.476,-40,true,g,true
181.832,-60,false,g,true
178.946,-60,false,b,true
188.737,-40,true,l,true
160,-40,false,l,true
163.188,-40,true,g,true
151.758,-60,false,g,true
193.735,-60,false,b,true
202.814,-40,true,l,true
160,-40,false,l,true
196.712,-40,true,g,true
187.338,-60,false,g,true
174.906,-60,false,b,true
184.911,-40,true,l,true
160,-40,false,l,true
148.905,-40,true,g,true
136.282,-60,false,g,true
196.247,-60,false,b,true
205.214,-40,true,l,true
160,-40,false,l,true
175.488,-40,true,g,true
164.912,-60,false,g,true
176.758,-60,false,b,true
186.664,-40,true,l,true
160,-40,false,l,true
151.233,-40,true,g,true
138.822,-60,false,g,true
183.774,-60,false,b,true
198.741,-60,false,b,true
207.6,-40,true,l,true
160,-40,false,l,true
151.683,-40,true,g,true
139.312,-60,false,g,true
142.909,-60,false,b,true
154.994,-40,true,l,true
160,-40,false,l,true
178.581,-40,true,g,true
168.2,-60,false,g,true
197.239,-60,false,b,true
206.163,-40,true,l,true
160,-40,false,l,true
150.482,-40,true,g,true
138.003,-60,false,g,true
179.429,-60,false,b,true
189.195,-40,true,l,true
160,-40,false,l,true
207.689,-40,true,g,true
198.833,-60,false,g,true
196.562,-60,false,b,true
205.516,-40,true,l,true
160,-40,false,l,true
193.579,-40,true,g,true
184.046,-60,false,g,true
196.457,-60,false,b,true
205.415,-40,true,l,true
160,-40,false,l,true
173.717,-40,true,g,true
163.027,-60,false,g,true
161.759,-60,false,b,true
172.528,-40,true,l,true
160,-40,false,l,true
150.004,-40,true,g,true
137.481,-60,false,g,true
197.031,-60,false,b,true
205.964,-40,true,l,true
160,-40,false,l,true
169.389,-40,true,g,true
158.406,-60,false,g,true
187.216,-60,false,b,true
196.596,-40,true,l,true
160,-40,false,l,true
170.232,-40,true,g,true
159.307,-60,false,g,true
191.495,-60,false,b,true
200.675,-40,true,l,true
160,-40,false,l,true
183.564,-40,true,g,true
173.481,-60,false,g,true
198.042,-60,false,b,true
206.931,-40,true,l,true
160,-40,false,l,true
166.313,-40,true,g,true
155.113,-60,false,g,true
198.37,-60,false,b,true
207.245,-40,true,l,true
160,-40,false,l,true
179.339,-40,true,g,true
169.005,-60,false,g,true
175.859,-60,false,b,true
185.812,-40,true,l,true
160,-40,false,l,true
206.125,-40,true,g,true
197.199,-60,false,g,true
195.942,-60,false,b,true
204.923,-40,true,l,true
160,-40,false,l,true
179.654,-40,true,g,true
169.339,-60,false,g,true
197.961,-60,false,b,true
206.854,-40,true,l,true
160,-40,false,l,true
151.626,-40,true,g,true
139.25,-60,false,g,true
180.005,-60,false,b,true
189.741,-40,true,l,true
160,-40,false,l,true
207.136,-40,true,g,true
198.255,-60,false,g,true
161.126,-60,false,b,true
197.031,-60,false,b,true
205.964,-40,true,l,true
160,-40,false,l,true
205.66,-40,true,g,true
196.713,-60,false,g,true
176.791,-60,false,b,true
186.695,-40,true,l,true
160,-40,false,l,true
171.363,-40,true,g,true
160.515,-60,false,g,true
165.402,-60,false,b,true
175.949,-40,true,l,true
160,-40,false,l,true
163.148,-40,true,g,true
151.714,-60,false,g,true
199.945,-60,false,b,true
208.753,-40,true,l,true
160,-40,false,l,true
152.753,-40,true,g,true
140.476,-60,false,g,true
195.476,-60,false,b,true
204.477,-40,true,l,true
160,-40,false,l,true
148.749,-40,true,g,true
136.112,-60,false,g,true
158.341,-60,false,b,true
169.328,-40,true,l,true
160,-40,false,l,true
151.634,-40,true,g,true
139.259,-60,false,g,true
198.8,-60,false,b,true
207.657,-40,true,l,true
160,-40,false,l,true
165.893,-40,true,g,true
154.663,-60,false,g,true
156.873,-60,false,b,true
167.955,-40,true,l,true
160,-40,false,l,true
151.904,-40,true,g,true
139.552,-60,false,g,true
198.946,-60,false,b,true
207.796,-40,true,l,true
160,-40,false,l,true
185.723,-40,true,g,true
175.764,-60,false,g,true
175.739,-60,false,b,true
185.699,-40,true,l,true
160,-40,false,l,true
167.249,-40,true,g,true
156.116,-60,false,g,true
195.15,-60,false,b,true
204.165,-40,true,l,true
160,-40,false,l,true
152.103,-40,true,g,true
139.768,-60,false,g,true
141.849,-60,false,b,true
154.016,-40,true,l,true
160,-40,false,l,true
178.287,-40,true,g,true
167.887,-60,false,g,true
166.255,-60,false,b,true
176.75,-40,true,l,true
160,-40,false,l,true
172.352,-40,true,g,true
161.571,-60,false,g,true
160.09,-60,false,b,true
170.964,-40,true,l,true
160,-40,false,l,true
153.174,-40,true,g,true
140.934,-60,false,g,true
150.094,-60,false,b,true
195.342,-60,false,b,true
204.349,-40,true,l,true
160,-40,false,l,true
167.256,-40,true,g,true
156.124,-60,false,g,true
189.168,-60,false,b,true
198.455,-40,true,l,true
160,-40,false,l,true
195.026,-40,true,g,true
185.567,-60,false,g,true
163.822,-60,false,b,true
174.464,-40,true,l,true
160,-40,false,l,true
207.846,-40,true,g,true
198.998,-60,false,g,true
198.996,-60,false,b,true
207.845,-40,true,l,true
160,-40,false,l,true
174.266,-40,true,g,true
163.611,-60,false,g,true
197.436,-60,false,b,true
206.352,-40,true,l,true
160,-40,false,l,true
177.27,-40,true,g,true
166.807,-60,false,g,true
197.401,-60,false,b,true
206.318,-40,true,l,true
160,-40,false,l,true
154.762,-40,true,g,true
142.658,-60,false,g,true
191.923,-60,false,b,true
201.083,-40,true,l,true
160,-40,false,l,true
162.961,-40,true,g,true
151.514,-60,false,g,true
175.208,-60,false,b,true
185.197,-40,true,l,true
160,-40,false,l,true
160,-60,false,f,true
160,-40,false,l,true
175.389,-40,true,g,true
164.807,-60,false,g,true
156.641,-60,false,b,true
196.598,-60,false,b,true
205.55,-40,true,l,true
160,-40,false,l,true
174.174,-40,true,g,true
163.514,-60,false,g,true
198.764,-60,false,b,true
207.623,-40,true,l,true
160,-40,false,l,true
207.126,-40,true,g,true
198.245,-60,false,g,true
195.323,-60,false,b,true
204.331,-40,true,l,true
160,-40,false,l,true
201.717,-40,true,g,true
192.587,-60,false,g,true
193.734,-60,false,b,true
202.812,-40,true,l,true
160,-40,false,l,true
158.54,-40,true,g,true
146.748,-60,false,g,true
199.914,-60,false,b,true
208.723,-40,true,l,true
160,-40,false,l,true
165.382,-40,true,g,true
154.114,-60,false,g,true
172.034,-60,false,b,true
182.197,-40,true,l,true
160,-40,false,l,true
181.282,-40,true,g,true
171.065,-60,false,g,true
199.89,-60,false,b,true
208.701,-40,true,l,true
160,-40,false,l,true
192.603,-40,true,g,true
183.019,-60,false,g,true
184.578,-60,false,b,true
194.085,-40,true,l,true
160,-40,false,l,true
184.176,-40,true,g,true
174.129,-60,false,g,true
175.044,-60,false,b,true
199.616,-60,false,b,true
208.438,-40,true,l,true
160,-40,false,l,true
193.808,-40,true,g,true
184.287,-60,false,g,true
184.098,-60,false,b,true
193.628,-40,true,l,true
160,-40,false,l,true
171.885,-40,true,g,true
161.073,-60,false,g,true
154.697,-60,false,b,true
197.431,-60,false,b,true
206.346,-40,true,l,true
160,-40,false,l,true
147.841,-40,true,g,true
135.119,-60,false,g,true
171.662,-60,false,b,true
153.627,-60,false,b,true
164.928,-40,true,l,true
160,-40,false,l,true
184.103,-40,true,g,true
174.051,-60,false,g,true
166.66,-60,false,b,true
177.131,-40,true,l,true
160,-40,false,l,true
194.667,-40,true,g,true
185.19,-60,false,g,true
183.402,-60,false,b,true
198.387,-60,false,b,true
207.262,-40,true,l,true
160,-40,false,l,true
169.373,-40,true,g,true
158.389,-60,false,g,true
167.188,-60,false,b,true
177.628,-40,true,l,true
160,-40,false,l,true
169.902,-40,true,g,true
158.955,-60,false,g,true
163.841,-60,false,b,true
174.481,-40,true,l,true
160,-40,false,l,true
151.241,-40,true,g,true
138.83,-60,false,g,true
186.603,-60,false,b,true
196.012,-40,true,l,true
160,-40,false,l,true
206.99,-40,true,g,true
198.103,-60,false,g,true
194.573,-60,false,b,true
183.428,-60,false,b,true
192.992,-40,true,l,true
160,-40,false,l,true
148.634,-40,true,g,true
135.986,-60,false,g,true
143.924,-60,false,b,true
155.93,-40,true,l,true
160,-40,false,l,true
183.874,-40,true,g,true
173.809,-60,false,g,true
178.001,-60,false,b,true
187.842,-40,true,l,true
160,-40,false,l,true
206.574,-40,true,g,true
197.668,-60,false,g,true
199.078,-60,false,b,true
207.923,-40,true,l,true
160,-40,false,l,true
171.794,-40,true,g,true
160.976,-60,false,g,true
175.025,-60,false,b,true
199.494,-60,false,b,true
208.321,-40,true,l,true
160,-40,false,l,true
199.797,-40,true,g,true
190.575,-60,false,g,true
191.985,-60,false,b,true
201.143,-40,true,l,true
160,-40,false,l,true
165.051,-40,true,g,true
153.759,-60,false,g,true
197.234,-60,false,b,true
206.158,-40,true,l,true
160,-40,false,l,true
192.238,-40,true,g,true
182.634,-60,false,g,true
184.765,-60,false,b,true
194.263,-40,true,l,true
160,-40,false,l,true
173.593,-40,true,g,true
162.894,-60,false,g,true
190.167,-60,false,b,true
199.408,-40,true,l,true
160,-40,false,l,true
167.452,-40,true,g,true
156.333,-60,false,g,true
157.301,-60,false,b,true
168.356,-40,true,l,true
160,-40,false,l,true
160.801,-40,true,g,true
149.188,-60,false,g,true
147.615,-60,false,b,true
190.421,-60,false,b,true
199.65,-40,true,l,true
160,-40,false,l,true
191.793,-40,true,g,true
182.166,-60,false,g,true
196.976,-60,false,b,true
198.726,-60,false,b,true
207.586,-40,true,l,true
160,-40,false,l,true
151.755,-40,true,g,true
139.39,-60,false,g,true
198.933,-60,false,b,true
207.784,-40,true,l,true
160,-40,false,l,true
208.17,-40,true,g,true
199.336,-60,false,g,true
197.247,-60,false,b,true
206.171,-40,true,l,true
160,-40,false,l,true
155.161,-40,true,g,true
143.09,-60,false,g,true
135.049,-60,false,b,true
194.977,-60,false,b,true
204,-40,true,l,true
160,-40,false,l,true
201.957,-40,true,g,true
192.838,-60,false,g,true
191.081,-60,false,b,true
200.28,-40,true,l,true
160,-40,false,l,true
168.041,-40,true,g,true
156.964,-60,false,g,true
179.917,-60,false,b,true
194.873,-60,false,b,true
203.901,-40,true,l,true
160,-40,false,l,true
152.431,-40,true,g,true
140.126,-60,false,g,true
189.482,-60,false,b,true
198.755,-40,true,l,true
160,-40,false,l,true
156.47,-40,true,g,true
144.509,-60,false,g,true
185.636,-60,false,b,true
195.091,-40,true,l,true
160,-40,false,l,true
166.709,-40,true,g,true
155.537,-60,false,g,true
198.248,-60,false,b,true
207.129,-40,true,l,true
160,-40,false,l,true
169.029,-40,true,g,true
158.021,-60,false,g,true
198.059,-60,false,b,true
206.948,-40,true,l,true
160,-40,false,l,true
201.416,-40,true,g,true
192.272,-60,false,g,true
147.945,-60,false,b,true
195.631,-60,false,b,true
204.626,-40,true,l,true
160,-40,false,l,true
168.357,-40,true,g,true
157.302,-60,false,g,true
191.02,-60,false,b,true
200.221,-40,true,l,true
160,-40,false,l,true
172.204,-40,true,g,true
161.413,-60,false,g,true
158.563,-60,false,b,true
169.535,-40,true,l,true
160,-40,false,l,true
202.949,-40,true,g,true
193.877,-60,false,g,true
179.711,-60,false,b,true
189.462,-40,true,l,true
160,-40,false,l,true
156.835,-40,true,g,true
144.905,-60,false,g,true
146.552,-60,false,b,true
158.359,-40,true,l,true
160,-40,false,l,true
151.769,-40,true,g,true
139.405,-60,false,g,true
198.997,-60,false,b,true
207.846,-40,true,l,true
160,-40,false,l,true
149.846,-40,true,g,true
137.309,-60,false,g,true
159.354,-60,false,b,true
171.17,-60,false,b,true
181.381,-40,true,l,true
160,-40,false,l,true
154.2,-40,true,g,true
142.048,-60,false,g,true
194.824,-60,false,b,true
203.853,-40,true,l,true
160,-40,false,l,true
168.242,-40,true,g,true
157.18,-60,false,g,true
148.136,-60,false,b,true
189.634,-60,false,b,true
198.899,-40,true,l,true
160,-40,false,l,true
155.521,-40,true,g,true
143.481,-60,false,g,true
192.05,-60,false,b,true
201.205,-40,true,l,true
160,-40,false,l,true
155.679,-40,true,g,true
143.652,-60,false,g,true
142.074,-60,false,b,true
185.165,-60,false,b,true
194.643,-40,true,l,true
160,-40,false,l,true
150.528,-40,true,g,true
138.053,-60,false,g,true
136.589,-60,false,b,true
149.187,-40,true,l,true
160,-40,false,l,true
167.271,-40,true,g,true
156.14,-60,false,g,true
183.416,-60,false,b,true
192.98,-40,true,l,true
160,-40,false,l,true
154.839,-40,true,g,true
142.742,-60,false,g,true
145.075,-60,false,b,true
156.993,-40,true,l,true
160,-40,false,l,true
177.839,-40,true,g,true
167.412,-60,false,g,true
191.524,-60,false,b,true
200.703,-40,true,l,true
160,-40,false,l,true
158.226,-40,true,g,true
146.409,-60,false,g,true
190.635,-60,false,b,true
199.854,-40,true,l,true
160,-40,false,l,true
195.236,-40,true,g,true
185.788,-60,false,g,true
198.221,-60,false,b,true
207.103,-40,true,l,true
160,-40,false,l,true
164.638,-40,true,g,true
153.316,-60,false,g,true
198.477,-60,false,b,true
207.348,-40,true,l,true
160,-40,false,l,true
172.926,-40,true,g,true
162.183,-60,false,g,true
175.78,-60,false,b,true
185.738,-40,true,l,true
160,-40,false,l,true
202.456,-40,true,g,true
193.361,-60,false,g,true
192.025,-60,false,b,true
201.18,-40,true,l,true
160,-40,false,l,true
156.113,-40,true,g,true
144.122,-60,false,g,true
177.591,-60,false,b,true
187.453,-40,true,l,true
160,-40,false,l,true
193.263,-40,true,g,true
183.713,-60,false,g,true
176.214,-60,false,b,true
199.436,-60,false,b,true
208.266,-40,true,l,true
160,-40,false,l,true
191.476,-40,true,g,true
181.832,-60,false,g,true
178.946,-60,false,b,true
188.737,-40,true,l,true
160,-40,false,l,true
163.188,-40,true,g,true
151.758,-60,false,g,true
193.735,-60,false,b,true
202.814,-40,true,l,true
160,-40,false,l,true
196.712,-40,true,g,true
187.338,-60,false,g,true
174.906,-60,false,b,true
184.911,-40,true,l,true
160,-40,false,l,true
148.905,-40,true,g,true
136.282,-60,false,g,true
196.247,-60,false,b,true
205.214,-40,true,l,true
160,-40,false,l,true
175.488,-40,true,g,true
164.912,-60,false,g,true
176.758,-60,false,b,true
186.664,-40,true,l,true
160,-40,false,l,true
151.233,-40,true,g,true
138.822,-60,false,g,true
183.774,-60,false,b,true
198.741,-60,false,b,true
207.6,-40,true,l,true
160,-40,false,l,true
151.683,-40,true,g,true
139.312,-60,false,g,true
142.909,-60,false,b,true
154.994,-40,true,l,true
160,-40,false,l,true
178.581,-40,true,g,true
168.2,-60,false,g,true
197.239,-60,false,b,true
206.163,-40,true,l,true
160,-40,false,l,true
150.482,-40,true,g,true
138.003,-60,false,g,true
179.429,-60,false,b,true
189.195,-40,true,l,true
160,-40,false,l,true
207.689,-40,true,g,true
198.833,-60,false,g,true
196.562,-60,false,b,true
205.516,-40,true,l,true
160,-40,false,l,true
193.579,-40,true,g,true
184.046,-60,false,g,true
196.457,-60,false,b,true
205.415,-40,true,l,true
160,-40,false,l,true
173.717,-40,true,g,true
163.027,-60,false,g,true
161.759,-60,false,b,true
172.528,-40,true,l,true
160,-40,false,l,true
150.004,-40,true,g,true
137.481,-60,false,g,true
197.031,-60,false,b,true
205.964,-40,true,l,true
160,-40,false,l,true
169.389,-40,true,g,true
158.406,-60,false,g,true
187.216,-60,false,b,true
196.596,-40,true,l,true
160,-40,false,l,true
170.232,-40,true,g,true
159.307,-60,false,g,true
191.495,-60,false,b,true
200.675,-40,true,l,true
160,-40,false,l,true
183.564,-40,true,g,true
173.481,-60,false,g,true
198.042,-60,false,b,true
206.931,-40,true,l,true
160,-40,false,l,true
166.313,-40,true,g,true
155.113,-60,false,g,true
198.37,-60,false,b,true
207.245,-40,true,l,true
160,-40,false,l,true
179.339,-40,true,g,true
169.005,-60,false,g,true
175.859,-60,false,b,true
185.812,-40,true,l,true
160,-40,false,l,true
206.125,-40,true,g,true
197.199,-60,false,g,true
195.942,-60,false,b,true
204.923,-40,true,l,true
160,-40,false,l,true
179.654,-40,true,g,true
169.339,-60,false,g,true
197.961,-60,false,b,true
206.854,-40,true,l,true
160,-40,false,l,true
151.626,-40,true,g,true
139.25,-60,false,g,true
180.005,-60,false,b,true
189.741,-40,true,l,true
160,-40,false,l,true
207.136,-40,true,g,true
198.255,-60,false,g,true
161.126,-60,false,b,true
197.031,-60,false,b,true
205.964,-40,true,l,true
160,-40,false,l,true
205.66,-40,true,g,true
196.713,-60,false,g,true
176.791,-60,false,b,true
186.695,-40,true,l,true
160,-40,false,l,true
171.363,-40,true,g,true
160.515,-60,false,g,true
165.402,-60,false,b,true
175.949,-40,true,l,true
160,-40,false,l,true
163.148,-40,true,g,true
151.714,-60,false,g,true
199.945,-60,false,b,true
208.753,-40,true,l,true
160,-40,false,l,true
152.753,-40,true,g,true
140.476,-60,false,g,true
195.476,-60,false,b,true
204.477,-40,true,l,true
160,-40,false,l,true
148.749,-40,true,g,true
136.112,-60,false,g,true
158.341,-60,false,b,true
169.328,-40,true,l,true
160,-40,false,l,true
151.634,-40,true,g,true
139.259,-60,false,g,true
198.8,-60,false,b,true
207.657,-40,true,l,true
160,-40,false,l,true
165.893,-40,true,g,true
154.663,-60,false,g,true
156.873,-60,false,b,true
167.955,-40,true,l,true
160,-40,false,l,true
151.904,-40,true,g,true
139.552,-60,false,g,true
198.946,-60,false,b,true
207.796,-40,true,l,true
160,-40,false,l,true
185.723,-40,true,g,true
175.764,-60,false,g,true
175.739,-60,false,b,true
185.699,-40,true,l,true
160,-40,false,l,true
167.249,-40,true,g,true
156.116,-60,false,g,true
195.15,-60,false,b,true
204.165,-40,true,l,true
160,-40,false,l,true
152.103,-40,true,g,true
139.768,-60,false,g,true
141.849,-60,false,b,true
154.016,-40,true,l,true
160,-40,false,l,true
178.287,-40,true,g,true
167.887,-60,false,g,true
166.255,-60,false,b,true
176.75,-40,true,l,true
160,-40,false,l,true
172.352,-40,true,g,true
161.571,-60,false,g,true
160.09,-60,false,b,true
170.964,-40,true,l,true
160,-40,false,l,true
153.174,-40,true,g,true
140.934,-60,false,g,true
150.094,-60,false,b,true
195.342,-60,false,b,true
204.349,-40,true,l,true
160,-40,false,l,true
167.256,-40,true,g,true
156.124,-60,false,g,true
189.168,-60,false,b,true
198.455,-40,true,l,true
160,-40,false,l,true
195.026,-40,true,g,true
185.567,-60,false,g,true
163.822,-60,false,b,true
174.464,-40,true,l,true
160,-40,false,l,true
207.846,-40,true,g,true
198.998,-60,false,g,true
198.996,-60,false,b,true
207.845,-40,true,l,true
160,-40,false,l,true
174.266,-40,true,g,true
163.611,-60,false,g,true
197.436,-60,false,b,true
206.352,-40,true,l,true
160,-40,false,l,true
177.27,-40,true,g,true
166.807,-60,false,g,true
197.401,-60,false,b,true
206.318,-40,true,l,true
160,-40,false,l,true
154.762,-40,true,g,true
142.658,-60,false,g,true
191.923,-60,false,b,true
201.083,-40,true,l,true
160,-40,false,l,true
162.961,-40,true,g,true
151.514,-60,false,g,true
175.208,-60,false,b,true
185.197,-40,true,l,true
160,-40,false,l,true
