x,z,relay,string,error,index
160,-60,false,f,true
160,-40,false,l,true
160.412,-40,true,g,true
148.768,-60,false,g,true
184.436,-60,false,b,true
193.95,-40,true,l,true
160,-40,false,l,true
160.551,-40,true,g,true
148.918,-60,false,g,true
144.435,-60,false,b,true
156.401,-40,true,l,true
160,-40,false,l,true
167.344,-40,true,g,true
156.218,-60,false,g,true
138.828,-60,false,b,true
151.239,-40,true,l,true
160,-40,false,l,true
196.891,-40,true,g,true
187.526,-60,false,g,true
172.018,-60,false,b,true
138.387,-60,false,b,true
150.834,-40,true,l,true
160,-40,false,l,true
175.578,-40,true,g,true
165.008,-60,false,g,true
155.317,-60,false,b,true
166.504,-40,true,l,true
160,-40,false,l,true
196.871,-40,true,g,true
187.505,-60,false,g,true
138.167,-60,false,b,true
150.632,-40,true,l,true
160,-40,false,l,true
179.473,-40,true,g,true
169.146,-60,false,g,true
159.85,-60,false,b,true
170.74,-40,true,l,true
160,-40,false,l,true
196.167,-40,true,g,true
186.766,-60,false,g,true
178.916,-60,false,b,true
188.709,-40,true,l,true
160,-40,false,l,true
204.11,-40,true,g,true
195.092,-60,false,g,true
194.32,-60,false,b,true
203.372,-40,true,l,true
160,-40,false,l,true
197.113,-40,true,g,true
187.759,-60,false,g,true
178.159,-60,false,b,true
187.991,-40,true,l,true
160,-40,false,l,true
207.466,-40,true,g,true
198.601,-60,false,g,true
195.486,-60,false,b,true
159.251,-60,false,b,true
170.179,-40,true,l,true
160,-40,false,l,true
175.463,-40,true,g,true
164.886,-60,false,g,true
181.162,-60,false,b,true
190.839,-40,true,l,true
160,-40,false,l,true
202.868,-40,true,g,true
193.792,-60,false,g,true
192.202,-60,false,b,true
137.282,-60,false,b,true
149.821,-40,true,l,true
160,-40,false,l,true
174.536,-40,true,g,true
163.899,-60,false,g,true
155.336,-60,false,b,true
166.521,-40,true,l,true
160,-40,false,l,true
200.77,-40,true,g,true
191.595,-60,false,g,true
182.749,-60,false,b,true
192.346,-40,true,l,true
160,-40,false,l,true
206.526,-40,true,g,true
197.618,-60,false,g,true
193.253,-60,false,b,true
136.782,-60,false,b,true
149.363,-40,true,l,true
160,-40,false,l,true
202.539,-40,true,g,true
193.448,-60,false,g,true
190.691,-60,false,b,true
199.908,-40,true,l,true
160,-40,false,l,true
201.091,-40,true,g,true
191.931,-60,false,g,true
186.022,-60,false,b,true
195.022,-60,false,b,true
147.008,-60,false,b,true
158.781,-40,true,l,true
160,-40,false,l,true
173.162,-40,true,g,true
162.434,-60,false,g,true
156.879,-60,false,b,true
167.961,-40,true,l,true
160,-40,false,l,true
197.519,-40,true,g,true
188.186,-60,false,g,true
183.306,-60,false,b,true
192.876,-40,true,l,true
160,-40,false,l,true
200.381,-40,true,g,true
191.187,-60,false,g,true
168.412,-60,false,b,true
143.418,-60,false,b,true
155.463,-40,true,l,true
160,-40,false,l,true
177.056,-40,true,g,true
166.58,-60,false,g,true
156.719,-60,false,b,true
167.812,-40,true,l,true
160,-40,false,l,true
157.059,-40,true,g,true
145.147,-60,false,g,true
139.273,-60,false,b,true
151.648,-40,true,l,true
160,-40,false,l,true
180.415,-40,true,g,true
170.146,-60,false,g,true
162.03,-60,false,b,true
165.177,-60,false,b,true
175.736,-40,true,l,true
160,-40,false,l,true
201.797,-40,true,g,true
192.67,-60,false,g,true
142.817,-60,false,b,true
154.909,-40,true,l,true
160,-40,false,l,true
193.972,-40,true,g,true
184.459,-60,false,g,true
175.959,-60,false,b,true
185.907,-40,true,l,true
160,-40,false,l,true
170.835,-40,true,g,true
159.952,-60,false,g,true
150.61,-60,false,b,true
162.122,-40,true,l,true
160,-40,false,l,true
203.703,-40,true,g,true
194.667,-60,false,g,true
145.504,-60,false,b,true
157.389,-40,true,l,true
160,-40,false,l,true
208.048,-40,true,g,true
199.208,-60,false,g,true
196.871,-60,false,b,true
136.95,-60,false,b,true
149.517,-40,true,l,true
160,-40,false,l,true
194.361,-40,true,g,true
184.868,-60,false,g,true
183.62,-60,false,b,true
193.174,-40,true,l,true
160,-40,false,l,true
191.966,-40,true,g,true
182.348,-60,false,g,true
152.176,-60,false,b,true
137.177,-60,false,b,true
149.725,-40,true,l,true
160,-40,false,l,true
173.582,-40,true,g,true
162.882,-60,false,g,true
158.637,-60,false,b,true
169.604,-40,true,l,true
160,-40,false,l,true
206.879,-40,true,g,true
197.988,-60,false,g,true
146.907,-60,false,b,true
158.687,-40,true,l,true
160,-40,false,l,true
201.805,-40,true,g,true
192.679,-60,false,g,true
147.662,-60,false,b,true
159.387,-40,true,l,true
160,-40,false,l,true
205.752,-40,true,g,true
196.809,-60,false,g,true
167.221,-60,false,b,true
177.66,-40,true,l,true
160,-40,false,l,true
199.062,-40,true,g,true
189.804,-60,false,g,true
139.519,-60,false,b,true
184.158,-60,false,b,true
193.686,-40,true,l,true
160,-40,false,l,true
202.361,-40,true,g,true
193.261,-60,false,g,true
170.447,-60,false,b,true
135.459,-60,false,b,true
148.153,-40,true,l,true
160,-40,false,l,true
195.929,-40,true,g,true
186.515,-60,false,g,true
182.947,-60,false,b,true
138.118,-60,false,b,true
150.588,-40,true,l,true
160,-40,false,l,true
178.128,-40,true,g,true
167.719,-60,false,g,true
136.961,-60,false,b,true
149.527,-40,true,l,true
160,-40,false,l,true
199.882,-40,true,g,true
190.664,-60,false,g,true
136.383,-60,false,b,true
148.997,-40,true,l,true
160,-40,false,l,true
193.731,-40,true,g,true
184.205,-60,false,g,true
183.424,-60,false,b,true
192.988,-40,true,l,true
160,-40,false,l,true
161.543,-40,true,g,true
149.987,-60,false,g,true
146.867,-60,false,b,true
158.651,-40,true,l,true
160,-40,false,l,true
169.969,-40,true,g,true
159.027,-60,false,g,true
154.767,-60,false,b,true
165.991,-40,true,l,true
160,-40,false,l,true
207.308,-40,true,g,true
198.436,-60,false,g,true
197.711,-60,false,b,true
206.615,-40,true,l,true
160,-40,false,l,true
161.933,-40,true,g,true
150.407,-60,false,g,true
162.536,-60,false,b,true
173.257,-40,true,l,true
160,-40,false,l,true
202.417,-40,true,g,true
193.32,-60,false,g,true
187.53,-60,false,b,true
196.895,-40,true,l,true
160,-40,false,l,true
205.049,-40,true,g,true
196.074,-60,false,g,true
138.73,-60,false,b,true
151.149,-40,true,l,true
160,-40,false,l,true
179.268,-40,true,g,true
168.929,-60,false,g,true
160.787,-60,false,b,true
171.617,-40,true,l,true
160,-40,false,l,true
208.097,-40,true,g,true
199.259,-60,false,g,true
139.519,-60,false,b,true
151.874,-40,true,l,true
160,-40,false,l,true
178.548,-40,true,g,true
168.164,-60,false,g,true
163.168,-60,false,b,true
173.85,-40,true,l,true
160,-40,false,l,true
201.767,-40,true,g,true
192.639,-60,false,g,true
137.959,-60,false,b,true
150.441,-40,true,l,true
160,-40,false,l,true
168.451,-40,true,g,true
157.404,-60,false,g,true
151.153,-60,false,b,true
162.626,-40,true,l,true
160,-40,false,l,true
193.421,-40,true,g,true
183.88,-60,false,g,true
183.062,-60,false,b,true
192.644,-40,true,l,true
160,-40,false,l,true
179.35,-40,true,g,true
169.016,-60,false,g,true
138.417,-60,false,b,true
136.514,-60,false,b,true
148.815,-60,false,b,true
160.455,-40,true,l,true
160,-40,false,l,true
197.348,-40,true,g,true
188.005,-60,false,g,true
138.659,-60,false,b,true
140.74,-60,false,b,true
152.995,-40,true,l,true
160,-40,false,l,true
196.324,-40,true,g,true
186.931,-60,false,g,true
189.801,-60,false,b,true
139.041,-60,false,b,true
151.435,-40,true,l,true
160,-40,false,l,true
199.615,-40,true,g,true
190.384,-60,false,g,true
199.034,-60,false,b,true
149.2,-60,false,b,true
160.812,-40,true,l,true
160,-40,false,l,true
195.122,-40,true,g,true
185.668,-60,false,g,true
186.559,-60,false,b,true
195.97,-40,true,l,true
160,-40,false,l,true
200.405,-40,true,g,true
191.212,-60,false,g,true
172.04,-60,false,b,true
182.202,-40,true,l,true
160,-40,false,l,true
171.54,-40,true,g,true
160.705,-60,false,g,true
150.646,-60,false,b,true
162.155,-40,true,l,true
160,-40,false,l,true
206.96,-40,true,g,true
198.072,-60,false,g,true
172.686,-60,false,b,true
182.812,-40,true,l,true
160,-40,false,l,true
181.259,-40,true,g,true
171.04,-60,false,g,true
164.289,-60,false,b,true
174.903,-40,true,l,true
160,-40,false,l,true
158.44,-40,true,g,true
146.64,-60,false,g,true
140.026,-60,false,b,true
152.339,-40,true,l,true
160,-40,false,l,true
199.77,-40,true,g,true
190.547,-60,false,g,true
170.306,-60,false,b,true
180.566,-40,true,l,true
160,-40,false,l,true
162.063,-40,true,g,true
150.547,-60,false,g,true
137.261,-60,false,b,true
149.802,-40,true,l,true
160,-40,false,l,true
194.654,-40,true,g,true
185.176,-60,false,g,true
173.136,-60,false,b,true
143.779,-60,false,b,true
155.796,-40,true,l,true
160,-40,false,l,true
179.578,-40,true,g,true
169.258,-60,false,g,true
138.324,-60,false,b,true
150.777,-40,true,l,true
160,-40,false,l,true
201.917,-40,true,g,true
192.797,-60,false,g,true
169.814,-60,false,b,true
139.833,-60,false,b,true
152.162,-40,true,l,true
160,-40,false,l,true
174.052,-40,true,g,true
163.383,-60,false,g,true
156.96,-60,false,b,true
168.037,-40,true,l,true
160,-40,false,l,true
177.393,-40,true,g,true
166.938,-60,false,g,true
157.794,-60,false,b,true
168.816,-40,true,l,true
160,-40,false,l,true
205.763,-40,true,g,true
196.821,-60,false,g,true
198.823,-60,false,b,true
207.679,-40,true,l,true
160,-40,false,l,true
162.75,-40,true,g,true
151.286,-60,false,g,true
143.426,-60,false,b,true
155.47,-40,true,l,true
160,-40,false,l,true
157.149,-40,true,g,true
145.244,-60,false,g,true
138.06,-60,false,b,true
150.535,-40,true,l,true
160,-40,false,l,true
150.062,-40,true,g,true
137.545,-60,false,g,true
176.963,-60,false,b,true
186.858,-40,true,l,true
160,-40,false,l,true
196.55,-40,true,g,true
187.168,-60,false,g,true
135.251,-60,false,b,true
155.549,-60,false,b,true
166.72,-40,true,l,true
160,-40,false,l,true
207.213,-40,true,g,true
198.336,-60,false,g,true
195.531,-60,false,b,true
204.53,-40,true,l,true
160,-40,false,l,true
198.496,-40,true,g,true
189.211,-60,false,g,true
140.04,-60,false,b,true
152.352,-40,true,l,true
160,-40,false,l,true
193.905,-40,true,g,true
184.389,-60,false,g,true
151.771,-60,false,b,true
163.2,-40,true,l,true
160,-40,false,l,true
194.897,-40,true,g,true
185.432,-60,false,g,true
136.029,-60,false,b,true
148.674,-40,true,l,true
160,-40,false,l,true
194.47,-40,true,g,true
184.983,-60,false,g,true
136.505,-60,false,b,true
149.109,-40,true,l,true
160,-40,false,l,true
200.327,-40,true,g,true
191.131,-60,false,g,true
147.572,-60,false,b,true
159.303,-40,true,l,true
160,-40,false,l,true
168.388,-40,true,g,true
157.335,-60,false,g,true
135.223,-60,false,b,true
147.937,-40,true,l,true
160,-40,false,l,true
200.956,-40,true,g,true
191.79,-60,false,g,true
144.301,-60,false,b,true
156.278,-40,true,l,true
160,-40,false,l,true
165.769,-40,true,g,true
154.53,-60,false,g,true
136.885,-60,false,b,true
149.457,-40,true,l,true
160,-40,false,l,true
195.317,-40,true,g,true
185.873,-60,false,g,true
156.47,-60,false,b,true
167.58,-40,true,l,true
160,-40,false,l,true
161.83,-40,true,g,true
150.297,-60,false,g,true
175.303,-60,false,b,true
185.286,-40,true,l,true
160,-40,false,l,true
169.567,-40,true,g,true
158.597,-60,false,g,true
157.632,-60,false,b,true
137.836,-60,false,b,true
150.329,-40,true,l,true
160,-40,false,l,true
192.003,-40,true,g,true
182.387,-60,false,g,true
137.422,-60,false,b,true
149.949,-40,true,l,true
160,-40,false,l,true
161.643,-40,true,g,true
150.095,-60,false,g,true
143.267,-60,false,b,true
155.324,-40,true,l,true
160,-40,false,l,true
202.319,-40,true,g,true
193.217,-60,false,g,true
139.579,-60,false,b,true
151.929,-40,true,l,true
160,-40,false,l,true
195.77,-40,true,g,true
186.349,-60,false,g,true
185.152,-60,false,b,true
135.46,-60,false,b,true
148.153,-40,true,l,true
160,-40,false,l,true
171.439,-40,true,g,true
160.596,-60,false,g,true
148.903,-60,false,b,true
160.536,-40,true,l,true
160,-40,false,l,true
195.497,-40,true,g,true
186.062,-60,false,g,true
177.489,-60,false,b,true
187.356,-40,true,l,true
160,-40,false,l,true
171.371,-40,true,g,true
160.524,-60,false,g,true
156.9,-60,false,b,true
167.981,-40,true,l,true
160,-40,false,l,true
195.886,-40,true,g,true
186.471,-60,false,g,true
138.332,-60,false,b,true
160,-60,false,f,true
160,-40,false,l,true
160.412,-40,true,g,true
148.768,-60,false,g,true
184.436,-60,false,b,true
193.95,-40,true,l,true
160,-40,false,l,true
160.551,-40,true,g,true
148.918,-60,false,g,true
144.435,-60,false,b,true
156.401,-40,true,l,true
160,-40,false,l,true
167.344,-40,true,g,true
156.218,-60,false,g,true
138.828,-60,false,b,true
151.239,-40,true,l,true
160,-40,false,l,true
196.891,-40,true,g,true
187.526,-60,false,g,true
172.018,-60,false,b,true
138.387,-60,false,b,true
150.834,-40,true,l,true
160,-40,false,l,true
175.578,-40,true,g,true
165.008,-60,false,g,true
155.317,-60,false,b,true
166.504,-40,true,l,true
160,-40,false,l,true
196.871,-40,true,g,true
187.505,-60,false,g,true
138.167,-60,false,b,true
150.632,-40,true,l,true
160,-40,false,l,true
179.473,-40,true,g,true
169.146,-60,false,g,true
159.85,-60,false,b,true
170.74,-40,true,l,true
160,-40,false,l,true
196.167,-40,true,g,true
186.766,-60,false,g,true
178.916,-60,false,b,true
188.709,-40,true,l,true
160,-40,false,l,true
204.11,-40,true,g,true
195.092,-60,false,g,true
194.32,-60,false,b,true
203.372,-40,true,l,true
160,-40,false,l,true
197.113,-40,true,g,true
187.759,-60,false,g,true
178.159,-60,false,b,true
187.991,-40,true,l,true
160,-40,false,l,true
207.466,-40,true,g,true
198.601,-60,false,g,true
195.486,-60,false,b,true
159.251,-60,false,b,true
170.179,-40,true,l,true
160,-40,false,l,true
175.463,-40,true,g,true
164.886,-60,false,g,true
181.162,-60,false,b,true
190.839,-40,true,l,true
160,-40,false,l,true
202.868,-40,true,g,true
193.792,-60,false,g,true
192.202,-60,false,b,true
137.282,-60,false,b,true
149.821,-40,true,l,true
160,-40,false,l,true
174.536,-40,true,g,true
163.899,-60,false,g,true
155.336,-60,false,b,true
166.521,-40,true,l,true
160,-40,false,l,true
200.77,-40,true,g,true
191.595,-60,false,g,true
182.749,-60,false,b,true
192.346,-40,true,l,true
160,-40,false,l,true
206.526,-40,true,g,true
197.618,-60,false,g,true
193.253,-60,false,b,true
136.782,-60,false,b,true
149.363,-40,true,l,true
160,-40,false,l,true
202.539,-40,true,g,true
193.448,-60,false,g,true
190.691,-60,false,b,true
199.908,-40,true,l,true
160,-40,false,l,true
201.091,-40,true,g,true
191.931,-60,false,g,true
186.022,-60,false,b,true
195.022,-60,false,b,true
147.008,-60,false,b,true
158.781,-40,true,l,true
160,-40,false,l,true
173.162,-40,true,g,true
162.434,-60,false,g,true
156.879,-60,false,b,true
167.961,-40,true,l,true
160,-40,false,l,true
197.519,-40,true,g,true
188.186,-60,false,g,true
183.306,-60,false,b,true
192.876,-40,true,l,true
160,-40,false,l,true
200.381,-40,true,g,true
191.187,-60,false,g,true
168.412,-60,false,b,true
143.418,-60,false,b,true
155.463,-40,true,l,true
160,-40,false,l,true
177.056,-40,true,g,true
166.58,-60,false,g,true
156.719,-60,false,b,true
167.812,-40,true,l,true
160,-40,false,l,true
157.059,-40,true,g,true
145.147,-60,false,g,true
139.273,-60,false,b,true
151.648,-40,true,l,true
160,-40,false,l,true
180.415,-40,true,g,true
170.146,-60,false,g,true
162.03,-60,false,b,true
165.177,-60,false,b,true
175.736,-40,true,l,true
160,-40,false,l,true
201.797,-40,true,g,true
192.67,-60,false,g,true
142.817,-60,false,b,true
154.909,-40,true,l,true
160,-40,false,l,true
193.972,-40,true,g,true
184.459,-60,false,g,true
175.959,-60,false,b,true
185.907,-40,true,l,true
160,-40,false,l,true
170.835,-40,true,g,true
159.952,-60,false,g,true
150.61,-60,false,b,true
162.122,-40,true,l,true
160,-40,false,l,true
203.703,-40,true,g,true
194.667,-60,false,g,true
145.504,-60,false,b,true
157.389,-40,true,l,true
160,-40,false,l,true
208.048,-40,true,g,true
199.208,-60,false,g,true
196.871,-60,false,b,true
136.95,-60,false,b,true
149.517,-40,true,l,true
160,-40,false,l,true
194.361,-40,true,g,true
184.868,-60,false,g,true
183.62,-60,false,b,true
193.174,-40,true,l,true
160,-40,false,l,true
191.966,-40,true,g,true
182.348,-60,false,g,true
152.176,-60,false,b,true
137.177,-60,false,b,true
149.725,-40,true,l,true
160,-40,false,l,true
173.582,-40,true,g,true
162.882,-60,false,g,true
158.637,-60,false,b,true
169.604,-40,true,l,true
160,-40,false,l,true
206.879,-40,true,g,true
197.988,-60,false,g,true
146.907,-60,false,b,true
158.687,-40,true,l,true
160,-40,false,l,true
201.805,-40,true,g,true
192.679,-60,false,g,true
147.662,-60,false,b,true
159.387,-40,true,l,true
160,-40,false,l,true
205.752,-40,true,g,true
196.809,-60,false,g,true
167.221,-60,false,b,true
177.66,-40,true,l,true
160,-40,false,l,true
199.062,-40,true,g,true
189.804,-60,false,g,true
139.519,-60,false,b,true
184.158,-60,false,b,true
193.686,-40,true,l,true
160,-40,false,l,true
202.361,-40,true,g,true
193.261,-60,false,g,true
170.447,-60,false,b,true
135.459,-60,false,b,true
148.153,-40,true,l,true
160,-40,false,l,true
195.929,-40,true,g,true
186.515,-60,false,g,true
182.947,-60,false,b,true
138.118,-60,false,b,true
150.588,-40,true,l,true
160,-40,false,l,true
178.128,-40,true,g,true
167.719,-60,false,g,true
136.961,-60,false,b,true
149.527,-40,true,l,true
160,-40,false,l,true
199.882,-40,true,g,true
190.664,-60,false,g,true
136.383,-60,false,b,true
148.997,-40,true,l,true
160,-40,false,l,true
193.731,-40,true,g,true
184.205,-60,false,g,true
183.424,-60,false,b,true
192.988,-40,true,l,true
160,-40,false,l,true
161.543,-40,true,g,true
149.987,-60,false,g,true
146.867,-60,false,b,true
158.651,-40,true,l,true
160,-40,false,l,true
169.969,-40,true,g,true
159.027,-60,false,g,true
154.767,-60,false,b,true
165.991,-40,true,l,true
160,-40,false,l,true
207.308,-40,true,g,true
198.436,-60,false,g,true
197.711,-60,false,b,true
206.615,-40,true,l,true
160,-40,false,l,true
161.933,-40,true,g,true
150.407,-60,false,g,true
162.536,-60,false,b,true
173.257,-40,true,l,true
160,-40,false,l,true
202.417,-40,true,g,true
193.32,-60,false,g,true
187.53,-60,false,b,true
196.895,-40,true,l,true
160,-40,false,l,true
205.049,-40,true,g,true
196.074,-60,false,g,true
138.73,-60,false,b,true
151.149,-40,true,l,true
160,-40,false,l,true
179.268,-40,true,g,true
168.929,-60,false,g,true
160.787,-60,false,b,true
171.617,-40,true,l,true
160,-40,false,l,true
208.097,-40,true,g,true
199.259,-60,false,g,true
139.519,-60,false,b,true
151.874,-40,true,l,true
160,-40,false,l,true
178.548,-40,true,g,true
168.164,-60,false,g,true
163.168,-60,false,b,true
173.85,-40,true,l,true
160,-40,false,l,true
201.767,-40,true,g,true
192.639,-60,false,g,true
137.959,-60,false,b,true
150.441,-40,true,l,true
160,-40,false,l,true
168.451,-40,true,g,true
157.404,-60,false,g,true
151.153,-60,false,b,true
162.626,-40,true,l,true
160,-40,false,l,true
193.421,-40,true,g,true
183.88,-60,false,g,true
183.062,-60,false,b,true
192.644,-40,true,l,true
160,-40,false,l,true
179.35,-40,true,g,true
169.016,-60,false,g,true
138.417,-60,false,b,true
136.514,-60,false,b,true
148.815,-60,false,b,true
160.455,-40,true,l,true
160,-40,false,l,true
197.348,-40,true,g,true
188.005,-60,false,g,true
138.659,-60,false,b,true
140.74,-60,false,b,true
152.995,-40,true,l,true
160,-40,false,l,true
196.324,-40,true,g,true
186.931,-60,false,g,true
189.801,-60,false,b,true
139.041,-60,false,b,true
151.435,-40,true,l,true
160,-40,false,l,true
199.615,-40,true,g,true
190.384,-60,false,g,true
199.034,-60,false,b,true
149.2,-60,false,b,true
160.812,-40,true,l,true
160,-40,false,l,true
195.122,-40,true,g,true
185.668,-60,false,g,true
186.559,-60,false,b,true
195.97,-40,true,l,true
160,-40,false,l,true
200.405,-40,true,g,true
191.212,-60,false,g,true
172.04,-60,false,b,true
182.202,-40,true,l,true
160,-40,false,l,true
171.54,-40,true,g,true
160.705,-60,false,g,true
150.646,-60,false,b,true
162.155,-40,true,l,true
160,-40,false,l,true
206.96,-40,true,g,true
198.072,-60,false,g,true
172.686,-60,false,b,true
182.812,-40,true,l,true
160,-40,false,l,true
181.259,-40,true,g,true
171.04,-60,false,g,true
164.289,-60,false,b,true
174.903,-40,true,l,true
160,-40,false,l,true
158.44,-40,true,g,true
146.64,-60,false,g,true
140.026,-60,false,b,true
152.339,-40,true,l,true
160,-40,false,l,true
199.77,-40,true,g,true
190.547,-60,false,g,true
170.306,-60,false,b,true
180.566,-40,true,l,true
160,-40,false,l,true
162.063,-40,true,g,true
150.547,-60,false,g,true
137.261,-60,false,b,true
149.802,-40,true,l,true
160,-40,false,l,true
194.654,-40,true,g,true
185.176,-60,false,g,true
173.136,-60,false,b,true
143.779,-60,false,b,true
155.796,-40,true,l,true
160,-40,false,l,true
179.578,-40,true,g,true
169.258,-60,false,g,true
138.324,-60,false,b,true
150.777,-40,true,l,true
160,-40,false,l,true
201.917,-40,true,g,true
192.797,-60,false,g,true
169.814,-60,false,b,true
139.833,-60,false,b,true
152.162,-40,true,l,true
160,-40,false,l,true
174.052,-40,true,g,true
163.383,-60,false,g,true
156.96,-60,false,b,true
168.037,-40,true,l,true
160,-40,false,l,true
177.393,-40,true,g,true
166.938,-60,false,g,true
157.794,-60,false,b,true
168.816,-40,true,l,true
160,-40,false,l,true
205.763,-40,true,g,true
196.821,-60,false,g,true
198.823,-60,false,b,true
207.679,-40,true,l,true
160,-40,false,l,true
162.75,-40,true,g,true
151.286,-60,false,g,true
143.426,-60,false,b,true
155.47,-40,true,l,true
160,-40,false,l,true
157.149,-40,true,g,true
145.244,-60,false,g,true
138.06,-60,false,b,true
150.535,-40,true,l,true
160,-40,false,l,true
150.062,-40,true,g,true
137.545,-60,false,g,true
176.963,-60,false,b,true
186.858,-40,true,l,true
160,-40,false,l,true
196.55,-40,true,g,true
187.168,-60,false,g,true
135.251,-60,false,b,true
155.549,-60,false,b,true
166.72,-40,true,l,true
160,-40,false,l,true
207.213,-40,true,g,true
198.336,-60,false,g,true
195.531,-60,false,b,true
204.53,-40,true,l,true
160,-40,false,l,true
198.496,-40,true,g,true
189.211,-60,false,g,true
140.04,-60,false,b,true
152.352,-40,true,l,true
160,-40,false,l,true
193.905,-40,true,g,true
184.389,-60,false,g,true
151.771,-60,false,b,true
163.2,-40,true,l,true
160,-40,false,l,true
194.897,-40,true,g,true
185.432,-60,false,g,true
136.029,-60,false,b,true
148.674,-40,true,l,true
160,-40,false,l,true
194.47,-40,true,g,true
184.983,-60,false,g,true
136.505,-60,false,b,true
149.109,-40,true,l,true
160,-40,false,l,true
200.327,-40,true,g,true
191.131,-60,false,g,true
147.572,-60,false,b,true
159.303,-40,true,l,true
160,-40,false,l,true
168.388,-40,true,g,true
157.335,-60,false,g,true
135.223,-60,false,b,true
147.937,-40,true,l,true
160,-40,false,l,true
200.956,-40,true,g,true
191.79,-60,false,g,true
144.301,-60,false,b,true
156.278,-40,true,l,true
160,-40,false,l,true
165.769,-40,true,g,true
154.53,-60,false,g,true
136.885,-60,false,b,true
149.457,-40,true,l,true
160,-40,false,l,true
195.317,-40,true,g,true
185.873,-60,false,g,true
156.47,-60,false,b,true
167.58,-40,true,l,true
160,-40,false,l,true
161.83,-40,true,g,true
150.297,-60,false,g,true
175.303,-60,false,b,true
185.286,-40,true,l,true
160,-40,false,l,true
169.567,-40,true,g,true
158.597,-60,false,g,true
157.632,-60,false,b,true
137.836,-60,false,b,true
150.329,-40,true,l,true
160,-40,false,l,true
192.003,-40,true,g,true
182.387,-60,false,g,true
137.422,-60,false,b,true
149.949,-40,true,l,true
160,-40,false,l,true
161.643,-40,true,g,true
150.095,-60,false,g,true
143.267,-60,false,b,true
155.324,-40,true,l,true
160,-40,false,l,true
202.319,-40,true,g,true
193.217,-60,false,g,true
139.579,-60,false,b,true
151.929,-40,true,l,true
160,-40,false,l,true
195.77,-40,true,g,true
186.349,-60,false,g,true
185.152,-60,false,b,true
135.46,-60,false,b,true
148.153,-40,true,l,true
160,-40,false,l,true
171.439,-40,true,g,true
160.596,-60,false,g,true
148.903,-60,false,b,true
160.536,-40,true,l,true
160,-40,false,l,true
195.497,-40,true,g,true
186.062,-60,false,g,true
177.489,-60,false,b,true
187.356,-40,true,l,true
160,-40,false,l,true
171.371,-40,true,g,true
160.524,-60,false,g,true
156.9,-60,false,b,true
167.981,-40,true,l,true
160,-40,false,l,true
195.886,-40,true,g,true
186.471,-60,false,g,true
138.332,-60,false,b,true
