x,z,relay,string,error,index
160,-60,false,f,true
197.667,-60,false,b,true
157.904,-60,false,b,true
168.919,-40,true,l,true
160,-40,false,l,true
166.422,-40,true,g,true
155.23,-60,false,g,true
145.866,-60,false,b,true
157.724,-40,true,l,true
160,-40,false,l,true
189.506,-40,true,g,true
179.757,-60,false,g,true
176.937,-60,false,b,true
183.204,-60,false,b,true
174.321,-60,false,b,true
161.084,-60,false,b,true
171.895,-40,true,l,true
160,-40,false,l,true
160.244,-40,true,g,true
148.587,-60,false,g,true
141.621,-60,false,b,true
153.807,-40,true,l,true
160,-40,false,l,true
182.401,-40,true,g,true
172.25,-60,false,g,true
170.628,-60,false,b,true
180.87,-40,true,l,true
160,-40,false,l,true
156.203,-40,true,g,true
144.22,-60,false,g,true
137.199,-60,false,b,true
149.745,-40,true,l,true
160,-40,false,l,true
189.608,-40,true,g,true
179.865,-60,false,g,true
176.335,-60,false,b,true
139.294,-60,false,b,true
151.666,-40,true,l,true
160,-40,false,l,true
208.064,-40,true,g,true
199.225,-60,false,g,true
194.32,-60,false,b,true
203.372,-40,true,l,true
160,-40,false,l,true
193.497,-40,true,g,true
183.959,-60,false,g,true
179.777,-60,false,b,true
141.371,-60,false,b,true
180.552,-60,false,b,true
151.35,-60,false,b,true
162.809,-40,true,l,true
160,-40,false,l,true
179.335,-40,true,g,true
169,-60,false,g,true
167.01,-60,false,b,true
137.312,-60,false,b,true
163.565,-60,false,b,true
135.957,-60,false,b,true
177.668,-60,false,b,true
187.525,-40,true,l,true
160,-40,false,l,true
158.358,-40,true,g,true
146.551,-60,false,g,true
139.979,-60,false,b,true
152.297,-40,true,l,true
160,-40,false,l,true
199.095,-40,true,g,true
189.839,-60,false,g,true
198.626,-60,false,b,true
199.991,-60,false,b,true
208.798,-40,true,l,true
160,-40,false,l,true
153.415,-40,true,g,true
141.195,-60,false,g,true
144.607,-60,false,b,true
156.56,-40,true,l,true
160,-40,false,l,true
162.541,-40,true,g,true
151.061,-60,false,g,true
155.81,-60,false,b,true
197.741,-60,false,b,true
199.505,-60,false,b,true
208.332,-40,true,l,true
160,-40,false,l,true
170.228,-40,true,g,true
159.303,-60,false,g,true
192.239,-60,false,b,true
201.385,-40,true,l,true
160,-40,false,l,true
173.551,-40,true,g,true
162.85,-60,false,g,true
157.336,-60,false,b,true
168.389,-40,true,l,true
160,-40,false,l,true
199.378,-40,true,g,true
190.136,-60,false,g,true
187.645,-60,false,b,true
153.315,-60,false,b,true
194.904,-60,false,b,true
197.334,-60,false,b,true
206.254,-40,true,l,true
160,-40,false,l,true
177.164,-40,true,g,true
166.695,-60,false,g,true
163.325,-60,false,b,true
173.997,-40,true,l,true
160,-40,false,l,true
158.35,-40,true,g,true
146.542,-60,false,g,true
138.337,-60,false,b,true
150.788,-40,true,l,true
160,-40,false,l,true
184.014,-40,true,g,true
173.957,-60,false,g,true
138.139,-60,false,b,true
150.607,-40,true,l,true
160,-40,false,l,true
169.597,-40,true,g,true
158.629,-60,false,g,true
149.007,-60,false,b,true
160.634,-40,true,l,true
160,-40,false,l,true
175.071,-40,true,g,true
164.468,-60,false,g,true
164.389,-60,false,b,true
138.438,-60,false,b,true
136.819,-60,false,b,true
149.397,-40,true,l,true
160,-40,false,l,true
173.461,-40,true,g,true
162.753,-60,false,g,true
156.23,-60,false,b,true
176.699,-60,false,b,true
186.608,-40,true,l,true
160,-40,false,l,true
170.324,-40,true,g,true
159.406,-60,false,g,true
141.715,-60,false,b,true
151.713,-60,false,b,true
163.147,-40,true,l,true
160,-40,false,l,true
206.246,-40,true,g,true
197.326,-60,false,g,true
193.964,-60,false,b,true
156.618,-60,false,b,true
194.981,-60,false,b,true
167.598,-60,false,b,true
178.014,-40,true,l,true
160,-40,false,l,true
191.162,-40,true,g,true
181.502,-60,false,g,true
178.386,-60,false,b,true
188.206,-40,true,l,true
160,-40,false,l,true
148.873,-40,true,g,true
136.247,-60,false,g,true
139.579,-60,false,b,true
170.292,-60,false,b,true
169.566,-60,false,b,true
179.868,-40,true,l,true
160,-40,false,l,true
197.218,-40,true,g,true
187.87,-60,false,g,true
186.556,-60,false,b,true
156.899,-60,false,b,true
166.622,-60,false,b,true
165.46,-60,false,b,true
176.002,-40,true,l,true
160,-40,false,l,true
171.957,-40,true,g,true
161.149,-60,false,g,true
191.438,-60,false,b,true
200.62,-40,true,l,true
160,-40,false,l,true
206.015,-40,true,g,true
197.084,-60,false,g,true
193.174,-60,false,b,true
148.62,-60,false,b,true
180.158,-60,false,b,true
135.704,-60,false,b,true
148.376,-40,true,l,true
160,-40,false,l,true
170.867,-40,true,g,true
159.986,-60,false,g,true
153.539,-60,false,b,true
177.25,-60,false,b,true
187.13,-40,true,l,true
160,-40,false,l,true
181.561,-40,true,g,true
171.36,-60,false,g,true
137.495,-60,false,b,true
156.484,-60,false,b,true
135.062,-60,false,b,true
164.334,-60,false,b,true
174.945,-40,true,l,true
160,-40,false,l,true
156.98,-40,true,g,true
145.061,-60,false,g,true
163.252,-60,false,b,true
173.929,-40,true,l,true
160,-40,false,l,true
172.712,-40,true,g,true
161.955,-60,false,g,true
193.962,-60,false,b,true
203.03,-40,true,l,true
160,-40,false,l,true
195.16,-40,true,g,true
185.708,-60,false,g,true
137.124,-60,false,b,true
149.676,-40,true,l,true
160,-40,false,l,true
163.814,-40,true,g,true
152.431,-60,false,g,true
144.238,-60,false,b,true
154.168,-60,false,b,true
165.432,-40,true,l,true
160,-40,false,l,true
207.018,-40,true,g,true
198.132,-60,false,g,true
145.606,-60,false,b,true
166.763,-60,false,b,true
162.74,-60,false,b,true
167.68,-60,false,b,true
178.092,-40,true,l,true
160,-40,false,l,true
202.807,-40,true,g,true
193.728,-60,false,g,true
139.856,-60,false,b,true
159.768,-60,false,b,true
138.449,-60,false,b,true
186.907,-60,false,b,true
196.832,-60,false,b,true
205.774,-40,true,l,true
160,-40,false,l,true
149.206,-40,true,g,true
136.611,-60,false,g,true
176.575,-60,false,b,true
186.49,-40,true,l,true
160,-40,false,l,true
172.267,-40,true,g,true
161.48,-60,false,g,true
152.973,-60,false,b,true
164.319,-40,true,l,true
160,-40,false,l,true
179.147,-40,true,g,true
168.801,-60,false,g,true
170.115,-60,false,b,true
158.281,-60,false,b,true
144.297,-60,false,b,true
179.801,-60,false,b,true
189.548,-40,true,l,true
160,-40,false,l,true
161.001,-40,true,g,true
149.404,-60,false,g,true
149.852,-60,false,b,true
161.417,-40,true,l,true
160,-40,false,l,true
158.687,-40,true,g,true
146.906,-60,false,g,true
136.302,-60,false,b,true
148.923,-40,true,l,true
160,-40,false,l,true
201.498,-40,true,g,true
192.357,-60,false,g,true
188.27,-60,false,b,true
197.6,-40,true,l,true
160,-40,false,l,true
149.53,-40,true,g,true
136.965,-60,false,g,true
165.278,-60,false,b,true
186.33,-60,false,b,true
189.872,-60,false,b,true
199.126,-40,true,l,true
160,-40,false,l,true
204.591,-40,true,g,true
195.596,-60,false,g,true
153.184,-60,false,b,true
165.203,-60,false,b,true
154.915,-60,false,b,true
187.516,-60,false,b,true
196.881,-40,true,l,true
160,-40,false,l,true
177.459,-40,true,g,true
167.008,-60,false,g,true
160.761,-60,false,b,true
195.529,-60,false,b,true
204.528,-40,true,l,true
160,-40,false,l,true
155.208,-40,true,g,true
143.142,-60,false,g,true
145.715,-60,false,b,true
157.584,-40,true,l,true
160,-40,false,l,true
188.721,-40,true,g,true
178.929,-60,false,g,true
183.825,-60,false,b,true
183.181,-60,false,b,true
199.981,-60,false,b,true
175.275,-60,false,b,true
173.745,-60,false,b,true
183.813,-40,true,l,true
160,-40,false,l,true
171.462,-40,true,g,true
160.621,-60,false,g,true
158.2,-60,false,b,true
164.792,-60,false,b,true
175.375,-40,true,l,true
160,-40,false,l,true
168.88,-40,true,g,true
157.862,-60,false,g,true
150.556,-60,false,b,true
162.071,-40,true,l,true
160,-40,false,l,true
194.03,-40,true,g,true
184.52,-60,false,g,true
184.16,-60,false,b,true
155.785,-60,false,b,true
187.413,-60,false,b,true
189.266,-60,false,b,true
198.549,-40,true,l,true
160,-40,false,l,true
167.357,-40,true,g,true
156.232,-60,false,g,true
162.635,-60,false,b,true
173.349,-40,true,l,true
160,-40,false,l,true
189.359,-40,true,g,true
179.602,-60,false,g,true
167.286,-60,false,b,true
137.085,-60,false,b,true
149.641,-40,true,l,true
160,-40,false,l,true
156.792,-40,true,g,true
144.857,-60,false,g,true
162.631,-60,false,b,true
173.346,-40,true,l,true
160,-40,false,l,true
172.434,-40,true,g,true
161.658,-60,false,g,true
155.164,-60,false,b,true
175.183,-60,false,b,true
185.173,-40,true,l,true
160,-40,false,l,true
179.815,-40,true,g,true
169.509,-60,false,g,true
168.701,-60,false,b,true
140.57,-60,false,b,true
152.84,-40,true,l,true
160,-40,false,l,true
203.567,-40,true,g,true
194.524,-60,false,g,true
148.876,-60,false,b,true
160.512,-40,true,l,true
160,-40,false,l,true
156.954,-40,true,g,true
145.033,-60,false,g,true
137.814,-60,false,b,true
150.309,-40,true,l,true
160,-40,false,l,true
195.656,-40,true,g,true
186.229,-60,false,g,true
185.64,-60,false,b,true
155.853,-60,false,b,true
167.004,-40,true,l,true
160,-40,false,l,true
166.869,-40,true,g,true
155.709,-60,false,g,true
144.037,-60,false,b,true
156.034,-40,true,l,true
160,-40,false,l,true
195.789,-40,true,g,true
186.369,-60,false,g,true
186.236,-60,false,b,true
157.794,-60,false,b,true
189.244,-60,false,b,true
198.528,-40,true,l,true
160,-40,false,l,true
197.405,-40,true,g,true
188.066,-60,false,g,true
139.436,-60,false,b,true
161.165,-60,false,b,true
140.184,-60,false,b,true
174.118,-60,false,b,true
184.166,-40,true,l,true
160,-40,false,l,true
194.695,-40,true,g,true
185.219,-60,false,g,true
150.774,-60,false,b,true
162.274,-40,true,l,true
160,-40,false,l,true
184.392,-40,true,g,true
174.357,-60,false,g,true
171.08,-60,false,b,true
180.999,-60,false,b,true
190.685,-40,true,l,true
160,-40,false,l,true
183.129,-40,true,g,true
173.021,-60,false,g,true
169.405,-60,false,b,true
179.717,-40,true,l,true
160,-40,false,l,true
193.75,-40,true,g,true
184.226,-60,false,g,true
183.716,-60,false,b,true
193.265,-40,true,l,true
160,-40,false,l,true
173.515,-40,true,g,true
162.811,-60,false,g,true
155.904,-60,false,b,true
167.051,-40,true,l,true
160,-40,false,l,true
164.452,-40,true,g,true
153.115,-60,false,g,true
166.358,-60,false,b,true
176.847,-40,true,l,true
160,-40,false,l,true
176.005,-40,true,g,true
165.462,-60,false,g,true
158.163,-60,false,b,true
169.161,-40,true,l,true
160,-40,false,l,true
165.58,-40,true,g,true
154.327,-60,false,g,true
165.029,-60,false,b,true
175.598,-40,true,l,true
160,-40,false,l,true
187.476,-40,true,g,true
177.615,-60,false,g,true
195.88,-60,false,b,true
150.316,-60,false,b,true
180.405,-60,false,b,true
146.417,-60,false,b,true
158.234,-40,true,l,true
160,-40,false,l,true
180.499,-40,true,g,true
170.235,-60,false,g,true
165.344,-60,false,b,true
144.975,-60,false,b,true
156.901,-40,true,l,true
160,-40,false,l,true
155.58,-40,true,g,true
143.545,-60,false,g,true
186.319,-60,false,b,true
195.742,-40,true,l,true
160,-40,false,l,true
168.444,-40,true,g,true
157.396,-60,false,g,true
145.829,-60,false,b,true
170.779,-60,false,b,true
181.013,-40,true,l,true
160,-40,false,l,true
169.758,-40,true,g,true
158.801,-60,false,g,true
159.576,-60,false,b,true
188.444,-60,false,b,true
153.495,-60,false,b,true
191.669,-60,false,b,true
200.84,-40,true,l,true
160,-40,false,l,true
166.453,-40,true,g,true
155.263,-60,false,g,true
146.602,-60,false,b,true
158.405,-40,true,l,true
160,-40,false,l,true
185.167,-40,true,g,true
175.177,-60,false,g,true
183.686,-60,false,b,true
143.268,-60,false,b,true
164.543,-60,false,b,true
161.044,-60,false,b,true
175.852,-60,false,b,true
185.806,-40,true,l,true
160,-40,false,l,true
196.209,-40,true,g,true
186.81,-60,false,g,true
182.979,-60,false,b,true
