x,z,relay,string,error,index
160,-60,false,f,true
197.667,-60,false,b,true
206.572,-40,true,l,true
160,-40,false,l,true
149.168,-40,true,g,true
136.569,-60,false,g,true
184.197,-60,false,b,true
193.723,-40,true,l,true
160,-40,false,l,true
167.431,-40,true,g,true
156.311,-60,false,g,true
163.381,-60,false,b,true
198.907,-60,false,b,true
207.759,-40,true,l,true
160,-40,false,l,true
162.393,-40,true,g,true
150.902,-60,false,g,true
199.328,-60,false,b,true
208.162,-40,true,l,true
160,-40,false,l,true
155.876,-40,true,g,true
143.866,-60,false,g,true
191.763,-60,false,b,true
200.93,-40,true,l,true
160,-40,false,l,true
201.01,-40,true,g,true
191.846,-60,false,g,true
191.412,-60,false,b,true
200.596,-40,true,l,true
160,-40,false,l,true
159.538,-40,true,g,true
147.825,-60,false,g,true
194.868,-60,false,b,true
203.896,-40,true,l,true
160,-40,false,l,true
179.764,-40,true,g,true
169.456,-60,false,g,true
190.968,-60,false,b,true
200.172,-40,true,l,true
160,-40,false,l,true
151.034,-40,true,g,true
138.604,-60,false,g,true
181.311,-60,false,b,true
184.758,-60,false,b,true
194.256,-40,true,l,true
160,-40,false,l,true
175.626,-40,true,g,true
165.059,-60,false,g,true
186.371,-60,false,b,true
195.791,-40,true,l,true
160,-40,false,l,true
173.883,-40,true,g,true
163.203,-60,false,g,true
194.279,-60,false,b,true
203.333,-40,true,l,true
160,-40,false,l,true
171.215,-40,true,g,true
160.358,-60,false,g,true
153.156,-60,false,b,true
198.119,-60,false,b,true
207.006,-40,true,l,true
160,-40,false,l,true
169.396,-40,true,g,true
158.414,-60,false,g,true
194.255,-60,false,b,true
203.31,-40,true,l,true
160,-40,false,l,true
172.556,-40,true,g,true
161.788,-60,false,g,true
194.232,-60,false,b,true
203.288,-40,true,l,true
160,-40,false,l,true
161.348,-40,true,g,true
149.778,-60,false,g,true
178.087,-60,false,b,true
187.923,-40,true,l,true
160,-40,false,l,true
166.495,-40,true,g,true
155.308,-60,false,g,true
191.518,-60,false,b,true
200.697,-40,true,l,true
160,-40,false,l,true
205.675,-40,true,g,true
196.729,-60,false,g,true
196.511,-60,false,b,true
205.467,-40,true,l,true
160,-40,false,l,true
159.902,-40,true,g,true
148.219,-60,false,g,true
146.642,-60,false,b,true
189.462,-60,false,b,true
198.735,-40,true,l,true
160,-40,false,l,true
191.126,-40,true,g,true
181.464,-60,false,g,true
196.266,-60,false,b,true
197.824,-60,false,b,true
206.723,-40,true,l,true
160,-40,false,l,true
154.677,-40,true,g,true
142.566,-60,false,g,true
196.804,-60,false,b,true
205.747,-40,true,l,true
160,-40,false,l,true
184.382,-40,true,g,true
174.346,-60,false,g,true
199.066,-60,false,b,true
207.911,-40,true,l,true
160,-40,false,l,true
171.606,-40,true,g,true
160.775,-60,false,g,true
197.045,-60,false,b,true
205.977,-40,true,l,true
160,-40,false,l,true
170.328,-40,true,g,true
159.41,-60,false,g,true
172.588,-60,false,b,true
198.461,-60,false,b,true
207.332,-40,true,l,true
160,-40,false,l,true
154.709,-40,true,g,true
142.6,-60,false,g,true
197.513,-60,false,b,true
206.425,-40,true,l,true
160,-40,false,l,true
154.901,-40,true,g,true
142.809,-60,false,g,true
187.108,-60,false,b,true
196.493,-40,true,l,true
160,-40,false,l,true
148.992,-40,true,g,true
136.377,-60,false,g,true
196.375,-60,false,b,true
205.336,-40,true,l,true
160,-40,false,l,true
166.821,-40,true,g,true
155.657,-60,false,g,true
155.607,-60,false,b,true
166.774,-40,true,l,true
160,-40,false,l,true
167.878,-40,true,g,true
156.79,-60,false,g,true
176.542,-60,false,b,true
186.459,-40,true,l,true
160,-40,false,l,true
206.64,-40,true,g,true
197.738,-60,false,g,true
194.325,-60,false,b,true
183.231,-60,false,b,true
192.804,-40,true,l,true
160,-40,false,l,true
149.225,-40,true,g,true
136.631,-60,false,g,true
138.138,-60,false,b,true
150.605,-40,true,l,true
160,-40,false,l,true
178.177,-40,true,g,true
167.771,-60,false,g,true
196.702,-60,false,b,true
205.649,-40,true,l,true
160,-40,false,l,true
150.121,-40,true,g,true
137.609,-60,false,g,true
178.862,-60,false,b,true
188.658,-40,true,l,true
160,-40,false,l,true
170.431,-40,true,g,true
159.52,-60,false,g,true
186.143,-60,false,b,true
198.284,-60,false,b,true
207.164,-40,true,l,true
160,-40,false,l,true
193.211,-40,true,g,true
183.658,-60,false,g,true
181.296,-60,false,b,true
190.135,-60,false,b,true
199.377,-40,true,l,true
160,-40,false,l,true
194.036,-40,true,g,true
184.526,-60,false,g,true
182.541,-60,false,b,true
189.397,-60,false,b,true
198.674,-40,true,l,true
160,-40,false,l,true
178.615,-40,true,g,true
168.236,-60,false,g,true
165.03,-60,false,b,true
175.598,-40,true,l,true
160,-40,false,l,true
184.838,-40,true,g,true
174.829,-60,false,g,true
199.463,-60,false,b,true
208.292,-40,true,l,true
160,-40,false,l,true
154.555,-40,true,g,true
142.434,-60,false,g,true
175.185,-60,false,b,true
199.686,-60,false,b,true
208.505,-40,true,l,true
160,-40,false,l,true
196.084,-40,true,g,true
186.679,-60,false,g,true
187.95,-60,false,b,true
197.295,-40,true,l,true
160,-40,false,l,true
182.658,-40,true,g,true
172.522,-60,false,g,true
199.833,-60,false,b,true
208.646,-40,true,l,true
160,-40,false,l,true
167.097,-40,true,g,true
155.953,-60,false,g,true
195.244,-60,false,b,true
204.256,-40,true,l,true
160,-40,false,l,true
150.453,-40,true,g,true
137.971,-60,false,g,true
184.633,-60,false,b,true
194.137,-40,true,l,true
160,-40,false,l,true
155.812,-40,true,g,true
143.797,-60,false,g,true
167.895,-60,false,b,true
178.294,-40,true,l,true
160,-40,false,l,true
159.045,-40,true,g,true
147.293,-60,false,g,true
144.368,-60,false,b,true
156.34,-40,true,l,true
160,-40,false,l,true
156.39,-40,true,g,true
144.423,-60,false,g,true
170.397,-60,false,b,true
180.652,-40,true,l,true
160,-40,false,l,true
154.598,-40,true,g,true
142.48,-60,false,g,true
159.461,-60,false,b,true
170.375,-40,true,l,true
160,-40,false,l,true
176.954,-40,true,g,true
166.472,-60,false,g,true
162.394,-60,false,b,true
173.124,-40,true,l,true
160,-40,false,l,true
203.163,-40,true,g,true
194.101,-60,false,g,true
192.297,-60,false,b,true
201.44,-40,true,l,true
160,-40,false,l,true
193.337,-40,true,g,true
183.792,-60,false,g,true
181.145,-60,false,b,true
186.007,-60,false,b,true
195.444,-40,true,l,true
160,-40,false,l,true
190.417,-40,true,g,true
180.717,-60,false,g,true
179.973,-60,false,b,true
189.711,-40,true,l,true
160,-40,false,l,true
155.05,-40,true,g,true
142.97,-60,false,g,true
185.089,-60,false,b,true
185.576,-60,false,b,true
195.035,-40,true,l,true
160,-40,false,l,true
191.655,-40,true,g,true
182.021,-60,false,g,true
138.069,-60,false,b,true
150.542,-40,true,l,true
160,-40,false,l,true
151.252,-40,true,g,true
138.842,-60,false,g,true
198.813,-60,false,b,true
207.669,-40,true,l,true
160,-40,false,l,true
162.47,-40,true,g,true
150.985,-60,false,g,true
152.488,-60,false,b,true
174.496,-60,false,b,true
184.524,-40,true,l,true
160,-40,false,l,true
165.91,-40,true,g,true
154.681,-60,false,g,true
180.327,-60,false,b,true
190.047,-40,true,l,true
160,-40,false,l,true
199.123,-40,true,g,true
189.868,-60,false,g,true
187.615,-60,false,b,true
196.976,-40,true,l,true
160,-40,false,l,true
159.296,-40,true,g,true
147.564,-60,false,g,true
197.378,-60,false,b,true
206.296,-40,true,l,true
160,-40,false,l,true
181.761,-40,true,g,true
171.572,-60,false,g,true
199.352,-60,false,b,true
208.185,-40,true,l,true
160,-40,false,l,true
193.24,-40,true,g,true
183.689,-60,false,g,true
149.276,-60,false,b,true
160.883,-40,true,l,true
160,-40,false,l,true
156.238,-40,true,g,true
144.258,-60,false,g,true
193.781,-60,false,b,true
202.858,-40,true,l,true
160,-40,false,l,true
201.316,-40,true,g,true
192.167,-60,false,g,true
191.598,-60,false,b,true
200.773,-40,true,l,true
160,-40,false,l,true
159.508,-40,true,g,true
147.793,-60,false,g,true
175.64,-60,false,b,true
176.065,-60,false,b,true
186.008,-40,true,l,true
160,-40,false,l,true
203.167,-40,true,g,true
194.105,-60,false,g,true
166.383,-60,false,b,true
181.352,-60,false,b,true
190.341,-60,false,b,true
199.574,-40,true,l,true
160,-40,false,l,true
168.047,-40,true,g,true
156.97,-60,false,g,true
152.186,-60,false,b,true
185.349,-60,false,b,true
194.818,-40,true,l,true
160,-40,false,l,true
165.926,-40,true,g,true
154.698,-60,false,g,true
198.126,-60,false,b,true
207.012,-40,true,l,true
160,-40,false,l,true
157.615,-40,true,g,true
145.748,-60,false,g,true
176.451,-60,false,b,true
197.689,-60,false,b,true
206.594,-40,true,l,true
160,-40,false,l,true
147.856,-40,true,g,true
135.134,-60,false,g,true
199.619,-60,false,b,true
208.441,-40,true,l,true
160,-40,false,l,true
208.432,-40,true,g,true
199.609,-60,false,g,true
197.722,-60,false,b,true
206.625,-40,true,l,true
160,-40,false,l,true
155.713,-40,true,g,true
143.69,-60,false,g,true
171.302,-60,false,b,true
196.244,-60,false,b,true
205.212,-40,true,l,true
160,-40,false,l,true
149.888,-40,true,g,true
137.355,-60,false,g,true
144.276,-60,false,b,true
189.368,-60,false,b,true
198.646,-40,true,l,true
160,-40,false,l,true
148.489,-40,true,g,true
135.827,-60,false,g,true
175.231,-60,false,b,true
185.219,-40,true,l,true
160,-40,false,l,true
158.772,-40,true,g,true
146.999,-60,false,g,true
143.57,-60,false,b,true
155.603,-40,true,l,true
160,-40,false,l,true
181.493,-40,true,g,true
171.289,-60,false,g,true
198.677,-60,false,b,true
207.54,-40,true,l,true
160,-40,false,l,true
162.943,-40,true,g,true
151.494,-60,false,g,true
195.773,-60,false,b,true
204.761,-40,true,l,true
160,-40,false,l,true
155.775,-40,true,g,true
143.756,-60,false,g,true
199.657,-60,false,b,true
208.477,-40,true,l,true
160,-40,false,l,true
148.849,-40,true,g,true
136.22,-60,false,g,true
195.424,-60,false,b,true
204.427,-40,true,l,true
160,-40,false,l,true
149.204,-40,true,g,true
136.608,-60,false,g,true
196.535,-60,false,b,true
205.49,-40,true,l,true
160,-40,false,l,true
174.587,-40,true,g,true
163.954,-60,false,g,true
199.192,-60,false,b,true
208.032,-40,true,l,true
160,-40,false,l,true
156.3,-40,true,g,true
144.325,-60,false,g,true
144.317,-60,false,b,true
198.831,-60,false,b,true
207.686,-40,true,l,true
160,-40,false,l,true
206.441,-40,true,g,true
197.529,-60,false,g,true
195.836,-60,false,b,true
204.821,-40,true,l,true
160,-40,false,l,true
180.642,-40,true,g,true
170.386,-60,false,g,true
197.158,-60,false,b,true
206.086,-40,true,l,true
160,-40,false,l,true
190.329,-40,true,g,true
180.624,-60,false,g,true
181.446,-60,false,b,true
191.109,-40,true,l,true
160,-40,false,l,true
208.631,-40,true,g,true
199.818,-60,false,g,true
199.577,-60,false,b,true
208.401,-40,true,l,true
160,-40,false,l,true
176.551,-40,true,g,true
166.043,-60,false,g,true
198.292,-60,false,b,true
207.17,-40,true,l,true
160,-40,false,l,true
199.142,-40,true,g,true
189.888,-60,false,g,true
187.665,-60,false,b,true
197.574,-60,false,b,true
206.483,-40,true,l,true
160,-40,false,l,true
173.432,-40,true,g,true
162.723,-60,false,g,true
182.771,-60,false,b,true
192.367,-40,true,l,true
160,-40,false,l,true
207.971,-40,true,g,true
199.127,-60,false,g,true
197.209,-60,false,b,true
206.134,-40,true,l,true
160,-40,false,l,true
155.307,-40,true,g,true
143.249,-60,false,g,true
198.908,-60,false,b,true
207.76,-40,true,l,true
160,-40,false,l,true
162.261,-40,true,g,true
150.76,-60,false,g,true
159.681,-60,false,b,true
170.582,-40,true,l,true
160,-40,false,l,true
148.383,-40,true,g,true
135.711,-60,false,g,true
199.738,-60,false,b,true
208.555,-40,true,l,true
160,-40,false,l,true
150.016,-40,true,g,true
137.495,-60,false,g,true
146.493,-60,false,b,true
191.582,-60,false,b,true
195.809,-60,false,b,true
204.795,-40,true,l,true
160,-40,false,l,true
194.223,-40,true,g,true
184.723,-60,false,g,true
184.882,-60,false,b,true
194.374,-40,true,l,true
160,-40,false,l,true
164.33,-40,true,g,true
152.984,-60,false,g,true
196.52,-60,false,b,true
205.476,-40,true,l,true
160,-40,false,l,true
179.86,-40,true,g,true
169.557,-60,false,g,true
193.3,-60,false,b,true
202.398,-40,true,l,true
160,-40,false,l,true
200.463,-40,true,g,true
191.273,-60,false,g,true
157.083,-60,false,b,true
168.152,-40,true,l,true
160,-40,false,l,true
170.21,-40,true,g,true
159.284,-60,false,g,true
154.33,-60,false,b,true
165.583,-40,true,l,true
160,-40,false,l,true
172.324,-40,true,g,true
161.542,-60,false,g,true
162.337,-60,false,b,true
190.817,-60,false,b,true
200.028,-40,true,l,true
160,-40,false,l,true
182.272,-40,true,g,true
172.114,-60,false,g,true
195.012,-60,false,b,true
204.033,-40,true,l,true
160,-40,false,l,true
167.891,-40,true,g,true
156.803,-60,false,g,true
199.431,-60,false,b,true
208.261,-40,true,l,true
160,-40,false,l,true
183.774,-40,true,g,true
173.703,-60,false,g,true
168.175,-60,false,b,true
178.557,-40,true,l,true
160,-40,false,l,true
205.409,-40,true,g,true
196.45,-60,false,g,true
194.514,-60,false,b,true
203.558,-40,true,l,true
160,-40,false,l,true
195.4,-40,true,g,true
185.96,-60,false,g,true
178.256,-60,false,b,true
188.083,-40,true,l,true
160,-40,false,l,true
189.246,-40,true,g,true
179.482,-60,false,g,true
176.507,-60,false,b,true
