x,z,relay,string,error,index
160,-60,false,f,true
148.081,-60,false,b,true
159.774,-40,true,l,true
160,-40,false,l,true
185.357,-40,true,g,true
175.378,-60,false,g,true
143.555,-60,false,b,true
155.59,-40,true,l,true
160,-40,false,l,true
161.367,-40,true,g,true
149.797,-60,false,g,true
135.854,-60,false,b,true
148.514,-40,true,l,true
160,-40,false,l,true
160.931,-40,true,g,true
149.328,-60,false,g,true
140.679,-60,false,b,true
152.94,-40,true,l,true
160,-40,false,l,true
202.649,-40,true,g,true
193.563,-60,false,g,true
144.475,-60,false,b,true
156.439,-40,true,l,true
160,-40,false,l,true
199.685,-40,true,g,true
190.458,-60,false,g,true
147.279,-60,false,b,true
159.031,-40,true,l,true
160,-40,false,l,true
167.023,-40,true,g,true
155.874,-60,false,g,true
162.689,-60,false,b,true
173.4,-40,true,l,true
160,-40,false,l,true
204.275,-40,true,g,true
195.265,-60,false,g,true
172.352,-60,false,b,true
182.497,-40,true,l,true
160,-40,false,l,true
158.344,-40,true,g,true
146.536,-60,false,g,true
141.736,-60,false,b,true
153.913,-40,true,l,true
160,-40,false,l,true
200.475,-40,true,g,true
191.286,-60,false,g,true
170.782,-60,false,b,true
181.015,-40,true,l,true
160,-40,false,l,true
162.33,-40,true,g,true
150.834,-60,false,g,true
144.764,-60,false,b,true
156.706,-40,true,l,true
160,-40,false,l,true
190.962,-40,true,g,true
181.291,-60,false,g,true
180.03,-60,false,b,true
135.536,-60,false,b,true
148.223,-40,true,l,true
160,-40,false,l,true
165.548,-40,true,g,true
154.292,-60,false,g,true
141.011,-60,false,b,true
153.246,-40,true,l,true
160,-40,false,l,true
197.002,-40,true,g,true
187.642,-60,false,g,true
136.562,-60,false,b,true
149.162,-40,true,l,true
160,-40,false,l,true
163.742,-40,true,g,true
152.353,-60,false,g,true
145.985,-60,false,b,true
157.834,-40,true,l,true
160,-40,false,l,true
193.937,-40,true,g,true
184.422,-60,false,g,true
140.824,-60,false,b,true
137.748,-60,false,b,true
150.249,-40,true,l,true
160,-40,false,l,true
161.314,-40,true,g,true
149.741,-60,false,g,true
146.207,-60,false,b,true
158.04,-40,true,l,true
160,-40,false,l,true
202.685,-40,true,g,true
193.6,-60,false,g,true
143.798,-60,false,b,true
155.813,-40,true,l,true
160,-40,false,l,true
202,-40,true,g,true
192.883,-60,false,g,true
178.069,-60,false,b,true
187.906,-40,true,l,true
160,-40,false,l,true
158.653,-40,true,g,true
146.869,-60,false,g,true
137.473,-60,false,b,true
149.997,-40,true,l,true
160,-40,false,l,true
182.705,-40,true,g,true
172.572,-60,false,g,true
167.675,-60,false,b,true
178.087,-40,true,l,true
160,-40,false,l,true
177.276,-40,true,g,true
166.814,-60,false,g,true
147.16,-60,false,b,true
158.922,-40,true,l,true
160,-40,false,l,true
191.17,-40,true,g,true
181.51,-60,false,g,true
161.802,-60,false,b,true
172.569,-40,true,l,true
160,-40,false,l,true
201.011,-40,true,g,true
191.847,-60,false,g,true
142.507,-60,false,b,true
154.623,-40,true,l,true
160,-40,false,l,true
194.71,-40,true,g,true
185.235,-60,false,g,true
150.2,-60,false,b,true
161.741,-40,true,l,true
160,-40,false,l,true
195.288,-40,true,g,true
185.843,-60,false,g,true
135.217,-60,false,b,true
147.932,-40,true,l,true
160,-40,false,l,true
193.965,-40,true,g,true
184.452,-60,false,g,true
135.022,-60,false,b,true
147.753,-40,true,l,true
160,-40,false,l,true
201.87,-40,true,g,true
192.748,-60,false,g,true
189.977,-60,false,b,true
199.226,-40,true,l,true
160,-40,false,l,true
200.979,-40,true,g,true
191.814,-60,false,g,true
186.031,-60,false,b,true
195.092,-60,false,b,true
147.366,-60,false,b,true
159.112,-40,true,l,true
160,-40,false,l,true
165.916,-40,true,g,true
154.687,-60,false,g,true
145.392,-60,false,b,true
157.286,-40,true,l,true
160,-40,false,l,true
158.751,-40,true,g,true
146.976,-60,false,g,true
140.039,-60,false,b,true
152.351,-40,true,l,true
160,-40,false,l,true
192.292,-40,true,g,true
182.692,-60,false,g,true
137.753,-60,false,b,true
150.253,-40,true,l,true
160,-40,false,l,true
208.056,-40,true,g,true
199.217,-60,false,g,true
148.244,-60,false,b,true
159.926,-40,true,l,true
160,-40,false,l,true
161.5,-40,true,g,true
149.941,-60,false,g,true
142.051,-60,false,b,true
154.203,-40,true,l,true
160,-40,false,l,true
194.13,-40,true,g,true
184.625,-60,false,g,true
172.653,-60,false,b,true
182.781,-40,true,l,true
160,-40,false,l,true
192.508,-40,true,g,true
182.919,-60,false,g,true
181.901,-60,false,b,true
191.542,-40,true,l,true
160,-40,false,l,true
194.463,-40,true,g,true
184.975,-60,false,g,true
146.33,-60,false,b,true
158.153,-40,true,l,true
160,-40,false,l,true
160.993,-40,true,g,true
149.395,-60,false,g,true
135.443,-60,false,b,true
148.138,-40,true,l,true
160,-40,false,l,true
197.321,-40,true,g,true
187.977,-60,false,g,true
189.807,-60,false,b,true
199.064,-40,true,l,true
160,-40,false,l,true
178.615,-40,true,g,true
168.236,-60,false,g,true
147.815,-60,false,b,true
159.528,-40,true,l,true
160,-40,false,l,true
208.081,-40,true,g,true
199.243,-60,false,g,true
165.015,-60,false,b,true
175.585,-40,true,l,true
160,-40,false,l,true
173.981,-40,true,g,true
163.307,-60,false,g,true
142.937,-60,false,b,true
155.019,-40,true,l,true
160,-40,false,l,true
203.28,-40,true,g,true
194.224,-60,false,g,true
137.791,-60,false,b,true
150.288,-40,true,l,true
160,-40,false,l,true
160.75,-40,true,g,true
149.132,-60,false,g,true
140.9,-60,false,b,true
153.143,-40,true,l,true
160,-40,false,l,true
205.674,-40,true,g,true
196.727,-60,false,g,true
168.33,-60,false,b,true
178.704,-40,true,l,true
160,-40,false,l,true
170.432,-40,true,g,true
159.521,-60,false,g,true
140.505,-60,false,b,true
152.779,-40,true,l,true
160,-40,false,l,true
201.83,-40,true,g,true
192.705,-60,false,g,true
191.028,-60,false,b,true
192.705,-60,false,b,true
201.83,-40,true,l,true
160,-40,false,l,true
193.223,-40,true,g,true
183.672,-60,false,g,true
182.355,-60,false,b,true
191.972,-40,true,l,true
160,-40,false,l,true
187.528,-40,true,g,true
177.67,-60,false,g,true
176.666,-60,false,b,true
173.904,-60,false,b,true
183.964,-40,true,l,true
160,-40,false,l,true
204.843,-40,true,g,true
195.858,-60,false,g,true
195.722,-60,false,b,true
204.712,-40,true,l,true
160,-40,false,l,true
166.951,-40,true,g,true
155.796,-60,false,g,true
143.028,-60,false,b,true
155.103,-40,true,l,true
160,-40,false,l,true
198.202,-40,true,g,true
188.903,-60,false,g,true
139.734,-60,false,b,true
152.071,-40,true,l,true
160,-40,false,l,true
195.645,-40,true,g,true
186.218,-60,false,g,true
136.952,-60,false,b,true
149.519,-40,true,l,true
160,-40,false,l,true
191.285,-40,true,g,true
181.632,-60,false,g,true
136.991,-60,false,b,true
149.555,-40,true,l,true
160,-40,false,l,true
173.436,-40,true,g,true
162.727,-60,false,g,true
138.802,-60,false,b,true
151.215,-40,true,l,true
160,-40,false,l,true
195.119,-40,true,g,true
185.665,-60,false,g,true
151.687,-60,false,b,true
136.691,-60,false,b,true
149.28,-40,true,l,true
160,-40,false,l,true
171.045,-40,true,g,true
160.176,-60,false,g,true
143.014,-60,false,b,true
155.091,-40,true,l,true
160,-40,false,l,true
205.638,-40,true,g,true
196.69,-60,false,g,true
172.186,-60,false,b,true
182.34,-40,true,l,true
160,-40,false,l,true
207.607,-40,true,g,true
198.748,-60,false,g,true
148.152,-60,false,b,true
182.916,-60,false,b,true
192.505,-40,true,l,true
160,-40,false,l,true
208.514,-40,true,g,true
199.695,-60,false,g,true
191.067,-60,false,b,true
200.266,-40,true,l,true
160,-40,false,l,true
202.983,-40,true,g,true
193.913,-60,false,g,true
188.018,-60,false,b,true
197.36,-40,true,l,true
160,-40,false,l,true
162.428,-40,true,g,true
150.939,-60,false,g,true
138.543,-60,false,b,true
135.35,-60,false,b,true
148.053,-40,true,l,true
160,-40,false,l,true
192.564,-40,true,g,true
182.977,-60,false,g,true
178.749,-60,false,b,true
168.754,-60,false,b,true
179.103,-40,true,l,true
160,-40,false,l,true
163.22,-40,true,g,true
151.792,-60,false,g,true
146.102,-60,false,b,true
157.942,-40,true,l,true
160,-40,false,l,true
197.585,-40,true,g,true
188.254,-60,false,g,true
138.19,-60,false,b,true
150.654,-40,true,l,true
160,-40,false,l,true
195.839,-40,true,g,true
186.422,-60,false,g,true
135.044,-60,false,b,true
147.773,-40,true,l,true
160,-40,false,l,true
198.983,-40,true,g,true
189.722,-60,false,g,true
177.516,-60,false,b,true
137.574,-60,false,b,true
150.089,-40,true,l,true
160,-40,false,l,true
208.713,-40,true,g,true
199.903,-60,false,g,true
152.684,-60,false,b,true
164.05,-40,true,l,true
160,-40,false,l,true
203.046,-40,true,g,true
193.979,-60,false,g,true
144.817,-60,false,b,true
156.755,-40,true,l,true
160,-40,false,l,true
207.39,-40,true,g,true
198.521,-60,false,g,true
160.706,-60,false,b,true
171.541,-40,true,l,true
160,-40,false,l,true
207.658,-40,true,g,true
198.801,-60,false,g,true
141.676,-60,false,b,true
153.857,-40,true,l,true
160,-40,false,l,true
166.714,-40,true,g,true
155.542,-60,false,g,true
146.987,-60,false,b,true
158.761,-40,true,l,true
160,-40,false,l,true
200.283,-40,true,g,true
191.084,-60,false,g,true
138.858,-60,false,b,true
151.266,-40,true,l,true
160,-40,false,l,true
162.041,-40,true,g,true
150.523,-60,false,g,true
141.505,-60,false,b,true
153.7,-40,true,l,true
160,-40,false,l,true
196.624,-40,true,g,true
187.246,-60,false,g,true
146.888,-60,false,b,true
158.67,-40,true,l,true
160,-40,false,l,true
204.211,-40,true,g,true
195.198,-60,false,g,true
150.619,-60,false,b,true
162.129,-40,true,l,true
160,-40,false,l,true
182.866,-40,true,g,true
172.743,-60,false,g,true
165.291,-60,false,b,true
175.844,-40,true,l,true
160,-40,false,l,true
188.613,-40,true,g,true
178.816,-60,false,g,true
164.141,-60,false,b,true
174.763,-40,true,l,true
160,-40,false,l,true
156.088,-40,true,g,true
144.095,-60,false,g,true
168.277,-60,false,b,true
178.653,-40,true,l,true
160,-40,false,l,true
203.716,-40,true,g,true
194.68,-60,false,g,true
145.414,-60,false,b,true
157.306,-40,true,l,true
160,-40,false,l,true
208.06,-40,true,g,true
199.22,-60,false,g,true
161.753,-60,false,b,true
165.242,-60,false,b,true
175.798,-40,true,l,true
160,-40,false,l,true
203.522,-40,true,g,true
194.477,-60,false,g,true
195.79,-60,false,b,true
204.777,-40,true,l,true
160,-40,false,l,true
178.737,-40,true,g,true
168.365,-60,false,g,true
160.596,-60,false,b,true
160.656,-60,false,b,true
171.495,-40,true,l,true
160,-40,false,l,true
197.142,-40,true,g,true
187.79,-60,false,g,true
149.042,-60,false,b,true
160.666,-40,true,l,true
160,-40,false,l,true
168.875,-40,true,g,true
157.857,-60,false,g,true
146.735,-60,false,b,true
158.529,-40,true,l,true
160,-40,false,l,true
186.121,-40,true,g,true
176.185,-60,false,g,true
148.235,-60,false,b,true
159.917,-40,true,l,true
160,-40,false,l,true
161.838,-40,true,g,true
150.305,-60,false,g,true
142.009,-60,false,b,true
154.164,-40,true,l,true
160,-40,false,l,true
208.414,-40,true,g,true
199.59,-60,false,g,true
140.818,-60,false,b,true
153.068,-40,true,l,true
160,-40,false,l,true
164.611,-40,true,g,true
153.286,-60,false,g,true
145.079,-60,false,b,true
156.997,-40,true,l,true
160,-40,false,l,true
207.041,-40,true,g,true
198.157,-60,false,g,true
140.121,-60,false,b,true
152.427,-40,true,l,true
160,-40,false,l,true
164.738,-40,true,g,true
153.423,-60,false,g,true
145.426,-60,false,b,true
157.317,-40,true,l,true
160,-40,false,l,true
200.17,-40,true,g,true
190.967,-60,false,g,true
191.681,-60,false,b,true
200.852,-40,true,l,true
160,-40,false,l,true
172.291,-40,true,g,true
161.506,-60,false,g,true
157.285,-60,false,b,true
168.34,-40,true,l,true
160,-40,false,l,true
200.118,-40,true,g,true
190.911,-60,false,g,true
138.386,-60,false,b,true
150.834,-40,true,l,true
160,-40,false,l,true
164.551,-40,true,g,true
153.223,-60,false,g,true
135.815,-60,false,b,true
148.478,-40,true,l,true
160,-40,false,l,true
208.651,-40,true,g,true
199.838,-60,false,g,true
197.022,-60,false,b,true
137.13,-60,false,b,true
149.682,-40,true,l,true
160,-40,false,l,true
177.849,-40,true,g,true
167.422,-60,false,g,true
162.037,-60,false,b,true
172.789,-40,true,l,true
160,-40,false,l,true
203.001,-40,true,g,true
193.932,-60,false,g,true
138.047,-60,false,b,true
150.522,-40,true,l,true
160,-40,false,l,true
206.25,-40,true,g,true
197.329,-60,false,g,true
169.85,-60,false,b,true
180.136,-40,true,l,true
160,-40,false,l,true
207.125,-40,true,g,true
198.244,-60,false,g,true
199.574,-60,false,b,true
208.398,-40,true,l,true
160,-40,false,l,true
190.826,-40,true,g,true
181.148,-60,false,g,true
179.981,-60,false,b,true
135.021,-60,false,b,true
147.752,-40,true,l,true
160,-40,false,l,true
