x,z,relay,string,error,index
160,-60,false,f,true
148.081,-60,false,b,true
159.774,-40,true,l,true
160,-40,false,l,true
168.383,-40,true,g,true
157.33,-60,false,g,true
148.681,-60,false,b,true
160.331,-40,true,l,true
160,-40,false,l,true
160.547,-40,true,g,true
148.914,-60,false,g,true
141.014,-60,false,b,true
153.248,-40,true,l,true
160,-40,false,l,true
171.814,-40,true,g,true
160.997,-60,false,g,true
156.259,-60,false,b,true
172.594,-60,false,b,true
182.726,-40,true,l,true
160,-40,false,l,true
154.041,-40,true,g,true
141.875,-60,false,g,true
181.8,-60,false,b,true
191.445,-40,true,l,true
160,-40,false,l,true
198.203,-40,true,g,true
188.903,-60,false,g,true
145.788,-60,false,b,true
157.652,-40,true,l,true
160,-40,false,l,true
163.949,-40,true,g,true
152.575,-60,false,g,true
135.546,-60,false,b,true
148.232,-40,true,l,true
160,-40,false,l,true
202.358,-40,true,g,true
193.258,-60,false,g,true
168.967,-60,false,b,true
136.845,-60,false,b,true
159.793,-60,false,b,true
158.848,-60,false,b,true
169.802,-40,true,l,true
160,-40,false,l,true
198.854,-40,true,g,true
189.586,-60,false,g,true
169.082,-60,false,b,true
136.02,-60,false,b,true
157.054,-60,false,b,true
154.772,-60,false,b,true
199.113,-60,false,b,true
207.957,-40,true,l,true
160,-40,false,l,true
179.729,-40,true,g,true
169.418,-60,false,g,true
165.997,-60,false,b,true
135.827,-60,false,b,true
163.686,-60,false,b,true
154.771,-60,false,b,true
189.641,-60,false,b,true
198.907,-40,true,l,true
160,-40,false,l,true
190.158,-40,true,g,true
180.444,-60,false,g,true
177.515,-60,false,b,true
192.029,-60,false,b,true
182.076,-60,false,b,true
169.8,-60,false,b,true
171.527,-60,false,b,true
181.718,-40,true,l,true
160,-40,false,l,true
164.532,-40,true,g,true
153.201,-60,false,g,true
144.639,-60,false,b,true
156.59,-40,true,l,true
160,-40,false,l,true
172.903,-40,true,g,true
162.158,-60,false,g,true
155.359,-60,false,b,true
175.792,-60,false,b,true
185.749,-40,true,l,true
160,-40,false,l,true
169.895,-40,true,g,true
158.947,-60,false,g,true
140.923,-60,false,b,true
147.988,-60,false,b,true
159.689,-40,true,l,true
160,-40,false,l,true
200.063,-40,true,g,true
190.854,-60,false,g,true
189.838,-60,false,b,true
147.49,-60,false,b,true
164.412,-60,false,b,true
156.621,-60,false,b,true
181.003,-60,false,b,true
190.688,-40,true,l,true
160,-40,false,l,true
178.236,-40,true,g,true
167.833,-60,false,g,true
136.292,-60,false,b,true
150.872,-60,false,b,true
162.365,-40,true,l,true
160,-40,false,l,true
192.061,-40,true,g,true
182.448,-60,false,g,true
147.176,-60,false,b,true
152.802,-60,false,b,true
184.455,-60,false,b,true
193.969,-40,true,l,true
160,-40,false,l,true
182.3,-40,true,g,true
172.143,-60,false,g,true
168.774,-60,false,b,true
135.969,-60,false,b,true
178.086,-60,false,b,true
187.921,-40,true,l,true
160,-40,false,l,true
162.104,-40,true,g,true
150.591,-60,false,g,true
155.349,-60,false,b,true
197.576,-60,false,b,true
199.462,-60,false,b,true
208.291,-40,true,l,true
160,-40,false,l,true
169.666,-40,true,g,true
158.703,-60,false,g,true
191.946,-60,false,b,true
201.105,-40,true,l,true
160,-40,false,l,true
167.551,-40,true,g,true
156.44,-60,false,g,true
150.372,-60,false,b,true
161.901,-40,true,l,true
160,-40,false,l,true
194.505,-40,true,g,true
185.019,-60,false,g,true
184.446,-60,false,b,true
155.82,-60,false,b,true
195.025,-60,false,b,true
204.046,-40,true,l,true
160,-40,false,l,true
189.752,-40,true,g,true
180.016,-60,false,g,true
163.518,-60,false,b,true
167.915,-60,false,b,true
159.083,-60,false,b,true
146.626,-60,false,b,true
178.39,-60,false,b,true
188.21,-40,true,l,true
160,-40,false,l,true
202.54,-40,true,g,true
193.448,-60,false,g,true
141.234,-60,false,b,true
153.45,-40,true,l,true
160,-40,false,l,true
181.812,-40,true,g,true
171.626,-60,false,g,true
161.849,-60,false,b,true
161.864,-60,false,b,true
196.776,-60,false,b,true
177.876,-60,false,b,true
178.011,-60,false,b,true
187.851,-40,true,l,true
160,-40,false,l,true
160.128,-40,true,g,true
148.462,-60,false,g,true
150.747,-60,false,b,true
162.249,-40,true,l,true
160,-40,false,l,true
161.533,-40,true,g,true
149.976,-60,false,g,true
186.574,-60,false,b,true
183.141,-60,false,b,true
192.719,-40,true,l,true
160,-40,false,l,true
188.697,-40,true,g,true
178.904,-60,false,g,true
151.129,-60,false,b,true
153.85,-60,false,b,true
168.607,-60,false,b,true
160.809,-60,false,b,true
185.692,-60,false,b,true
195.145,-40,true,l,true
160,-40,false,l,true
183.856,-40,true,g,true
173.79,-60,false,g,true
175.137,-60,false,b,true
185.129,-40,true,l,true
160,-40,false,l,true
169.714,-40,true,g,true
158.755,-60,false,g,true
146.717,-60,false,b,true
158.512,-40,true,l,true
160,-40,false,l,true
174.71,-40,true,g,true
164.084,-60,false,g,true
135.955,-60,false,b,true
146.232,-60,false,b,true
164.829,-60,false,b,true
175.41,-40,true,l,true
160,-40,false,l,true
169.696,-40,true,g,true
158.735,-60,false,g,true
148.952,-60,false,b,true
158.735,-60,false,b,true
160.126,-60,false,b,true
137.565,-60,false,b,true
150.08,-40,true,l,true
160,-40,false,l,true
178.125,-40,true,g,true
167.715,-60,false,g,true
162.827,-60,false,b,true
173.53,-40,true,l,true
160,-40,false,l,true
176.115,-40,true,g,true
165.58,-60,false,g,true
167.167,-60,false,b,true
143.476,-60,false,b,true
155.517,-40,true,l,true
160,-40,false,l,true
172.348,-40,true,g,true
161.567,-60,false,g,true
152.875,-60,false,b,true
164.228,-40,true,l,true
160,-40,false,l,true
162.214,-40,true,g,true
150.71,-60,false,g,true
149.266,-60,false,b,true
160.873,-40,true,l,true
160,-40,false,l,true
161.329,-40,true,g,true
149.757,-60,false,g,true
182.853,-60,false,b,true
192.445,-40,true,l,true
160,-40,false,l,true
178.267,-40,true,g,true
167.867,-60,false,g,true
164.725,-60,false,b,true
175.312,-40,true,l,true
160,-40,false,l,true
161.278,-40,true,g,true
149.702,-60,false,g,true
162.597,-60,false,b,true
173.314,-40,true,l,true
160,-40,false,l,true
186.75,-40,true,g,true
176.849,-60,false,g,true
141.203,-60,false,b,true
141.445,-60,false,b,true
153.645,-40,true,l,true
160,-40,false,l,true
161.55,-40,true,g,true
149.994,-60,false,g,true
143.81,-60,false,b,true
155.824,-40,true,l,true
160,-40,false,l,true
185.557,-40,true,g,true
175.589,-60,false,g,true
173.314,-60,false,b,true
141.586,-60,false,b,true
171.535,-60,false,b,true
137.019,-60,false,b,true
149.58,-40,true,l,true
160,-40,false,l,true
164.466,-40,true,g,true
153.131,-60,false,g,true
192.127,-60,false,b,true
201.278,-40,true,l,true
160,-40,false,l,true
170.79,-40,true,g,true
159.903,-60,false,g,true
159.096,-60,false,b,true
170.034,-40,true,l,true
160,-40,false,l,true
164.283,-40,true,g,true
152.934,-60,false,g,true
172.86,-60,false,b,true
175.388,-60,false,b,true
185.367,-40,true,l,true
160,-40,false,l,true
162.898,-40,true,g,true
151.445,-60,false,g,true
194.606,-60,false,b,true
172.505,-60,false,b,true
182.642,-40,true,l,true
160,-40,false,l,true
163.645,-40,true,g,true
152.249,-60,false,g,true
142.11,-60,false,b,true
154.257,-40,true,l,true
160,-40,false,l,true
176.057,-40,true,g,true
165.518,-60,false,g,true
160.304,-60,false,b,true
171.165,-40,true,l,true
160,-40,false,l,true
202.993,-40,true,g,true
193.923,-60,false,g,true
191.017,-60,false,b,true
200.218,-40,true,l,true
160,-40,false,l,true
163.125,-40,true,g,true
151.69,-60,false,g,true
147.97,-60,false,b,true
147.167,-60,false,b,true
158.928,-40,true,l,true
160,-40,false,l,true
164.66,-40,true,g,true
153.339,-60,false,g,true
186.721,-60,false,b,true
196.124,-40,true,l,true
160,-40,false,l,true
206.012,-40,true,g,true
197.081,-60,false,g,true
193.89,-60,false,b,true
156.777,-60,false,b,true
195.351,-60,false,b,true
199.539,-60,false,b,true
208.365,-40,true,l,true
160,-40,false,l,true
195.175,-40,true,g,true
185.724,-60,false,g,true
184.965,-60,false,b,true
194.453,-40,true,l,true
160,-40,false,l,true
166.884,-40,true,g,true
155.725,-60,false,g,true
150.813,-60,false,b,true
163.222,-60,false,b,true
173.9,-40,true,l,true
160,-40,false,l,true
168.477,-40,true,g,true
157.431,-60,false,g,true
156.087,-60,false,b,true
167.222,-40,true,l,true
160,-40,false,l,true
170.756,-40,true,g,true
159.867,-60,false,g,true
154.441,-60,false,b,true
165.686,-40,true,l,true
160,-40,false,l,true
187.357,-40,true,g,true
177.49,-60,false,g,true
153.414,-60,false,b,true
155.955,-60,false,b,true
135.005,-60,false,b,true
147.737,-40,true,l,true
160,-40,false,l,true
199.733,-40,true,g,true
190.508,-60,false,g,true
186.398,-60,false,b,true
197.431,-60,false,b,true
179.104,-60,false,b,true
188.887,-40,true,l,true
160,-40,false,l,true
191.861,-40,true,g,true
182.238,-60,false,g,true
180.473,-60,false,b,true
137.78,-60,false,b,true
168.468,-60,false,b,true
135.456,-60,false,b,true
148.15,-40,true,l,true
160,-40,false,l,true
204.473,-40,true,g,true
195.471,-60,false,g,true
191.995,-60,false,b,true
154.698,-60,false,b,true
193.327,-60,false,b,true
197.709,-60,false,b,true
206.613,-40,true,l,true
160,-40,false,l,true
156.941,-40,true,g,true
145.019,-60,false,g,true
145.899,-60,false,b,true
157.755,-40,true,l,true
160,-40,false,l,true
155.756,-40,true,g,true
143.735,-60,false,g,true
168.641,-60,false,b,true
172.009,-60,false,b,true
182.174,-40,true,l,true
160,-40,false,l,true
180.329,-40,true,g,true
170.055,-60,false,g,true
191.188,-60,false,b,true
157.235,-60,false,b,true
135.465,-60,false,b,true
148.158,-40,true,l,true
160,-40,false,l,true
167.698,-40,true,g,true
156.597,-60,false,g,true
148.275,-60,false,b,true
159.955,-40,true,l,true
160,-40,false,l,true
175.411,-40,true,g,true
164.83,-60,false,g,true
136.874,-60,false,b,true
149.447,-40,true,l,true
160,-40,false,l,true
169.958,-40,true,g,true
159.015,-60,false,g,true
154.235,-60,false,b,true
165.495,-40,true,l,true
160,-40,false,l,true
201.374,-40,true,g,true
192.228,-60,false,g,true
190.035,-60,false,b,true
199.282,-40,true,l,true
160,-40,false,l,true
167.227,-40,true,g,true
156.093,-60,false,g,true
151.142,-60,false,b,true
162.616,-40,true,l,true
160,-40,false,l,true
198.936,-40,true,g,true
189.672,-60,false,g,true
188.446,-60,false,b,true
197.767,-40,true,l,true
160,-40,false,l,true
168.058,-40,true,g,true
156.983,-60,false,g,true
152.762,-60,false,b,true
164.123,-40,true,l,true
160,-40,false,l,true
202.977,-40,true,g,true
193.906,-60,false,g,true
193.116,-60,false,b,true
163.104,-60,false,b,true
173.79,-40,true,l,true
160,-40,false,l,true
174.925,-40,true,g,true
164.313,-60,false,g,true
160.2,-60,false,b,true
165.138,-60,false,b,true
175.701,-40,true,l,true
160,-40,false,l,true
170.048,-40,true,g,true
159.111,-60,false,g,true
157.577,-60,false,b,true
168.614,-40,true,l,true
160,-40,false,l,true
164.805,-40,true,g,true
153.495,-60,false,g,true
164.588,-60,false,b,true
175.184,-40,true,l,true
160,-40,false,l,true
184.61,-40,true,g,true
174.588,-60,false,g,true
150.077,-60,false,b,true
149.328,-60,false,b,true
160.931,-40,true,l,true
160,-40,false,l,true
171.002,-40,true,g,true
160.13,-60,false,g,true
154.527,-60,false,b,true
199.158,-60,false,b,true
208,-40,true,l,true
160,-40,false,l,true
151.128,-40,true,g,true
138.707,-60,false,g,true
142.476,-60,false,b,true
154.595,-40,true,l,true
160,-40,false,l,true
158.743,-40,true,g,true
146.967,-60,false,g,true
139.168,-60,false,b,true
151.551,-40,true,l,true
160,-40,false,l,true
178.923,-40,true,g,true
168.562,-60,false,g,true
166.435,-60,false,b,true
135.416,-60,false,b,true
148.113,-40,true,l,true
160,-40,false,l,true
179.658,-40,true,g,true
169.343,-60,false,g,true
154.667,-60,false,b,true
151.452,-60,false,b,true
162.904,-40,true,l,true
160,-40,false,l,true
