x,z,relay,string,error,index
160,-60,false,f,true,0
160,-40,false,l,true,0
160.412,-40,true,g,true,0
148.768,-60,false,g,true,0
184.436,-60,false,b,true,0
193.95,-40,true,l,true,0
160,-40,false,l,true,0
160.551,-40,true,g,true,0
148.918,-60,false,g,true,0
144.435,-60,false,b,true,0
156.401,-40,true,l,true,0
160,-40,false,l,true,0
167.344,-40,true,g,true,0
156.218,-60,false,g,true,0
138.828,-60,false,b,true,0
151.239,-40,true,l,true,0
160,-40,false,l,true,0
196.891,-40,true,g,true,0
187.526,-60,false,g,true,0
172.018,-60,false,b,true,0
138.387,-60,false,b,true,0
150.834,-40,true,l,true,0
160,-40,false,l,true,0
175.578,-40,true,g,true,0
165.008,-60,false,g,true,0
155.317,-60,false,b,true,0
166.504,-40,true,l,true,0
160,-40,false,l,true,0
196.871,-40,true,g,true,0
187.505,-60,false,g,true,0
138.167,-60,false,b,true,0
150.632,-40,true,l,true,0
160,-40,false,l,true,0
179.473,-40,true,g,true,0
169.146,-60,false,g,true,0
159.85,-60,false,b,true,0
170.74,-40,true,l,true,0
160,-40,false,l,true,0
196.167,-40,true,g,true,0
186.766,-60,false,g,true,0
178.916,-60,false,b,true,0
188.709,-40,true,l,true,0
160,-40,false,l,true,0
204.11,-40,true,g,true,0
195.092,-60,false,g,true,0
194.32,-60,false,b,true,0
203.372,-40,true,l,true,0
160,-40,false,l,true,0
197.113,-40,true,g,true,0
187.759,-60,false,g,true,0
178.159,-60,false,b,true,0
187.991,-40,true,l,true,0
160,-40,false,l,true,0
207.466,-40,true,g,true,0
198.601,-60,false,g,true,0
195.486,-60,false,b,true,0
159.251,-60,false,b,true,0
170.179,-40,true,l,true,0
160,-40,false,l,true,0
175.463,-40,true,g,true,0
164.886,-60,false,g,true,0
181.162,-60,false,b,true,0
190.839,-40,true,l,true,0
160,-40,false,l,true,0
202.868,-40,true,g,true,0
193.792,-60,false,g,true,0
192.202,-60,false,b,true,0
137.282,-60,false,b,true,0
149.821,-40,true,l,true,0
160,-40,false,l,true,0
174.536,-40,true,g,true,0
163.899,-60,false,g,true,0
155.336,-60,false,b,true,0
166.521,-40,true,l,true,0
160,-40,false,l,true,0
200.77,-40,true,g,true,0
191.595,-60,false,g,true,0
182.749,-60,false,b,true,0
192.346,-40,true,l,true,0
160,-40,false,l,true,0
206.526,-40,true,g,true,0
197.618,-60,false,g,true,0
193.253,-60,false,b,true,0
136.782,-60,false,b,true,0
149.363,-40,true,l,true,0
160,-40,false,l,true,0
202.539,-40,true,g,true,0
193.448,-60,false,g,true,0
190.691,-60,false,b,true,0
199.908,-40,true,l,true,0
160,-40,false,l,true,0
201.091,-40,true,g,true,0
191.931,-60,false,g,true,0
186.022,-60,false,b,true,0
195.022,-60,false,b,true,0
147.008,-60,false,b,true,0
158.781,-40,true,l,true,0
160,-40,false,l,true,0
173.162,-40,true,g,true,0
162.434,-60,false,g,true,0
156.879,-60,false,b,true,0
167.961,-40,true,l,true,0
160,-40,false,l,true,0
197.519,-40,true,g,true,0
188.186,-60,false,g,true,0
183.306,-60,false,b,true,0
192.876,-40,true,l,true,0
160,-40,false,l,true,0
200.381,-40,true,g,true,0
191.187,-60,false,g,true,0
168.412,-60,false,b,true,0
143.418,-60,false,b,true,0
155.463,-40,true,l,true,0
160,-40,false,l,true,0
177.056,-40,true,g,true,0
166.58,-60,false,g,true,0
156.719,-60,false,b,true,0
167.812,-40,true,l,true,0
160,-40,false,l,true,0
157.059,-40,true,g,true,0
145.147,-60,false,g,true,0
139.273,-60,false,b,true,0
151.648,-40,true,l,true,0
160,-40,false,l,true,0
180.415,-40,true,g,true,0
170.146,-60,false,g,true,0
162.03,-60,false,b,true,0
165.177,-60,false,b,true,0
175.736,-40,true,l,true,0
160,-40,false,l,true,0
201.797,-40,true,g,true,0
192.67,-60,false,g,true,0
142.817,-60,false,b,true,0
154.909,-40,true,l,true,0
160,-40,false,l,true,0
193.972,-40,true,g,true,0
184.459,-60,false,g,true,0
175.959,-60,false,b,true,0
185.907,-40,true,l,true,0
160,-40,false,l,true,0
170.835,-40,true,g,true,0
159.952,-60,false,g,true,0
150.61,-60,false,b,true,0
162.122,-40,true,l,true,0
160,-40,false,l,true,0
203.703,-40,true,g,true,0
194.667,-60,false,g,true,0
145.504,-60,false,b,true,0
157.389,-40,true,l,true,0
160,-40,false,l,true,0
208.048,-40,true,g,true,0
199.208,-60,false,g,true,0
196.871,-60,false,b,true,0
136.95,-60,false,b,true,0
149.517,-40,true,l,true,0
160,-40,false,l,true,0
194.361,-40,true,g,true,0
184.868,-60,false,g,true,0
183.62,-60,false,b,true,0
193.174,-40,true,l,true,0
160,-40,false,l,true,0
191.966,-40,true,g,true,0
182.348,-60,false,g,true,0
152.176,-60,false,b,true,0
137.177,-60,false,b,true,0
149.725,-40,true,l,true,0
160,-40,false,l,true,0
173.582,-40,true,g,true,0
162.882,-60,false,g,true,0
158.637,-60,false,b,true,0
169.604,-40,true,l,true,0
160,-40,false,l,true,0
206.879,-40,true,g,true,0
197.988,-60,false,g,true,0
146.907,-60,false,b,true,0
158.687,-40,true,l,true,0
160,-40,false,l,true,0
201.805,-40,true,g,true,0
192.679,-60,false,g,true,0
147.662,-60,false,b,true,0
159.387,-40,true,l,true,0
160,-40,false,l,true,0
205.752,-40,true,g,true,0
196.809,-60,false,g,true,0
167.221,-60,false,b,true,0
177.66,-40,true,l,true,0
160,-40,false,l,true,0
199.062,-40,true,g,true,0
189.804,-60,false,g,true,0
139.519,-60,false,b,true,0
184.158,-60,false,b,true,0
193.686,-40,true,l,true,0
160,-40,false,l,true,0
202.361,-40,true,g,true,0
193.261,-60,false,g,true,0
170.447,-60,false,b,true,0
135.459,-60,false,b,true,0
148.153,-40,true,l,true,0
160,-40,false,l,true,0
195.929,-40,true,g,true,0
186.515,-60,false,g,true,0
182.947,-60,false,b,true,0
138.118,-60,false,b,true,0
150.588,-40,true,l,true,0
160,-40,false,l,true,0
178.128,-40,true,g,true,0
167.719,-60,false,g,true,0
136.961,-60,false,b,true,0
149.527,-40,true,l,true,0
160,-40,false,l,true,0
199.882,-40,true,g,true,0
190.664,-60,false,g,true,0
136.383,-60,false,b,true,0
148.997,-40,true,l,true,0
160,-40,false,l,true,0
193.731,-40,true,g,true,0
184.205,-60,false,g,true,0
183.424,-60,false,b,true,0
192.988,-40,true,l,true,0
160,-40,false,l,true,0
161.543,-40,true,g,true,0
149.987,-60,false,g,true,0
146.867,-60,false,b,true,0
158.651,-40,true,l,true,0
160,-40,false,l,true,0
169.969,-40,true,g,true,0
159.027,-60,false,g,true,0
154.767,-60,false,b,true,0
165.991,-40,true,l,true,0
160,-40,false,l,true,0
207.308,-40,true,g,true,0
198.436,-60,false,g,true,0
197.711,-60,false,b,true,0
206.615,-40,true,l,true,0
160,-40,false,l,true,0
161.933,-40,true,g,true,0
150.407,-60,false,g,true,0
162.536,-60,false,b,true,0
173.257,-40,true,l,true,0
160,-40,false,l,true,0
202.417,-40,true,g,true,0
193.32,-60,false,g,true,0
187.53,-60,false,b,true,0
196.895,-40,true,l,true,0
160,-40,false,l,true,0
205.049,-40,true,g,true,0
196.074,-60,false,g,true,0
138.73,-60,false,b,true,0
151.149,-40,true,l,true,0
160,-40,false,l,true,0
179.268,-40,true,g,true,0
168.929,-60,false,g,true,0
160.787,-60,false,b,true,0
171.617,-40,true,l,true,0
160,-40,false,l,true,0
208.097,-40,true,g,true,0
199.259,-60,false,g,true,0
139.519,-60,false,b,true,0
151.874,-40,true,l,true,0
160,-40,false,l,true,0
178.548,-40,true,g,true,0
168.164,-60,false,g,true,0
163.168,-60,false,b,true,0
173.85,-40,true,l,true,0
160,-40,false,l,true,0
201.767,-40,true,g,true,0
192.639,-60,false,g,true,0
137.959,-60,false,b,true,0
150.441,-40,true,l,true,0
160,-40,false,l,true,0
168.451,-40,true,g,true,0
157.404,-60,false,g,true,0
151.153,-60,false,b,true,0
162.626,-40,true,l,true,0
160,-40,false,l,true,0
193.421,-40,true,g,true,0
183.88,-60,false,g,true,0
183.062,-60,false,b,true,0
192.644,-40,true,l,true,0
160,-40,false,l,true,0
179.35,-40,true,g,true,0
169.016,-60,false,g,true,0
138.417,-60,false,b,true,0
136.514,-60,false,b,true,0
148.815,-60,false,b,true,0
160.455,-40,true,l,true,0
160,-40,false,l,true,0
197.348,-40,true,g,true,0
188.005,-60,false,g,true,0
138.659,-60,false,b,true,0
140.74,-60,false,b,true,0
152.995,-40,true,l,true,0
160,-40,false,l,true,0
196.324,-40,true,g,true,0
186.931,-60,false,g,true,0
189.801,-60,false,b,true,0
139.041,-60,false,b,true,0
151.435,-40,true,l,true,0
160,-40,false,l,true,0
199.615,-40,true,g,true,0
190.384,-60,false,g,true,0
199.034,-60,false,b,true,0
149.2,-60,false,b,true,0
160.812,-40,true,l,true,0
160,-40,false,l,true,0
195.122,-40,true,g,true,0
185.668,-60,false,g,true,0
186.559,-60,false,b,true,0
195.97,-40,true,l,true,0
160,-40,false,l,true,0
200.405,-40,true,g,true,0
191.212,-60,false,g,true,0
172.04,-60,false,b,true,0
182.202,-40,true,l,true,0
160,-40,false,l,true,0
171.54,-40,true,g,true,0
160.705,-60,false,g,true,0
150.646,-60,false,b,true,0
162.155,-40,true,l,true,0
160,-40,false,l,true,0
206.96,-40,true,g,true,0
198.072,-60,false,g,true,0
172.686,-60,false,b,true,0
182.812,-40,true,l,true,0
160,-40,false,l,true,0
181.259,-40,true,g,true,0
171.04,-60,false,g,true,0
164.289,-60,false,b,true,0
174.903,-40,true,l,true,0
160,-40,false,l,true,0
158.44,-40,true,g,true,0
146.64,-60,false,g,true,0
140.026,-60,false,b,true,0
152.339,-40,true,l,true,0
160,-40,false,l,true,0
199.77,-40,true,g,true,0
190.547,-60,false,g,true,0
170.306,-60,false,b,true,0
180.566,-40,true,l,true,0
160,-40,false,l,true,0
162.063,-40,true,g,true,0
150.547,-60,false,g,true,0
137.261,-60,false,b,true,0
149.802,-40,true,l,true,0
160,-40,false,l,true,0
194.654,-40,true,g,true,0
185.176,-60,false,g,true,0
173.136,-60,false,b,true,0
143.779,-60,false,b,true,0
155.796,-40,true,l,true,0
160,-40,false,l,true,0
179.578,-40,true,g,true,0
169.258,-60,false,g,true,0
138.324,-60,false,b,true,0
150.777,-40,true,l,true,0
160,-40,false,l,true,0
201.917,-40,true,g,true,0
192.797,-60,false,g,true,0
169.814,-60,false,b,true,0
139.833,-60,false,b,true,0
152.162,-40,true,l,true,0
160,-40,false,l,true,0
174.052,-40,true,g,true,0
163.383,-60,false,g,true,0
156.96,-60,false,b,true,0
168.037,-40,true,l,true,0
160,-40,false,l,true,0
177.393,-40,true,g,true,0
166.938,-60,false,g,true,0
157.794,-60,false,b,true,0
168.816,-40,true,l,true,0
160,-40,false,l,true,0
205.763,-40,true,g,true,0
196.821,-60,false,g,true,0
198.823,-60,false,b,true,0
207.679,-40,true,l,true,0
160,-40,false,l,true,0
162.75,-40,true,g,true,0
151.286,-60,false,g,true,0
143.426,-60,false,b,true,0
155.47,-40,true,l,true,0
160,-40,false,l,true,0
157.149,-40,true,g,true,0
145.244,-60,false,g,true,0
138.06,-60,false,b,true,0
150.535,-40,true,l,true,0
160,-40,false,l,true,0
150.062,-40,true,g,true,0
137.545,-60,false,g,true,0
176.963,-60,false,b,true,0
186.858,-40,true,l,true,0
160,-40,false,l,true,0
196.55,-40,true,g,true,0
187.168,-60,false,g,true,0
135.251,-60,false,b,true,0
155.549,-60,false,b,true,0
166.72,-40,true,l,true,0
160,-40,false,l,true,0
207.213,-40,true,g,true,0
198.336,-60,false,g,true,0
195.531,-60,false,b,true,0
204.53,-40,true,l,true,0
160,-40,false,l,true,0
198.496,-40,true,g,true,0
189.211,-60,false,g,true,0
140.04,-60,false,b,true,0
152.352,-40,true,l,true,0
160,-40,false,l,true,0
193.905,-40,true,g,true,0
184.389,-60,false,g,true,0
151.771,-60,false,b,true,0
163.2,-40,true,l,true,0
160,-40,false,l,true,0
194.897,-40,true,g,true,0
185.432,-60,false,g,true,0
136.029,-60,false,b,true,0
148.674,-40,true,l,true,0
160,-40,false,l,true,0
194.47,-40,true,g,true,0
184.983,-60,false,g,true,0
136.505,-60,false,b,true,0
149.109,-40,true,l,true,0
160,-40,false,l,true,0
200.327,-40,true,g,true,0
191.131,-60,false,g,true,0
147.572,-60,false,b,true,0
159.303,-40,true,l,true,0
160,-40,false,l,true,0
168.388,-40,true,g,true,0
157.335,-60,false,g,true,0
135.223,-60,false,b,true,0
147.937,-40,true,l,true,0
160,-40,false,l,true,0
200.956,-40,true,g,true,0
191.79,-60,false,g,true,0
144.301,-60,false,b,true,0
156.278,-40,true,l,true,0
160,-40,false,l,true,0
165.769,-40,true,g,true,0
154.53,-60,false,g,true,0
136.885,-60,false,b,true,0
149.457,-40,true,l,true,0
160,-40,false,l,true,0
195.317,-40,true,g,true,0
185.873,-60,false,g,true,0
156.47,-60,false,b,true,0
167.58,-40,true,l,true,0
160,-40,false,l,true,0
161.83,-40,true,g,true,0
150.297,-60,false,g,true,0
175.303,-60,false,b,true,0
185.286,-40,true,l,true,0
160,-40,false,l,true,0
169.567,-40,true,g,true,0
158.597,-60,false,g,true,0
157.632,-60,false,b,true,0
137.836,-60,false,b,true,0
150.329,-40,true,l,true,0
160,-40,false,l,true,0
192.003,-40,true,g,true,0
182.387,-60,false,g,true,0
137.422,-60,false,b,true,0
149.949,-40,true,l,true,0
160,-40,false,l,true,0
161.643,-40,true,g,true,0
150.095,-60,false,g,true,0
143.267,-60,false,b,true,0
155.324,-40,true,l,true,0
160,-40,false,l,true,0
202.319,-40,true,g,true,0
193.217,-60,false,g,true,0
139.579,-60,false,b,true,0
151.929,-40,true,l,true,0
160,-40,false,l,true,0
195.77,-40,true,g,true,0
186.349,-60,false,g,true,0
185.152,-60,false,b,true,0
135.46,-60,false,b,true,0
148.153,-40,true,l,true,0
160,-40,false,l,true,0
171.439,-40,true,g,true,0
160.596,-60,false,g,true,0
148.903,-60,false,b,true,0
160.536,-40,true,l,true,0
160,-40,false,l,true,0
195.497,-40,true,g,true,0
186.062,-60,false,g,true,0
177.489,-60,false,b,true,0
187.356,-40,true,l,true,0
160,-40,false,l,true,0
171.371,-40,true,g,true,0
160.524,-60,false,g,true,0
156.9,-60,false,b,true,0
167.981,-40,true,l,true,0
160,-40,false,l,true,0
195.886,-40,true,g,true,0
186.471,-60,false,g,true,0
138.332,-60,false,b,true,0
160,-60,false,f,true,1
148.081,-60,false,b,true,1
159.774,-40,true,l,true,1
160,-40,false,l,true,1
168.383,-40,true,g,true,1
157.33,-60,false,g,true,1
148.681,-60,false,b,true,1
160.331,-40,true,l,true,1
160,-40,false,l,true,1
160.547,-40,true,g,true,1
148.914,-60,false,g,true,1
141.014,-60,false,b,true,1
153.248,-40,true,l,true,1
160,-40,false,l,true,1
171.814,-40,true,g,true,1
160.997,-60,false,g,true,1
156.259,-60,false,b,true,1
172.594,-60,false,b,true,1
182.726,-40,true,l,true,1
160,-40,false,l,true,1
154.041,-40,true,g,true,1
141.875,-60,false,g,true,1
181.8,-60,false,b,true,1
191.445,-40,true,l,true,1
160,-40,false,l,true,1
198.203,-40,true,g,true,1
188.903,-60,false,g,true,1
145.788,-60,false,b,true,1
157.652,-40,true,l,true,1
160,-40,false,l,true,1
163.949,-40,true,g,true,1
152.575,-60,false,g,true,1
135.546,-60,false,b,true,1
148.232,-40,true,l,true,1
160,-40,false,l,true,1
202.358,-40,true,g,true,1
193.258,-60,false,g,true,1
168.967,-60,false,b,true,1
136.845,-60,false,b,true,1
159.793,-60,false,b,true,1
158.848,-60,false,b,true,1
169.802,-40,true,l,true,1
160,-40,false,l,true,1
198.854,-40,true,g,true,1
189.586,-60,false,g,true,1
169.082,-60,false,b,true,1
136.02,-60,false,b,true,1
157.054,-60,false,b,true,1
154.772,-60,false,b,true,1
199.113,-60,false,b,true,1
207.957,-40,true,l,true,1
160,-40,false,l,true,1
179.729,-40,true,g,true,1
169.418,-60,false,g,true,1
165.997,-60,false,b,true,1
135.827,-60,false,b,true,1
163.686,-60,false,b,true,1
154.771,-60,false,b,true,1
189.641,-60,false,b,true,1
198.907,-40,true,l,true,1
160,-40,false,l,true,1
190.158,-40,true,g,true,1
180.444,-60,false,g,true,1
177.515,-60,false,b,true,1
192.029,-60,false,b,true,1
182.076,-60,false,b,true,1
169.8,-60,false,b,true,1
171.527,-60,false,b,true,1
181.718,-40,true,l,true,1
160,-40,false,l,true,1
164.532,-40,true,g,true,1
153.201,-60,false,g,true,1
144.639,-60,false,b,true,1
156.59,-40,true,l,true,1
160,-40,false,l,true,1
172.903,-40,true,g,true,1
162.158,-60,false,g,true,1
155.359,-60,false,b,true,1
175.792,-60,false,b,true,1
185.749,-40,true,l,true,1
160,-40,false,l,true,1
169.895,-40,true,g,true,1
158.947,-60,false,g,true,1
140.923,-60,false,b,true,1
147.988,-60,false,b,true,1
159.689,-40,true,l,true,1
160,-40,false,l,true,1
200.063,-40,true,g,true,1
190.854,-60,false,g,true,1
189.838,-60,false,b,true,1
147.49,-60,false,b,true,1
164.412,-60,false,b,true,1
156.621,-60,false,b,true,1
181.003,-60,false,b,true,1
190.688,-40,true,l,true,1
160,-40,false,l,true,1
178.236,-40,true,g,true,1
167.833,-60,false,g,true,1
136.292,-60,false,b,true,1
150.872,-60,false,b,true,1
162.365,-40,true,l,true,1
160,-40,false,l,true,1
192.061,-40,true,g,true,1
182.448,-60,false,g,true,1
147.176,-60,false,b,true,1
152.802,-60,false,b,true,1
184.455,-60,false,b,true,1
193.969,-40,true,l,true,1
160,-40,false,l,true,1
182.3,-40,true,g,true,1
172.143,-60,false,g,true,1
168.774,-60,false,b,true,1
135.969,-60,false,b,true,1
178.086,-60,false,b,true,1
187.921,-40,true,l,true,1
160,-40,false,l,true,1
162.104,-40,true,g,true,1
150.591,-60,false,g,true,1
155.349,-60,false,b,true,1
197.576,-60,false,b,true,1
199.462,-60,false,b,true,1
208.291,-40,true,l,true,1
160,-40,false,l,true,1
169.666,-40,true,g,true,1
158.703,-60,false,g,true,1
191.946,-60,false,b,true,1
201.105,-40,true,l,true,1
160,-40,false,l,true,1
167.551,-40,true,g,true,1
156.44,-60,false,g,true,1
150.372,-60,false,b,true,1
161.901,-40,true,l,true,1
160,-40,false,l,true,1
194.505,-40,true,g,true,1
185.019,-60,false,g,true,1
184.446,-60,false,b,true,1
155.82,-60,false,b,true,1
195.025,-60,false,b,true,1
204.046,-40,true,l,true,1
160,-40,false,l,true,1
189.752,-40,true,g,true,1
180.016,-60,false,g,true,1
163.518,-60,false,b,true,1
167.915,-60,false,b,true,1
159.083,-60,false,b,true,1
146.626,-60,false,b,true,1
178.39,-60,false,b,true,1
188.21,-40,true,l,true,1
160,-40,false,l,true,1
202.54,-40,true,g,true,1
193.448,-60,false,g,true,1
141.234,-60,false,b,true,1
153.45,-40,true,l,true,1
160,-40,false,l,true,1
181.812,-40,true,g,true,1
171.626,-60,false,g,true,1
161.849,-60,false,b,true,1
161.864,-60,false,b,true,1
196.776,-60,false,b,true,1
177.876,-60,false,b,true,1
178.011,-60,false,b,true,1
187.851,-40,true,l,true,1
160,-40,false,l,true,1
160.128,-40,true,g,true,1
148.462,-60,false,g,true,1
150.747,-60,false,b,true,1
162.249,-40,true,l,true,1
160,-40,false,l,true,1
161.533,-40,true,g,true,1
149.976,-60,false,g,true,1
186.574,-60,false,b,true,1
183.141,-60,false,b,true,1
192.719,-40,true,l,true,1
160,-40,false,l,true,1
188.697,-40,true,g,true,1
178.904,-60,false,g,true,1
151.129,-60,false,b,true,1
153.85,-60,false,b,true,1
168.607,-60,false,b,true,1
160.809,-60,false,b,true,1
185.692,-60,false,b,true,1
195.145,-40,true,l,true,1
160,-40,false,l,true,1
183.856,-40,true,g,true,1
173.79,-60,false,g,true,1
175.137,-60,false,b,true,1
185.129,-40,true,l,true,1
160,-40,false,l,true,1
169.714,-40,true,g,true,1
158.755,-60,false,g,true,1
146.717,-60,false,b,true,1
158.512,-40,true,l,true,1
160,-40,false,l,true,1
174.71,-40,true,g,true,1
164.084,-60,false,g,true,1
135.955,-60,false,b,true,1
146.232,-60,false,b,true,1
164.829,-60,false,b,true,1
175.41,-40,true,l,true,1
160,-40,false,l,true,1
169.696,-40,true,g,true,1
158.735,-60,false,g,true,1
148.952,-60,false,b,true,1
158.735,-60,false,b,true,1
160.126,-60,false,b,true,1
137.565,-60,false,b,true,1
150.08,-40,true,l,true,1
160,-40,false,l,true,1
178.125,-40,true,g,true,1
167.715,-60,false,g,true,1
162.827,-60,false,b,true,1
173.53,-40,true,l,true,1
160,-40,false,l,true,1
176.115,-40,true,g,true,1
165.58,-60,false,g,true,1
167.167,-60,false,b,true,1
143.476,-60,false,b,true,1
155.517,-40,true,l,true,1
160,-40,false,l,true,1
172.348,-40,true,g,true,1
161.567,-60,false,g,true,1
152.875,-60,false,b,true,1
164.228,-40,true,l,true,1
160,-40,false,l,true,1
162.214,-40,true,g,true,1
150.71,-60,false,g,true,1
149.266,-60,false,b,true,1
160.873,-40,true,l,true,1
160,-40,false,l,true,1
161.329,-40,true,g,true,1
149.757,-60,false,g,true,1
182.853,-60,false,b,true,1
192.445,-40,true,l,true,1
160,-40,false,l,true,1
178.267,-40,true,g,true,1
167.867,-60,false,g,true,1
164.725,-60,false,b,true,1
175.312,-40,true,l,true,1
160,-40,false,l,true,1
161.278,-40,true,g,true,1
149.702,-60,false,g,true,1
162.597,-60,false,b,true,1
173.314,-40,true,l,true,1
160,-40,false,l,true,1
186.75,-40,true,g,true,1
176.849,-60,false,g,true,1
141.203,-60,false,b,true,1
141.445,-60,false,b,true,1
153.645,-40,true,l,true,1
160,-40,false,l,true,1
161.55,-40,true,g,true,1
149.994,-60,false,g,true,1
143.81,-60,false,b,true,1
155.824,-40,true,l,true,1
160,-40,false,l,true,1
185.557,-40,true,g,true,1
175.589,-60,false,g,true,1
173.314,-60,false,b,true,1
141.586,-60,false,b,true,1
171.535,-60,false,b,true,1
137.019,-60,false,b,true,1
149.58,-40,true,l,true,1
160,-40,false,l,true,1
164.466,-40,true,g,true,1
153.131,-60,false,g,true,1
192.127,-60,false,b,true,1
201.278,-40,true,l,true,1
160,-40,false,l,true,1
170.79,-40,true,g,true,1
159.903,-60,false,g,true,1
159.096,-60,false,b,true,1
170.034,-40,true,l,true,1
160,-40,false,l,true,1
164.283,-40,true,g,true,1
152.934,-60,false,g,true,1
172.86,-60,false,b,true,1
175.388,-60,false,b,true,1
185.367,-40,true,l,true,1
160,-40,false,l,true,1
162.898,-40,true,g,true,1
151.445,-60,false,g,true,1
194.606,-60,false,b,true,1
172.505,-60,false,b,true,1
182.642,-40,true,l,true,1
160,-40,false,l,true,1
163.645,-40,true,g,true,1
152.249,-60,false,g,true,1
142.11,-60,false,b,true,1
154.257,-40,true,l,true,1
160,-40,false,l,true,1
176.057,-40,true,g,true,1
165.518,-60,false,g,true,1
160.304,-60,false,b,true,1
171.165,-40,true,l,true,1
160,-40,false,l,true,1
202.993,-40,true,g,true,1
193.923,-60,false,g,true,1
191.017,-60,false,b,true,1
200.218,-40,true,l,true,1
160,-40,false,l,true,1
163.125,-40,true,g,true,1
151.69,-60,false,g,true,1
147.97,-60,false,b,true,1
147.167,-60,false,b,true,1
158.928,-40,true,l,true,1
160,-40,false,l,true,1
164.66,-40,true,g,true,1
153.339,-60,false,g,true,1
186.721,-60,false,b,true,1
196.124,-40,true,l,true,1
160,-40,false,l,true,1
206.012,-40,true,g,true,1
197.081,-60,false,g,true,1
193.89,-60,false,b,true,1
156.777,-60,false,b,true,1
195.351,-60,false,b,true,1
199.539,-60,false,b,true,1
208.365,-40,true,l,true,1
160,-40,false,l,true,1
195.175,-40,true,g,true,1
185.724,-60,false,g,true,1
184.965,-60,false,b,true,1
194.453,-40,true,l,true,1
160,-40,false,l,true,1
166.884,-40,true,g,true,1
155.725,-60,false,g,true,1
150.813,-60,false,b,true,1
163.222,-60,false,b,true,1
173.9,-40,true,l,true,1
160,-40,false,l,true,1
168.477,-40,true,g,true,1
157.431,-60,false,g,true,1
156.087,-60,false,b,true,1
167.222,-40,true,l,true,1
160,-40,false,l,true,1
170.756,-40,true,g,true,1
159.867,-60,false,g,true,1
154.441,-60,false,b,true,1
165.686,-40,true,l,true,1
160,-40,false,l,true,1
187.357,-40,true,g,true,1
177.49,-60,false,g,true,1
153.414,-60,false,b,true,1
155.955,-60,false,b,true,1
135.005,-60,false,b,true,1
147.737,-40,true,l,true,1
160,-40,false,l,true,1
199.733,-40,true,g,true,1
190.508,-60,false,g,true,1
186.398,-60,false,b,true,1
197.431,-60,false,b,true,1
179.104,-60,false,b,true,1
188.887,-40,true,l,true,1
160,-40,false,l,true,1
191.861,-40,true,g,true,1
182.238,-60,false,g,true,1
180.473,-60,false,b,true,1
137.78,-60,false,b,true,1
168.468,-60,false,b,true,1
135.456,-60,false,b,true,1
148.15,-40,true,l,true,1
160,-40,false,l,true,1
204.473,-40,true,g,true,1
195.471,-60,false,g,true,1
191.995,-60,false,b,true,1
154.698,-60,false,b,true,1
193.327,-60,false,b,true,1
197.709,-60,false,b,true,1
206.613,-40,true,l,true,1
160,-40,false,l,true,1
156.941,-40,true,g,true,1
145.019,-60,false,g,true,1
145.899,-60,false,b,true,1
157.755,-40,true,l,true,1
160,-40,false,l,true,1
155.756,-40,true,g,true,1
143.735,-60,false,g,true,1
168.641,-60,false,b,true,1
172.009,-60,false,b,true,1
182.174,-40,true,l,true,1
160,-40,false,l,true,1
180.329,-40,true,g,true,1
170.055,-60,false,g,true,1
191.188,-60,false,b,true,1
157.235,-60,false,b,true,1
135.465,-60,false,b,true,1
148.158,-40,true,l,true,1
160,-40,false,l,true,1
167.698,-40,true,g,true,1
156.597,-60,false,g,true,1
148.275,-60,false,b,true,1
159.955,-40,true,l,true,1
160,-40,false,l,true,1
175.411,-40,true,g,true,1
164.83,-60,false,g,true,1
136.874,-60,false,b,true,1
149.447,-40,true,l,true,1
160,-40,false,l,true,1
169.958,-40,true,g,true,1
159.015,-60,false,g,true,1
154.235,-60,false,b,true,1
165.495,-40,true,l,true,1
160,-40,false,l,true,1
201.374,-40,true,g,true,1
192.228,-60,false,g,true,1
190.035,-60,false,b,true,1
199.282,-40,true,l,true,1
160,-40,false,l,true,1
167.227,-40,true,g,true,1
156.093,-60,false,g,true,1
151.142,-60,false,b,true,1
162.616,-40,true,l,true,1
160,-40,false,l,true,1
198.936,-40,true,g,true,1
189.672,-60,false,g,true,1
188.446,-60,false,b,true,1
197.767,-40,true,l,true,1
160,-40,false,l,true,1
168.058,-40,true,g,true,1
156.983,-60,false,g,true,1
152.762,-60,false,b,true,1
164.123,-40,true,l,true,1
160,-40,false,l,true,1
202.977,-40,true,g,true,1
193.906,-60,false,g,true,1
193.116,-60,false,b,true,1
163.104,-60,false,b,true,1
173.79,-40,true,l,true,1
160,-40,false,l,true,1
174.925,-40,true,g,true,1
164.313,-60,false,g,true,1
160.2,-60,false,b,true,1
165.138,-60,false,b,true,1
175.701,-40,true,l,true,1
160,-40,false,l,true,1
170.048,-40,true,g,true,1
159.111,-60,false,g,true,1
157.577,-60,false,b,true,1
168.614,-40,true,l,true,1
160,-40,false,l,true,1
164.805,-40,true,g,true,1
153.495,-60,false,g,true,1
164.588,-60,false,b,true,1
175.184,-40,true,l,true,1
160,-40,false,l,true,1
184.61,-40,true,g,true,1
174.588,-60,false,g,true,1
150.077,-60,false,b,true,1
149.328,-60,false,b,true,1
160.931,-40,true,l,true,1
160,-40,false,l,true,1
171.002,-40,true,g,true,1
160.13,-60,false,g,true,1
154.527,-60,false,b,true,1
199.158,-60,false,b,true,1
208,-40,true,l,true,1
160,-40,false,l,true,1
151.128,-40,true,g,true,1
138.707,-60,false,g,true,1
142.476,-60,false,b,true,1
154.595,-40,true,l,true,1
160,-40,false,l,true,1
158.743,-40,true,g,true,1
146.967,-60,false,g,true,1
139.168,-60,false,b,true,1
151.551,-40,true,l,true,1
160,-40,false,l,true,1
178.923,-40,true,g,true,1
168.562,-60,false,g,true,1
166.435,-60,false,b,true,1
135.416,-60,false,b,true,1
148.113,-40,true,l,true,1
160,-40,false,l,true,1
179.658,-40,true,g,true,1
169.343,-60,false,g,true,1
154.667,-60,false,b,true,1
151.452,-60,false,b,true,1
162.904,-40,true,l,true,1
160,-40,false,l,true,1
160,-60,false,f,true,2
197.667,-60,false,b,true,2
206.572,-40,true,l,true,2
160,-40,false,l,true,2
149.168,-40,true,g,true,2
136.569,-60,false,g,true,2
184.197,-60,false,b,true,2
193.723,-40,true,l,true,2
160,-40,false,l,true,2
167.431,-40,true,g,true,2
156.311,-60,false,g,true,2
163.381,-60,false,b,true,2
198.907,-60,false,b,true,2
207.759,-40,true,l,true,2
160,-40,false,l,true,2
162.393,-40,true,g,true,2
150.902,-60,false,g,true,2
199.328,-60,false,b,true,2
208.162,-40,true,l,true,2
160,-40,false,l,true,2
155.876,-40,true,g,true,2
143.866,-60,false,g,true,2
191.763,-60,false,b,true,2
200.93,-40,true,l,true,2
160,-40,false,l,true,2
201.01,-40,true,g,true,2
191.846,-60,false,g,true,2
191.412,-60,false,b,true,2
200.596,-40,true,l,true,2
160,-40,false,l,true,2
159.538,-40,true,g,true,2
147.825,-60,false,g,true,2
194.868,-60,false,b,true,2
203.896,-40,true,l,true,2
160,-40,false,l,true,2
179.764,-40,true,g,true,2
169.456,-60,false,g,true,2
190.968,-60,false,b,true,2
200.172,-40,true,l,true,2
160,-40,false,l,true,2
151.034,-40,true,g,true,2
138.604,-60,false,g,true,2
181.311,-60,false,b,true,2
184.758,-60,false,b,true,2
194.256,-40,true,l,true,2
160,-40,false,l,true,2
175.626,-40,true,g,true,2
165.059,-60,false,g,true,2
186.371,-60,false,b,true,2
195.791,-40,true,l,true,2
160,-40,false,l,true,2
173.883,-40,true,g,true,2
163.203,-60,false,g,true,2
194.279,-60,false,b,true,2
203.333,-40,true,l,true,2
160,-40,false,l,true,2
171.215,-40,true,g,true,2
160.358,-60,false,g,true,2
153.156,-60,false,b,true,2
198.119,-60,false,b,true,2
207.006,-40,true,l,true,2
160,-40,false,l,true,2
169.396,-40,true,g,true,2
158.414,-60,false,g,true,2
194.255,-60,false,b,true,2
203.31,-40,true,l,true,2
160,-40,false,l,true,2
172.556,-40,true,g,true,2
161.788,-60,false,g,true,2
194.232,-60,false,b,true,2
203.288,-40,true,l,true,2
160,-40,false,l,true,2
161.348,-40,true,g,true,2
149.778,-60,false,g,true,2
178.087,-60,false,b,true,2
187.923,-40,true,l,true,2
160,-40,false,l,true,2
166.495,-40,true,g,true,2
155.308,-60,false,g,true,2
191.518,-60,false,b,true,2
200.697,-40,true,l,true,2
160,-40,false,l,true,2
205.675,-40,true,g,true,2
196.729,-60,false,g,true,2
196.511,-60,false,b,true,2
205.467,-40,true,l,true,2
160,-40,false,l,true,2
159.902,-40,true,g,true,2
148.219,-60,false,g,true,2
146.642,-60,false,b,true,2
189.462,-60,false,b,true,2
198.735,-40,true,l,true,2
160,-40,false,l,true,2
191.126,-40,true,g,true,2
181.464,-60,false,g,true,2
196.266,-60,false,b,true,2
197.824,-60,false,b,true,2
206.723,-40,true,l,true,2
160,-40,false,l,true,2
154.677,-40,true,g,true,2
142.566,-60,false,g,true,2
196.804,-60,false,b,true,2
205.747,-40,true,l,true,2
160,-40,false,l,true,2
184.382,-40,true,g,true,2
174.346,-60,false,g,true,2
199.066,-60,false,b,true,2
207.911,-40,true,l,true,2
160,-40,false,l,true,2
171.606,-40,true,g,true,2
160.775,-60,false,g,true,2
197.045,-60,false,b,true,2
205.977,-40,true,l,true,2
160,-40,false,l,true,2
170.328,-40,true,g,true,2
159.41,-60,false,g,true,2
172.588,-60,false,b,true,2
198.461,-60,false,b,true,2
207.332,-40,true,l,true,2
160,-40,false,l,true,2
154.709,-40,true,g,true,2
142.6,-60,false,g,true,2
197.513,-60,false,b,true,2
206.425,-40,true,l,true,2
160,-40,false,l,true,2
154.901,-40,true,g,true,2
142.809,-60,false,g,true,2
187.108,-60,false,b,true,2
196.493,-40,true,l,true,2
160,-40,false,l,true,2
148.992,-40,true,g,true,2
136.377,-60,false,g,true,2
196.375,-60,false,b,true,2
205.336,-40,true,l,true,2
160,-40,false,l,true,2
166.821,-40,true,g,true,2
155.657,-60,false,g,true,2
155.607,-60,false,b,true,2
166.774,-40,true,l,true,2
160,-40,false,l,true,2
167.878,-40,true,g,true,2
156.79,-60,false,g,true,2
176.542,-60,false,b,true,2
186.459,-40,true,l,true,2
160,-40,false,l,true,2
206.64,-40,true,g,true,2
197.738,-60,false,g,true,2
194.325,-60,false,b,true,2
183.231,-60,false,b,true,2
192.804,-40,true,l,true,2
160,-40,false,l,true,2
149.225,-40,true,g,true,2
136.631,-60,false,g,true,2
138.138,-60,false,b,true,2
150.605,-40,true,l,true,2
160,-40,false,l,true,2
178.177,-40,true,g,true,2
167.771,-60,false,g,true,2
196.702,-60,false,b,true,2
205.649,-40,true,l,true,2
160,-40,false,l,true,2
150.121,-40,true,g,true,2
137.609,-60,false,g,true,2
178.862,-60,false,b,true,2
188.658,-40,true,l,true,2
160,-40,false,l,true,2
170.431,-40,true,g,true,2
159.52,-60,false,g,true,2
186.143,-60,false,b,true,2
198.284,-60,false,b,true,2
207.164,-40,true,l,true,2
160,-40,false,l,true,2
193.211,-40,true,g,true,2
183.658,-60,false,g,true,2
181.296,-60,false,b,true,2
190.135,-60,false,b,true,2
199.377,-40,true,l,true,2
160,-40,false,l,true,2
194.036,-40,true,g,true,2
184.526,-60,false,g,true,2
182.541,-60,false,b,true,2
189.397,-60,false,b,true,2
198.674,-40,true,l,true,2
160,-40,false,l,true,2
178.615,-40,true,g,true,2
168.236,-60,false,g,true,2
165.03,-60,false,b,true,2
175.598,-40,true,l,true,2
160,-40,false,l,true,2
184.838,-40,true,g,true,2
174.829,-60,false,g,true,2
199.463,-60,false,b,true,2
208.292,-40,true,l,true,2
160,-40,false,l,true,2
154.555,-40,true,g,true,2
142.434,-60,false,g,true,2
175.185,-60,false,b,true,2
199.686,-60,false,b,true,2
208.505,-40,true,l,true,2
160,-40,false,l,true,2
196.084,-40,true,g,true,2
186.679,-60,false,g,true,2
187.95,-60,false,b,true,2
197.295,-40,true,l,true,2
160,-40,false,l,true,2
182.658,-40,true,g,true,2
172.522,-60,false,g,true,2
199.833,-60,false,b,true,2
208.646,-40,true,l,true,2
160,-40,false,l,true,2
167.097,-40,true,g,true,2
155.953,-60,false,g,true,2
195.244,-60,false,b,true,2
204.256,-40,true,l,true,2
160,-40,false,l,true,2
150.453,-40,true,g,true,2
137.971,-60,false,g,true,2
184.633,-60,false,b,true,2
194.137,-40,true,l,true,2
160,-40,false,l,true,2
155.812,-40,true,g,true,2
143.797,-60,false,g,true,2
167.895,-60,false,b,true,2
178.294,-40,true,l,true,2
160,-40,false,l,true,2
159.045,-40,true,g,true,2
147.293,-60,false,g,true,2
144.368,-60,false,b,true,2
156.34,-40,true,l,true,2
160,-40,false,l,true,2
156.39,-40,true,g,true,2
144.423,-60,false,g,true,2
170.397,-60,false,b,true,2
180.652,-40,true,l,true,2
160,-40,false,l,true,2
154.598,-40,true,g,true,2
142.48,-60,false,g,true,2
159.461,-60,false,b,true,2
170.375,-40,true,l,true,2
160,-40,false,l,true,2
176.954,-40,true,g,true,2
166.472,-60,false,g,true,2
162.394,-60,false,b,true,2
173.124,-40,true,l,true,2
160,-40,false,l,true,2
203.163,-40,true,g,true,2
194.101,-60,false,g,true,2
192.297,-60,false,b,true,2
201.44,-40,true,l,true,2
160,-40,false,l,true,2
193.337,-40,true,g,true,2
183.792,-60,false,g,true,2
181.145,-60,false,b,true,2
186.007,-60,false,b,true,2
195.444,-40,true,l,true,2
160,-40,false,l,true,2
190.417,-40,true,g,true,2
180.717,-60,false,g,true,2
179.973,-60,false,b,true,2
189.711,-40,true,l,true,2
160,-40,false,l,true,2
155.05,-40,true,g,true,2
142.97,-60,false,g,true,2
185.089,-60,false,b,true,2
185.576,-60,false,b,true,2
195.035,-40,true,l,true,2
160,-40,false,l,true,2
191.655,-40,true,g,true,2
182.021,-60,false,g,true,2
138.069,-60,false,b,true,2
150.542,-40,true,l,true,2
160,-40,false,l,true,2
151.252,-40,true,g,true,2
138.842,-60,false,g,true,2
198.813,-60,false,b,true,2
207.669,-40,true,l,true,2
160,-40,false,l,true,2
162.47,-40,true,g,true,2
150.985,-60,false,g,true,2
152.488,-60,false,b,true,2
174.496,-60,false,b,true,2
184.524,-40,true,l,true,2
160,-40,false,l,true,2
165.91,-40,true,g,true,2
154.681,-60,false,g,true,2
180.327,-60,false,b,true,2
190.047,-40,true,l,true,2
160,-40,false,l,true,2
199.123,-40,true,g,true,2
189.868,-60,false,g,true,2
187.615,-60,false,b,true,2
196.976,-40,true,l,true,2
160,-40,false,l,true,2
159.296,-40,true,g,true,2
147.564,-60,false,g,true,2
197.378,-60,false,b,true,2
206.296,-40,true,l,true,2
160,-40,false,l,true,2
181.761,-40,true,g,true,2
171.572,-60,false,g,true,2
199.352,-60,false,b,true,2
208.185,-40,true,l,true,2
160,-40,false,l,true,2
193.24,-40,true,g,true,2
183.689,-60,false,g,true,2
149.276,-60,false,b,true,2
160.883,-40,true,l,true,2
160,-40,false,l,true,2
156.238,-40,true,g,true,2
144.258,-60,false,g,true,2
193.781,-60,false,b,true,2
202.858,-40,true,l,true,2
160,-40,false,l,true,2
201.316,-40,true,g,true,2
192.167,-60,false,g,true,2
191.598,-60,false,b,true,2
200.773,-40,true,l,true,2
160,-40,false,l,true,2
159.508,-40,true,g,true,2
147.793,-60,false,g,true,2
175.64,-60,false,b,true,2
176.065,-60,false,b,true,2
186.008,-40,true,l,true,2
160,-40,false,l,true,2
203.167,-40,true,g,true,2
194.105,-60,false,g,true,2
166.383,-60,false,b,true,2
181.352,-60,false,b,true,2
190.341,-60,false,b,true,2
199.574,-40,true,l,true,2
160,-40,false,l,true,2
168.047,-40,true,g,true,2
156.97,-60,false,g,true,2
152.186,-60,false,b,true,2
185.349,-60,false,b,true,2
194.818,-40,true,l,true,2
160,-40,false,l,true,2
165.926,-40,true,g,true,2
154.698,-60,false,g,true,2
198.126,-60,false,b,true,2
207.012,-40,true,l,true,2
160,-40,false,l,true,2
157.615,-40,true,g,true,2
145.748,-60,false,g,true,2
176.451,-60,false,b,true,2
197.689,-60,false,b,true,2
206.594,-40,true,l,true,2
160,-40,false,l,true,2
147.856,-40,true,g,true,2
135.134,-60,false,g,true,2
199.619,-60,false,b,true,2
208.441,-40,true,l,true,2
160,-40,false,l,true,2
208.432,-40,true,g,true,2
199.609,-60,false,g,true,2
197.722,-60,false,b,true,2
206.625,-40,true,l,true,2
160,-40,false,l,true,2
155.713,-40,true,g,true,2
143.69,-60,false,g,true,2
171.302,-60,false,b,true,2
196.244,-60,false,b,true,2
205.212,-40,true,l,true,2
160,-40,false,l,true,2
149.888,-40,true,g,true,2
137.355,-60,false,g,true,2
144.276,-60,false,b,true,2
189.368,-60,false,b,true,2
198.646,-40,true,l,true,2
160,-40,false,l,true,2
148.489,-40,true,g,true,2
135.827,-60,false,g,true,2
175.231,-60,false,b,true,2
185.219,-40,true,l,true,2
160,-40,false,l,true,2
158.772,-40,true,g,true,2
146.999,-60,false,g,true,2
143.57,-60,false,b,true,2
155.603,-40,true,l,true,2
160,-40,false,l,true,2
181.493,-40,true,g,true,2
171.289,-60,false,g,true,2
198.677,-60,false,b,true,2
207.54,-40,true,l,true,2
160,-40,false,l,true,2
162.943,-40,true,g,true,2
151.494,-60,false,g,true,2
195.773,-60,false,b,true,2
204.761,-40,true,l,true,2
160,-40,false,l,true,2
155.775,-40,true,g,true,2
143.756,-60,false,g,true,2
199.657,-60,false,b,true,2
208.477,-40,true,l,true,2
160,-40,false,l,true,2
148.849,-40,true,g,true,2
136.22,-60,false,g,true,2
195.424,-60,false,b,true,2
204.427,-40,true,l,true,2
160,-40,false,l,true,2
149.204,-40,true,g,true,2
136.608,-60,false,g,true,2
196.535,-60,false,b,true,2
205.49,-40,true,l,true,2
160,-40,false,l,true,2
174.587,-40,true,g,true,2
163.954,-60,false,g,true,2
199.192,-60,false,b,true,2
208.032,-40,true,l,true,2
160,-40,false,l,true,2
156.3,-40,true,g,true,2
144.325,-60,false,g,true,2
144.317,-60,false,b,true,2
198.831,-60,false,b,true,2
207.686,-40,true,l,true,2
160,-40,false,l,true,2
206.441,-40,true,g,true,2
197.529,-60,false,g,true,2
195.836,-60,false,b,true,2
204.821,-40,true,l,true,2
160,-40,false,l,true,2
180.642,-40,true,g,true,2
170.386,-60,false,g,true,2
197.158,-60,false,b,true,2
206.086,-40,true,l,true,2
160,-40,false,l,true,2
190.329,-40,true,g,true,2
180.624,-60,false,g,true,2
181.446,-60,false,b,true,2
191.109,-40,true,l,true,2
160,-40,false,l,true,2
208.631,-40,true,g,true,2
199.818,-60,false,g,true,2
199.577,-60,false,b,true,2
208.401,-40,true,l,true,2
160,-40,false,l,true,2
176.551,-40,true,g,true,2
166.043,-60,false,g,true,2
198.292,-60,false,b,true,2
207.17,-40,true,l,true,2
160,-40,false,l,true,2
199.142,-40,true,g,true,2
189.888,-60,false,g,true,2
187.665,-60,false,b,true,2
197.574,-60,false,b,true,2
206.483,-40,true,l,true,2
160,-40,false,l,true,2
173.432,-40,true,g,true,2
162.723,-60,false,g,true,2
182.771,-60,false,b,true,2
192.367,-40,true,l,true,2
160,-40,false,l,true,2
207.971,-40,true,g,true,2
199.127,-60,false,g,true,2
197.209,-60,false,b,true,2
206.134,-40,true,l,true,2
160,-40,false,l,true,2
155.307,-40,true,g,true,2
143.249,-60,false,g,true,2
198.908,-60,false,b,true,2
207.76,-40,true,l,true,2
160,-40,false,l,true,2
162.261,-40,true,g,true,2
150.76,-60,false,g,true,2
159.681,-60,false,b,true,2
170.582,-40,true,l,true,2
160,-40,false,l,true,2
148.383,-40,true,g,true,2
135.711,-60,false,g,true,2
199.738,-60,false,b,true,2
208.555,-40,true,l,true,2
160,-40,false,l,true,2
150.016,-40,true,g,true,2
137.495,-60,false,g,true,2
146.493,-60,false,b,true,2
191.582,-60,false,b,true,2
195.809,-60,false,b,true,2
204.795,-40,true,l,true,2
160,-40,false,l,true,2
194.223,-40,true,g,true,2
184.723,-60,false,g,true,2
184.882,-60,false,b,true,2
194.374,-40,true,l,true,2
160,-40,false,l,true,2
164.33,-40,true,g,true,2
152.984,-60,false,g,true,2
196.52,-60,false,b,true,2
205.476,-40,true,l,true,2
160,-40,false,l,true,2
179.86,-40,true,g,true,2
169.557,-60,false,g,true,2
193.3,-60,false,b,true,2
202.398,-40,true,l,true,2
160,-40,false,l,true,2
200.463,-40,true,g,true,2
191.273,-60,false,g,true,2
157.083,-60,false,b,true,2
168.152,-40,true,l,true,2
160,-40,false,l,true,2
170.21,-40,true,g,true,2
159.284,-60,false,g,true,2
154.33,-60,false,b,true,2
165.583,-40,true,l,true,2
160,-40,false,l,true,2
172.324,-40,true,g,true,2
161.542,-60,false,g,true,2
162.337,-60,false,b,true,2
190.817,-60,false,b,true,2
200.028,-40,true,l,true,2
160,-40,false,l,true,2
182.272,-40,true,g,true,2
172.114,-60,false,g,true,2
195.012,-60,false,b,true,2
204.033,-40,true,l,true,2
160,-40,false,l,true,2
167.891,-40,true,g,true,2
156.803,-60,false,g,true,2
199.431,-60,false,b,true,2
208.261,-40,true,l,true,2
160,-40,false,l,true,2
183.774,-40,true,g,true,2
173.703,-60,false,g,true,2
168.175,-60,false,b,true,2
178.557,-40,true,l,true,2
160,-40,false,l,true,2
205.409,-40,true,g,true,2
196.45,-60,false,g,true,2
194.514,-60,false,b,true,2
203.558,-40,true,l,true,2
160,-40,false,l,true,2
195.4,-40,true,g,true,2
185.96,-60,false,g,true,2
178.256,-60,false,b,true,2
188.083,-40,true,l,true,2
160,-40,false,l,true,2
189.246,-40,true,g,true,2
179.482,-60,false,g,true,2
176.507,-60,false,b,true,2
160,-60,false,f,true,3
160,-40,false,l,true,3
175.389,-40,true,g,true,3
164.807,-60,false,g,true,3
156.641,-60,false,b,true,3
196.598,-60,false,b,true,3
205.55,-40,true,l,true,3
160,-40,false,l,true,3
174.174,-40,true,g,true,3
163.514,-60,false,g,true,3
198.764,-60,false,b,true,3
207.623,-40,true,l,true,3
160,-40,false,l,true,3
207.126,-40,true,g,true,3
198.245,-60,false,g,true,3
195.323,-60,false,b,true,3
204.331,-40,true,l,true,3
160,-40,false,l,true,3
201.717,-40,true,g,true,3
192.587,-60,false,g,true,3
193.734,-60,false,b,true,3
202.812,-40,true,l,true,3
160,-40,false,l,true,3
158.54,-40,true,g,true,3
146.748,-60,false,g,true,3
199.914,-60,false,b,true,3
208.723,-40,true,l,true,3
160,-40,false,l,true,3
165.382,-40,true,g,true,3
154.114,-60,false,g,true,3
172.034,-60,false,b,true,3
182.197,-40,true,l,true,3
160,-40,false,l,true,3
181.282,-40,true,g,true,3
171.065,-60,false,g,true,3
199.89,-60,false,b,true,3
208.701,-40,true,l,true,3
160,-40,false,l,true,3
192.603,-40,true,g,true,3
183.019,-60,false,g,true,3
184.578,-60,false,b,true,3
194.085,-40,true,l,true,3
160,-40,false,l,true,3
184.176,-40,true,g,true,3
174.129,-60,false,g,true,3
175.044,-60,false,b,true,3
199.616,-60,false,b,true,3
208.438,-40,true,l,true,3
160,-40,false,l,true,3
193.808,-40,true,g,true,3
184.287,-60,false,g,true,3
184.098,-60,false,b,true,3
193.628,-40,true,l,true,3
160,-40,false,l,true,3
171.885,-40,true,g,true,3
161.073,-60,false,g,true,3
154.697,-60,false,b,true,3
197.431,-60,false,b,true,3
206.346,-40,true,l,true,3
160,-40,false,l,true,3
147.841,-40,true,g,true,3
135.119,-60,false,g,true,3
171.662,-60,false,b,true,3
153.627,-60,false,b,true,3
164.928,-40,true,l,true,3
160,-40,false,l,true,3
184.103,-40,true,g,true,3
174.051,-60,false,g,true,3
166.66,-60,false,b,true,3
177.131,-40,true,l,true,3
160,-40,false,l,true,3
194.667,-40,true,g,true,3
185.19,-60,false,g,true,3
183.402,-60,false,b,true,3
198.387,-60,false,b,true,3
207.262,-40,true,l,true,3
160,-40,false,l,true,3
169.373,-40,true,g,true,3
158.389,-60,false,g,true,3
167.188,-60,false,b,true,3
177.628,-40,true,l,true,3
160,-40,false,l,true,3
169.902,-40,true,g,true,3
158.955,-60,false,g,true,3
163.841,-60,false,b,true,3
174.481,-40,true,l,true,3
160,-40,false,l,true,3
151.241,-40,true,g,true,3
138.83,-60,false,g,true,3
186.603,-60,false,b,true,3
196.012,-40,true,l,true,3
160,-40,false,l,true,3
206.99,-40,true,g,true,3
198.103,-60,false,g,true,3
194.573,-60,false,b,true,3
183.428,-60,false,b,true,3
192.992,-40,true,l,true,3
160,-40,false,l,true,3
148.634,-40,true,g,true,3
135.986,-60,false,g,true,3
143.924,-60,false,b,true,3
155.93,-40,true,l,true,3
160,-40,false,l,true,3
183.874,-40,true,g,true,3
173.809,-60,false,g,true,3
178.001,-60,false,b,true,3
187.842,-40,true,l,true,3
160,-40,false,l,true,3
206.574,-40,true,g,true,3
197.668,-60,false,g,true,3
199.078,-60,false,b,true,3
207.923,-40,true,l,true,3
160,-40,false,l,true,3
171.794,-40,true,g,true,3
160.976,-60,false,g,true,3
175.025,-60,false,b,true,3
199.494,-60,false,b,true,3
208.321,-40,true,l,true,3
160,-40,false,l,true,3
199.797,-40,true,g,true,3
190.575,-60,false,g,true,3
191.985,-60,false,b,true,3
201.143,-40,true,l,true,3
160,-40,false,l,true,3
165.051,-40,true,g,true,3
153.759,-60,false,g,true,3
197.234,-60,false,b,true,3
206.158,-40,true,l,true,3
160,-40,false,l,true,3
192.238,-40,true,g,true,3
182.634,-60,false,g,true,3
184.765,-60,false,b,true,3
194.263,-40,true,l,true,3
160,-40,false,l,true,3
173.593,-40,true,g,true,3
162.894,-60,false,g,true,3
190.167,-60,false,b,true,3
199.408,-40,true,l,true,3
160,-40,false,l,true,3
167.452,-40,true,g,true,3
156.333,-60,false,g,true,3
157.301,-60,false,b,true,3
168.356,-40,true,l,true,3
160,-40,false,l,true,3
160.801,-40,true,g,true,3
149.188,-60,false,g,true,3
147.615,-60,false,b,true,3
190.421,-60,false,b,true,3
199.65,-40,true,l,true,3
160,-40,false,l,true,3
191.793,-40,true,g,true,3
182.166,-60,false,g,true,3
196.976,-60,false,b,true,3
198.726,-60,false,b,true,3
207.586,-40,true,l,true,3
160,-40,false,l,true,3
151.755,-40,true,g,true,3
139.39,-60,false,g,true,3
198.933,-60,false,b,true,3
207.784,-40,true,l,true,3
160,-40,false,l,true,3
208.17,-40,true,g,true,3
199.336,-60,false,g,true,3
197.247,-60,false,b,true,3
206.171,-40,true,l,true,3
160,-40,false,l,true,3
155.161,-40,true,g,true,3
143.09,-60,false,g,true,3
135.049,-60,false,b,true,3
194.977,-60,false,b,true,3
204,-40,true,l,true,3
160,-40,false,l,true,3
201.957,-40,true,g,true,3
192.838,-60,false,g,true,3
191.081,-60,false,b,true,3
200.28,-40,true,l,true,3
160,-40,false,l,true,3
168.041,-40,true,g,true,3
156.964,-60,false,g,true,3
179.917,-60,false,b,true,3
194.873,-60,false,b,true,3
203.901,-40,true,l,true,3
160,-40,false,l,true,3
152.431,-40,true,g,true,3
140.126,-60,false,g,true,3
189.482,-60,false,b,true,3
198.755,-40,true,l,true,3
160,-40,false,l,true,3
156.47,-40,true,g,true,3
144.509,-60,false,g,true,3
185.636,-60,false,b,true,3
195.091,-40,true,l,true,3
160,-40,false,l,true,3
166.709,-40,true,g,true,3
155.537,-60,false,g,true,3
198.248,-60,false,b,true,3
207.129,-40,true,l,true,3
160,-40,false,l,true,3
169.029,-40,true,g,true,3
158.021,-60,false,g,true,3
198.059,-60,false,b,true,3
206.948,-40,true,l,true,3
160,-40,false,l,true,3
201.416,-40,true,g,true,3
192.272,-60,false,g,true,3
147.945,-60,false,b,true,3
195.631,-60,false,b,true,3
204.626,-40,true,l,true,3
160,-40,false,l,true,3
168.357,-40,true,g,true,3
157.302,-60,false,g,true,3
191.02,-60,false,b,true,3
200.221,-40,true,l,true,3
160,-40,false,l,true,3
172.204,-40,true,g,true,3
161.413,-60,false,g,true,3
158.563,-60,false,b,true,3
169.535,-40,true,l,true,3
160,-40,false,l,true,3
202.949,-40,true,g,true,3
193.877,-60,false,g,true,3
179.711,-60,false,b,true,3
189.462,-40,true,l,true,3
160,-40,false,l,true,3
156.835,-40,true,g,true,3
144.905,-60,false,g,true,3
146.552,-60,false,b,true,3
158.359,-40,true,l,true,3
160,-40,false,l,true,3
151.769,-40,true,g,true,3
139.405,-60,false,g,true,3
198.997,-60,false,b,true,3
207.846,-40,true,l,true,3
160,-40,false,l,true,3
149.846,-40,true,g,true,3
137.309,-60,false,g,true,3
159.354,-60,false,b,true,3
171.17,-60,false,b,true,3
181.381,-40,true,l,true,3
160,-40,false,l,true,3
154.2,-40,true,g,true,3
142.048,-60,false,g,true,3
194.824,-60,false,b,true,3
203.853,-40,true,l,true,3
160,-40,false,l,true,3
168.242,-40,true,g,true,3
157.18,-60,false,g,true,3
148.136,-60,false,b,true,3
189.634,-60,false,b,true,3
198.899,-40,true,l,true,3
160,-40,false,l,true,3
155.521,-40,true,g,true,3
143.481,-60,false,g,true,3
192.05,-60,false,b,true,3
201.205,-40,true,l,true,3
160,-40,false,l,true,3
155.679,-40,true,g,true,3
143.652,-60,false,g,true,3
142.074,-60,false,b,true,3
185.165,-60,false,b,true,3
194.643,-40,true,l,true,3
160,-40,false,l,true,3
150.528,-40,true,g,true,3
138.053,-60,false,g,true,3
136.589,-60,false,b,true,3
149.187,-40,true,l,true,3
160,-40,false,l,true,3
167.271,-40,true,g,true,3
156.14,-60,false,g,true,3
183.416,-60,false,b,true,3
192.98,-40,true,l,true,3
160,-40,false,l,true,3
154.839,-40,true,g,true,3
142.742,-60,false,g,true,3
145.075,-60,false,b,true,3
156.993,-40,true,l,true,3
160,-40,false,l,true,3
177.839,-40,true,g,true,3
167.412,-60,false,g,true,3
191.524,-60,false,b,true,3
200.703,-40,true,l,true,3
160,-40,false,l,true,3
158.226,-40,true,g,true,3
146.409,-60,false,g,true,3
190.635,-60,false,b,true,3
199.854,-40,true,l,true,3
160,-40,false,l,true,3
195.236,-40,true,g,true,3
185.788,-60,false,g,true,3
198.221,-60,false,b,true,3
207.103,-40,true,l,true,3
160,-40,false,l,true,3
164.638,-40,true,g,true,3
153.316,-60,false,g,true,3
198.477,-60,false,b,true,3
207.348,-40,true,l,true,3
160,-40,false,l,true,3
172.926,-40,true,g,true,3
162.183,-60,false,g,true,3
175.78,-60,false,b,true,3
185.738,-40,true,l,true,3
160,-40,false,l,true,3
202.456,-40,true,g,true,3
193.361,-60,false,g,true,3
192.025,-60,false,b,true,3
201.18,-40,true,l,true,3
160,-40,false,l,true,3
156.113,-40,true,g,true,3
144.122,-60,false,g,true,3
177.591,-60,false,b,true,3
187.453,-40,true,l,true,3
160,-40,false,l,true,3
193.263,-40,true,g,true,3
183.713,-60,false,g,true,3
176.214,-60,false,b,true,3
199.436,-60,false,b,true,3
208.266,-40,true,l,true,3
160,-40,false,l,true,3
191.476,-40,true,g,true,3
181.832,-60,false,g,true,3
178.946,-60,false,b,true,3
188.737,-40,true,l,true,3
160,-40,false,l,true,3
163.188,-40,true,g,true,3
151.758,-60,false,g,true,3
193.735,-60,false,b,true,3
202.814,-40,true,l,true,3
160,-40,false,l,true,3
196.712,-40,true,g,true,3
187.338,-60,false,g,true,3
174.906,-60,false,b,true,3
184.911,-40,true,l,true,3
160,-40,false,l,true,3
148.905,-40,true,g,true,3
136.282,-60,false,g,true,3
196.247,-60,false,b,true,3
205.214,-40,true,l,true,3
160,-40,false,l,true,3
175.488,-40,true,g,true,3
164.912,-60,false,g,true,3
176.758,-60,false,b,true,3
186.664,-40,true,l,true,3
160,-40,false,l,true,3
151.233,-40,true,g,true,3
138.822,-60,false,g,true,3
183.774,-60,false,b,true,3
198.741,-60,false,b,true,3
207.6,-40,true,l,true,3
160,-40,false,l,true,3
151.683,-40,true,g,true,3
139.312,-60,false,g,true,3
142.909,-60,false,b,true,3
154.994,-40,true,l,true,3
160,-40,false,l,true,3
178.581,-40,true,g,true,3
168.2,-60,false,g,true,3
197.239,-60,false,b,true,3
206.163,-40,true,l,true,3
160,-40,false,l,true,3
150.482,-40,true,g,true,3
138.003,-60,false,g,true,3
179.429,-60,false,b,true,3
189.195,-40,true,l,true,3
160,-40,false,l,true,3
207.689,-40,true,g,true,3
198.833,-60,false,g,true,3
196.562,-60,false,b,true,3
205.516,-40,true,l,true,3
160,-40,false,l,true,3
193.579,-40,true,g,true,3
184.046,-60,false,g,true,3
196.457,-60,false,b,true,3
205.415,-40,true,l,true,3
160,-40,false,l,true,3
173.717,-40,true,g,true,3
163.027,-60,false,g,true,3
161.759,-60,false,b,true,3
172.528,-40,true,l,true,3
160,-40,false,l,true,3
150.004,-40,true,g,true,3
137.481,-60,false,g,true,3
197.031,-60,false,b,true,3
205.964,-40,true,l,true,3
160,-40,false,l,true,3
169.389,-40,true,g,true,3
158.406,-60,false,g,true,3
187.216,-60,false,b,true,3
196.596,-40,true,l,true,3
160,-40,false,l,true,3
170.232,-40,true,g,true,3
159.307,-60,false,g,true,3
191.495,-60,false,b,true,3
200.675,-40,true,l,true,3
160,-40,false,l,true,3
183.564,-40,true,g,true,3
173.481,-60,false,g,true,3
198.042,-60,false,b,true,3
206.931,-40,true,l,true,3
160,-40,false,l,true,3
166.313,-40,true,g,true,3
155.113,-60,false,g,true,3
198.37,-60,false,b,true,3
207.245,-40,true,l,true,3
160,-40,false,l,true,3
179.339,-40,true,g,true,3
169.005,-60,false,g,true,3
175.859,-60,false,b,true,3
185.812,-40,true,l,true,3
160,-40,false,l,true,3
206.125,-40,true,g,true,3
197.199,-60,false,g,true,3
195.942,-60,false,b,true,3
204.923,-40,true,l,true,3
160,-40,false,l,true,3
179.654,-40,true,g,true,3
169.339,-60,false,g,true,3
197.961,-60,false,b,true,3
206.854,-40,true,l,true,3
160,-40,false,l,true,3
151.626,-40,true,g,true,3
139.25,-60,false,g,true,3
180.005,-60,false,b,true,3
189.741,-40,true,l,true,3
160,-40,false,l,true,3
207.136,-40,true,g,true,3
198.255,-60,false,g,true,3
161.126,-60,false,b,true,3
197.031,-60,false,b,true,3
205.964,-40,true,l,true,3
160,-40,false,l,true,3
205.66,-40,true,g,true,3
196.713,-60,false,g,true,3
176.791,-60,false,b,true,3
186.695,-40,true,l,true,3
160,-40,false,l,true,3
171.363,-40,true,g,true,3
160.515,-60,false,g,true,3
165.402,-60,false,b,true,3
175.949,-40,true,l,true,3
160,-40,false,l,true,3
163.148,-40,true,g,true,3
151.714,-60,false,g,true,3
199.945,-60,false,b,true,3
208.753,-40,true,l,true,3
160,-40,false,l,true,3
152.753,-40,true,g,true,3
140.476,-60,false,g,true,3
195.476,-60,false,b,true,3
204.477,-40,true,l,true,3
160,-40,false,l,true,3
148.749,-40,true,g,true,3
136.112,-60,false,g,true,3
158.341,-60,false,b,true,3
169.328,-40,true,l,true,3
160,-40,false,l,true,3
151.634,-40,true,g,true,3
139.259,-60,false,g,true,3
198.8,-60,false,b,true,3
207.657,-40,true,l,true,3
160,-40,false,l,true,3
165.893,-40,true,g,true,3
154.663,-60,false,g,true,3
156.873,-60,false,b,true,3
167.955,-40,true,l,true,3
160,-40,false,l,true,3
151.904,-40,true,g,true,3
139.552,-60,false,g,true,3
198.946,-60,false,b,true,3
207.796,-40,true,l,true,3
160,-40,false,l,true,3
185.723,-40,true,g,true,3
175.764,-60,false,g,true,3
175.739,-60,false,b,true,3
185.699,-40,true,l,true,3
160,-40,false,l,true,3
167.249,-40,true,g,true,3
156.116,-60,false,g,true,3
195.15,-60,false,b,true,3
204.165,-40,true,l,true,3
160,-40,false,l,true,3
152.103,-40,true,g,true,3
139.768,-60,false,g,true,3
141.849,-60,false,b,true,3
154.016,-40,true,l,true,3
160,-40,false,l,true,3
178.287,-40,true,g,true,3
167.887,-60,false,g,true,3
166.255,-60,false,b,true,3
176.75,-40,true,l,true,3
160,-40,false,l,true,3
172.352,-40,true,g,true,3
161.571,-60,false,g,true,3
160.09,-60,false,b,true,3
170.964,-40,true,l,true,3
160,-40,false,l,true,3
153.174,-40,true,g,true,3
140.934,-60,false,g,true,3
150.094,-60,false,b,true,3
195.342,-60,false,b,true,3
204.349,-40,true,l,true,3
160,-40,false,l,true,3
167.256,-40,true,g,true,3
156.124,-60,false,g,true,3
189.168,-60,false,b,true,3
198.455,-40,true,l,true,3
160,-40,false,l,true,3
195.026,-40,true,g,true,3
185.567,-60,false,g,true,3
163.822,-60,false,b,true,3
174.464,-40,true,l,true,3
160,-40,false,l,true,3
207.846,-40,true,g,true,3
198.998,-60,false,g,true,3
198.996,-60,false,b,true,3
207.845,-40,true,l,true,3
160,-40,false,l,true,3
174.266,-40,true,g,true,3
163.611,-60,false,g,true,3
197.436,-60,false,b,true,3
206.352,-40,true,l,true,3
160,-40,false,l,true,3
177.27,-40,true,g,true,3
166.807,-60,false,g,true,3
197.401,-60,false,b,true,3
206.318,-40,true,l,true,3
160,-40,false,l,true,3
154.762,-40,true,g,true,3
142.658,-60,false,g,true,3
191.923,-60,false,b,true,3
201.083,-40,true,l,true,3
160,-40,false,l,true,3
162.961,-40,true,g,true,3
151.514,-60,false,g,true,3
175.208,-60,false,b,true,3
185.197,-40,true,l,true,3
160,-40,false,l,true,3
160,-60,false,f,true,4
197.667,-60,false,b,true,4
157.904,-60,false,b,true,4
168.919,-40,true,l,true,4
160,-40,false,l,true,4
166.422,-40,true,g,true,4
155.23,-60,false,g,true,4
145.866,-60,false,b,true,4
157.724,-40,true,l,true,4
160,-40,false,l,true,4
189.506,-40,true,g,true,4
179.757,-60,false,g,true,4
176.937,-60,false,b,true,4
183.204,-60,false,b,true,4
174.321,-60,false,b,true,4
161.084,-60,false,b,true,4
171.895,-40,true,l,true,4
160,-40,false,l,true,4
160.244,-40,true,g,true,4
148.587,-60,false,g,true,4
141.621,-60,false,b,true,4
153.807,-40,true,l,true,4
160,-40,false,l,true,4
182.401,-40,true,g,true,4
172.25,-60,false,g,true,4
170.628,-60,false,b,true,4
180.87,-40,true,l,true,4
160,-40,false,l,true,4
156.203,-40,true,g,true,4
144.22,-60,false,g,true,4
137.199,-60,false,b,true,4
149.745,-40,true,l,true,4
160,-40,false,l,true,4
189.608,-40,true,g,true,4
179.865,-60,false,g,true,4
176.335,-60,false,b,true,4
139.294,-60,false,b,true,4
151.666,-40,true,l,true,4
160,-40,false,l,true,4
208.064,-40,true,g,true,4
199.225,-60,false,g,true,4
194.32,-60,false,b,true,4
203.372,-40,true,l,true,4
160,-40,false,l,true,4
193.497,-40,true,g,true,4
183.959,-60,false,g,true,4
179.777,-60,false,b,true,4
141.371,-60,false,b,true,4
180.552,-60,false,b,true,4
151.35,-60,false,b,true,4
162.809,-40,true,l,true,4
160,-40,false,l,true,4
179.335,-40,true,g,true,4
169,-60,false,g,true,4
167.01,-60,false,b,true,4
137.312,-60,false,b,true,4
163.565,-60,false,b,true,4
135.957,-60,false,b,true,4
177.668,-60,false,b,true,4
187.525,-40,true,l,true,4
160,-40,false,l,true,4
158.358,-40,true,g,true,4
146.551,-60,false,g,true,4
139.979,-60,false,b,true,4
152.297,-40,true,l,true,4
160,-40,false,l,true,4
199.095,-40,true,g,true,4
189.839,-60,false,g,true,4
198.626,-60,false,b,true,4
199.991,-60,false,b,true,4
208.798,-40,true,l,true,4
160,-40,false,l,true,4
153.415,-40,true,g,true,4
141.195,-60,false,g,true,4
144.607,-60,false,b,true,4
156.56,-40,true,l,true,4
160,-40,false,l,true,4
162.541,-40,true,g,true,4
151.061,-60,false,g,true,4
155.81,-60,false,b,true,4
197.741,-60,false,b,true,4
199.505,-60,false,b,true,4
208.332,-40,true,l,true,4
160,-40,false,l,true,4
170.228,-40,true,g,true,4
159.303,-60,false,g,true,4
192.239,-60,false,b,true,4
201.385,-40,true,l,true,4
160,-40,false,l,true,4
173.551,-40,true,g,true,4
162.85,-60,false,g,true,4
157.336,-60,false,b,true,4
168.389,-40,true,l,true,4
160,-40,false,l,true,4
199.378,-40,true,g,true,4
190.136,-60,false,g,true,4
187.645,-60,false,b,true,4
153.315,-60,false,b,true,4
194.904,-60,false,b,true,4
197.334,-60,false,b,true,4
206.254,-40,true,l,true,4
160,-40,false,l,true,4
177.164,-40,true,g,true,4
166.695,-60,false,g,true,4
163.325,-60,false,b,true,4
173.997,-40,true,l,true,4
160,-40,false,l,true,4
158.35,-40,true,g,true,4
146.542,-60,false,g,true,4
138.337,-60,false,b,true,4
150.788,-40,true,l,true,4
160,-40,false,l,true,4
184.014,-40,true,g,true,4
173.957,-60,false,g,true,4
138.139,-60,false,b,true,4
150.607,-40,true,l,true,4
160,-40,false,l,true,4
169.597,-40,true,g,true,4
158.629,-60,false,g,true,4
149.007,-60,false,b,true,4
160.634,-40,true,l,true,4
160,-40,false,l,true,4
175.071,-40,true,g,true,4
164.468,-60,false,g,true,4
164.389,-60,false,b,true,4
138.438,-60,false,b,true,4
136.819,-60,false,b,true,4
149.397,-40,true,l,true,4
160,-40,false,l,true,4
173.461,-40,true,g,true,4
162.753,-60,false,g,true,4
156.23,-60,false,b,true,4
176.699,-60,false,b,true,4
186.608,-40,true,l,true,4
160,-40,false,l,true,4
170.324,-40,true,g,true,4
159.406,-60,false,g,true,4
141.715,-60,false,b,true,4
151.713,-60,false,b,true,4
163.147,-40,true,l,true,4
160,-40,false,l,true,4
206.246,-40,true,g,true,4
197.326,-60,false,g,true,4
193.964,-60,false,b,true,4
156.618,-60,false,b,true,4
194.981,-60,false,b,true,4
167.598,-60,false,b,true,4
178.014,-40,true,l,true,4
160,-40,false,l,true,4
191.162,-40,true,g,true,4
181.502,-60,false,g,true,4
178.386,-60,false,b,true,4
188.206,-40,true,l,true,4
160,-40,false,l,true,4
148.873,-40,true,g,true,4
136.247,-60,false,g,true,4
139.579,-60,false,b,true,4
170.292,-60,false,b,true,4
169.566,-60,false,b,true,4
179.868,-40,true,l,true,4
160,-40,false,l,true,4
197.218,-40,true,g,true,4
187.87,-60,false,g,true,4
186.556,-60,false,b,true,4
156.899,-60,false,b,true,4
166.622,-60,false,b,true,4
165.46,-60,false,b,true,4
176.002,-40,true,l,true,4
160,-40,false,l,true,4
171.957,-40,true,g,true,4
161.149,-60,false,g,true,4
191.438,-60,false,b,true,4
200.62,-40,true,l,true,4
160,-40,false,l,true,4
206.015,-40,true,g,true,4
197.084,-60,false,g,true,4
193.174,-60,false,b,true,4
148.62,-60,false,b,true,4
180.158,-60,false,b,true,4
135.704,-60,false,b,true,4
148.376,-40,true,l,true,4
160,-40,false,l,true,4
170.867,-40,true,g,true,4
159.986,-60,false,g,true,4
153.539,-60,false,b,true,4
177.25,-60,false,b,true,4
187.13,-40,true,l,true,4
160,-40,false,l,true,4
181.561,-40,true,g,true,4
171.36,-60,false,g,true,4
137.495,-60,false,b,true,4
156.484,-60,false,b,true,4
135.062,-60,false,b,true,4
164.334,-60,false,b,true,4
174.945,-40,true,l,true,4
160,-40,false,l,true,4
156.98,-40,true,g,true,4
145.061,-60,false,g,true,4
163.252,-60,false,b,true,4
173.929,-40,true,l,true,4
160,-40,false,l,true,4
172.712,-40,true,g,true,4
161.955,-60,false,g,true,4
193.962,-60,false,b,true,4
203.03,-40,true,l,true,4
160,-40,false,l,true,4
195.16,-40,true,g,true,4
185.708,-60,false,g,true,4
137.124,-60,false,b,true,4
149.676,-40,true,l,true,4
160,-40,false,l,true,4
163.814,-40,true,g,true,4
152.431,-60,false,g,true,4
144.238,-60,false,b,true,4
154.168,-60,false,b,true,4
165.432,-40,true,l,true,4
160,-40,false,l,true,4
207.018,-40,true,g,true,4
198.132,-60,false,g,true,4
145.606,-60,false,b,true,4
166.763,-60,false,b,true,4
162.74,-60,false,b,true,4
167.68,-60,false,b,true,4
178.092,-40,true,l,true,4
160,-40,false,l,true,4
202.807,-40,true,g,true,4
193.728,-60,false,g,true,4
139.856,-60,false,b,true,4
159.768,-60,false,b,true,4
138.449,-60,false,b,true,4
186.907,-60,false,b,true,4
196.832,-60,false,b,true,4
205.774,-40,true,l,true,4
160,-40,false,l,true,4
149.206,-40,true,g,true,4
136.611,-60,false,g,true,4
176.575,-60,false,b,true,4
186.49,-40,true,l,true,4
160,-40,false,l,true,4
172.267,-40,true,g,true,4
161.48,-60,false,g,true,4
152.973,-60,false,b,true,4
164.319,-40,true,l,true,4
160,-40,false,l,true,4
179.147,-40,true,g,true,4
168.801,-60,false,g,true,4
170.115,-60,false,b,true,4
158.281,-60,false,b,true,4
144.297,-60,false,b,true,4
179.801,-60,false,b,true,4
189.548,-40,true,l,true,4
160,-40,false,l,true,4
161.001,-40,true,g,true,4
149.404,-60,false,g,true,4
149.852,-60,false,b,true,4
161.417,-40,true,l,true,4
160,-40,false,l,true,4
158.687,-40,true,g,true,4
146.906,-60,false,g,true,4
136.302,-60,false,b,true,4
148.923,-40,true,l,true,4
160,-40,false,l,true,4
201.498,-40,true,g,true,4
192.357,-60,false,g,true,4
188.27,-60,false,b,true,4
197.6,-40,true,l,true,4
160,-40,false,l,true,4
149.53,-40,true,g,true,4
136.965,-60,false,g,true,4
165.278,-60,false,b,true,4
186.33,-60,false,b,true,4
189.872,-60,false,b,true,4
199.126,-40,true,l,true,4
160,-40,false,l,true,4
204.591,-40,true,g,true,4
195.596,-60,false,g,true,4
153.184,-60,false,b,true,4
165.203,-60,false,b,true,4
154.915,-60,false,b,true,4
187.516,-60,false,b,true,4
196.881,-40,true,l,true,4
160,-40,false,l,true,4
177.459,-40,true,g,true,4
167.008,-60,false,g,true,4
160.761,-60,false,b,true,4
195.529,-60,false,b,true,4
204.528,-40,true,l,true,4
160,-40,false,l,true,4
155.208,-40,true,g,true,4
143.142,-60,false,g,true,4
145.715,-60,false,b,true,4
157.584,-40,true,l,true,4
160,-40,false,l,true,4
188.721,-40,true,g,true,4
178.929,-60,false,g,true,4
183.825,-60,false,b,true,4
183.181,-60,false,b,true,4
199.981,-60,false,b,true,4
175.275,-60,false,b,true,4
173.745,-60,false,b,true,4
183.813,-40,true,l,true,4
160,-40,false,l,true,4
171.462,-40,true,g,true,4
160.621,-60,false,g,true,4
158.2,-60,false,b,true,4
164.792,-60,false,b,true,4
175.375,-40,true,l,true,4
160,-40,false,l,true,4
168.88,-40,true,g,true,4
157.862,-60,false,g,true,4
150.556,-60,false,b,true,4
162.071,-40,true,l,true,4
160,-40,false,l,true,4
194.03,-40,true,g,true,4
184.52,-60,false,g,true,4
184.16,-60,false,b,true,4
155.785,-60,false,b,true,4
187.413,-60,false,b,true,4
189.266,-60,false,b,true,4
198.549,-40,true,l,true,4
160,-40,false,l,true,4
167.357,-40,true,g,true,4
156.232,-60,false,g,true,4
162.635,-60,false,b,true,4
173.349,-40,true,l,true,4
160,-40,false,l,true,4
189.359,-40,true,g,true,4
179.602,-60,false,g,true,4
167.286,-60,false,b,true,4
137.085,-60,false,b,true,4
149.641,-40,true,l,true,4
160,-40,false,l,true,4
156.792,-40,true,g,true,4
144.857,-60,false,g,true,4
162.631,-60,false,b,true,4
173.346,-40,true,l,true,4
160,-40,false,l,true,4
172.434,-40,true,g,true,4
161.658,-60,false,g,true,4
155.164,-60,false,b,true,4
175.183,-60,false,b,true,4
185.173,-40,true,l,true,4
160,-40,false,l,true,4
179.815,-40,true,g,true,4
169.509,-60,false,g,true,4
168.701,-60,false,b,true,4
140.57,-60,false,b,true,4
152.84,-40,true,l,true,4
160,-40,false,l,true,4
203.567,-40,true,g,true,4
194.524,-60,false,g,true,4
148.876,-60,false,b,true,4
160.512,-40,true,l,true,4
160,-40,false,l,true,4
156.954,-40,true,g,true,4
145.033,-60,false,g,true,4
137.814,-60,false,b,true,4
150.309,-40,true,l,true,4
160,-40,false,l,true,4
195.656,-40,true,g,true,4
186.229,-60,false,g,true,4
185.64,-60,false,b,true,4
155.853,-60,false,b,true,4
167.004,-40,true,l,true,4
160,-40,false,l,true,4
166.869,-40,true,g,true,4
155.709,-60,false,g,true,4
144.037,-60,false,b,true,4
156.034,-40,true,l,true,4
160,-40,false,l,true,4
195.789,-40,true,g,true,4
186.369,-60,false,g,true,4
186.236,-60,false,b,true,4
157.794,-60,false,b,true,4
189.244,-60,false,b,true,4
198.528,-40,true,l,true,4
160,-40,false,l,true,4
197.405,-40,true,g,true,4
188.066,-60,false,g,true,4
139.436,-60,false,b,true,4
161.165,-60,false,b,true,4
140.184,-60,false,b,true,4
174.118,-60,false,b,true,4
184.166,-40,true,l,true,4
160,-40,false,l,true,4
194.695,-40,true,g,true,4
185.219,-60,false,g,true,4
150.774,-60,false,b,true,4
162.274,-40,true,l,true,4
160,-40,false,l,true,4
184.392,-40,true,g,true,4
174.357,-60,false,g,true,4
171.08,-60,false,b,true,4
180.999,-60,false,b,true,4
190.685,-40,true,l,true,4
160,-40,false,l,true,4
183.129,-40,true,g,true,4
173.021,-60,false,g,true,4
169.405,-60,false,b,true,4
179.717,-40,true,l,true,4
160,-40,false,l,true,4
193.75,-40,true,g,true,4
184.226,-60,false,g,true,4
183.716,-60,false,b,true,4
193.265,-40,true,l,true,4
160,-40,false,l,true,4
173.515,-40,true,g,true,4
162.811,-60,false,g,true,4
155.904,-60,false,b,true,4
167.051,-40,true,l,true,4
160,-40,false,l,true,4
164.452,-40,true,g,true,4
153.115,-60,false,g,true,4
166.358,-60,false,b,true,4
176.847,-40,true,l,true,4
160,-40,false,l,true,4
176.005,-40,true,g,true,4
165.462,-60,false,g,true,4
158.163,-60,false,b,true,4
169.161,-40,true,l,true,4
160,-40,false,l,true,4
165.58,-40,true,g,true,4
154.327,-60,false,g,true,4
165.029,-60,false,b,true,4
175.598,-40,true,l,true,4
160,-40,false,l,true,4
187.476,-40,true,g,true,4
177.615,-60,false,g,true,4
195.88,-60,false,b,true,4
150.316,-60,false,b,true,4
180.405,-60,false,b,true,4
146.417,-60,false,b,true,4
158.234,-40,true,l,true,4
160,-40,false,l,true,4
180.499,-40,true,g,true,4
170.235,-60,false,g,true,4
165.344,-60,false,b,true,4
144.975,-60,false,b,true,4
156.901,-40,true,l,true,4
160,-40,false,l,true,4
155.58,-40,true,g,true,4
143.545,-60,false,g,true,4
186.319,-60,false,b,true,4
195.742,-40,true,l,true,4
160,-40,false,l,true,4
168.444,-40,true,g,true,4
157.396,-60,false,g,true,4
145.829,-60,false,b,true,4
170.779,-60,false,b,true,4
181.013,-40,true,l,true,4
160,-40,false,l,true,4
169.758,-40,true,g,true,4
158.801,-60,false,g,true,4
159.576,-60,false,b,true,4
188.444,-60,false,b,true,4
153.495,-60,false,b,true,4
191.669,-60,false,b,true,4
200.84,-40,true,l,true,4
160,-40,false,l,true,4
166.453,-40,true,g,true,4
155.263,-60,false,g,true,4
146.602,-60,false,b,true,4
158.405,-40,true,l,true,4
160,-40,false,l,true,4
185.167,-40,true,g,true,4
175.177,-60,false,g,true,4
183.686,-60,false,b,true,4
143.268,-60,false,b,true,4
164.543,-60,false,b,true,4
161.044,-60,false,b,true,4
175.852,-60,false,b,true,4
185.806,-40,true,l,true,4
160,-40,false,l,true,4
196.209,-40,true,g,true,4
186.81,-60,false,g,true,4
182.979,-60,false,b,true,4
160,-60,false,f,true,5
148.081,-60,false,b,true,5
159.774,-40,true,l,true,5
160,-40,false,l,true,5
185.357,-40,true,g,true,5
175.378,-60,false,g,true,5
143.555,-60,false,b,true,5
155.59,-40,true,l,true,5
160,-40,false,l,true,5
161.367,-40,true,g,true,5
149.797,-60,false,g,true,5
135.854,-60,false,b,true,5
148.514,-40,true,l,true,5
160,-40,false,l,true,5
160.931,-40,true,g,true,5
149.328,-60,false,g,true,5
140.679,-60,false,b,true,5
152.94,-40,true,l,true,5
160,-40,false,l,true,5
202.649,-40,true,g,true,5
193.563,-60,false,g,true,5
144.475,-60,false,b,true,5
156.439,-40,true,l,true,5
160,-40,false,l,true,5
199.685,-40,true,g,true,5
190.458,-60,false,g,true,5
147.279,-60,false,b,true,5
159.031,-40,true,l,true,5
160,-40,false,l,true,5
167.023,-40,true,g,true,5
155.874,-60,false,g,true,5
162.689,-60,false,b,true,5
173.4,-40,true,l,true,5
160,-40,false,l,true,5
204.275,-40,true,g,true,5
195.265,-60,false,g,true,5
172.352,-60,false,b,true,5
182.497,-40,true,l,true,5
160,-40,false,l,true,5
158.344,-40,true,g,true,5
146.536,-60,false,g,true,5
141.736,-60,false,b,true,5
153.913,-40,true,l,true,5
160,-40,false,l,true,5
200.475,-40,true,g,true,5
191.286,-60,false,g,true,5
170.782,-60,false,b,true,5
181.015,-40,true,l,true,5
160,-40,false,l,true,5
162.33,-40,true,g,true,5
150.834,-60,false,g,true,5
144.764,-60,false,b,true,5
156.706,-40,true,l,true,5
160,-40,false,l,true,5
190.962,-40,true,g,true,5
181.291,-60,false,g,true,5
180.03,-60,false,b,true,5
135.536,-60,false,b,true,5
148.223,-40,true,l,true,5
160,-40,false,l,true,5
165.548,-40,true,g,true,5
154.292,-60,false,g,true,5
141.011,-60,false,b,true,5
153.246,-40,true,l,true,5
160,-40,false,l,true,5
197.002,-40,true,g,true,5
187.642,-60,false,g,true,5
136.562,-60,false,b,true,5
149.162,-40,true,l,true,5
160,-40,false,l,true,5
163.742,-40,true,g,true,5
152.353,-60,false,g,true,5
145.985,-60,false,b,true,5
157.834,-40,true,l,true,5
160,-40,false,l,true,5
193.937,-40,true,g,true,5
184.422,-60,false,g,true,5
140.824,-60,false,b,true,5
137.748,-60,false,b,true,5
150.249,-40,true,l,true,5
160,-40,false,l,true,5
161.314,-40,true,g,true,5
149.741,-60,false,g,true,5
146.207,-60,false,b,true,5
158.04,-40,true,l,true,5
160,-40,false,l,true,5
202.685,-40,true,g,true,5
193.6,-60,false,g,true,5
143.798,-60,false,b,true,5
155.813,-40,true,l,true,5
160,-40,false,l,true,5
202,-40,true,g,true,5
192.883,-60,false,g,true,5
178.069,-60,false,b,true,5
187.906,-40,true,l,true,5
160,-40,false,l,true,5
158.653,-40,true,g,true,5
146.869,-60,false,g,true,5
137.473,-60,false,b,true,5
149.997,-40,true,l,true,5
160,-40,false,l,true,5
182.705,-40,true,g,true,5
172.572,-60,false,g,true,5
167.675,-60,false,b,true,5
178.087,-40,true,l,true,5
160,-40,false,l,true,5
177.276,-40,true,g,true,5
166.814,-60,false,g,true,5
147.16,-60,false,b,true,5
158.922,-40,true,l,true,5
160,-40,false,l,true,5
191.17,-40,true,g,true,5
181.51,-60,false,g,true,5
161.802,-60,false,b,true,5
172.569,-40,true,l,true,5
160,-40,false,l,true,5
201.011,-40,true,g,true,5
191.847,-60,false,g,true,5
142.507,-60,false,b,true,5
154.623,-40,true,l,true,5
160,-40,false,l,true,5
194.71,-40,true,g,true,5
185.235,-60,false,g,true,5
150.2,-60,false,b,true,5
161.741,-40,true,l,true,5
160,-40,false,l,true,5
195.288,-40,true,g,true,5
185.843,-60,false,g,true,5
135.217,-60,false,b,true,5
147.932,-40,true,l,true,5
160,-40,false,l,true,5
193.965,-40,true,g,true,5
184.452,-60,false,g,true,5
135.022,-60,false,b,true,5
147.753,-40,true,l,true,5
160,-40,false,l,true,5
201.87,-40,true,g,true,5
192.748,-60,false,g,true,5
189.977,-60,false,b,true,5
199.226,-40,true,l,true,5
160,-40,false,l,true,5
200.979,-40,true,g,true,5
191.814,-60,false,g,true,5
186.031,-60,false,b,true,5
195.092,-60,false,b,true,5
147.366,-60,false,b,true,5
159.112,-40,true,l,true,5
160,-40,false,l,true,5
165.916,-40,true,g,true,5
154.687,-60,false,g,true,5
145.392,-60,false,b,true,5
157.286,-40,true,l,true,5
160,-40,false,l,true,5
158.751,-40,true,g,true,5
146.976,-60,false,g,true,5
140.039,-60,false,b,true,5
152.351,-40,true,l,true,5
160,-40,false,l,true,5
192.292,-40,true,g,true,5
182.692,-60,false,g,true,5
137.753,-60,false,b,true,5
150.253,-40,true,l,true,5
160,-40,false,l,true,5
208.056,-40,true,g,true,5
199.217,-60,false,g,true,5
148.244,-60,false,b,true,5
159.926,-40,true,l,true,5
160,-40,false,l,true,5
161.5,-40,true,g,true,5
149.941,-60,false,g,true,5
142.051,-60,false,b,true,5
154.203,-40,true,l,true,5
160,-40,false,l,true,5
194.13,-40,true,g,true,5
184.625,-60,false,g,true,5
172.653,-60,false,b,true,5
182.781,-40,true,l,true,5
160,-40,false,l,true,5
192.508,-40,true,g,true,5
182.919,-60,false,g,true,5
181.901,-60,false,b,true,5
191.542,-40,true,l,true,5
160,-40,false,l,true,5
194.463,-40,true,g,true,5
184.975,-60,false,g,true,5
146.33,-60,false,b,true,5
158.153,-40,true,l,true,5
160,-40,false,l,true,5
160.993,-40,true,g,true,5
149.395,-60,false,g,true,5
135.443,-60,false,b,true,5
148.138,-40,true,l,true,5
160,-40,false,l,true,5
197.321,-40,true,g,true,5
187.977,-60,false,g,true,5
189.807,-60,false,b,true,5
199.064,-40,true,l,true,5
160,-40,false,l,true,5
178.615,-40,true,g,true,5
168.236,-60,false,g,true,5
147.815,-60,false,b,true,5
159.528,-40,true,l,true,5
160,-40,false,l,true,5
208.081,-40,true,g,true,5
199.243,-60,false,g,true,5
165.015,-60,false,b,true,5
175.585,-40,true,l,true,5
160,-40,false,l,true,5
173.981,-40,true,g,true,5
163.307,-60,false,g,true,5
142.937,-60,false,b,true,5
155.019,-40,true,l,true,5
160,-40,false,l,true,5
203.28,-40,true,g,true,5
194.224,-60,false,g,true,5
137.791,-60,false,b,true,5
150.288,-40,true,l,true,5
160,-40,false,l,true,5
160.75,-40,true,g,true,5
149.132,-60,false,g,true,5
140.9,-60,false,b,true,5
153.143,-40,true,l,true,5
160,-40,false,l,true,5
205.674,-40,true,g,true,5
196.727,-60,false,g,true,5
168.33,-60,false,b,true,5
178.704,-40,true,l,true,5
160,-40,false,l,true,5
170.432,-40,true,g,true,5
159.521,-60,false,g,true,5
140.505,-60,false,b,true,5
152.779,-40,true,l,true,5
160,-40,false,l,true,5
201.83,-40,true,g,true,5
192.705,-60,false,g,true,5
191.028,-60,false,b,true,5
192.705,-60,false,b,true,5
201.83,-40,true,l,true,5
160,-40,false,l,true,5
193.223,-40,true,g,true,5
183.672,-60,false,g,true,5
182.355,-60,false,b,true,5
191.972,-40,true,l,true,5
160,-40,false,l,true,5
187.528,-40,true,g,true,5
177.67,-60,false,g,true,5
176.666,-60,false,b,true,5
173.904,-60,false,b,true,5
183.964,-40,true,l,true,5
160,-40,false,l,true,5
204.843,-40,true,g,true,5
195.858,-60,false,g,true,5
195.722,-60,false,b,true,5
204.712,-40,true,l,true,5
160,-40,false,l,true,5
166.951,-40,true,g,true,5
155.796,-60,false,g,true,5
143.028,-60,false,b,true,5
155.103,-40,true,l,true,5
160,-40,false,l,true,5
198.202,-40,true,g,true,5
188.903,-60,false,g,true,5
139.734,-60,false,b,true,5
152.071,-40,true,l,true,5
160,-40,false,l,true,5
195.645,-40,true,g,true,5
186.218,-60,false,g,true,5
136.952,-60,false,b,true,5
149.519,-40,true,l,true,5
160,-40,false,l,true,5
191.285,-40,true,g,true,5
181.632,-60,false,g,true,5
136.991,-60,false,b,true,5
149.555,-40,true,l,true,5
160,-40,false,l,true,5
173.436,-40,true,g,true,5
162.727,-60,false,g,true,5
138.802,-60,false,b,true,5
151.215,-40,true,l,true,5
160,-40,false,l,true,5
195.119,-40,true,g,true,5
185.665,-60,false,g,true,5
151.687,-60,false,b,true,5
136.691,-60,false,b,true,5
149.28,-40,true,l,true,5
160,-40,false,l,true,5
171.045,-40,true,g,true,5
160.176,-60,false,g,true,5
143.014,-60,false,b,true,5
155.091,-40,true,l,true,5
160,-40,false,l,true,5
205.638,-40,true,g,true,5
196.69,-60,false,g,true,5
172.186,-60,false,b,true,5
182.34,-40,true,l,true,5
160,-40,false,l,true,5
207.607,-40,true,g,true,5
198.748,-60,false,g,true,5
148.152,-60,false,b,true,5
182.916,-60,false,b,true,5
192.505,-40,true,l,true,5
160,-40,false,l,true,5
208.514,-40,true,g,true,5
199.695,-60,false,g,true,5
191.067,-60,false,b,true,5
200.266,-40,true,l,true,5
160,-40,false,l,true,5
202.983,-40,true,g,true,5
193.913,-60,false,g,true,5
188.018,-60,false,b,true,5
197.36,-40,true,l,true,5
160,-40,false,l,true,5
162.428,-40,true,g,true,5
150.939,-60,false,g,true,5
138.543,-60,false,b,true,5
135.35,-60,false,b,true,5
148.053,-40,true,l,true,5
160,-40,false,l,true,5
192.564,-40,true,g,true,5
182.977,-60,false,g,true,5
178.749,-60,false,b,true,5
168.754,-60,false,b,true,5
179.103,-40,true,l,true,5
160,-40,false,l,true,5
163.22,-40,true,g,true,5
151.792,-60,false,g,true,5
146.102,-60,false,b,true,5
157.942,-40,true,l,true,5
160,-40,false,l,true,5
197.585,-40,true,g,true,5
188.254,-60,false,g,true,5
138.19,-60,false,b,true,5
150.654,-40,true,l,true,5
160,-40,false,l,true,5
195.839,-40,true,g,true,5
186.422,-60,false,g,true,5
135.044,-60,false,b,true,5
147.773,-40,true,l,true,5
160,-40,false,l,true,5
198.983,-40,true,g,true,5
189.722,-60,false,g,true,5
177.516,-60,false,b,true,5
137.574,-60,false,b,true,5
150.089,-40,true,l,true,5
160,-40,false,l,true,5
208.713,-40,true,g,true,5
199.903,-60,false,g,true,5
152.684,-60,false,b,true,5
164.05,-40,true,l,true,5
160,-40,false,l,true,5
203.046,-40,true,g,true,5
193.979,-60,false,g,true,5
144.817,-60,false,b,true,5
156.755,-40,true,l,true,5
160,-40,false,l,true,5
207.39,-40,true,g,true,5
198.521,-60,false,g,true,5
160.706,-60,false,b,true,5
171.541,-40,true,l,true,5
160,-40,false,l,true,5
207.658,-40,true,g,true,5
198.801,-60,false,g,true,5
141.676,-60,false,b,true,5
153.857,-40,true,l,true,5
160,-40,false,l,true,5
166.714,-40,true,g,true,5
155.542,-60,false,g,true,5
146.987,-60,false,b,true,5
158.761,-40,true,l,true,5
160,-40,false,l,true,5
200.283,-40,true,g,true,5
191.084,-60,false,g,true,5
138.858,-60,false,b,true,5
151.266,-40,true,l,true,5
160,-40,false,l,true,5
162.041,-40,true,g,true,5
150.523,-60,false,g,true,5
141.505,-60,false,b,true,5
153.7,-40,true,l,true,5
160,-40,false,l,true,5
196.624,-40,true,g,true,5
187.246,-60,false,g,true,5
146.888,-60,false,b,true,5
158.67,-40,true,l,true,5
160,-40,false,l,true,5
204.211,-40,true,g,true,5
195.198,-60,false,g,true,5
150.619,-60,false,b,true,5
162.129,-40,true,l,true,5
160,-40,false,l,true,5
182.866,-40,true,g,true,5
172.743,-60,false,g,true,5
165.291,-60,false,b,true,5
175.844,-40,true,l,true,5
160,-40,false,l,true,5
188.613,-40,true,g,true,5
178.816,-60,false,g,true,5
164.141,-60,false,b,true,5
174.763,-40,true,l,true,5
160,-40,false,l,true,5
156.088,-40,true,g,true,5
144.095,-60,false,g,true,5
168.277,-60,false,b,true,5
178.653,-40,true,l,true,5
160,-40,false,l,true,5
203.716,-40,true,g,true,5
194.68,-60,false,g,true,5
145.414,-60,false,b,true,5
157.306,-40,true,l,true,5
160,-40,false,l,true,5
208.06,-40,true,g,true,5
199.22,-60,false,g,true,5
161.753,-60,false,b,true,5
165.242,-60,false,b,true,5
175.798,-40,true,l,true,5
160,-40,false,l,true,5
203.522,-40,true,g,true,5
194.477,-60,false,g,true,5
195.79,-60,false,b,true,5
204.777,-40,true,l,true,5
160,-40,false,l,true,5
178.737,-40,true,g,true,5
168.365,-60,false,g,true,5
160.596,-60,false,b,true,5
160.656,-60,false,b,true,5
171.495,-40,true,l,true,5
160,-40,false,l,true,5
197.142,-40,true,g,true,5
187.79,-60,false,g,true,5
149.042,-60,false,b,true,5
160.666,-40,true,l,true,5
160,-40,false,l,true,5
168.875,-40,true,g,true,5
157.857,-60,false,g,true,5
146.735,-60,false,b,true,5
158.529,-40,true,l,true,5
160,-40,false,l,true,5
186.121,-40,true,g,true,5
176.185,-60,false,g,true,5
148.235,-60,false,b,true,5
159.917,-40,true,l,true,5
160,-40,false,l,true,5
161.838,-40,true,g,true,5
150.305,-60,false,g,true,5
142.009,-60,false,b,true,5
154.164,-40,true,l,true,5
160,-40,false,l,true,5
208.414,-40,true,g,true,5
199.59,-60,false,g,true,5
140.818,-60,false,b,true,5
153.068,-40,true,l,true,5
160,-40,false,l,true,5
164.611,-40,true,g,true,5
153.286,-60,false,g,true,5
145.079,-60,false,b,true,5
156.997,-40,true,l,true,5
160,-40,false,l,true,5
207.041,-40,true,g,true,5
198.157,-60,false,g,true,5
140.121,-60,false,b,true,5
152.427,-40,true,l,true,5
160,-40,false,l,true,5
164.738,-40,true,g,true,5
153.423,-60,false,g,true,5
145.426,-60,false,b,true,5
157.317,-40,true,l,true,5
160,-40,false,l,true,5
200.17,-40,true,g,true,5
190.967,-60,false,g,true,5
191.681,-60,false,b,true,5
200.852,-40,true,l,true,5
160,-40,false,l,true,5
172.291,-40,true,g,true,5
161.506,-60,false,g,true,5
157.285,-60,false,b,true,5
168.34,-40,true,l,true,5
160,-40,false,l,true,5
200.118,-40,true,g,true,5
190.911,-60,false,g,true,5
138.386,-60,false,b,true,5
150.834,-40,true,l,true,5
160,-40,false,l,true,5
164.551,-40,true,g,true,5
153.223,-60,false,g,true,5
135.815,-60,false,b,true,5
148.478,-40,true,l,true,5
160,-40,false,l,true,5
208.651,-40,true,g,true,5
199.838,-60,false,g,true,5
197.022,-60,false,b,true,5
137.13,-60,false,b,true,5
149.682,-40,true,l,true,5
160,-40,false,l,true,5
177.849,-40,true,g,true,5
167.422,-60,false,g,true,5
162.037,-60,false,b,true,5
172.789,-40,true,l,true,5
160,-40,false,l,true,5
203.001,-40,true,g,true,5
193.932,-60,false,g,true,5
138.047,-60,false,b,true,5
150.522,-40,true,l,true,5
160,-40,false,l,true,5
206.25,-40,true,g,true,5
197.329,-60,false,g,true,5
169.85,-60,false,b,true,5
180.136,-40,true,l,true,5
160,-40,false,l,true,5
207.125,-40,true,g,true,5
198.244,-60,false,g,true,5
199.574,-60,false,b,true,5
208.398,-40,true,l,true,5
160,-40,false,l,true,5
190.826,-40,true,g,true,5
181.148,-60,false,g,true,5
179.981,-60,false,b,true,5
135.021,-60,false,b,true,5
147.752,-40,true,l,true,5
160,-40,false,l,true,5
