x,z,relay,string,error,index
160,-60,false,f,true
148.081,-60,false,b,true
159.774,-40,true,l,true
160,-40,false,l,true
168.383,-40,true,g,true
157.33,-60,false,g,true
148.681,-60,false,b,true
160.331,-40,true,l,true
160,-40,false,l,true
160.547,-40,true,g,true
148.914,-60,false,g,true
183.377,-60,false,b,true
192.943,-40,true,l,true
160,-40,false,l,true
158.578,-40,true,g,true
146.789,-60,false,g,true
173.493,-60,false,b,true
183.575,-40,true,l,true
160,-40,false,l,true
156.747,-40,true,g,true
144.809,-60,false,g,true
173.977,-60,false,b,true
184.033,-40,true,l,true
160,-40,false,l,true
156.774,-40,true,g,true
144.838,-60,false,g,true
136.225,-60,false,b,true
148.854,-40,true,l,true
160,-40,false,l,true
172.519,-40,true,g,true
161.749,-60,false,g,true
160.073,-60,false,b,true
170.948,-40,true,l,true
160,-40,false,l,true
199.5,-40,true,g,true
190.264,-60,false,g,true
178.076,-60,false,b,true
135.108,-60,false,b,true
147.831,-40,true,l,true
160,-40,false,l,true
169.485,-40,true,g,true
158.509,-60,false,g,true
159.999,-60,false,b,true
137.563,-60,false,b,true
190.073,-60,false,b,true
199.319,-40,true,l,true
160,-40,false,l,true
156.703,-40,true,g,true
144.762,-60,false,g,true
173.222,-60,false,b,true
176.538,-60,false,b,true
186.455,-40,true,l,true
160,-40,false,l,true
162.363,-40,true,g,true
150.869,-60,false,g,true
189.333,-60,false,b,true
189.991,-60,false,b,true
199.24,-40,true,l,true
160,-40,false,l,true
188.006,-40,true,g,true
178.175,-60,false,g,true
175.7,-60,false,b,true
185.663,-40,true,l,true
160,-40,false,l,true
159.818,-40,true,g,true
148.128,-60,false,g,true
153.606,-60,false,b,true
164.909,-40,true,l,true
160,-40,false,l,true
171.782,-40,true,g,true
160.963,-60,false,g,true
159.509,-60,false,b,true
170.42,-40,true,l,true
160,-40,false,l,true
170.938,-40,true,g,true
160.062,-60,false,g,true
159.12,-60,false,b,true
170.057,-40,true,l,true
160,-40,false,l,true
170.105,-40,true,g,true
159.172,-60,false,g,true
157.997,-60,false,b,true
169.006,-40,true,l,true
160,-40,false,l,true
170.16,-40,true,g,true
159.231,-60,false,g,true
157.59,-60,false,b,true
168.626,-40,true,l,true
160,-40,false,l,true
169.311,-40,true,g,true
158.323,-60,false,g,true
157.199,-60,false,b,true
168.26,-40,true,l,true
160,-40,false,l,true
168.473,-40,true,g,true
157.426,-60,false,g,true
156.824,-60,false,b,true
181.942,-60,false,b,true
138.246,-60,false,b,true
184.948,-60,false,b,true
194.437,-40,true,l,true
160,-40,false,l,true
169.802,-40,true,g,true
158.848,-60,false,g,true
151.085,-60,false,b,true
162.563,-40,true,l,true
160,-40,false,l,true
167.868,-40,true,g,true
156.779,-60,false,g,true
155.484,-60,false,b,true
166.659,-40,true,l,true
160,-40,false,l,true
169.815,-40,true,g,true
158.862,-60,false,g,true
151.182,-60,false,b,true
162.653,-40,true,l,true
160,-40,false,l,true
167.757,-40,true,g,true
156.66,-60,false,g,true
155.438,-60,false,b,true
166.617,-40,true,l,true
160,-40,false,l,true
169.828,-40,true,g,true
158.876,-60,false,g,true
151.28,-60,false,b,true
162.744,-40,true,l,true
160,-40,false,l,true
167.646,-40,true,g,true
156.541,-60,false,g,true
155.393,-60,false,b,true
166.574,-40,true,l,true
160,-40,false,l,true
169.842,-40,true,g,true
158.891,-60,false,g,true
151.378,-60,false,b,true
162.836,-40,true,l,true
160,-40,false,l,true
167.535,-40,true,g,true
156.422,-60,false,g,true
155.348,-60,false,b,true
166.532,-40,true,l,true
160,-40,false,l,true
169.856,-40,true,g,true
158.905,-60,false,g,true
151.477,-60,false,b,true
162.927,-40,true,l,true
160,-40,false,l,true
167.424,-40,true,g,true
156.304,-60,false,g,true
155.303,-60,false,b,true
166.491,-40,true,l,true
160,-40,false,l,true
169.87,-40,true,g,true
158.92,-60,false,g,true
151.575,-60,false,b,true
163.019,-40,true,l,true
160,-40,false,l,true
167.314,-40,true,g,true
156.186,-60,false,g,true
154.449,-60,false,b,true
178.655,-60,false,b,true
174.398,-60,false,b,true
176.518,-60,false,b,true
186.436,-40,true,l,true
160,-40,false,l,true
158.087,-40,true,g,true
146.258,-60,false,g,true
150.809,-60,false,b,true
182.813,-60,false,b,true
181.249,-60,false,b,true
190.922,-40,true,l,true
160,-40,false,l,true
157.831,-40,true,g,true
145.982,-60,false,g,true
136.179,-60,false,b,true
148.811,-40,true,l,true
160,-40,false,l,true
160.159,-40,true,g,true
148.496,-60,false,g,true
151.162,-60,false,b,true
162.635,-40,true,l,true
160,-40,false,l,true
167.272,-40,true,g,true
156.141,-60,false,g,true
150.7,-60,false,b,true
162.205,-40,true,l,true
160,-40,false,l,true
172.411,-40,true,g,true
161.634,-60,false,g,true
161.774,-60,false,b,true
142.818,-60,false,b,true
186.271,-60,false,b,true
195.696,-40,true,l,true
160,-40,false,l,true
204.518,-40,true,g,true
195.519,-60,false,g,true
160.246,-60,false,b,true
171.11,-40,true,l,true
160,-40,false,l,true
157.72,-40,true,g,true
145.862,-60,false,g,true
150.577,-60,false,b,true
162.09,-40,true,l,true
160,-40,false,l,true
169.124,-40,true,g,true
158.123,-60,false,g,true
156.459,-60,false,b,true
167.569,-40,true,l,true
160,-40,false,l,true
168.273,-40,true,g,true
157.213,-60,false,g,true
156.07,-60,false,b,true
180.699,-60,false,b,true
136.813,-60,false,b,true
183.376,-60,false,b,true
192.943,-40,true,l,true
160,-40,false,l,true
169.894,-40,true,g,true
158.946,-60,false,g,true
157.335,-60,false,b,true
168.387,-40,true,l,true
160,-40,false,l,true
169.044,-40,true,g,true
158.038,-60,false,g,true
156.945,-60,false,b,true
168.023,-40,true,l,true
160,-40,false,l,true
168.207,-40,true,g,true
157.142,-60,false,g,true
156.572,-60,false,b,true
181.761,-60,false,b,true
138.116,-60,false,b,true
184.881,-60,false,b,true
194.373,-40,true,l,true
160,-40,false,l,true
169.613,-40,true,g,true
158.646,-60,false,g,true
150.984,-60,false,b,true
162.469,-40,true,l,true
160,-40,false,l,true
167.602,-40,true,g,true
156.494,-60,false,g,true
155.233,-60,false,b,true
166.425,-40,true,l,true
160,-40,false,l,true
169.626,-40,true,g,true
158.66,-60,false,g,true
151.081,-60,false,b,true
162.56,-40,true,l,true
160,-40,false,l,true
167.491,-40,true,g,true
156.375,-60,false,g,true
155.187,-60,false,b,true
166.383,-40,true,l,true
160,-40,false,l,true
169.64,-40,true,g,true
158.675,-60,false,g,true
151.179,-60,false,b,true
162.651,-40,true,l,true
160,-40,false,l,true
167.38,-40,true,g,true
156.257,-60,false,g,true
155.142,-60,false,b,true
166.341,-40,true,l,true
160,-40,false,l,true
169.654,-40,true,g,true
158.69,-60,false,g,true
151.278,-60,false,b,true
162.742,-40,true,l,true
160,-40,false,l,true
167.27,-40,true,g,true
156.138,-60,false,g,true
155.098,-60,false,b,true
166.299,-40,true,l,true
160,-40,false,l,true
169.668,-40,true,g,true
158.705,-60,false,g,true
151.376,-60,false,b,true
162.833,-40,true,l,true
160,-40,false,l,true
167.159,-40,true,g,true
156.02,-60,false,g,true
155.053,-60,false,b,true
166.257,-40,true,l,true
160,-40,false,l,true
169.682,-40,true,g,true
158.72,-60,false,g,true
151.475,-60,false,b,true
162.925,-40,true,l,true
160,-40,false,l,true
167.049,-40,true,g,true
155.902,-60,false,g,true
154.195,-60,false,b,true
165.457,-40,true,l,true
160,-40,false,l,true
170.112,-40,true,g,true
159.179,-60,false,g,true
158.423,-60,false,b,true
179.935,-60,false,b,true
189.675,-40,true,l,true
160,-40,false,l,true
168.976,-40,true,g,true
157.964,-60,false,g,true
186.719,-60,false,b,true
196.122,-40,true,l,true
160,-40,false,l,true
166.953,-40,true,g,true
155.799,-60,false,g,true
148.286,-60,false,b,true
159.965,-40,true,l,true
160,-40,false,l,true
155.976,-40,true,g,true
143.974,-60,false,g,true
136.742,-60,false,b,true
149.326,-40,true,l,true
160,-40,false,l,true
178.087,-40,true,g,true
167.675,-60,false,g,true
166.73,-60,false,b,true
177.198,-40,true,l,true
160,-40,false,l,true
170.418,-40,true,g,true
159.507,-60,false,g,true
162.699,-60,false,b,true
173.41,-40,true,l,true
160,-40,false,l,true
170.367,-40,true,g,true
159.452,-60,false,g,true
162.685,-60,false,b,true
173.396,-40,true,l,true
160,-40,false,l,true
170.316,-40,true,g,true
159.398,-60,false,g,true
162.67,-60,false,b,true
173.383,-40,true,l,true
160,-40,false,l,true
170.266,-40,true,g,true
159.344,-60,false,g,true
162.656,-60,false,b,true
173.369,-40,true,l,true
160,-40,false,l,true
170.215,-40,true,g,true
159.289,-60,false,g,true
162.641,-60,false,b,true
173.355,-40,true,l,true
160,-40,false,l,true
170.164,-40,true,g,true
159.235,-60,false,g,true
162.627,-60,false,b,true
173.342,-40,true,l,true
160,-40,false,l,true
170.114,-40,true,g,true
159.181,-60,false,g,true
162.612,-60,false,b,true
173.328,-40,true,l,true
160,-40,false,l,true
170.063,-40,true,g,true
159.127,-60,false,g,true
162.598,-60,false,b,true
173.315,-40,true,l,true
160,-40,false,l,true
170.013,-40,true,g,true
159.073,-60,false,g,true
162.584,-60,false,b,true
173.302,-40,true,l,true
160,-40,false,l,true
169.963,-40,true,g,true
159.02,-60,false,g,true
162.57,-60,false,b,true
173.289,-40,true,l,true
160,-40,false,l,true
169.913,-40,true,g,true
158.967,-60,false,g,true
161.356,-60,false,b,true
172.15,-40,true,l,true
160,-40,false,l,true
152.336,-40,true,g,true
140.022,-60,false,g,true
172.037,-60,false,b,true
182.2,-40,true,l,true
160,-40,false,l,true
155.866,-40,true,g,true
143.854,-60,false,g,true
172.927,-60,false,b,true
183.04,-40,true,l,true
160,-40,false,l,true
155.887,-40,true,g,true
143.878,-60,false,g,true
173.424,-60,false,b,true
183.509,-40,true,l,true
160,-40,false,l,true
155.926,-40,true,g,true
143.92,-60,false,g,true
170.692,-60,false,b,true
180.931,-40,true,l,true
160,-40,false,l,true
154.104,-40,true,g,true
141.944,-60,false,g,true
171.183,-60,false,b,true
181.393,-40,true,l,true
160,-40,false,l,true
154.129,-40,true,g,true
141.971,-60,false,g,true
171.687,-60,false,b,true
181.87,-40,true,l,true
160,-40,false,l,true
155.861,-40,true,g,true
143.849,-60,false,g,true
172.598,-60,false,b,true
182.729,-40,true,l,true
160,-40,false,l,true
155.871,-40,true,g,true
143.86,-60,false,g,true
173.085,-60,false,b,true
183.19,-40,true,l,true
160,-40,false,l,true
155.898,-40,true,g,true
143.89,-60,false,g,true
173.587,-60,false,b,true
183.664,-40,true,l,true
160,-40,false,l,true
155.942,-40,true,g,true
143.938,-60,false,g,true
170.849,-60,false,b,true
181.078,-40,true,l,true
160,-40,false,l,true
154.11,-40,true,g,true
141.951,-60,false,g,true
171.344,-60,false,b,true
181.545,-40,true,l,true
160,-40,false,l,true
155.864,-40,true,g,true
143.852,-60,false,g,true
172.275,-60,false,b,true
182.424,-40,true,l,true
160,-40,false,l,true
155.862,-40,true,g,true
143.851,-60,false,g,true
172.753,-60,false,b,true
182.876,-40,true,l,true
160,-40,false,l,true
155.878,-40,true,g,true
143.868,-60,false,g,true
173.245,-60,false,b,true
183.341,-40,true,l,true
160,-40,false,l,true
