x,z,relay,string,error,index
160,-60,false,f,true
160,-40,false,l,true
160.412,-40,true,g,true
148.768,-60,false,g,true
184.436,-60,false,b,true
193.95,-40,true,l,true
160,-40,false,l,true
160.551,-40,true,g,true
148.918,-60,false,g,true
144.435,-60,false,b,true
156.401,-40,true,l,true
160,-40,false,l,true
207.649,-40,true,g,true
198.791,-60,false,g,true
137.538,-60,false,b,true
150.056,-40,true,l,true
160,-40,false,l,true
199.563,-40,true,g,true
190.329,-60,false,g,true
138.274,-60,false,b,true
150.731,-40,true,l,true
160,-40,false,l,true
198.35,-40,true,g,true
189.058,-60,false,g,true
137.123,-60,false,b,true
149.676,-40,true,l,true
160,-40,false,l,true
182.115,-40,true,g,true
171.947,-60,false,g,true
163.455,-60,false,b,true
174.119,-40,true,l,true
160,-40,false,l,true
176.212,-40,true,g,true
165.683,-60,false,g,true
158.027,-60,false,b,true
169.034,-40,true,l,true
160,-40,false,l,true
195.428,-40,true,g,true
185.989,-60,false,g,true
137.272,-60,false,b,true
149.812,-40,true,l,true
160,-40,false,l,true
169.744,-40,true,g,true
158.786,-60,false,g,true
154.621,-60,false,b,true
139.851,-60,false,b,true
152.179,-40,true,l,true
160,-40,false,l,true
208.611,-40,true,g,true
199.796,-60,false,g,true
156.274,-60,false,b,true
157.782,-60,false,b,true
141.119,-60,false,b,true
153.345,-40,true,l,true
160,-40,false,l,true
202.67,-40,true,g,true
193.585,-60,false,g,true
141.541,-60,false,b,true
153.733,-40,true,l,true
160,-40,false,l,true
206.144,-40,true,g,true
197.219,-60,false,g,true
138.463,-60,false,b,true
150.904,-40,true,l,true
160,-40,false,l,true
197.457,-40,true,g,true
188.121,-60,false,g,true
139.489,-60,false,b,true
151.846,-40,true,l,true
160,-40,false,l,true
200.843,-40,true,g,true
191.672,-60,false,g,true
138.213,-60,false,b,true
150.675,-40,true,l,true
160,-40,false,l,true
199.559,-40,true,g,true
190.326,-60,false,g,true
136.945,-60,false,b,true
149.512,-40,true,l,true
160,-40,false,l,true
200.917,-40,true,g,true
191.749,-60,false,g,true
138.108,-60,false,b,true
150.579,-40,true,l,true
160,-40,false,l,true
199.622,-40,true,g,true
190.391,-60,false,g,true
136.823,-60,false,b,true
149.401,-40,true,l,true
160,-40,false,l,true
198.331,-40,true,g,true
189.038,-60,false,g,true
135.545,-60,false,b,true
148.231,-40,true,l,true
160,-40,false,l,true
197.046,-40,true,g,true
187.689,-60,false,g,true
160.219,-60,false,b,true
171.086,-40,true,l,true
160,-40,false,l,true
179.103,-40,true,g,true
168.754,-60,false,g,true
158.928,-60,false,b,true
169.877,-40,true,l,true
160,-40,false,l,true
208.795,-40,true,g,true
199.988,-60,false,g,true
136.317,-60,false,b,true
148.937,-40,true,l,true
160,-40,false,l,true
178.97,-40,true,g,true
168.612,-60,false,g,true
158.863,-60,false,b,true
169.816,-40,true,l,true
160,-40,false,l,true
208.625,-40,true,g,true
199.811,-60,false,g,true
136.149,-60,false,b,true
148.784,-40,true,l,true
160,-40,false,l,true
178.837,-40,true,g,true
168.471,-60,false,g,true
158.799,-60,false,b,true
169.756,-40,true,l,true
160,-40,false,l,true
208.456,-40,true,g,true
199.634,-60,false,g,true
135.981,-60,false,b,true
148.63,-40,true,l,true
160,-40,false,l,true
178.704,-40,true,g,true
168.33,-60,false,g,true
158.734,-60,false,b,true
169.695,-40,true,l,true
160,-40,false,l,true
208.286,-40,true,g,true
199.457,-60,false,g,true
135.814,-60,false,b,true
148.477,-40,true,l,true
160,-40,false,l,true
178.571,-40,true,g,true
168.189,-60,false,g,true
158.67,-60,false,b,true
169.635,-40,true,l,true
160,-40,false,l,true
208.117,-40,true,g,true
199.28,-60,false,g,true
135.647,-60,false,b,true
148.324,-40,true,l,true
160,-40,false,l,true
178.438,-40,true,g,true
168.048,-60,false,g,true
158.606,-60,false,b,true
169.575,-40,true,l,true
160,-40,false,l,true
207.948,-40,true,g,true
199.104,-60,false,g,true
135.479,-60,false,b,true
148.171,-40,true,l,true
160,-40,false,l,true
167.579,-40,true,g,true
156.469,-60,false,g,true
152.683,-60,false,b,true
164.049,-40,true,l,true
160,-40,false,l,true
201.13,-40,true,g,true
191.972,-60,false,g,true
137.924,-60,false,b,true
150.41,-40,true,l,true
160,-40,false,l,true
167.457,-40,true,g,true
156.339,-60,false,g,true
152.638,-60,false,b,true
164.007,-40,true,l,true
160,-40,false,l,true
200.677,-40,true,g,true
191.497,-60,false,g,true
139.498,-60,false,b,true
151.854,-40,true,l,true
160,-40,false,l,true
197.638,-40,true,g,true
188.311,-60,false,g,true
177.996,-60,false,b,true
143.214,-60,false,b,true
138.318,-60,false,b,true
150.771,-40,true,l,true
160,-40,false,l,true
207.88,-40,true,g,true
199.033,-60,false,g,true
192.299,-60,false,b,true
155.344,-60,false,b,true
166.529,-40,true,l,true
160,-40,false,l,true
167.405,-40,true,g,true
156.283,-60,false,g,true
147.41,-60,false,b,true
138.491,-60,false,b,true
150.93,-40,true,l,true
160,-40,false,l,true
202.206,-40,true,g,true
193.1,-60,false,g,true
138.876,-60,false,b,true
151.283,-40,true,l,true
160,-40,false,l,true
195.357,-40,true,g,true
185.915,-60,false,g,true
137.14,-60,false,b,true
149.691,-40,true,l,true
160,-40,false,l,true
198.74,-40,true,g,true
189.466,-60,false,g,true
135.85,-60,false,b,true
148.51,-40,true,l,true
160,-40,false,l,true
168.41,-40,true,g,true
157.359,-60,false,g,true
154.344,-60,false,b,true
165.596,-40,true,l,true
160,-40,false,l,true
195.973,-40,true,g,true
186.562,-60,false,g,true
137.826,-60,false,b,true
150.32,-40,true,l,true
160,-40,false,l,true
199.357,-40,true,g,true
190.113,-60,false,g,true
136.54,-60,false,b,true
149.142,-40,true,l,true
160,-40,false,l,true
198.066,-40,true,g,true
188.759,-60,false,g,true
135.261,-60,false,b,true
147.972,-40,true,l,true
160,-40,false,l,true
196.78,-40,true,g,true
187.41,-60,false,g,true
159.934,-60,false,b,true
170.818,-40,true,l,true
160,-40,false,l,true
178.832,-40,true,g,true
168.467,-60,false,g,true
158.665,-60,false,b,true
169.631,-40,true,l,true
160,-40,false,l,true
208.531,-40,true,g,true
199.713,-60,false,g,true
136.036,-60,false,b,true
148.68,-40,true,l,true
160,-40,false,l,true
178.699,-40,true,g,true
168.326,-60,false,g,true
158.6,-60,false,b,true
169.57,-40,true,l,true
160,-40,false,l,true
208.362,-40,true,g,true
199.536,-60,false,g,true
135.868,-60,false,b,true
148.527,-40,true,l,true
160,-40,false,l,true
178.567,-40,true,g,true
168.185,-60,false,g,true
158.536,-60,false,b,true
169.51,-40,true,l,true
160,-40,false,l,true
208.193,-40,true,g,true
199.36,-60,false,g,true
135.701,-60,false,b,true
148.374,-40,true,l,true
160,-40,false,l,true
178.434,-40,true,g,true
168.044,-60,false,g,true
158.471,-60,false,b,true
169.45,-40,true,l,true
160,-40,false,l,true
208.024,-40,true,g,true
199.183,-60,false,g,true
135.534,-60,false,b,true
148.221,-40,true,l,true
160,-40,false,l,true
178.302,-40,true,g,true
167.903,-60,false,g,true
158.408,-60,false,b,true
169.39,-40,true,l,true
160,-40,false,l,true
207.855,-40,true,g,true
199.006,-60,false,g,true
135.367,-60,false,b,true
148.068,-40,true,l,true
160,-40,false,l,true
178.17,-40,true,g,true
167.763,-60,false,g,true
158.344,-60,false,b,true
169.33,-40,true,l,true
160,-40,false,l,true
207.686,-40,true,g,true
198.83,-60,false,g,true
135.2,-60,false,b,true
147.916,-40,true,l,true
160,-40,false,l,true
196.974,-40,true,g,true
187.613,-60,false,g,true
138.743,-60,false,b,true
151.161,-40,true,l,true
160,-40,false,l,true
197.808,-40,true,g,true
188.488,-60,false,g,true
138.758,-60,false,b,true
151.174,-40,true,l,true
160,-40,false,l,true
198.626,-40,true,g,true
189.347,-60,false,g,true
139.121,-60,false,b,true
151.508,-40,true,l,true
160,-40,false,l,true
206.138,-40,true,g,true
197.213,-60,false,g,true
181.653,-60,false,b,true
191.305,-40,true,l,true
160,-40,false,l,true
179.827,-40,true,g,true
169.522,-60,false,g,true
162.105,-60,false,b,true
172.852,-40,true,l,true
160,-40,false,l,true
207.587,-40,true,g,true
198.727,-60,false,g,true
135.945,-60,false,b,true
148.597,-40,true,l,true
160,-40,false,l,true
207.505,-40,true,g,true
198.641,-60,false,g,true
135.866,-60,false,b,true
148.525,-40,true,l,true
160,-40,false,l,true
207.423,-40,true,g,true
198.556,-60,false,g,true
135.787,-60,false,b,true
148.452,-40,true,l,true
160,-40,false,l,true
207.341,-40,true,g,true
198.47,-60,false,g,true
135.708,-60,false,b,true
148.38,-40,true,l,true
160,-40,false,l,true
207.259,-40,true,g,true
198.384,-60,false,g,true
135.629,-60,false,b,true
148.308,-40,true,l,true
160,-40,false,l,true
207.177,-40,true,g,true
198.299,-60,false,g,true
135.55,-60,false,b,true
148.235,-40,true,l,true
160,-40,false,l,true
207.095,-40,true,g,true
198.213,-60,false,g,true
135.471,-60,false,b,true
148.163,-40,true,l,true
160,-40,false,l,true
207.013,-40,true,g,true
198.127,-60,false,g,true
135.392,-60,false,b,true
148.091,-40,true,l,true
160,-40,false,l,true
206.931,-40,true,g,true
198.042,-60,false,g,true
135.313,-60,false,b,true
148.019,-40,true,l,true
160,-40,false,l,true
206.85,-40,true,g,true
197.957,-60,false,g,true
135.235,-60,false,b,true
147.948,-40,true,l,true
160,-40,false,l,true
206.769,-40,true,g,true
197.872,-60,false,g,true
135.157,-60,false,b,true
147.876,-40,true,l,true
160,-40,false,l,true
193.763,-40,true,g,true
184.24,-60,false,g,true
136.498,-60,false,b,true
149.103,-40,true,l,true
160,-40,false,l,true
194.78,-40,true,g,true
185.309,-60,false,g,true
137.951,-60,false,b,true
150.435,-40,true,l,true
160,-40,false,l,true
198.144,-40,true,g,true
188.841,-60,false,g,true
136.792,-60,false,b,true
149.372,-40,true,l,true
160,-40,false,l,true
196.933,-40,true,g,true
187.57,-60,false,g,true
135.642,-60,false,b,true
148.32,-40,true,l,true
160,-40,false,l,true
198.044,-40,true,g,true
188.736,-60,false,g,true
136.433,-60,false,b,true
149.044,-40,true,l,true
160,-40,false,l,true
196.82,-40,true,g,true
187.452,-60,false,g,true
135.264,-60,false,b,true
147.974,-40,true,l,true
160,-40,false,l,true
195.603,-40,true,g,true
186.173,-60,false,g,true
138.743,-60,false,b,true
151.161,-40,true,l,true
160,-40,false,l,true
198.969,-40,true,g,true
189.707,-60,false,g,true
137.577,-60,false,b,true
150.092,-40,true,l,true
160,-40,false,l,true
197.754,-40,true,g,true
188.432,-60,false,g,true
136.421,-60,false,b,true
149.032,-40,true,l,true
160,-40,false,l,true
196.544,-40,true,g,true
187.162,-60,false,g,true
135.274,-60,false,b,true
147.983,-40,true,l,true
160,-40,false,l,true
197.649,-40,true,g,true
188.322,-60,false,g,true
136.056,-60,false,b,true
148.698,-40,true,l,true
160,-40,false,l,true
196.428,-40,true,g,true
187.04,-60,false,g,true
139.54,-60,false,b,true
151.893,-40,true,l,true
160,-40,false,l,true
199.797,-40,true,g,true
190.575,-60,false,g,true
138.367,-60,false,b,true
150.816,-40,true,l,true
160,-40,false,l,true
198.578,-40,true,g,true
189.296,-60,false,g,true
137.204,-60,false,b,true
149.75,-40,true,l,true
160,-40,false,l,true
197.364,-40,true,g,true
188.023,-60,false,g,true
136.051,-60,false,b,true
