x,z,relay,string,error,index
160,-60,false,f,true
148.081,-60,false,b,true
159.774,-40,true,l,true
160,-40,false,l,true
185.357,-40,true,g,true
175.378,-60,false,g,true
143.555,-60,false,b,true
155.59,-40,true,l,true
160,-40,false,l,true
207.191,-40,true,g,true
198.313,-60,false,g,true
139.163,-60,false,b,true
151.547,-40,true,l,true
160,-40,false,l,true
195.626,-40,true,g,true
186.198,-60,false,g,true
137.45,-60,false,b,true
149.975,-40,true,l,true
160,-40,false,l,true
199.01,-40,true,g,true
189.75,-60,false,g,true
136.162,-60,false,b,true
148.796,-40,true,l,true
160,-40,false,l,true
197.719,-40,true,g,true
188.395,-60,false,g,true
160.45,-60,false,b,true
171.301,-40,true,l,true
160,-40,false,l,true
193.568,-40,true,g,true
184.034,-60,false,g,true
145.794,-60,false,b,true
157.657,-40,true,l,true
160,-40,false,l,true
167.706,-40,true,g,true
156.606,-60,false,g,true
158.91,-60,false,b,true
169.86,-40,true,l,true
160,-40,false,l,true
163.542,-40,true,g,true
152.138,-60,false,g,true
146.412,-60,false,b,true
158.229,-40,true,l,true
160,-40,false,l,true
163.706,-40,true,g,true
152.314,-60,false,g,true
143.579,-60,false,b,true
155.611,-40,true,l,true
160,-40,false,l,true
205.992,-40,true,g,true
197.06,-60,false,g,true
198.956,-60,false,b,true
149.852,-60,false,b,true
161.417,-40,true,l,true
160,-40,false,l,true
170.342,-40,true,g,true
159.425,-60,false,g,true
154.647,-60,false,b,true
165.879,-40,true,l,true
160,-40,false,l,true
198.052,-40,true,g,true
188.744,-60,false,g,true
171.935,-60,false,b,true
143.609,-60,false,b,true
155.639,-40,true,l,true
160,-40,false,l,true
202.053,-40,true,g,true
192.939,-60,false,g,true
136.205,-60,false,b,true
148.835,-40,true,l,true
160,-40,false,l,true
198.581,-40,true,g,true
189.3,-60,false,g,true
136.997,-60,false,b,true
149.56,-40,true,l,true
160,-40,false,l,true
197.358,-40,true,g,true
188.016,-60,false,g,true
135.828,-60,false,b,true
148.49,-40,true,l,true
160,-40,false,l,true
196.14,-40,true,g,true
186.737,-60,false,g,true
139.308,-60,false,b,true
151.68,-40,true,l,true
160,-40,false,l,true
199.508,-40,true,g,true
190.272,-60,false,g,true
138.142,-60,false,b,true
150.609,-40,true,l,true
160,-40,false,l,true
198.292,-40,true,g,true
188.997,-60,false,g,true
136.985,-60,false,b,true
149.549,-40,true,l,true
160,-40,false,l,true
197.083,-40,true,g,true
187.727,-60,false,g,true
135.838,-60,false,b,true
148.499,-40,true,l,true
160,-40,false,l,true
181.024,-40,true,g,true
170.791,-60,false,g,true
194.588,-60,false,b,true
148.071,-60,false,b,true
159.765,-40,true,l,true
160,-40,false,l,true
181.004,-40,true,g,true
170.77,-60,false,g,true
163.543,-60,false,b,true
174.202,-40,true,l,true
160,-40,false,l,true
201.284,-40,true,g,true
192.133,-60,false,g,true
135.651,-60,false,b,true
148.328,-40,true,l,true
160,-40,false,l,true
180.878,-40,true,g,true
170.636,-60,false,g,true
163.479,-60,false,b,true
174.142,-40,true,l,true
160,-40,false,l,true
201.129,-40,true,g,true
191.971,-60,false,g,true
135.506,-60,false,b,true
148.196,-40,true,l,true
160,-40,false,l,true
180.751,-40,true,g,true
170.502,-60,false,g,true
163.416,-60,false,b,true
174.083,-40,true,l,true
160,-40,false,l,true
200.974,-40,true,g,true
191.808,-60,false,g,true
135.362,-60,false,b,true
148.063,-40,true,l,true
160,-40,false,l,true
180.625,-40,true,g,true
170.369,-60,false,g,true
163.354,-60,false,b,true
174.024,-40,true,l,true
160,-40,false,l,true
200.819,-40,true,g,true
191.646,-60,false,g,true
135.217,-60,false,b,true
147.931,-40,true,l,true
160,-40,false,l,true
180.499,-40,true,g,true
170.235,-60,false,g,true
163.291,-60,false,b,true
173.966,-40,true,l,true
160,-40,false,l,true
200.664,-40,true,g,true
191.484,-60,false,g,true
135.073,-60,false,b,true
147.799,-40,true,l,true
160,-40,false,l,true
180.373,-40,true,g,true
170.102,-60,false,g,true
163.229,-60,false,b,true
173.907,-40,true,l,true
160,-40,false,l,true
200.509,-40,true,g,true
191.321,-60,false,g,true
139.513,-60,false,b,true
151.868,-40,true,l,true
160,-40,false,l,true
197.022,-40,true,g,true
187.664,-60,false,g,true
171.026,-60,false,b,true
145.134,-60,false,b,true
157.048,-40,true,l,true
160,-40,false,l,true
204.934,-40,true,g,true
195.954,-60,false,g,true
139.367,-60,false,b,true
151.734,-40,true,l,true
160,-40,false,l,true
196.839,-40,true,g,true
187.471,-60,false,g,true
170.843,-60,false,b,true
181.072,-40,true,l,true
160,-40,false,l,true
169.174,-40,true,g,true
158.177,-60,false,g,true
154.137,-60,false,b,true
165.404,-40,true,l,true
160,-40,false,l,true
198.015,-40,true,g,true
188.706,-60,false,g,true
173.925,-60,false,b,true
145.782,-60,false,b,true
137.546,-60,false,b,true
150.063,-40,true,l,true
160,-40,false,l,true
179.305,-40,true,g,true
168.968,-60,false,g,true
161.54,-60,false,b,true
172.323,-40,true,l,true
160,-40,false,l,true
197.898,-40,true,g,true
188.583,-60,false,g,true
163.152,-60,false,b,true
173.835,-40,true,l,true
160,-40,false,l,true
207.924,-40,true,g,true
199.079,-60,false,g,true
137.874,-60,false,b,true
150.364,-40,true,l,true
160,-40,false,l,true
199.835,-40,true,g,true
190.615,-60,false,g,true
138.601,-60,false,b,true
151.031,-40,true,l,true
160,-40,false,l,true
198.625,-40,true,g,true
189.346,-60,false,g,true
137.453,-60,false,b,true
149.978,-40,true,l,true
160,-40,false,l,true
182.553,-40,true,g,true
172.411,-60,false,g,true
196.155,-60,false,b,true
149.51,-60,false,b,true
161.1,-40,true,l,true
160,-40,false,l,true
199.492,-40,true,g,true
190.255,-60,false,g,true
138.156,-60,false,b,true
150.623,-40,true,l,true
160,-40,false,l,true
198.278,-40,true,g,true
188.982,-60,false,g,true
137.002,-60,false,b,true
149.564,-40,true,l,true
160,-40,false,l,true
197.069,-40,true,g,true
187.713,-60,false,g,true
135.857,-60,false,b,true
148.516,-40,true,l,true
160,-40,false,l,true
181.017,-40,true,g,true
170.783,-60,false,g,true
194.658,-60,false,b,true
148.201,-60,false,b,true
159.886,-40,true,l,true
160,-40,false,l,true
181.045,-40,true,g,true
170.813,-60,false,g,true
163.69,-60,false,b,true
174.34,-40,true,l,true
160,-40,false,l,true
201.271,-40,true,g,true
192.12,-60,false,g,true
135.674,-60,false,b,true
148.349,-40,true,l,true
160,-40,false,l,true
180.919,-40,true,g,true
170.68,-60,false,g,true
163.627,-60,false,b,true
174.281,-40,true,l,true
160,-40,false,l,true
201.117,-40,true,g,true
191.958,-60,false,g,true
135.53,-60,false,b,true
148.218,-40,true,l,true
160,-40,false,l,true
180.793,-40,true,g,true
170.546,-60,false,g,true
163.565,-60,false,b,true
174.222,-40,true,l,true
160,-40,false,l,true
200.962,-40,true,g,true
191.796,-60,false,g,true
135.386,-60,false,b,true
148.086,-40,true,l,true
160,-40,false,l,true
180.667,-40,true,g,true
170.413,-60,false,g,true
163.502,-60,false,b,true
174.164,-40,true,l,true
160,-40,false,l,true
200.808,-40,true,g,true
191.635,-60,false,g,true
135.243,-60,false,b,true
147.955,-40,true,l,true
160,-40,false,l,true
180.542,-40,true,g,true
170.28,-60,false,g,true
163.44,-60,false,b,true
174.106,-40,true,l,true
160,-40,false,l,true
200.654,-40,true,g,true
191.473,-60,false,g,true
135.099,-60,false,b,true
147.823,-40,true,l,true
160,-40,false,l,true
180.417,-40,true,g,true
170.147,-60,false,g,true
163.379,-60,false,b,true
174.048,-40,true,l,true
160,-40,false,l,true
200.499,-40,true,g,true
191.311,-60,false,g,true
139.536,-60,false,b,true
151.889,-40,true,l,true
160,-40,false,l,true
204.362,-40,true,g,true
195.356,-60,false,g,true
135.881,-60,false,b,true
148.538,-40,true,l,true
160,-40,false,l,true
198.262,-40,true,g,true
188.966,-60,false,g,true
139.432,-60,false,b,true
151.794,-40,true,l,true
160,-40,false,l,true
201.645,-40,true,g,true
192.512,-60,false,g,true
164.274,-60,false,b,true
174.889,-40,true,l,true
160,-40,false,l,true
166.605,-40,true,g,true
155.426,-60,false,g,true
141.326,-60,false,b,true
153.535,-40,true,l,true
160,-40,false,l,true
193.526,-40,true,g,true
183.99,-60,false,g,true
135.813,-60,false,b,true
148.476,-40,true,l,true
160,-40,false,l,true
207.402,-40,true,g,true
198.533,-60,false,g,true
135.733,-60,false,b,true
148.403,-40,true,l,true
160,-40,false,l,true
207.32,-40,true,g,true
198.448,-60,false,g,true
135.654,-60,false,b,true
148.331,-40,true,l,true
160,-40,false,l,true
207.238,-40,true,g,true
198.362,-60,false,g,true
135.575,-60,false,b,true
148.258,-40,true,l,true
160,-40,false,l,true
207.155,-40,true,g,true
198.276,-60,false,g,true
135.496,-60,false,b,true
148.186,-40,true,l,true
160,-40,false,l,true
207.073,-40,true,g,true
198.19,-60,false,g,true
135.417,-60,false,b,true
148.114,-40,true,l,true
160,-40,false,l,true
206.991,-40,true,g,true
198.104,-60,false,g,true
135.337,-60,false,b,true
148.041,-40,true,l,true
160,-40,false,l,true
206.909,-40,true,g,true
198.019,-60,false,g,true
135.258,-60,false,b,true
147.969,-40,true,l,true
160,-40,false,l,true
206.827,-40,true,g,true
197.933,-60,false,g,true
135.179,-60,false,b,true
147.897,-40,true,l,true
160,-40,false,l,true
206.746,-40,true,g,true
197.848,-60,false,g,true
135.101,-60,false,b,true
147.825,-40,true,l,true
160,-40,false,l,true
206.664,-40,true,g,true
197.763,-60,false,g,true
135.023,-60,false,b,true
147.754,-40,true,l,true
160,-40,false,l,true
206.583,-40,true,g,true
197.678,-60,false,g,true
139.696,-60,false,b,true
152.036,-40,true,l,true
160,-40,false,l,true
203.223,-40,true,g,true
194.164,-60,false,g,true
135.993,-60,false,b,true
148.641,-40,true,l,true
160,-40,false,l,true
199.893,-40,true,g,true
190.676,-60,false,g,true
137.126,-60,false,b,true
149.678,-40,true,l,true
160,-40,false,l,true
198.604,-40,true,g,true
189.323,-60,false,g,true
135.85,-60,false,b,true
148.51,-40,true,l,true
160,-40,false,l,true
197.319,-40,true,g,true
187.976,-60,false,g,true
139.383,-60,false,b,true
151.748,-40,true,l,true
160,-40,false,l,true
200.704,-40,true,g,true
191.526,-60,false,g,true
138.111,-60,false,b,true
150.581,-40,true,l,true
160,-40,false,l,true
199.422,-40,true,g,true
190.182,-60,false,g,true
136.846,-60,false,b,true
149.422,-40,true,l,true
160,-40,false,l,true
200.77,-40,true,g,true
191.595,-60,false,g,true
137.996,-60,false,b,true
150.476,-40,true,l,true
160,-40,false,l,true
199.478,-40,true,g,true
190.24,-60,false,g,true
136.715,-60,false,b,true
149.301,-40,true,l,true
160,-40,false,l,true
198.19,-40,true,g,true
188.889,-60,false,g,true
135.44,-60,false,b,true
148.135,-40,true,l,true
160,-40,false,l,true
196.907,-40,true,g,true
187.543,-60,false,g,true
138.973,-60,false,b,true
151.372,-40,true,l,true
160,-40,false,l,true
200.291,-40,true,g,true
191.093,-60,false,g,true
137.703,-60,false,b,true
150.207,-40,true,l,true
160,-40,false,l,true
201.65,-40,true,g,true
192.517,-60,false,g,true
138.87,-60,false,b,true
151.277,-40,true,l,true
160,-40,false,l,true
200.354,-40,true,g,true
191.159,-60,false,g,true
137.583,-60,false,b,true
150.097,-40,true,l,true
160,-40,false,l,true
199.063,-40,true,g,true
189.805,-60,false,g,true
136.304,-60,false,b,true
148.925,-40,true,l,true
160,-40,false,l,true
