x,z,relay,string,error,index
160,-60,false,f,true,0
160,-40,false,l,true,0
160.412,-40,true,g,true,0
148.768,-60,false,g,true,0
184.436,-60,false,b,true,0
193.95,-40,true,l,true,0
160,-40,false,l,true,0
160.551,-40,true,g,true,0
148.918,-60,false,g,true,0
144.435,-60,false,b,true,0
156.401,-40,true,l,true,0
160,-40,false,l,true,0
207.649,-40,true,g,true,0
198.791,-60,false,g,true,0
137.538,-60,false,b,true,0
150.056,-40,true,l,true,0
160,-40,false,l,true,0
199.563,-40,true,g,true,0
190.329,-60,false,g,true,0
138.274,-60,false,b,true,0
150.731,-40,true,l,true,0
160,-40,false,l,true,0
198.35,-40,true,g,true,0
189.058,-60,false,g,true,0
137.123,-60,false,b,true,0
149.676,-40,true,l,true,0
160,-40,false,l,true,0
182.115,-40,true,g,true,0
171.947,-60,false,g,true,0
163.455,-60,false,b,true,0
174.119,-40,true,l,true,0
160,-40,false,l,true,0
176.212,-40,true,g,true,0
165.683,-60,false,g,true,0
158.027,-60,false,b,true,0
169.034,-40,true,l,true,0
160,-40,false,l,true,0
195.428,-40,true,g,true,0
185.989,-60,false,g,true,0
137.272,-60,false,b,true,0
149.812,-40,true,l,true,0
160,-40,false,l,true,0
169.744,-40,true,g,true,0
158.786,-60,false,g,true,0
154.621,-60,false,b,true,0
139.851,-60,false,b,true,0
152.179,-40,true,l,true,0
160,-40,false,l,true,0
208.611,-40,true,g,true,0
199.796,-60,false,g,true,0
156.274,-60,false,b,true,0
157.782,-60,false,b,true,0
141.119,-60,false,b,true,0
153.345,-40,true,l,true,0
160,-40,false,l,true,0
202.67,-40,true,g,true,0
193.585,-60,false,g,true,0
141.541,-60,false,b,true,0
153.733,-40,true,l,true,0
160,-40,false,l,true,0
206.144,-40,true,g,true,0
197.219,-60,false,g,true,0
138.463,-60,false,b,true,0
150.904,-40,true,l,true,0
160,-40,false,l,true,0
197.457,-40,true,g,true,0
188.121,-60,false,g,true,0
139.489,-60,false,b,true,0
151.846,-40,true,l,true,0
160,-40,false,l,true,0
200.843,-40,true,g,true,0
191.672,-60,false,g,true,0
138.213,-60,false,b,true,0
150.675,-40,true,l,true,0
160,-40,false,l,true,0
199.559,-40,true,g,true,0
190.326,-60,false,g,true,0
136.945,-60,false,b,true,0
149.512,-40,true,l,true,0
160,-40,false,l,true,0
200.917,-40,true,g,true,0
191.749,-60,false,g,true,0
138.108,-60,false,b,true,0
150.579,-40,true,l,true,0
160,-40,false,l,true,0
199.622,-40,true,g,true,0
190.391,-60,false,g,true,0
136.823,-60,false,b,true,0
149.401,-40,true,l,true,0
160,-40,false,l,true,0
198.331,-40,true,g,true,0
189.038,-60,false,g,true,0
135.545,-60,false,b,true,0
148.231,-40,true,l,true,0
160,-40,false,l,true,0
197.046,-40,true,g,true,0
187.689,-60,false,g,true,0
160.219,-60,false,b,true,0
171.086,-40,true,l,true,0
160,-40,false,l,true,0
179.103,-40,true,g,true,0
168.754,-60,false,g,true,0
158.928,-60,false,b,true,0
169.877,-40,true,l,true,0
160,-40,false,l,true,0
208.795,-40,true,g,true,0
199.988,-60,false,g,true,0
136.317,-60,false,b,true,0
148.937,-40,true,l,true,0
160,-40,false,l,true,0
178.97,-40,true,g,true,0
168.612,-60,false,g,true,0
158.863,-60,false,b,true,0
169.816,-40,true,l,true,0
160,-40,false,l,true,0
208.625,-40,true,g,true,0
199.811,-60,false,g,true,0
136.149,-60,false,b,true,0
148.784,-40,true,l,true,0
160,-40,false,l,true,0
178.837,-40,true,g,true,0
168.471,-60,false,g,true,0
158.799,-60,false,b,true,0
169.756,-40,true,l,true,0
160,-40,false,l,true,0
208.456,-40,true,g,true,0
199.634,-60,false,g,true,0
135.981,-60,false,b,true,0
148.63,-40,true,l,true,0
160,-40,false,l,true,0
178.704,-40,true,g,true,0
168.33,-60,false,g,true,0
158.734,-60,false,b,true,0
169.695,-40,true,l,true,0
160,-40,false,l,true,0
208.286,-40,true,g,true,0
199.457,-60,false,g,true,0
135.814,-60,false,b,true,0
148.477,-40,true,l,true,0
160,-40,false,l,true,0
178.571,-40,true,g,true,0
168.189,-60,false,g,true,0
158.67,-60,false,b,true,0
169.635,-40,true,l,true,0
160,-40,false,l,true,0
208.117,-40,true,g,true,0
199.28,-60,false,g,true,0
135.647,-60,false,b,true,0
148.324,-40,true,l,true,0
160,-40,false,l,true,0
178.438,-40,true,g,true,0
168.048,-60,false,g,true,0
158.606,-60,false,b,true,0
169.575,-40,true,l,true,0
160,-40,false,l,true,0
207.948,-40,true,g,true,0
199.104,-60,false,g,true,0
135.479,-60,false,b,true,0
148.171,-40,true,l,true,0
160,-40,false,l,true,0
167.579,-40,true,g,true,0
156.469,-60,false,g,true,0
152.683,-60,false,b,true,0
164.049,-40,true,l,true,0
160,-40,false,l,true,0
201.13,-40,true,g,true,0
191.972,-60,false,g,true,0
137.924,-60,false,b,true,0
150.41,-40,true,l,true,0
160,-40,false,l,true,0
167.457,-40,true,g,true,0
156.339,-60,false,g,true,0
152.638,-60,false,b,true,0
164.007,-40,true,l,true,0
160,-40,false,l,true,0
200.677,-40,true,g,true,0
191.497,-60,false,g,true,0
139.498,-60,false,b,true,0
151.854,-40,true,l,true,0
160,-40,false,l,true,0
197.638,-40,true,g,true,0
188.311,-60,false,g,true,0
177.996,-60,false,b,true,0
143.214,-60,false,b,true,0
138.318,-60,false,b,true,0
150.771,-40,true,l,true,0
160,-40,false,l,true,0
207.88,-40,true,g,true,0
199.033,-60,false,g,true,0
192.299,-60,false,b,true,0
155.344,-60,false,b,true,0
166.529,-40,true,l,true,0
160,-40,false,l,true,0
167.405,-40,true,g,true,0
156.283,-60,false,g,true,0
147.41,-60,false,b,true,0
138.491,-60,false,b,true,0
150.93,-40,true,l,true,0
160,-40,false,l,true,0
202.206,-40,true,g,true,0
193.1,-60,false,g,true,0
138.876,-60,false,b,true,0
151.283,-40,true,l,true,0
160,-40,false,l,true,0
195.357,-40,true,g,true,0
185.915,-60,false,g,true,0
137.14,-60,false,b,true,0
149.691,-40,true,l,true,0
160,-40,false,l,true,0
198.74,-40,true,g,true,0
189.466,-60,false,g,true,0
135.85,-60,false,b,true,0
148.51,-40,true,l,true,0
160,-40,false,l,true,0
168.41,-40,true,g,true,0
157.359,-60,false,g,true,0
154.344,-60,false,b,true,0
165.596,-40,true,l,true,0
160,-40,false,l,true,0
195.973,-40,true,g,true,0
186.562,-60,false,g,true,0
137.826,-60,false,b,true,0
150.32,-40,true,l,true,0
160,-40,false,l,true,0
199.357,-40,true,g,true,0
190.113,-60,false,g,true,0
136.54,-60,false,b,true,0
149.142,-40,true,l,true,0
160,-40,false,l,true,0
198.066,-40,true,g,true,0
188.759,-60,false,g,true,0
135.261,-60,false,b,true,0
147.972,-40,true,l,true,0
160,-40,false,l,true,0
196.78,-40,true,g,true,0
187.41,-60,false,g,true,0
159.934,-60,false,b,true,0
170.818,-40,true,l,true,0
160,-40,false,l,true,0
178.832,-40,true,g,true,0
168.467,-60,false,g,true,0
158.665,-60,false,b,true,0
169.631,-40,true,l,true,0
160,-40,false,l,true,0
208.531,-40,true,g,true,0
199.713,-60,false,g,true,0
136.036,-60,false,b,true,0
148.68,-40,true,l,true,0
160,-40,false,l,true,0
178.699,-40,true,g,true,0
168.326,-60,false,g,true,0
158.6,-60,false,b,true,0
169.57,-40,true,l,true,0
160,-40,false,l,true,0
208.362,-40,true,g,true,0
199.536,-60,false,g,true,0
135.868,-60,false,b,true,0
148.527,-40,true,l,true,0
160,-40,false,l,true,0
178.567,-40,true,g,true,0
168.185,-60,false,g,true,0
158.536,-60,false,b,true,0
169.51,-40,true,l,true,0
160,-40,false,l,true,0
208.193,-40,true,g,true,0
199.36,-60,false,g,true,0
135.701,-60,false,b,true,0
148.374,-40,true,l,true,0
160,-40,false,l,true,0
178.434,-40,true,g,true,0
168.044,-60,false,g,true,0
158.471,-60,false,b,true,0
169.45,-40,true,l,true,0
160,-40,false,l,true,0
208.024,-40,true,g,true,0
199.183,-60,false,g,true,0
135.534,-60,false,b,true,0
148.221,-40,true,l,true,0
160,-40,false,l,true,0
178.302,-40,true,g,true,0
167.903,-60,false,g,true,0
158.408,-60,false,b,true,0
169.39,-40,true,l,true,0
160,-40,false,l,true,0
207.855,-40,true,g,true,0
199.006,-60,false,g,true,0
135.367,-60,false,b,true,0
148.068,-40,true,l,true,0
160,-40,false,l,true,0
178.17,-40,true,g,true,0
167.763,-60,false,g,true,0
158.344,-60,false,b,true,0
169.33,-40,true,l,true,0
160,-40,false,l,true,0
207.686,-40,true,g,true,0
198.83,-60,false,g,true,0
135.2,-60,false,b,true,0
147.916,-40,true,l,true,0
160,-40,false,l,true,0
196.974,-40,true,g,true,0
187.613,-60,false,g,true,0
138.743,-60,false,b,true,0
151.161,-40,true,l,true,0
160,-40,false,l,true,0
197.808,-40,true,g,true,0
188.488,-60,false,g,true,0
138.758,-60,false,b,true,0
151.174,-40,true,l,true,0
160,-40,false,l,true,0
198.626,-40,true,g,true,0
189.347,-60,false,g,true,0
139.121,-60,false,b,true,0
151.508,-40,true,l,true,0
160,-40,false,l,true,0
206.138,-40,true,g,true,0
197.213,-60,false,g,true,0
181.653,-60,false,b,true,0
191.305,-40,true,l,true,0
160,-40,false,l,true,0
179.827,-40,true,g,true,0
169.522,-60,false,g,true,0
162.105,-60,false,b,true,0
172.852,-40,true,l,true,0
160,-40,false,l,true,0
207.587,-40,true,g,true,0
198.727,-60,false,g,true,0
135.945,-60,false,b,true,0
148.597,-40,true,l,true,0
160,-40,false,l,true,0
207.505,-40,true,g,true,0
198.641,-60,false,g,true,0
135.866,-60,false,b,true,0
148.525,-40,true,l,true,0
160,-40,false,l,true,0
207.423,-40,true,g,true,0
198.556,-60,false,g,true,0
135.787,-60,false,b,true,0
148.452,-40,true,l,true,0
160,-40,false,l,true,0
207.341,-40,true,g,true,0
198.47,-60,false,g,true,0
135.708,-60,false,b,true,0
148.38,-40,true,l,true,0
160,-40,false,l,true,0
207.259,-40,true,g,true,0
198.384,-60,false,g,true,0
135.629,-60,false,b,true,0
148.308,-40,true,l,true,0
160,-40,false,l,true,0
207.177,-40,true,g,true,0
198.299,-60,false,g,true,0
135.55,-60,false,b,true,0
148.235,-40,true,l,true,0
160,-40,false,l,true,0
207.095,-40,true,g,true,0
198.213,-60,false,g,true,0
135.471,-60,false,b,true,0
148.163,-40,true,l,true,0
160,-40,false,l,true,0
207.013,-40,true,g,true,0
198.127,-60,false,g,true,0
135.392,-60,false,b,true,0
148.091,-40,true,l,true,0
160,-40,false,l,true,0
206.931,-40,true,g,true,0
198.042,-60,false,g,true,0
135.313,-60,false,b,true,0
148.019,-40,true,l,true,0
160,-40,false,l,true,0
206.85,-40,true,g,true,0
197.957,-60,false,g,true,0
135.235,-60,false,b,true,0
147.948,-40,true,l,true,0
160,-40,false,l,true,0
206.769,-40,true,g,true,0
197.872,-60,false,g,true,0
135.157,-60,false,b,true,0
147.876,-40,true,l,true,0
160,-40,false,l,true,0
193.763,-40,true,g,true,0
184.24,-60,false,g,true,0
136.498,-60,false,b,true,0
149.103,-40,true,l,true,0
160,-40,false,l,true,0
194.78,-40,true,g,true,0
185.309,-60,false,g,true,0
137.951,-60,false,b,true,0
150.435,-40,true,l,true,0
160,-40,false,l,true,0
198.144,-40,true,g,true,0
188.841,-60,false,g,true,0
136.792,-60,false,b,true,0
149.372,-40,true,l,true,0
160,-40,false,l,true,0
196.933,-40,true,g,true,0
187.57,-60,false,g,true,0
135.642,-60,false,b,true,0
148.32,-40,true,l,true,0
160,-40,false,l,true,0
198.044,-40,true,g,true,0
188.736,-60,false,g,true,0
136.433,-60,false,b,true,0
149.044,-40,true,l,true,0
160,-40,false,l,true,0
196.82,-40,true,g,true,0
187.452,-60,false,g,true,0
135.264,-60,false,b,true,0
147.974,-40,true,l,true,0
160,-40,false,l,true,0
195.603,-40,true,g,true,0
186.173,-60,false,g,true,0
138.743,-60,false,b,true,0
151.161,-40,true,l,true,0
160,-40,false,l,true,0
198.969,-40,true,g,true,0
189.707,-60,false,g,true,0
137.577,-60,false,b,true,0
150.092,-40,true,l,true,0
160,-40,false,l,true,0
197.754,-40,true,g,true,0
188.432,-60,false,g,true,0
136.421,-60,false,b,true,0
149.032,-40,true,l,true,0
160,-40,false,l,true,0
196.544,-40,true,g,true,0
187.162,-60,false,g,true,0
135.274,-60,false,b,true,0
147.983,-40,true,l,true,0
160,-40,false,l,true,0
197.649,-40,true,g,true,0
188.322,-60,false,g,true,0
136.056,-60,false,b,true,0
148.698,-40,true,l,true,0
160,-40,false,l,true,0
196.428,-40,true,g,true,0
187.04,-60,false,g,true,0
139.54,-60,false,b,true,0
151.893,-40,true,l,true,0
160,-40,false,l,true,0
199.797,-40,true,g,true,0
190.575,-60,false,g,true,0
138.367,-60,false,b,true,0
150.816,-40,true,l,true,0
160,-40,false,l,true,0
198.578,-40,true,g,true,0
189.296,-60,false,g,true,0
137.204,-60,false,b,true,0
149.75,-40,true,l,true,0
160,-40,false,l,true,0
197.364,-40,true,g,true,0
188.023,-60,false,g,true,0
136.051,-60,false,b,true,0
160,-60,false,f,true,1
148.081,-60,false,b,true,1
159.774,-40,true,l,true,1
160,-40,false,l,true,1
168.383,-40,true,g,true,1
157.33,-60,false,g,true,1
148.681,-60,false,b,true,1
160.331,-40,true,l,true,1
160,-40,false,l,true,1
160.547,-40,true,g,true,1
148.914,-60,false,g,true,1
183.377,-60,false,b,true,1
192.943,-40,true,l,true,1
160,-40,false,l,true,1
158.578,-40,true,g,true,1
146.789,-60,false,g,true,1
173.493,-60,false,b,true,1
183.575,-40,true,l,true,1
160,-40,false,l,true,1
156.747,-40,true,g,true,1
144.809,-60,false,g,true,1
173.977,-60,false,b,true,1
184.033,-40,true,l,true,1
160,-40,false,l,true,1
156.774,-40,true,g,true,1
144.838,-60,false,g,true,1
136.225,-60,false,b,true,1
148.854,-40,true,l,true,1
160,-40,false,l,true,1
172.519,-40,true,g,true,1
161.749,-60,false,g,true,1
160.073,-60,false,b,true,1
170.948,-40,true,l,true,1
160,-40,false,l,true,1
199.5,-40,true,g,true,1
190.264,-60,false,g,true,1
178.076,-60,false,b,true,1
135.108,-60,false,b,true,1
147.831,-40,true,l,true,1
160,-40,false,l,true,1
169.485,-40,true,g,true,1
158.509,-60,false,g,true,1
159.999,-60,false,b,true,1
137.563,-60,false,b,true,1
190.073,-60,false,b,true,1
199.319,-40,true,l,true,1
160,-40,false,l,true,1
156.703,-40,true,g,true,1
144.762,-60,false,g,true,1
173.222,-60,false,b,true,1
176.538,-60,false,b,true,1
186.455,-40,true,l,true,1
160,-40,false,l,true,1
162.363,-40,true,g,true,1
150.869,-60,false,g,true,1
189.333,-60,false,b,true,1
189.991,-60,false,b,true,1
199.24,-40,true,l,true,1
160,-40,false,l,true,1
188.006,-40,true,g,true,1
178.175,-60,false,g,true,1
175.7,-60,false,b,true,1
185.663,-40,true,l,true,1
160,-40,false,l,true,1
159.818,-40,true,g,true,1
148.128,-60,false,g,true,1
153.606,-60,false,b,true,1
164.909,-40,true,l,true,1
160,-40,false,l,true,1
171.782,-40,true,g,true,1
160.963,-60,false,g,true,1
159.509,-60,false,b,true,1
170.42,-40,true,l,true,1
160,-40,false,l,true,1
170.938,-40,true,g,true,1
160.062,-60,false,g,true,1
159.12,-60,false,b,true,1
170.057,-40,true,l,true,1
160,-40,false,l,true,1
170.105,-40,true,g,true,1
159.172,-60,false,g,true,1
157.997,-60,false,b,true,1
169.006,-40,true,l,true,1
160,-40,false,l,true,1
170.16,-40,true,g,true,1
159.231,-60,false,g,true,1
157.59,-60,false,b,true,1
168.626,-40,true,l,true,1
160,-40,false,l,true,1
169.311,-40,true,g,true,1
158.323,-60,false,g,true,1
157.199,-60,false,b,true,1
168.26,-40,true,l,true,1
160,-40,false,l,true,1
168.473,-40,true,g,true,1
157.426,-60,false,g,true,1
156.824,-60,false,b,true,1
181.942,-60,false,b,true,1
138.246,-60,false,b,true,1
184.948,-60,false,b,true,1
194.437,-40,true,l,true,1
160,-40,false,l,true,1
169.802,-40,true,g,true,1
158.848,-60,false,g,true,1
151.085,-60,false,b,true,1
162.563,-40,true,l,true,1
160,-40,false,l,true,1
167.868,-40,true,g,true,1
156.779,-60,false,g,true,1
155.484,-60,false,b,true,1
166.659,-40,true,l,true,1
160,-40,false,l,true,1
169.815,-40,true,g,true,1
158.862,-60,false,g,true,1
151.182,-60,false,b,true,1
162.653,-40,true,l,true,1
160,-40,false,l,true,1
167.757,-40,true,g,true,1
156.66,-60,false,g,true,1
155.438,-60,false,b,true,1
166.617,-40,true,l,true,1
160,-40,false,l,true,1
169.828,-40,true,g,true,1
158.876,-60,false,g,true,1
151.28,-60,false,b,true,1
162.744,-40,true,l,true,1
160,-40,false,l,true,1
167.646,-40,true,g,true,1
156.541,-60,false,g,true,1
155.393,-60,false,b,true,1
166.574,-40,true,l,true,1
160,-40,false,l,true,1
169.842,-40,true,g,true,1
158.891,-60,false,g,true,1
151.378,-60,false,b,true,1
162.836,-40,true,l,true,1
160,-40,false,l,true,1
167.535,-40,true,g,true,1
156.422,-60,false,g,true,1
155.348,-60,false,b,true,1
166.532,-40,true,l,true,1
160,-40,false,l,true,1
169.856,-40,true,g,true,1
158.905,-60,false,g,true,1
151.477,-60,false,b,true,1
162.927,-40,true,l,true,1
160,-40,false,l,true,1
167.424,-40,true,g,true,1
156.304,-60,false,g,true,1
155.303,-60,false,b,true,1
166.491,-40,true,l,true,1
160,-40,false,l,true,1
169.87,-40,true,g,true,1
158.92,-60,false,g,true,1
151.575,-60,false,b,true,1
163.019,-40,true,l,true,1
160,-40,false,l,true,1
167.314,-40,true,g,true,1
156.186,-60,false,g,true,1
154.449,-60,false,b,true,1
178.655,-60,false,b,true,1
174.398,-60,false,b,true,1
176.518,-60,false,b,true,1
186.436,-40,true,l,true,1
160,-40,false,l,true,1
158.087,-40,true,g,true,1
146.258,-60,false,g,true,1
150.809,-60,false,b,true,1
182.813,-60,false,b,true,1
181.249,-60,false,b,true,1
190.922,-40,true,l,true,1
160,-40,false,l,true,1
157.831,-40,true,g,true,1
145.982,-60,false,g,true,1
136.179,-60,false,b,true,1
148.811,-40,true,l,true,1
160,-40,false,l,true,1
160.159,-40,true,g,true,1
148.496,-60,false,g,true,1
151.162,-60,false,b,true,1
162.635,-40,true,l,true,1
160,-40,false,l,true,1
167.272,-40,true,g,true,1
156.141,-60,false,g,true,1
150.7,-60,false,b,true,1
162.205,-40,true,l,true,1
160,-40,false,l,true,1
172.411,-40,true,g,true,1
161.634,-60,false,g,true,1
161.774,-60,false,b,true,1
142.818,-60,false,b,true,1
186.271,-60,false,b,true,1
195.696,-40,true,l,true,1
160,-40,false,l,true,1
204.518,-40,true,g,true,1
195.519,-60,false,g,true,1
160.246,-60,false,b,true,1
171.11,-40,true,l,true,1
160,-40,false,l,true,1
157.72,-40,true,g,true,1
145.862,-60,false,g,true,1
150.577,-60,false,b,true,1
162.09,-40,true,l,true,1
160,-40,false,l,true,1
169.124,-40,true,g,true,1
158.123,-60,false,g,true,1
156.459,-60,false,b,true,1
167.569,-40,true,l,true,1
160,-40,false,l,true,1
168.273,-40,true,g,true,1
157.213,-60,false,g,true,1
156.07,-60,false,b,true,1
180.699,-60,false,b,true,1
136.813,-60,false,b,true,1
183.376,-60,false,b,true,1
192.943,-40,true,l,true,1
160,-40,false,l,true,1
169.894,-40,true,g,true,1
158.946,-60,false,g,true,1
157.335,-60,false,b,true,1
168.387,-40,true,l,true,1
160,-40,false,l,true,1
169.044,-40,true,g,true,1
158.038,-60,false,g,true,1
156.945,-60,false,b,true,1
168.023,-40,true,l,true,1
160,-40,false,l,true,1
168.207,-40,true,g,true,1
157.142,-60,false,g,true,1
156.572,-60,false,b,true,1
181.761,-60,false,b,true,1
138.116,-60,false,b,true,1
184.881,-60,false,b,true,1
194.373,-40,true,l,true,1
160,-40,false,l,true,1
169.613,-40,true,g,true,1
158.646,-60,false,g,true,1
150.984,-60,false,b,true,1
162.469,-40,true,l,true,1
160,-40,false,l,true,1
167.602,-40,true,g,true,1
156.494,-60,false,g,true,1
155.233,-60,false,b,true,1
166.425,-40,true,l,true,1
160,-40,false,l,true,1
169.626,-40,true,g,true,1
158.66,-60,false,g,true,1
151.081,-60,false,b,true,1
162.56,-40,true,l,true,1
160,-40,false,l,true,1
167.491,-40,true,g,true,1
156.375,-60,false,g,true,1
155.187,-60,false,b,true,1
166.383,-40,true,l,true,1
160,-40,false,l,true,1
169.64,-40,true,g,true,1
158.675,-60,false,g,true,1
151.179,-60,false,b,true,1
162.651,-40,true,l,true,1
160,-40,false,l,true,1
167.38,-40,true,g,true,1
156.257,-60,false,g,true,1
155.142,-60,false,b,true,1
166.341,-40,true,l,true,1
160,-40,false,l,true,1
169.654,-40,true,g,true,1
158.69,-60,false,g,true,1
151.278,-60,false,b,true,1
162.742,-40,true,l,true,1
160,-40,false,l,true,1
167.27,-40,true,g,true,1
156.138,-60,false,g,true,1
155.098,-60,false,b,true,1
166.299,-40,true,l,true,1
160,-40,false,l,true,1
169.668,-40,true,g,true,1
158.705,-60,false,g,true,1
151.376,-60,false,b,true,1
162.833,-40,true,l,true,1
160,-40,false,l,true,1
167.159,-40,true,g,true,1
156.02,-60,false,g,true,1
155.053,-60,false,b,true,1
166.257,-40,true,l,true,1
160,-40,false,l,true,1
169.682,-40,true,g,true,1
158.72,-60,false,g,true,1
151.475,-60,false,b,true,1
162.925,-40,true,l,true,1
160,-40,false,l,true,1
167.049,-40,true,g,true,1
155.902,-60,false,g,true,1
154.195,-60,false,b,true,1
165.457,-40,true,l,true,1
160,-40,false,l,true,1
170.112,-40,true,g,true,1
159.179,-60,false,g,true,1
158.423,-60,false,b,true,1
179.935,-60,false,b,true,1
189.675,-40,true,l,true,1
160,-40,false,l,true,1
168.976,-40,true,g,true,1
157.964,-60,false,g,true,1
186.719,-60,false,b,true,1
196.122,-40,true,l,true,1
160,-40,false,l,true,1
166.953,-40,true,g,true,1
155.799,-60,false,g,true,1
148.286,-60,false,b,true,1
159.965,-40,true,l,true,1
160,-40,false,l,true,1
155.976,-40,true,g,true,1
143.974,-60,false,g,true,1
136.742,-60,false,b,true,1
149.326,-40,true,l,true,1
160,-40,false,l,true,1
178.087,-40,true,g,true,1
167.675,-60,false,g,true,1
166.73,-60,false,b,true,1
177.198,-40,true,l,true,1
160,-40,false,l,true,1
170.418,-40,true,g,true,1
159.507,-60,false,g,true,1
162.699,-60,false,b,true,1
173.41,-40,true,l,true,1
160,-40,false,l,true,1
170.367,-40,true,g,true,1
159.452,-60,false,g,true,1
162.685,-60,false,b,true,1
173.396,-40,true,l,true,1
160,-40,false,l,true,1
170.316,-40,true,g,true,1
159.398,-60,false,g,true,1
162.67,-60,false,b,true,1
173.383,-40,true,l,true,1
160,-40,false,l,true,1
170.266,-40,true,g,true,1
159.344,-60,false,g,true,1
162.656,-60,false,b,true,1
173.369,-40,true,l,true,1
160,-40,false,l,true,1
170.215,-40,true,g,true,1
159.289,-60,false,g,true,1
162.641,-60,false,b,true,1
173.355,-40,true,l,true,1
160,-40,false,l,true,1
170.164,-40,true,g,true,1
159.235,-60,false,g,true,1
162.627,-60,false,b,true,1
173.342,-40,true,l,true,1
160,-40,false,l,true,1
170.114,-40,true,g,true,1
159.181,-60,false,g,true,1
162.612,-60,false,b,true,1
173.328,-40,true,l,true,1
160,-40,false,l,true,1
170.063,-40,true,g,true,1
159.127,-60,false,g,true,1
162.598,-60,false,b,true,1
173.315,-40,true,l,true,1
160,-40,false,l,true,1
170.013,-40,true,g,true,1
159.073,-60,false,g,true,1
162.584,-60,false,b,true,1
173.302,-40,true,l,true,1
160,-40,false,l,true,1
169.963,-40,true,g,true,1
159.02,-60,false,g,true,1
162.57,-60,false,b,true,1
173.289,-40,true,l,true,1
160,-40,false,l,true,1
169.913,-40,true,g,true,1
158.967,-60,false,g,true,1
161.356,-60,false,b,true,1
172.15,-40,true,l,true,1
160,-40,false,l,true,1
152.336,-40,true,g,true,1
140.022,-60,false,g,true,1
172.037,-60,false,b,true,1
182.2,-40,true,l,true,1
160,-40,false,l,true,1
155.866,-40,true,g,true,1
143.854,-60,false,g,true,1
172.927,-60,false,b,true,1
183.04,-40,true,l,true,1
160,-40,false,l,true,1
155.887,-40,true,g,true,1
143.878,-60,false,g,true,1
173.424,-60,false,b,true,1
183.509,-40,true,l,true,1
160,-40,false,l,true,1
155.926,-40,true,g,true,1
143.92,-60,false,g,true,1
170.692,-60,false,b,true,1
180.931,-40,true,l,true,1
160,-40,false,l,true,1
154.104,-40,true,g,true,1
141.944,-60,false,g,true,1
171.183,-60,false,b,true,1
181.393,-40,true,l,true,1
160,-40,false,l,true,1
154.129,-40,true,g,true,1
141.971,-60,false,g,true,1
171.687,-60,false,b,true,1
181.87,-40,true,l,true,1
160,-40,false,l,true,1
155.861,-40,true,g,true,1
143.849,-60,false,g,true,1
172.598,-60,false,b,true,1
182.729,-40,true,l,true,1
160,-40,false,l,true,1
155.871,-40,true,g,true,1
143.86,-60,false,g,true,1
173.085,-60,false,b,true,1
183.19,-40,true,l,true,1
160,-40,false,l,true,1
155.898,-40,true,g,true,1
143.89,-60,false,g,true,1
173.587,-60,false,b,true,1
183.664,-40,true,l,true,1
160,-40,false,l,true,1
155.942,-40,true,g,true,1
143.938,-60,false,g,true,1
170.849,-60,false,b,true,1
181.078,-40,true,l,true,1
160,-40,false,l,true,1
154.11,-40,true,g,true,1
141.951,-60,false,g,true,1
171.344,-60,false,b,true,1
181.545,-40,true,l,true,1
160,-40,false,l,true,1
155.864,-40,true,g,true,1
143.852,-60,false,g,true,1
172.275,-60,false,b,true,1
182.424,-40,true,l,true,1
160,-40,false,l,true,1
155.862,-40,true,g,true,1
143.851,-60,false,g,true,1
172.753,-60,false,b,true,1
182.876,-40,true,l,true,1
160,-40,false,l,true,1
155.878,-40,true,g,true,1
143.868,-60,false,g,true,1
173.245,-60,false,b,true,1
183.341,-40,true,l,true,1
160,-40,false,l,true,1
160,-60,false,f,true,2
197.667,-60,false,b,true,2
206.572,-40,true,l,true,2
160,-40,false,l,true,2
149.168,-40,true,g,true,2
136.569,-60,false,g,true,2
184.197,-60,false,b,true,2
193.723,-40,true,l,true,2
160,-40,false,l,true,2
198.709,-40,true,g,true,2
189.434,-60,false,g,true,2
190.578,-60,false,b,true,2
199.799,-40,true,l,true,2
160,-40,false,l,true,2
159.935,-40,true,g,true,2
148.254,-60,false,g,true,2
179.273,-60,false,b,true,2
189.047,-40,true,l,true,2
160,-40,false,l,true,2
190.966,-40,true,g,true,2
181.295,-60,false,g,true,2
178.03,-60,false,b,true,2
197.362,-60,false,b,true,2
206.281,-40,true,l,true,2
160,-40,false,l,true,2
168.137,-40,true,g,true,2
157.067,-60,false,g,true,2
196.412,-60,false,b,true,2
205.372,-40,true,l,true,2
160,-40,false,l,true,2
185.423,-40,true,g,true,2
175.447,-60,false,g,true,2
180.847,-60,false,b,true,2
190.54,-40,true,l,true,2
160,-40,false,l,true,2
172.866,-40,true,g,true,2
162.119,-60,false,g,true,2
190.795,-60,false,b,true,2
200.007,-40,true,l,true,2
160,-40,false,l,true,2
158.348,-40,true,g,true,2
146.541,-60,false,g,true,2
181.285,-60,false,b,true,2
190.956,-40,true,l,true,2
160,-40,false,l,true,2
159.13,-40,true,g,true,2
147.386,-60,false,g,true,2
195.432,-60,false,b,true,2
204.435,-40,true,l,true,2
160,-40,false,l,true,2
165.781,-40,true,g,true,2
154.543,-60,false,g,true,2
158.983,-60,false,b,true,2
169.928,-40,true,l,true,2
160,-40,false,l,true,2
204.514,-40,true,g,true,2
195.515,-60,false,g,true,2
193.165,-60,false,b,true,2
199.257,-60,false,b,true,2
208.095,-40,true,l,true,2
160,-40,false,l,true,2
179.212,-40,true,g,true,2
168.87,-60,false,g,true,2
197.275,-60,false,b,true,2
206.197,-40,true,l,true,2
160,-40,false,l,true,2
199.684,-40,true,g,true,2
190.456,-60,false,g,true,2
189.096,-60,false,b,true,2
198.387,-40,true,l,true,2
160,-40,false,l,true,2
200.827,-40,true,g,true,2
191.654,-60,false,g,true,2
189.878,-60,false,b,true,2
199.133,-40,true,l,true,2
160,-40,false,l,true,2
201.166,-40,true,g,true,2
192.01,-60,false,g,true,2
190.671,-60,false,b,true,2
199.889,-40,true,l,true,2
160,-40,false,l,true,2
198.767,-40,true,g,true,2
189.495,-60,false,g,true,2
187.543,-60,false,b,true,2
196.907,-40,true,l,true,2
160,-40,false,l,true,2
199.099,-40,true,g,true,2
189.843,-60,false,g,true,2
188.334,-60,false,b,true,2
197.66,-40,true,l,true,2
160,-40,false,l,true,2
199.443,-40,true,g,true,2
190.204,-60,false,g,true,2
189.135,-60,false,b,true,2
198.424,-40,true,l,true,2
160,-40,false,l,true,2
208.159,-40,true,g,true,2
199.324,-60,false,g,true,2
188.727,-60,false,b,true,2
198.035,-40,true,l,true,2
160,-40,false,l,true,2
158.312,-40,true,g,true,2
146.501,-60,false,g,true,2
193.449,-60,false,b,true,2
202.54,-40,true,l,true,2
160,-40,false,l,true,2
179.246,-40,true,g,true,2
168.906,-60,false,g,true,2
167.786,-60,false,b,true,2
178.191,-40,true,l,true,2
160,-40,false,l,true,2
158.346,-40,true,g,true,2
146.538,-60,false,g,true,2
193.547,-60,false,b,true,2
202.634,-40,true,l,true,2
160,-40,false,l,true,2
179.282,-40,true,g,true,2
168.944,-60,false,g,true,2
167.899,-60,false,b,true,2
178.297,-40,true,l,true,2
160,-40,false,l,true,2
158.38,-40,true,g,true,2
146.575,-60,false,g,true,2
193.645,-60,false,b,true,2
202.727,-40,true,l,true,2
160,-40,false,l,true,2
179.318,-40,true,g,true,2
168.982,-60,false,g,true,2
168.012,-60,false,b,true,2
178.404,-40,true,l,true,2
160,-40,false,l,true,2
158.415,-40,true,g,true,2
146.613,-60,false,g,true,2
193.743,-60,false,b,true,2
202.821,-40,true,l,true,2
160,-40,false,l,true,2
179.354,-40,true,g,true,2
169.02,-60,false,g,true,2
168.125,-60,false,b,true,2
178.511,-40,true,l,true,2
160,-40,false,l,true,2
158.45,-40,true,g,true,2
146.651,-60,false,g,true,2
193.841,-60,false,b,true,2
202.915,-40,true,l,true,2
160,-40,false,l,true,2
179.39,-40,true,g,true,2
169.059,-60,false,g,true,2
168.238,-60,false,b,true,2
178.617,-40,true,l,true,2
160,-40,false,l,true,2
158.485,-40,true,g,true,2
146.689,-60,false,g,true,2
193.94,-60,false,b,true,2
203.009,-40,true,l,true,2
160,-40,false,l,true,2
179.427,-40,true,g,true,2
169.098,-60,false,g,true,2
168.352,-60,false,b,true,2
178.724,-40,true,l,true,2
160,-40,false,l,true,2
162.977,-40,true,g,true,2
151.53,-60,false,g,true,2
148.272,-60,false,b,true,2
159.952,-40,true,l,true,2
160,-40,false,l,true,2
193.554,-40,true,g,true,2
184.02,-60,false,g,true,2
181.634,-60,false,b,true,2
191.287,-40,true,l,true,2
160,-40,false,l,true,2
173.122,-40,true,g,true,2
162.392,-60,false,g,true,2
160.527,-60,false,b,true,2
183.718,-60,false,b,true,2
198.248,-60,false,b,true,2
207.129,-40,true,l,true,2
160,-40,false,l,true,2
200.23,-40,true,g,true,2
191.029,-60,false,g,true,2
188.86,-60,false,b,true,2
197.025,-60,false,b,true,2
205.958,-40,true,l,true,2
160,-40,false,l,true,2
183.295,-40,true,g,true,2
173.196,-60,false,g,true,2
197.896,-60,false,b,true,2
206.792,-40,true,l,true,2
160,-40,false,l,true,2
194.934,-40,true,g,true,2
185.47,-60,false,g,true,2
183.323,-60,false,b,true,2
192.892,-40,true,l,true,2
160,-40,false,l,true,2
191.319,-40,true,g,true,2
181.668,-60,false,g,true,2
178.774,-60,false,b,true,2
188.574,-40,true,l,true,2
160,-40,false,l,true,2
172.14,-40,true,g,true,2
161.345,-60,false,g,true,2
190.115,-60,false,b,true,2
199.359,-40,true,l,true,2
160,-40,false,l,true,2
198.194,-40,true,g,true,2
188.894,-60,false,g,true,2
187.607,-60,false,b,true,2
196.968,-40,true,l,true,2
160,-40,false,l,true,2
206.608,-40,true,g,true,2
197.704,-60,false,g,true,2
187.167,-60,false,b,true,2
196.549,-40,true,l,true,2
160,-40,false,l,true,2
172.491,-40,true,g,true,2
161.719,-60,false,g,true,2
190.296,-60,false,b,true,2
199.531,-40,true,l,true,2
160,-40,false,l,true,2
198.938,-40,true,g,true,2
189.675,-60,false,g,true,2
188.24,-60,false,b,true,2
197.571,-40,true,l,true,2
160,-40,false,l,true,2
199.285,-40,true,g,true,2
190.038,-60,false,g,true,2
189.044,-60,false,b,true,2
198.337,-40,true,l,true,2
160,-40,false,l,true,2
208.16,-40,true,g,true,2
199.325,-60,false,g,true,2
188.807,-60,false,b,true,2
198.111,-40,true,l,true,2
160,-40,false,l,true,2
158.147,-40,true,g,true,2
146.323,-60,false,g,true,2
193.348,-60,false,b,true,2
202.444,-40,true,l,true,2
160,-40,false,l,true,2
179.079,-40,true,g,true,2
168.729,-60,false,g,true,2
167.708,-60,false,b,true,2
178.118,-40,true,l,true,2
160,-40,false,l,true,2
158.182,-40,true,g,true,2
146.361,-60,false,g,true,2
193.446,-60,false,b,true,2
202.537,-40,true,l,true,2
160,-40,false,l,true,2
179.115,-40,true,g,true,2
168.767,-60,false,g,true,2
167.821,-60,false,b,true,2
178.224,-40,true,l,true,2
160,-40,false,l,true,2
158.216,-40,true,g,true,2
146.398,-60,false,g,true,2
193.544,-60,false,b,true,2
202.631,-40,true,l,true,2
160,-40,false,l,true,2
179.151,-40,true,g,true,2
168.805,-60,false,g,true,2
167.934,-60,false,b,true,2
178.331,-40,true,l,true,2
160,-40,false,l,true,2
158.251,-40,true,g,true,2
146.436,-60,false,g,true,2
193.642,-60,false,b,true,2
202.725,-40,true,l,true,2
160,-40,false,l,true,2
179.188,-40,true,g,true,2
168.844,-60,false,g,true,2
168.047,-60,false,b,true,2
178.437,-40,true,l,true,2
160,-40,false,l,true,2
158.286,-40,true,g,true,2
146.474,-60,false,g,true,2
193.741,-60,false,b,true,2
202.819,-40,true,l,true,2
160,-40,false,l,true,2
179.224,-40,true,g,true,2
168.883,-60,false,g,true,2
168.161,-60,false,b,true,2
178.544,-40,true,l,true,2
160,-40,false,l,true,2
158.322,-40,true,g,true,2
146.512,-60,false,g,true,2
193.839,-60,false,b,true,2
202.913,-40,true,l,true,2
160,-40,false,l,true,2
179.261,-40,true,g,true,2
168.922,-60,false,g,true,2
168.274,-60,false,b,true,2
178.651,-40,true,l,true,2
160,-40,false,l,true,2
170.445,-40,true,g,true,2
159.535,-60,false,g,true,2
188.071,-60,false,b,true,2
197.41,-40,true,l,true,2
160,-40,false,l,true,2
204.844,-40,true,g,true,2
195.859,-60,false,g,true,2
194.561,-60,false,b,true,2
203.602,-40,true,l,true,2
160,-40,false,l,true,2
202.431,-40,true,g,true,2
193.335,-60,false,g,true,2
191.436,-60,false,b,true,2
200.618,-40,true,l,true,2
160,-40,false,l,true,2
173.964,-40,true,g,true,2
163.289,-60,false,g,true,2
185.656,-60,false,b,true,2
195.11,-40,true,l,true,2
160,-40,false,l,true,2
164.041,-40,true,g,true,2
152.674,-60,false,g,true,2
196.619,-60,false,b,true,2
205.57,-40,true,l,true,2
160,-40,false,l,true,2
173.691,-40,true,g,true,2
162.999,-60,false,g,true,2
197.956,-60,false,b,true,2
206.849,-40,true,l,true,2
160,-40,false,l,true,2
173.762,-40,true,g,true,2
163.074,-60,false,g,true,2
198.05,-60,false,b,true,2
206.939,-40,true,l,true,2
160,-40,false,l,true,2
173.832,-40,true,g,true,2
163.149,-60,false,g,true,2
198.143,-60,false,b,true,2
207.028,-40,true,l,true,2
160,-40,false,l,true,2
173.903,-40,true,g,true,2
163.224,-60,false,g,true,2
198.236,-60,false,b,true,2
207.118,-40,true,l,true,2
160,-40,false,l,true,2
173.973,-40,true,g,true,2
163.299,-60,false,g,true,2
198.33,-60,false,b,true,2
207.207,-40,true,l,true,2
160,-40,false,l,true,2
174.044,-40,true,g,true,2
163.374,-60,false,g,true,2
198.423,-60,false,b,true,2
207.296,-40,true,l,true,2
160,-40,false,l,true,2
174.114,-40,true,g,true,2
163.449,-60,false,g,true,2
198.517,-60,false,b,true,2
207.386,-40,true,l,true,2
160,-40,false,l,true,2
174.185,-40,true,g,true,2
163.525,-60,false,g,true,2
198.61,-60,false,b,true,2
207.475,-40,true,l,true,2
160,-40,false,l,true,2
174.255,-40,true,g,true,2
163.6,-60,false,g,true,2
198.703,-60,false,b,true,2
207.565,-40,true,l,true,2
160,-40,false,l,true,2
174.325,-40,true,g,true,2
163.674,-60,false,g,true,2
198.796,-60,false,b,true,2
207.653,-40,true,l,true,2
160,-40,false,l,true,2
174.395,-40,true,g,true,2
163.749,-60,false,g,true,2
198.889,-60,false,b,true,2
207.742,-40,true,l,true,2
160,-40,false,l,true,2
184.891,-40,true,g,true,2
174.885,-60,false,g,true,2
172.064,-60,false,b,true,2
182.225,-40,true,l,true,2
160,-40,false,l,true,2
207.47,-40,true,g,true,2
198.605,-60,false,g,true,2
194.175,-60,false,b,true,2
203.233,-40,true,l,true,2
160,-40,false,l,true,2
189.997,-40,true,g,true,2
180.274,-60,false,g,true,2
176.966,-60,false,b,true,2
186.861,-40,true,l,true,2
160,-40,false,l,true,2
190.279,-40,true,g,true,2
180.571,-60,false,g,true,2
177.734,-60,false,b,true,2
187.588,-40,true,l,true,2
160,-40,false,l,true,2
169.466,-40,true,g,true,2
158.489,-60,false,g,true,2
157.227,-60,false,b,true,2
168.287,-40,true,l,true,2
160,-40,false,l,true,2
188.257,-40,true,g,true,2
178.439,-60,false,g,true,2
175.402,-60,false,b,true,2
185.38,-40,true,l,true,2
160,-40,false,l,true,2
188.543,-40,true,g,true,2
178.741,-60,false,g,true,2
175.704,-60,false,b,true,2
185.666,-40,true,l,true,2
160,-40,false,l,true,2
171.27,-40,true,g,true,2
160.417,-60,false,g,true,2
159.001,-60,false,b,true,2
169.945,-40,true,l,true,2
160,-40,false,l,true,2
190.086,-40,true,g,true,2
180.369,-60,false,g,true,2
177.212,-60,false,b,true,2
187.094,-40,true,l,true,2
160,-40,false,l,true,2
190.372,-40,true,g,true,2
180.67,-60,false,g,true,2
177.984,-60,false,b,true,2
187.825,-40,true,l,true,2
160,-40,false,l,true,2
188.07,-40,true,g,true,2
178.243,-60,false,g,true,2
174.881,-60,false,b,true,2
184.888,-40,true,l,true,2
160,-40,false,l,true,2
188.347,-40,true,g,true,2
178.535,-60,false,g,true,2
175.203,-60,false,b,true,2
185.192,-40,true,l,true,2
160,-40,false,l,true,2
171.074,-40,true,g,true,2
160.207,-60,false,g,true,2
158.436,-60,false,b,true,2
169.417,-40,true,l,true,2
160,-40,false,l,true,2
189.9,-40,true,g,true,2
180.172,-60,false,g,true,2
176.695,-60,false,b,true,2
186.604,-40,true,l,true,2
160,-40,false,l,true,2
173.726,-40,true,g,true,2
163.036,-60,false,g,true,2
190.16,-60,false,b,true,2
160,-60,false,f,true,3
160,-40,false,l,true,3
175.389,-40,true,g,true,3
164.807,-60,false,g,true,3
156.641,-60,false,b,true,3
196.598,-60,false,b,true,3
205.55,-40,true,l,true,3
160,-40,false,l,true,3
160.354,-40,true,g,true,3
148.705,-60,false,g,true,3
182.192,-60,false,b,true,3
191.818,-40,true,l,true,3
160,-40,false,l,true,3
172.414,-40,true,g,true,3
161.637,-60,false,g,true,3
190.31,-60,false,b,true,3
199.544,-40,true,l,true,3
160,-40,false,l,true,3
171.423,-40,true,g,true,3
160.58,-60,false,g,true,3
191.772,-60,false,b,true,3
200.939,-40,true,l,true,3
160,-40,false,l,true,3
180.074,-40,true,g,true,3
169.784,-60,false,g,true,3
197.206,-60,false,b,true,3
206.132,-40,true,l,true,3
160,-40,false,l,true,3
159.322,-40,true,g,true,3
147.592,-60,false,g,true,3
189.386,-60,false,b,true,3
198.663,-40,true,l,true,3
160,-40,false,l,true,3
169.764,-40,true,g,true,3
158.807,-60,false,g,true,3
198.191,-60,false,b,true,3
207.074,-40,true,l,true,3
160,-40,false,l,true,3
171.98,-40,true,g,true,3
161.175,-60,false,g,true,3
162.674,-60,false,b,true,3
173.386,-40,true,l,true,3
160,-40,false,l,true,3
192.287,-40,true,g,true,3
182.686,-60,false,g,true,3
184.382,-60,false,b,true,3
199.061,-60,false,b,true,3
207.907,-40,true,l,true,3
160,-40,false,l,true,3
180.438,-40,true,g,true,3
170.171,-60,false,g,true,3
199.507,-60,false,b,true,3
208.334,-40,true,l,true,3
160,-40,false,l,true,3
167.091,-40,true,g,true,3
155.946,-60,false,g,true,3
198.893,-60,false,b,true,3
207.746,-40,true,l,true,3
160,-40,false,l,true,3
174.555,-40,true,g,true,3
163.919,-60,false,g,true,3
198.977,-60,false,b,true,3
199.805,-60,false,b,true,3
208.619,-40,true,l,true,3
160,-40,false,l,true,3
172.972,-40,true,g,true,3
162.233,-60,false,g,true,3
160.514,-60,false,b,true,3
171.361,-40,true,l,true,3
160,-40,false,l,true,3
169.729,-40,true,g,true,3
158.77,-60,false,g,true,3
157.323,-60,false,b,true,3
168.377,-40,true,l,true,3
160,-40,false,l,true,3
188.529,-40,true,g,true,3
178.727,-60,false,g,true,3
175.526,-60,false,b,true,3
185.498,-40,true,l,true,3
160,-40,false,l,true,3
188.811,-40,true,g,true,3
179.024,-60,false,g,true,3
175.839,-60,false,b,true,3
185.794,-40,true,l,true,3
160,-40,false,l,true,3
171.534,-40,true,g,true,3
160.698,-60,false,g,true,3
159.099,-60,false,b,true,3
170.037,-40,true,l,true,3
160,-40,false,l,true,3
190.359,-40,true,g,true,3
180.656,-60,false,g,true,3
177.338,-60,false,b,true,3
187.213,-40,true,l,true,3
160,-40,false,l,true,3
190.641,-40,true,g,true,3
180.952,-60,false,g,true,3
178.105,-60,false,b,true,3
197.914,-60,false,b,true,3
206.809,-40,true,l,true,3
160,-40,false,l,true,3
174.239,-40,true,g,true,3
163.583,-60,false,g,true,3
162.299,-60,false,b,true,3
173.035,-40,true,l,true,3
160,-40,false,l,true,3
165.307,-40,true,g,true,3
154.034,-60,false,g,true,3
197.787,-60,false,b,true,3
206.688,-40,true,l,true,3
160,-40,false,l,true,3
174.275,-40,true,g,true,3
163.621,-60,false,g,true,3
162.41,-60,false,b,true,3
173.138,-40,true,l,true,3
160,-40,false,l,true,3
165.346,-40,true,g,true,3
154.075,-60,false,g,true,3
197.883,-60,false,b,true,3
206.779,-40,true,l,true,3
160,-40,false,l,true,3
174.312,-40,true,g,true,3
163.66,-60,false,g,true,3
162.52,-60,false,b,true,3
173.242,-40,true,l,true,3
160,-40,false,l,true,3
165.385,-40,true,g,true,3
154.117,-60,false,g,true,3
197.979,-60,false,b,true,3
206.871,-40,true,l,true,3
160,-40,false,l,true,3
174.349,-40,true,g,true,3
163.7,-60,false,g,true,3
162.631,-60,false,b,true,3
173.346,-40,true,l,true,3
160,-40,false,l,true,3
165.424,-40,true,g,true,3
154.159,-60,false,g,true,3
198.075,-60,false,b,true,3
206.963,-40,true,l,true,3
160,-40,false,l,true,3
174.386,-40,true,g,true,3
163.739,-60,false,g,true,3
162.742,-60,false,b,true,3
173.451,-40,true,l,true,3
160,-40,false,l,true,3
165.463,-40,true,g,true,3
154.201,-60,false,g,true,3
198.171,-60,false,b,true,3
207.055,-40,true,l,true,3
160,-40,false,l,true,3
174.424,-40,true,g,true,3
163.779,-60,false,g,true,3
162.854,-60,false,b,true,3
173.555,-40,true,l,true,3
160,-40,false,l,true,3
165.503,-40,true,g,true,3
154.244,-60,false,g,true,3
198.267,-60,false,b,true,3
207.147,-40,true,l,true,3
160,-40,false,l,true,3
174.461,-40,true,g,true,3
163.819,-60,false,g,true,3
162.191,-60,false,b,true,3
185.419,-60,false,b,true,3
194.885,-40,true,l,true,3
160,-40,false,l,true,3
175.809,-40,true,g,true,3
165.254,-60,false,g,true,3
197.014,-60,false,b,true,3
205.948,-40,true,l,true,3
160,-40,false,l,true,3
157.131,-40,true,g,true,3
145.224,-60,false,g,true,3
145.439,-60,false,b,true,3
174.142,-60,false,b,true,3
198.826,-60,false,b,true,3
207.682,-40,true,l,true,3
160,-40,false,l,true,3
170.48,-40,true,g,true,3
159.572,-60,false,g,true,3
188.332,-60,false,b,true,3
197.428,-60,false,b,true,3
206.344,-40,true,l,true,3
160,-40,false,l,true,3
166.865,-40,true,g,true,3
155.704,-60,false,g,true,3
158.859,-60,false,b,true,3
194.378,-60,false,b,true,3
203.428,-40,true,l,true,3
160,-40,false,l,true,3
167.55,-40,true,g,true,3
156.439,-60,false,g,true,3
195.806,-60,false,b,true,3
204.793,-40,true,l,true,3
160,-40,false,l,true,3
165.882,-40,true,g,true,3
154.651,-60,false,g,true,3
197.339,-60,false,b,true,3
206.259,-40,true,l,true,3
160,-40,false,l,true,3
199.162,-40,true,g,true,3
189.909,-60,false,g,true,3
190.993,-60,false,b,true,3
200.196,-40,true,l,true,3
160,-40,false,l,true,3
172.585,-40,true,g,true,3
161.819,-60,false,g,true,3
160.221,-60,false,b,true,3
171.087,-40,true,l,true,3
160,-40,false,l,true,3
191.421,-40,true,g,true,3
181.775,-60,false,g,true,3
178.468,-60,false,b,true,3
197.698,-60,false,b,true,3
206.602,-40,true,l,true,3
160,-40,false,l,true,3
175.014,-40,true,g,true,3
164.407,-60,false,g,true,3
162.565,-60,false,b,true,3
173.284,-40,true,l,true,3
160,-40,false,l,true,3
171.765,-40,true,g,true,3
160.945,-60,false,g,true,3
159.381,-60,false,b,true,3
170.301,-40,true,l,true,3
160,-40,false,l,true,3
190.592,-40,true,g,true,3
180.901,-60,false,g,true,3
177.617,-60,false,b,true,3
187.478,-40,true,l,true,3
160,-40,false,l,true,3
190.875,-40,true,g,true,3
181.199,-60,false,g,true,3
178.385,-60,false,b,true,3
198.199,-60,false,b,true,3
207.082,-40,true,l,true,3
160,-40,false,l,true,3
174.471,-40,true,g,true,3
163.829,-60,false,g,true,3
162.583,-60,false,b,true,3
173.301,-40,true,l,true,3
160,-40,false,l,true,3
165.539,-40,true,g,true,3
154.282,-60,false,g,true,3
198.065,-60,false,b,true,3
206.954,-40,true,l,true,3
160,-40,false,l,true,3
174.507,-40,true,g,true,3
163.868,-60,false,g,true,3
162.693,-60,false,b,true,3
173.404,-40,true,l,true,3
160,-40,false,l,true,3
165.577,-40,true,g,true,3
154.324,-60,false,g,true,3
198.161,-60,false,b,true,3
207.045,-40,true,l,true,3
160,-40,false,l,true,3
174.544,-40,true,g,true,3
163.907,-60,false,g,true,3
162.803,-60,false,b,true,3
173.508,-40,true,l,true,3
160,-40,false,l,true,3
165.616,-40,true,g,true,3
154.366,-60,false,g,true,3
198.257,-60,false,b,true,3
207.137,-40,true,l,true,3
160,-40,false,l,true,3
174.581,-40,true,g,true,3
163.947,-60,false,g,true,3
162.914,-60,false,b,true,3
173.611,-40,true,l,true,3
160,-40,false,l,true,3
165.655,-40,true,g,true,3
154.408,-60,false,g,true,3
198.352,-60,false,b,true,3
207.229,-40,true,l,true,3
160,-40,false,l,true,3
174.618,-40,true,g,true,3
163.986,-60,false,g,true,3
163.025,-60,false,b,true,3
173.716,-40,true,l,true,3
160,-40,false,l,true,3
165.695,-40,true,g,true,3
154.45,-60,false,g,true,3
198.448,-60,false,b,true,3
207.32,-40,true,l,true,3
160,-40,false,l,true,3
175.156,-40,true,g,true,3
164.558,-60,false,g,true,3
193.634,-60,false,b,true,3
202.717,-40,true,l,true,3
160,-40,false,l,true,3
165.734,-40,true,g,true,3
154.492,-60,false,g,true,3
198.545,-60,false,b,true,3
207.412,-40,true,l,true,3
160,-40,false,l,true,3
175.288,-40,true,g,true,3
164.7,-60,false,g,true,3
190.838,-60,false,b,true,3
200.048,-40,true,l,true,3
160,-40,false,l,true,3
172.407,-40,true,g,true,3
161.63,-60,false,g,true,3
160.918,-60,false,b,true,3
182.16,-60,false,b,true,3
191.787,-40,true,l,true,3
160,-40,false,l,true,3
171.6,-40,true,g,true,3
160.769,-60,false,g,true,3
186.235,-60,false,b,true,3
195.661,-40,true,l,true,3
160,-40,false,l,true,3
158.219,-40,true,g,true,3
146.401,-60,false,g,true,3
199.535,-60,false,b,true,3
208.361,-40,true,l,true,3
160,-40,false,l,true,3
159.658,-40,true,g,true,3
147.955,-60,false,g,true,3
194.827,-60,false,b,true,3
203.856,-40,true,l,true,3
160,-40,false,l,true,3
179.611,-40,true,g,true,3
169.293,-60,false,g,true,3
197.791,-60,false,b,true,3
206.691,-40,true,l,true,3
160,-40,false,l,true,3
173.554,-40,true,g,true,3
162.853,-60,false,g,true,3
197.885,-60,false,b,true,3
206.781,-40,true,l,true,3
160,-40,false,l,true,3
173.624,-40,true,g,true,3
162.928,-60,false,g,true,3
197.978,-60,false,b,true,3
206.87,-40,true,l,true,3
160,-40,false,l,true,3
173.695,-40,true,g,true,3
163.003,-60,false,g,true,3
198.072,-60,false,b,true,3
206.96,-40,true,l,true,3
160,-40,false,l,true,3
173.765,-40,true,g,true,3
163.078,-60,false,g,true,3
198.165,-60,false,b,true,3
207.049,-40,true,l,true,3
160,-40,false,l,true,3
173.836,-40,true,g,true,3
163.153,-60,false,g,true,3
198.259,-60,false,b,true,3
207.139,-40,true,l,true,3
160,-40,false,l,true,3
173.907,-40,true,g,true,3
163.228,-60,false,g,true,3
198.352,-60,false,b,true,3
207.228,-40,true,l,true,3
160,-40,false,l,true,3
173.977,-40,true,g,true,3
163.303,-60,false,g,true,3
198.446,-60,false,b,true,3
207.318,-40,true,l,true,3
160,-40,false,l,true,3
174.048,-40,true,g,true,3
163.379,-60,false,g,true,3
198.539,-60,false,b,true,3
207.407,-40,true,l,true,3
160,-40,false,l,true,3
174.118,-40,true,g,true,3
163.454,-60,false,g,true,3
198.632,-60,false,b,true,3
207.496,-40,true,l,true,3
160,-40,false,l,true,3
174.188,-40,true,g,true,3
163.528,-60,false,g,true,3
198.725,-60,false,b,true,3
207.585,-40,true,l,true,3
160,-40,false,l,true,3
174.258,-40,true,g,true,3
163.603,-60,false,g,true,3
195.567,-60,false,b,true,3
204.564,-40,true,l,true,3
160,-40,false,l,true,3
172.916,-40,true,g,true,3
162.173,-60,false,g,true,3
195.287,-60,false,b,true,3
204.296,-40,true,l,true,3
160,-40,false,l,true,3
171.664,-40,true,g,true,3
160.837,-60,false,g,true,3
191.757,-60,false,b,true,3
200.924,-40,true,l,true,3
160,-40,false,l,true,3
172.818,-40,true,g,true,3
162.068,-60,false,g,true,3
193.218,-60,false,b,true,3
202.32,-40,true,l,true,3
160,-40,false,l,true,3
173.978,-40,true,g,true,3
163.305,-60,false,g,true,3
191.39,-60,false,b,true,3
200.574,-40,true,l,true,3
160,-40,false,l,true,3
173.032,-40,true,g,true,3
162.297,-60,false,g,true,3
192.842,-60,false,b,true,3
201.961,-40,true,l,true,3
160,-40,false,l,true,3
174.179,-40,true,g,true,3
163.518,-60,false,g,true,3
194.298,-60,false,b,true,3
203.351,-40,true,l,true,3
160,-40,false,l,true,3
170.887,-40,true,g,true,3
160.007,-60,false,g,true,3
190.767,-60,false,b,true,3
199.98,-40,true,l,true,3
160,-40,false,l,true,3
172.035,-40,true,g,true,3
161.232,-60,false,g,true,3
192.227,-60,false,b,true,3
201.373,-40,true,l,true,3
160,-40,false,l,true,3
173.19,-40,true,g,true,3
162.465,-60,false,g,true,3
193.689,-60,false,b,true,3
202.769,-40,true,l,true,3
160,-40,false,l,true,3
174.353,-40,true,g,true,3
163.704,-60,false,g,true,3
191.857,-60,false,b,true,3
201.02,-40,true,l,true,3
160,-40,false,l,true,3
173.4,-40,true,g,true,3
162.689,-60,false,g,true,3
193.31,-60,false,b,true,3
202.408,-40,true,l,true,3
160,-40,false,l,true,3
170.112,-40,true,g,true,3
159.18,-60,false,g,true,3
189.779,-60,false,b,true,3
199.037,-40,true,l,true,3
160,-40,false,l,true,3
171.255,-40,true,g,true,3
160.4,-60,false,g,true,3
191.236,-60,false,b,true,3
200.428,-40,true,l,true,3
160,-40,false,l,true,3
172.405,-40,true,g,true,3
161.628,-60,false,g,true,3
192.697,-60,false,b,true,3
201.822,-40,true,l,true,3
160,-40,false,l,true,3
160,-60,false,f,true,4
197.667,-60,false,b,true,4
157.904,-60,false,b,true,4
168.919,-40,true,l,true,4
160,-40,false,l,true,4
166.422,-40,true,g,true,4
155.23,-60,false,g,true,4
145.866,-60,false,b,true,4
157.724,-40,true,l,true,4
160,-40,false,l,true,4
157.376,-40,true,g,true,4
145.489,-60,false,g,true,4
182.181,-60,false,b,true,4
191.807,-40,true,l,true,4
160,-40,false,l,true,4
162.994,-40,true,g,true,4
151.549,-60,false,g,true,4
182.939,-60,false,b,true,4
192.527,-40,true,l,true,4
160,-40,false,l,true,4
168.66,-40,true,g,true,4
157.627,-60,false,g,true,4
156.545,-60,false,b,true,4
181.174,-60,false,b,true,4
176.255,-60,false,b,true,4
186.188,-40,true,l,true,4
160,-40,false,l,true,4
156.906,-40,true,g,true,4
144.981,-60,false,g,true,4
140.085,-60,false,b,true,4
152.393,-40,true,l,true,4
160,-40,false,l,true,4
154.241,-40,true,g,true,4
142.092,-60,false,g,true,4
147.211,-60,false,b,true,4
158.969,-40,true,l,true,4
160,-40,false,l,true,4
206.943,-40,true,g,true,4
198.054,-60,false,g,true,4
145.606,-60,false,b,true,4
166.884,-60,false,b,true,4
162.959,-60,false,b,true,4
173.653,-40,true,l,true,4
160,-40,false,l,true,4
164.409,-40,true,g,true,4
153.069,-60,false,g,true,4
145.308,-60,false,b,true,4
180.287,-60,false,b,true,4
190.009,-40,true,l,true,4
160,-40,false,l,true,4
157.973,-40,true,g,true,4
146.135,-60,false,g,true,4
136.12,-60,false,b,true,4
156.401,-60,false,b,true,4
167.515,-40,true,l,true,4
160,-40,false,l,true,4
190.298,-40,true,g,true,4
180.592,-60,false,g,true,4
168.308,-60,false,b,true,4
170.091,-60,false,b,true,4
180.364,-40,true,l,true,4
160,-40,false,l,true,4
156.256,-40,true,g,true,4
144.277,-60,false,g,true,4
170.92,-60,false,b,true,4
181.145,-40,true,l,true,4
160,-40,false,l,true,4
154.441,-40,true,g,true,4
142.31,-60,false,g,true,4
171.406,-60,false,b,true,4
181.604,-40,true,l,true,4
160,-40,false,l,true,4
154.462,-40,true,g,true,4
142.332,-60,false,g,true,4
171.905,-60,false,b,true,4
182.075,-40,true,l,true,4
160,-40,false,l,true,4
156.202,-40,true,g,true,4
144.219,-60,false,g,true,4
172.826,-60,false,b,true,4
182.944,-40,true,l,true,4
160,-40,false,l,true,4
156.208,-40,true,g,true,4
144.225,-60,false,g,true,4
173.308,-60,false,b,true,4
183.401,-40,true,l,true,4
160,-40,false,l,true,4
156.231,-40,true,g,true,4
144.25,-60,false,g,true,4
173.805,-60,false,b,true,4
183.87,-40,true,l,true,4
160,-40,false,l,true,4
156.27,-40,true,g,true,4
144.293,-60,false,g,true,4
136.35,-60,false,b,true,4
190.964,-60,false,b,true,4
200.168,-40,true,l,true,4
160,-40,false,l,true,4
157.291,-40,true,g,true,4
145.398,-60,false,g,true,4
137.853,-60,false,b,true,4
150.345,-40,true,l,true,4
160,-40,false,l,true,4
155.773,-40,true,g,true,4
143.754,-60,false,g,true,4
182.437,-60,false,b,true,4
192.05,-40,true,l,true,4
160,-40,false,l,true,4
157.299,-40,true,g,true,4
145.406,-60,false,g,true,4
137.96,-60,false,b,true,4
150.443,-40,true,l,true,4
160,-40,false,l,true,4
155.787,-40,true,g,true,4
143.769,-60,false,g,true,4
182.518,-60,false,b,true,4
192.127,-40,true,l,true,4
160,-40,false,l,true,4
157.307,-40,true,g,true,4
145.415,-60,false,g,true,4
138.067,-60,false,b,true,4
150.541,-40,true,l,true,4
160,-40,false,l,true,4
155.801,-40,true,g,true,4
143.785,-60,false,g,true,4
182.599,-60,false,b,true,4
192.204,-40,true,l,true,4
160,-40,false,l,true,4
157.316,-40,true,g,true,4
145.424,-60,false,g,true,4
138.174,-60,false,b,true,4
150.639,-40,true,l,true,4
160,-40,false,l,true,4
155.672,-40,true,g,true,4
143.644,-60,false,g,true,4
175.855,-60,false,b,true,4
185.809,-40,true,l,true,4
160,-40,false,l,true,4
157.324,-40,true,g,true,4
145.433,-60,false,g,true,4
138.282,-60,false,b,true,4
150.738,-40,true,l,true,4
160,-40,false,l,true,4
155.66,-40,true,g,true,4
143.632,-60,false,g,true,4
175.916,-60,false,b,true,4
185.867,-40,true,l,true,4
160,-40,false,l,true,4
157.333,-40,true,g,true,4
145.443,-60,false,g,true,4
138.39,-60,false,b,true,4
150.837,-40,true,l,true,4
160,-40,false,l,true,4
155.648,-40,true,g,true,4
143.619,-60,false,g,true,4
175.977,-60,false,b,true,4
185.925,-40,true,l,true,4
160,-40,false,l,true,4
158.974,-40,true,g,true,4
147.216,-60,false,g,true,4
137.832,-60,false,b,true,4
158.194,-60,false,b,true,4
169.19,-40,true,l,true,4
160,-40,false,l,true,4
161.56,-40,true,g,true,4
150.006,-60,false,g,true,4
182.94,-60,false,b,true,4
192.528,-40,true,l,true,4
160,-40,false,l,true,4
158.977,-40,true,g,true,4
147.22,-60,false,g,true,4
137.934,-60,false,b,true,4
150.419,-40,true,l,true,4
160,-40,false,l,true,4
168.893,-40,true,g,true,4
157.876,-60,false,g,true,4
155.928,-60,false,b,true,4
179.683,-60,false,b,true,4
176.597,-60,false,b,true,4
177.828,-60,false,b,true,4
187.677,-40,true,l,true,4
160,-40,false,l,true,4
153.787,-40,true,g,true,4
141.599,-60,false,g,true,4
178.062,-60,false,b,true,4
187.899,-40,true,l,true,4
160,-40,false,l,true,4
156.567,-40,true,g,true,4
144.614,-60,false,g,true,4
138.03,-60,false,b,true,4
150.507,-40,true,l,true,4
160,-40,false,l,true,4
166.64,-40,true,g,true,4
155.463,-60,false,g,true,4
150.189,-60,false,b,true,4
162.563,-60,false,b,true,4
173.282,-40,true,l,true,4
160,-40,false,l,true,4
163.099,-40,true,g,true,4
151.661,-60,false,g,true,4
183.837,-60,false,b,true,4
193.38,-40,true,l,true,4
160,-40,false,l,true,4
159.027,-40,true,g,true,4
147.273,-60,false,g,true,4
173.961,-60,false,b,true,4
184.018,-40,true,l,true,4
160,-40,false,l,true,4
157.195,-40,true,g,true,4
145.294,-60,false,g,true,4
174.445,-60,false,b,true,4
184.475,-40,true,l,true,4
160,-40,false,l,true,4
157.222,-40,true,g,true,4
145.323,-60,false,g,true,4
136.655,-60,false,b,true,4
191.33,-60,false,b,true,4
200.517,-40,true,l,true,4
160,-40,false,l,true,4
158.235,-40,true,g,true,4
146.418,-60,false,g,true,4
173.087,-60,false,b,true,4
183.191,-40,true,l,true,4
160,-40,false,l,true,4
156.408,-40,true,g,true,4
144.442,-60,false,g,true,4
173.571,-60,false,b,true,4
183.649,-40,true,l,true,4
160,-40,false,l,true,4
156.433,-40,true,g,true,4
144.469,-60,false,g,true,4
174.069,-60,false,b,true,4
184.119,-40,true,l,true,4
160,-40,false,l,true,4
156.475,-40,true,g,true,4
144.514,-60,false,g,true,4
136.632,-60,false,b,true,4
191.244,-60,false,b,true,4
200.435,-40,true,l,true,4
160,-40,false,l,true,4
157.497,-40,true,g,true,4
145.62,-60,false,g,true,4
138.135,-60,false,b,true,4
150.603,-40,true,l,true,4
160,-40,false,l,true,4
155.983,-40,true,g,true,4
143.982,-60,false,g,true,4
182.709,-60,false,b,true,4
192.308,-40,true,l,true,4
160,-40,false,l,true,4
157.505,-40,true,g,true,4
145.629,-60,false,g,true,4
138.242,-60,false,b,true,4
150.701,-40,true,l,true,4
160,-40,false,l,true,4
155.998,-40,true,g,true,4
143.998,-60,false,g,true,4
182.789,-60,false,b,true,4
192.385,-40,true,l,true,4
160,-40,false,l,true,4
157.513,-40,true,g,true,4
145.638,-60,false,g,true,4
138.349,-60,false,b,true,4
150.799,-40,true,l,true,4
160,-40,false,l,true,4
156.012,-40,true,g,true,4
144.013,-60,false,g,true,4
182.87,-60,false,b,true,4
192.462,-40,true,l,true,4
160,-40,false,l,true,4
157.522,-40,true,g,true,4
145.647,-60,false,g,true,4
138.456,-60,false,b,true,4
150.897,-40,true,l,true,4
160,-40,false,l,true,4
156.027,-40,true,g,true,4
144.03,-60,false,g,true,4
182.952,-60,false,b,true,4
192.539,-40,true,l,true,4
160,-40,false,l,true,4
157.531,-40,true,g,true,4
145.657,-60,false,g,true,4
138.563,-60,false,b,true,4
150.996,-40,true,l,true,4
160,-40,false,l,true,4
155.848,-40,true,g,true,4
143.835,-60,false,g,true,4
176.177,-60,false,b,true,4
186.113,-40,true,l,true,4
160,-40,false,l,true,4
157.54,-40,true,g,true,4
145.667,-60,false,g,true,4
138.671,-60,false,b,true,4
151.095,-40,true,l,true,4
160,-40,false,l,true,4
155.836,-40,true,g,true,4
143.823,-60,false,g,true,4
176.238,-60,false,b,true,4
186.171,-40,true,l,true,4
160,-40,false,l,true,4
186.596,-40,true,g,true,4
176.686,-60,false,g,true,4
174.242,-60,false,b,true,4
141.947,-60,false,b,true,4
154.107,-40,true,l,true,4
160,-40,false,l,true,4
153.058,-40,true,g,true,4
140.807,-60,false,g,true,4
141.961,-60,false,b,true,4
154.12,-40,true,l,true,4
160,-40,false,l,true,4
156.035,-40,true,g,true,4
144.038,-60,false,g,true,4
144.393,-60,false,b,true,4
156.363,-40,true,l,true,4
160,-40,false,l,true,4
154.845,-40,true,g,true,4
142.748,-60,false,g,true,4
135.667,-60,false,b,true,4
148.343,-40,true,l,true,4
160,-40,false,l,true,4
171.157,-40,true,g,true,4
160.295,-60,false,g,true,4
152.463,-60,false,b,true,4
163.844,-40,true,l,true,4
160,-40,false,l,true,4
170.233,-40,true,g,true,4
159.308,-60,false,g,true,4
162.445,-60,false,b,true,4
173.172,-40,true,l,true,4
160,-40,false,l,true,4
170.182,-40,true,g,true,4
159.254,-60,false,g,true,4
162.431,-60,false,b,true,4
173.158,-40,true,l,true,4
160,-40,false,l,true,4
170.131,-40,true,g,true,4
159.199,-60,false,g,true,4
162.416,-60,false,b,true,4
173.144,-40,true,l,true,4
160,-40,false,l,true,4
170.08,-40,true,g,true,4
159.145,-60,false,g,true,4
162.401,-60,false,b,true,4
173.13,-40,true,l,true,4
160,-40,false,l,true,4
170.029,-40,true,g,true,4
159.091,-60,false,g,true,4
162.387,-60,false,b,true,4
173.117,-40,true,l,true,4
160,-40,false,l,true,4
169.978,-40,true,g,true,4
159.036,-60,false,g,true,4
162.372,-60,false,b,true,4
173.103,-40,true,l,true,4
160,-40,false,l,true,4
169.927,-40,true,g,true,4
158.982,-60,false,g,true,4
162.358,-60,false,b,true,4
173.09,-40,true,l,true,4
160,-40,false,l,true,4
169.877,-40,true,g,true,4
158.928,-60,false,g,true,4
162.343,-60,false,b,true,4
173.076,-40,true,l,true,4
160,-40,false,l,true,4
169.826,-40,true,g,true,4
158.874,-60,false,g,true,4
162.329,-60,false,b,true,4
173.063,-40,true,l,true,4
160,-40,false,l,true,4
169.776,-40,true,g,true,4
158.82,-60,false,g,true,4
162.315,-60,false,b,true,4
173.049,-40,true,l,true,4
160,-40,false,l,true,4
169.726,-40,true,g,true,4
158.767,-60,false,g,true,4
162.301,-60,false,b,true,4
173.036,-40,true,l,true,4
160,-40,false,l,true,4
173.47,-40,true,g,true,4
162.764,-60,false,g,true,4
162.083,-60,false,b,true,4
172.832,-40,true,l,true,4
160,-40,false,l,true,4
169.625,-40,true,g,true,4
158.659,-60,false,g,true,4
157.972,-60,false,b,true,4
168.983,-40,true,l,true,4
160,-40,false,l,true,4
169.648,-40,true,g,true,4
158.684,-60,false,g,true,4
157.581,-60,false,b,true,4
168.618,-40,true,l,true,4
160,-40,false,l,true,4
168.811,-40,true,g,true,4
157.788,-60,false,g,true,4
157.206,-60,false,b,true,4
168.267,-40,true,l,true,4
160,-40,false,l,true,4
171.848,-40,true,g,true,4
161.033,-60,false,g,true,4
159.765,-60,false,b,true,4
170.66,-40,true,l,true,4
160,-40,false,l,true,4
171.008,-40,true,g,true,4
160.137,-60,false,g,true,4
159.381,-60,false,b,true,4
170.3,-40,true,l,true,4
160,-40,false,l,true,4
170.18,-40,true,g,true,4
159.252,-60,false,g,true,4
158.246,-60,false,b,true,4
169.239,-40,true,l,true,4
160,-40,false,l,true,4
170.223,-40,true,g,true,4
159.298,-60,false,g,true,4
157.845,-60,false,b,true,4
168.864,-40,true,l,true,4
160,-40,false,l,true,4
169.378,-40,true,g,true,4
158.394,-60,false,g,true,4
157.459,-60,false,b,true,4
168.503,-40,true,l,true,4
160,-40,false,l,true,4
168.544,-40,true,g,true,4
157.502,-60,false,g,true,4
157.089,-60,false,b,true,4
168.157,-40,true,l,true,4
160,-40,false,l,true,4
171.576,-40,true,g,true,4
160.743,-60,false,g,true,4
159.639,-60,false,b,true,4
170.542,-40,true,l,true,4
160,-40,false,l,true,4
170.74,-40,true,g,true,4
159.851,-60,false,g,true,4
158.528,-60,false,b,true,4
169.502,-40,true,l,true,4
160,-40,false,l,true,4
170.802,-40,true,g,true,4
159.917,-60,false,g,true,4
158.115,-60,false,b,true,4
169.117,-40,true,l,true,4
160,-40,false,l,true,4
169.949,-40,true,g,true,4
159.006,-60,false,g,true,4
157.719,-60,false,b,true,4
168.746,-40,true,l,true,4
160,-40,false,l,true,4
169.108,-40,true,g,true,4
158.106,-60,false,g,true,4
157.338,-60,false,b,true,4
160,-60,false,f,true,5
148.081,-60,false,b,true,5
159.774,-40,true,l,true,5
160,-40,false,l,true,5
185.357,-40,true,g,true,5
175.378,-60,false,g,true,5
143.555,-60,false,b,true,5
155.59,-40,true,l,true,5
160,-40,false,l,true,5
207.191,-40,true,g,true,5
198.313,-60,false,g,true,5
139.163,-60,false,b,true,5
151.547,-40,true,l,true,5
160,-40,false,l,true,5
195.626,-40,true,g,true,5
186.198,-60,false,g,true,5
137.45,-60,false,b,true,5
149.975,-40,true,l,true,5
160,-40,false,l,true,5
199.01,-40,true,g,true,5
189.75,-60,false,g,true,5
136.162,-60,false,b,true,5
148.796,-40,true,l,true,5
160,-40,false,l,true,5
197.719,-40,true,g,true,5
188.395,-60,false,g,true,5
160.45,-60,false,b,true,5
171.301,-40,true,l,true,5
160,-40,false,l,true,5
193.568,-40,true,g,true,5
184.034,-60,false,g,true,5
145.794,-60,false,b,true,5
157.657,-40,true,l,true,5
160,-40,false,l,true,5
167.706,-40,true,g,true,5
156.606,-60,false,g,true,5
158.91,-60,false,b,true,5
169.86,-40,true,l,true,5
160,-40,false,l,true,5
163.542,-40,true,g,true,5
152.138,-60,false,g,true,5
146.412,-60,false,b,true,5
158.229,-40,true,l,true,5
160,-40,false,l,true,5
163.706,-40,true,g,true,5
152.314,-60,false,g,true,5
143.579,-60,false,b,true,5
155.611,-40,true,l,true,5
160,-40,false,l,true,5
205.992,-40,true,g,true,5
197.06,-60,false,g,true,5
198.956,-60,false,b,true,5
149.852,-60,false,b,true,5
161.417,-40,true,l,true,5
160,-40,false,l,true,5
170.342,-40,true,g,true,5
159.425,-60,false,g,true,5
154.647,-60,false,b,true,5
165.879,-40,true,l,true,5
160,-40,false,l,true,5
198.052,-40,true,g,true,5
188.744,-60,false,g,true,5
171.935,-60,false,b,true,5
143.609,-60,false,b,true,5
155.639,-40,true,l,true,5
160,-40,false,l,true,5
202.053,-40,true,g,true,5
192.939,-60,false,g,true,5
136.205,-60,false,b,true,5
148.835,-40,true,l,true,5
160,-40,false,l,true,5
198.581,-40,true,g,true,5
189.3,-60,false,g,true,5
136.997,-60,false,b,true,5
149.56,-40,true,l,true,5
160,-40,false,l,true,5
197.358,-40,true,g,true,5
188.016,-60,false,g,true,5
135.828,-60,false,b,true,5
148.49,-40,true,l,true,5
160,-40,false,l,true,5
196.14,-40,true,g,true,5
186.737,-60,false,g,true,5
139.308,-60,false,b,true,5
151.68,-40,true,l,true,5
160,-40,false,l,true,5
199.508,-40,true,g,true,5
190.272,-60,false,g,true,5
138.142,-60,false,b,true,5
150.609,-40,true,l,true,5
160,-40,false,l,true,5
198.292,-40,true,g,true,5
188.997,-60,false,g,true,5
136.985,-60,false,b,true,5
149.549,-40,true,l,true,5
160,-40,false,l,true,5
197.083,-40,true,g,true,5
187.727,-60,false,g,true,5
135.838,-60,false,b,true,5
148.499,-40,true,l,true,5
160,-40,false,l,true,5
181.024,-40,true,g,true,5
170.791,-60,false,g,true,5
194.588,-60,false,b,true,5
148.071,-60,false,b,true,5
159.765,-40,true,l,true,5
160,-40,false,l,true,5
181.004,-40,true,g,true,5
170.77,-60,false,g,true,5
163.543,-60,false,b,true,5
174.202,-40,true,l,true,5
160,-40,false,l,true,5
201.284,-40,true,g,true,5
192.133,-60,false,g,true,5
135.651,-60,false,b,true,5
148.328,-40,true,l,true,5
160,-40,false,l,true,5
180.878,-40,true,g,true,5
170.636,-60,false,g,true,5
163.479,-60,false,b,true,5
174.142,-40,true,l,true,5
160,-40,false,l,true,5
201.129,-40,true,g,true,5
191.971,-60,false,g,true,5
135.506,-60,false,b,true,5
148.196,-40,true,l,true,5
160,-40,false,l,true,5
180.751,-40,true,g,true,5
170.502,-60,false,g,true,5
163.416,-60,false,b,true,5
174.083,-40,true,l,true,5
160,-40,false,l,true,5
200.974,-40,true,g,true,5
191.808,-60,false,g,true,5
135.362,-60,false,b,true,5
148.063,-40,true,l,true,5
160,-40,false,l,true,5
180.625,-40,true,g,true,5
170.369,-60,false,g,true,5
163.354,-60,false,b,true,5
174.024,-40,true,l,true,5
160,-40,false,l,true,5
200.819,-40,true,g,true,5
191.646,-60,false,g,true,5
135.217,-60,false,b,true,5
147.931,-40,true,l,true,5
160,-40,false,l,true,5
180.499,-40,true,g,true,5
170.235,-60,false,g,true,5
163.291,-60,false,b,true,5
173.966,-40,true,l,true,5
160,-40,false,l,true,5
200.664,-40,true,g,true,5
191.484,-60,false,g,true,5
135.073,-60,false,b,true,5
147.799,-40,true,l,true,5
160,-40,false,l,true,5
180.373,-40,true,g,true,5
170.102,-60,false,g,true,5
163.229,-60,false,b,true,5
173.907,-40,true,l,true,5
160,-40,false,l,true,5
200.509,-40,true,g,true,5
191.321,-60,false,g,true,5
139.513,-60,false,b,true,5
151.868,-40,true,l,true,5
160,-40,false,l,true,5
197.022,-40,true,g,true,5
187.664,-60,false,g,true,5
171.026,-60,false,b,true,5
145.134,-60,false,b,true,5
157.048,-40,true,l,true,5
160,-40,false,l,true,5
204.934,-40,true,g,true,5
195.954,-60,false,g,true,5
139.367,-60,false,b,true,5
151.734,-40,true,l,true,5
160,-40,false,l,true,5
196.839,-40,true,g,true,5
187.471,-60,false,g,true,5
170.843,-60,false,b,true,5
181.072,-40,true,l,true,5
160,-40,false,l,true,5
169.174,-40,true,g,true,5
158.177,-60,false,g,true,5
154.137,-60,false,b,true,5
165.404,-40,true,l,true,5
160,-40,false,l,true,5
198.015,-40,true,g,true,5
188.706,-60,false,g,true,5
173.925,-60,false,b,true,5
145.782,-60,false,b,true,5
137.546,-60,false,b,true,5
150.063,-40,true,l,true,5
160,-40,false,l,true,5
179.305,-40,true,g,true,5
168.968,-60,false,g,true,5
161.54,-60,false,b,true,5
172.323,-40,true,l,true,5
160,-40,false,l,true,5
197.898,-40,true,g,true,5
188.583,-60,false,g,true,5
163.152,-60,false,b,true,5
173.835,-40,true,l,true,5
160,-40,false,l,true,5
207.924,-40,true,g,true,5
199.079,-60,false,g,true,5
137.874,-60,false,b,true,5
150.364,-40,true,l,true,5
160,-40,false,l,true,5
199.835,-40,true,g,true,5
190.615,-60,false,g,true,5
138.601,-60,false,b,true,5
151.031,-40,true,l,true,5
160,-40,false,l,true,5
198.625,-40,true,g,true,5
189.346,-60,false,g,true,5
137.453,-60,false,b,true,5
149.978,-40,true,l,true,5
160,-40,false,l,true,5
182.553,-40,true,g,true,5
172.411,-60,false,g,true,5
196.155,-60,false,b,true,5
149.51,-60,false,b,true,5
161.1,-40,true,l,true,5
160,-40,false,l,true,5
199.492,-40,true,g,true,5
190.255,-60,false,g,true,5
138.156,-60,false,b,true,5
150.623,-40,true,l,true,5
160,-40,false,l,true,5
198.278,-40,true,g,true,5
188.982,-60,false,g,true,5
137.002,-60,false,b,true,5
149.564,-40,true,l,true,5
160,-40,false,l,true,5
197.069,-40,true,g,true,5
187.713,-60,false,g,true,5
135.857,-60,false,b,true,5
148.516,-40,true,l,true,5
160,-40,false,l,true,5
181.017,-40,true,g,true,5
170.783,-60,false,g,true,5
194.658,-60,false,b,true,5
148.201,-60,false,b,true,5
159.886,-40,true,l,true,5
160,-40,false,l,true,5
181.045,-40,true,g,true,5
170.813,-60,false,g,true,5
163.69,-60,false,b,true,5
174.34,-40,true,l,true,5
160,-40,false,l,true,5
201.271,-40,true,g,true,5
192.12,-60,false,g,true,5
135.674,-60,false,b,true,5
148.349,-40,true,l,true,5
160,-40,false,l,true,5
180.919,-40,true,g,true,5
170.68,-60,false,g,true,5
163.627,-60,false,b,true,5
174.281,-40,true,l,true,5
160,-40,false,l,true,5
201.117,-40,true,g,true,5
191.958,-60,false,g,true,5
135.53,-60,false,b,true,5
148.218,-40,true,l,true,5
160,-40,false,l,true,5
180.793,-40,true,g,true,5
170.546,-60,false,g,true,5
163.565,-60,false,b,true,5
174.222,-40,true,l,true,5
160,-40,false,l,true,5
200.962,-40,true,g,true,5
191.796,-60,false,g,true,5
135.386,-60,false,b,true,5
148.086,-40,true,l,true,5
160,-40,false,l,true,5
180.667,-40,true,g,true,5
170.413,-60,false,g,true,5
163.502,-60,false,b,true,5
174.164,-40,true,l,true,5
160,-40,false,l,true,5
200.808,-40,true,g,true,5
191.635,-60,false,g,true,5
135.243,-60,false,b,true,5
147.955,-40,true,l,true,5
160,-40,false,l,true,5
180.542,-40,true,g,true,5
170.28,-60,false,g,true,5
163.44,-60,false,b,true,5
174.106,-40,true,l,true,5
160,-40,false,l,true,5
200.654,-40,true,g,true,5
191.473,-60,false,g,true,5
135.099,-60,false,b,true,5
147.823,-40,true,l,true,5
160,-40,false,l,true,5
180.417,-40,true,g,true,5
170.147,-60,false,g,true,5
163.379,-60,false,b,true,5
174.048,-40,true,l,true,5
160,-40,false,l,true,5
200.499,-40,true,g,true,5
191.311,-60,false,g,true,5
139.536,-60,false,b,true,5
151.889,-40,true,l,true,5
160,-40,false,l,true,5
204.362,-40,true,g,true,5
195.356,-60,false,g,true,5
135.881,-60,false,b,true,5
148.538,-40,true,l,true,5
160,-40,false,l,true,5
198.262,-40,true,g,true,5
188.966,-60,false,g,true,5
139.432,-60,false,b,true,5
151.794,-40,true,l,true,5
160,-40,false,l,true,5
201.645,-40,true,g,true,5
192.512,-60,false,g,true,5
164.274,-60,false,b,true,5
174.889,-40,true,l,true,5
160,-40,false,l,true,5
166.605,-40,true,g,true,5
155.426,-60,false,g,true,5
141.326,-60,false,b,true,5
153.535,-40,true,l,true,5
160,-40,false,l,true,5
193.526,-40,true,g,true,5
183.99,-60,false,g,true,5
135.813,-60,false,b,true,5
148.476,-40,true,l,true,5
160,-40,false,l,true,5
207.402,-40,true,g,true,5
198.533,-60,false,g,true,5
135.733,-60,false,b,true,5
148.403,-40,true,l,true,5
160,-40,false,l,true,5
207.32,-40,true,g,true,5
198.448,-60,false,g,true,5
135.654,-60,false,b,true,5
148.331,-40,true,l,true,5
160,-40,false,l,true,5
207.238,-40,true,g,true,5
198.362,-60,false,g,true,5
135.575,-60,false,b,true,5
148.258,-40,true,l,true,5
160,-40,false,l,true,5
207.155,-40,true,g,true,5
198.276,-60,false,g,true,5
135.496,-60,false,b,true,5
148.186,-40,true,l,true,5
160,-40,false,l,true,5
207.073,-40,true,g,true,5
198.19,-60,false,g,true,5
135.417,-60,false,b,true,5
148.114,-40,true,l,true,5
160,-40,false,l,true,5
206.991,-40,true,g,true,5
198.104,-60,false,g,true,5
135.337,-60,false,b,true,5
148.041,-40,true,l,true,5
160,-40,false,l,true,5
206.909,-40,true,g,true,5
198.019,-60,false,g,true,5
135.258,-60,false,b,true,5
147.969,-40,true,l,true,5
160,-40,false,l,true,5
206.827,-40,true,g,true,5
197.933,-60,false,g,true,5
135.179,-60,false,b,true,5
147.897,-40,true,l,true,5
160,-40,false,l,true,5
206.746,-40,true,g,true,5
197.848,-60,false,g,true,5
135.101,-60,false,b,true,5
147.825,-40,true,l,true,5
160,-40,false,l,true,5
206.664,-40,true,g,true,5
197.763,-60,false,g,true,5
135.023,-60,false,b,true,5
147.754,-40,true,l,true,5
160,-40,false,l,true,5
206.583,-40,true,g,true,5
197.678,-60,false,g,true,5
139.696,-60,false,b,true,5
152.036,-40,true,l,true,5
160,-40,false,l,true,5
203.223,-40,true,g,true,5
194.164,-60,false,g,true,5
135.993,-60,false,b,true,5
148.641,-40,true,l,true,5
160,-40,false,l,true,5
199.893,-40,true,g,true,5
190.676,-60,false,g,true,5
137.126,-60,false,b,true,5
149.678,-40,true,l,true,5
160,-40,false,l,true,5
198.604,-40,true,g,true,5
189.323,-60,false,g,true,5
135.85,-60,false,b,true,5
148.51,-40,true,l,true,5
160,-40,false,l,true,5
197.319,-40,true,g,true,5
187.976,-60,false,g,true,5
139.383,-60,false,b,true,5
151.748,-40,true,l,true,5
160,-40,false,l,true,5
200.704,-40,true,g,true,5
191.526,-60,false,g,true,5
138.111,-60,false,b,true,5
150.581,-40,true,l,true,5
160,-40,false,l,true,5
199.422,-40,true,g,true,5
190.182,-60,false,g,true,5
136.846,-60,false,b,true,5
149.422,-40,true,l,true,5
160,-40,false,l,true,5
200.77,-40,true,g,true,5
191.595,-60,false,g,true,5
137.996,-60,false,b,true,5
150.476,-40,true,l,true,5
160,-40,false,l,true,5
199.478,-40,true,g,true,5
190.24,-60,false,g,true,5
136.715,-60,false,b,true,5
149.301,-40,true,l,true,5
160,-40,false,l,true,5
198.19,-40,true,g,true,5
188.889,-60,false,g,true,5
135.44,-60,false,b,true,5
148.135,-40,true,l,true,5
160,-40,false,l,true,5
196.907,-40,true,g,true,5
187.543,-60,false,g,true,5
138.973,-60,false,b,true,5
151.372,-40,true,l,true,5
160,-40,false,l,true,5
200.291,-40,true,g,true,5
191.093,-60,false,g,true,5
137.703,-60,false,b,true,5
150.207,-40,true,l,true,5
160,-40,false,l,true,5
201.65,-40,true,g,true,5
192.517,-60,false,g,true,5
138.87,-60,false,b,true,5
151.277,-40,true,l,true,5
160,-40,false,l,true,5
200.354,-40,true,g,true,5
191.159,-60,false,g,true,5
137.583,-60,false,b,true,5
150.097,-40,true,l,true,5
160,-40,false,l,true,5
199.063,-40,true,g,true,5
189.805,-60,false,g,true,5
136.304,-60,false,b,true,5
148.925,-40,true,l,true,5
160,-40,false,l,true,5
