x,z,relay,string,error,index
160,-60,false,f,true
160,-40,false,l,true
175.389,-40,true,g,true
164.807,-60,false,g,true
156.641,-60,false,b,true
196.598,-60,false,b,true
205.55,-40,true,l,true
160,-40,false,l,true
160.354,-40,true,g,true
148.705,-60,false,g,true
182.192,-60,false,b,true
191.818,-40,true,l,true
160,-40,false,l,true
172.414,-40,true,g,true
161.637,-60,false,g,true
190.31,-60,false,b,true
199.544,-40,true,l,true
160,-40,false,l,true
171.423,-40,true,g,true
160.58,-60,false,g,true
191.772,-60,false,b,true
200.939,-40,true,l,true
160,-40,false,l,true
180.074,-40,true,g,true
169.784,-60,false,g,true
197.206,-60,false,b,true
206.132,-40,true,l,true
160,-40,false,l,true
159.322,-40,true,g,true
147.592,-60,false,g,true
189.386,-60,false,b,true
198.663,-40,true,l,true
160,-40,false,l,true
169.764,-40,true,g,true
158.807,-60,false,g,true
198.191,-60,false,b,true
207.074,-40,true,l,true
160,-40,false,l,true
171.98,-40,true,g,true
161.175,-60,false,g,true
162.674,-60,false,b,true
173.386,-40,true,l,true
160,-40,false,l,true
192.287,-40,true,g,true
182.686,-60,false,g,true
184.382,-60,false,b,true
199.061,-60,false,b,true
207.907,-40,true,l,true
160,-40,false,l,true
180.438,-40,true,g,true
170.171,-60,false,g,true
199.507,-60,false,b,true
208.334,-40,true,l,true
160,-40,false,l,true
167.091,-40,true,g,true
155.946,-60,false,g,true
198.893,-60,false,b,true
207.746,-40,true,l,true
160,-40,false,l,true
174.555,-40,true,g,true
163.919,-60,false,g,true
198.977,-60,false,b,true
199.805,-60,false,b,true
208.619,-40,true,l,true
160,-40,false,l,true
172.972,-40,true,g,true
162.233,-60,false,g,true
160.514,-60,false,b,true
171.361,-40,true,l,true
160,-40,false,l,true
169.729,-40,true,g,true
158.77,-60,false,g,true
157.323,-60,false,b,true
168.377,-40,true,l,true
160,-40,false,l,true
188.529,-40,true,g,true
178.727,-60,false,g,true
175.526,-60,false,b,true
185.498,-40,true,l,true
160,-40,false,l,true
188.811,-40,true,g,true
179.024,-60,false,g,true
175.839,-60,false,b,true
185.794,-40,true,l,true
160,-40,false,l,true
171.534,-40,true,g,true
160.698,-60,false,g,true
159.099,-60,false,b,true
170.037,-40,true,l,true
160,-40,false,l,true
190.359,-40,true,g,true
180.656,-60,false,g,true
177.338,-60,false,b,true
187.213,-40,true,l,true
160,-40,false,l,true
190.641,-40,true,g,true
180.952,-60,false,g,true
178.105,-60,false,b,true
197.914,-60,false,b,true
206.809,-40,true,l,true
160,-40,false,l,true
174.239,-40,true,g,true
163.583,-60,false,g,true
162.299,-60,false,b,true
173.035,-40,true,l,true
160,-40,false,l,true
165.307,-40,true,g,true
154.034,-60,false,g,true
197.787,-60,false,b,true
206.688,-40,true,l,true
160,-40,false,l,true
174.275,-40,true,g,true
163.621,-60,false,g,true
162.41,-60,false,b,true
173.138,-40,true,l,true
160,-40,false,l,true
165.346,-40,true,g,true
154.075,-60,false,g,true
197.883,-60,false,b,true
206.779,-40,true,l,true
160,-40,false,l,true
174.312,-40,true,g,true
163.66,-60,false,g,true
162.52,-60,false,b,true
173.242,-40,true,l,true
160,-40,false,l,true
165.385,-40,true,g,true
154.117,-60,false,g,true
197.979,-60,false,b,true
206.871,-40,true,l,true
160,-40,false,l,true
174.349,-40,true,g,true
163.7,-60,false,g,true
162.631,-60,false,b,true
173.346,-40,true,l,true
160,-40,false,l,true
165.424,-40,true,g,true
154.159,-60,false,g,true
198.075,-60,false,b,true
206.963,-40,true,l,true
160,-40,false,l,true
174.386,-40,true,g,true
163.739,-60,false,g,true
162.742,-60,false,b,true
173.451,-40,true,l,true
160,-40,false,l,true
165.463,-40,true,g,true
154.201,-60,false,g,true
198.171,-60,false,b,true
207.055,-40,true,l,true
160,-40,false,l,true
174.424,-40,true,g,true
163.779,-60,false,g,true
162.854,-60,false,b,true
173.555,-40,true,l,true
160,-40,false,l,true
165.503,-40,true,g,true
154.244,-60,false,g,true
198.267,-60,false,b,true
207.147,-40,true,l,true
160,-40,false,l,true
174.461,-40,true,g,true
163.819,-60,false,g,true
162.191,-60,false,b,true
185.419,-60,false,b,true
194.885,-40,true,l,true
160,-40,false,l,true
175.809,-40,true,g,true
165.254,-60,false,g,true
197.014,-60,false,b,true
205.948,-40,true,l,true
160,-40,false,l,true
157.131,-40,true,g,true
145.224,-60,false,g,true
145.439,-60,false,b,true
174.142,-60,false,b,true
198.826,-60,false,b,true
207.682,-40,true,l,true
160,-40,false,l,true
170.48,-40,true,g,true
159.572,-60,false,g,true
188.332,-60,false,b,true
197.428,-60,false,b,true
206.344,-40,true,l,true
160,-40,false,l,true
166.865,-40,true,g,true
155.704,-60,false,g,true
158.859,-60,false,b,true
194.378,-60,false,b,true
203.428,-40,true,l,true
160,-40,false,l,true
167.55,-40,true,g,true
156.439,-60,false,g,true
195.806,-60,false,b,true
204.793,-40,true,l,true
160,-40,false,l,true
165.882,-40,true,g,true
154.651,-60,false,g,true
197.339,-60,false,b,true
206.259,-40,true,l,true
160,-40,false,l,true
199.162,-40,true,g,true
189.909,-60,false,g,true
190.993,-60,false,b,true
200.196,-40,true,l,true
160,-40,false,l,true
172.585,-40,true,g,true
161.819,-60,false,g,true
160.221,-60,false,b,true
171.087,-40,true,l,true
160,-40,false,l,true
191.421,-40,true,g,true
181.775,-60,false,g,true
178.468,-60,false,b,true
197.698,-60,false,b,true
206.602,-40,true,l,true
160,-40,false,l,true
175.014,-40,true,g,true
164.407,-60,false,g,true
162.565,-60,false,b,true
173.284,-40,true,l,true
160,-40,false,l,true
171.765,-40,true,g,true
160.945,-60,false,g,true
159.381,-60,false,b,true
170.301,-40,true,l,true
160,-40,false,l,true
190.592,-40,true,g,true
180.901,-60,false,g,true
177.617,-60,false,b,true
187.478,-40,true,l,true
160,-40,false,l,true
190.875,-40,true,g,true
181.199,-60,false,g,true
178.385,-60,false,b,true
198.199,-60,false,b,true
207.082,-40,true,l,true
160,-40,false,l,true
174.471,-40,true,g,true
163.829,-60,false,g,true
162.583,-60,false,b,true
173.301,-40,true,l,true
160,-40,false,l,true
165.539,-40,true,g,true
154.282,-60,false,g,true
198.065,-60,false,b,true
206.954,-40,true,l,true
160,-40,false,l,true
174.507,-40,true,g,true
163.868,-60,false,g,true
162.693,-60,false,b,true
173.404,-40,true,l,true
160,-40,false,l,true
165.577,-40,true,g,true
154.324,-60,false,g,true
198.161,-60,false,b,true
207.045,-40,true,l,true
160,-40,false,l,true
174.544,-40,true,g,true
163.907,-60,false,g,true
162.803,-60,false,b,true
173.508,-40,true,l,true
160,-40,false,l,true
165.616,-40,true,g,true
154.366,-60,false,g,true
198.257,-60,false,b,true
207.137,-40,true,l,true
160,-40,false,l,true
174.581,-40,true,g,true
163.947,-60,false,g,true
162.914,-60,false,b,true
173.611,-40,true,l,true
160,-40,false,l,true
165.655,-40,true,g,true
154.408,-60,false,g,true
198.352,-60,false,b,true
207.229,-40,true,l,true
160,-40,false,l,true
174.618,-40,true,g,true
163.986,-60,false,g,true
163.025,-60,false,b,true
173.716,-40,true,l,true
160,-40,false,l,true
165.695,-40,true,g,true
154.45,-60,false,g,true
198.448,-60,false,b,true
207.32,-40,true,l,true
160,-40,false,l,true
175.156,-40,true,g,true
164.558,-60,false,g,true
193.634,-60,false,b,true
202.717,-40,true,l,true
160,-40,false,l,true
165.734,-40,true,g,true
154.492,-60,false,g,true
198.545,-60,false,b,true
207.412,-40,true,l,true
160,-40,false,l,true
175.288,-40,true,g,true
164.7,-60,false,g,true
190.838,-60,false,b,true
200.048,-40,true,l,true
160,-40,false,l,true
172.407,-40,true,g,true
161.63,-60,false,g,true
160.918,-60,false,b,true
182.16,-60,false,b,true
191.787,-40,true,l,true
160,-40,false,l,true
171.6,-40,true,g,true
160.769,-60,false,g,true
186.235,-60,false,b,true
195.661,-40,true,l,true
160,-40,false,l,true
158.219,-40,true,g,true
146.401,-60,false,g,true
199.535,-60,false,b,true
208.361,-40,true,l,true
160,-40,false,l,true
159.658,-40,true,g,true
147.955,-60,false,g,true
194.827,-60,false,b,true
203.856,-40,true,l,true
160,-40,false,l,true
179.611,-40,true,g,true
169.293,-60,false,g,true
197.791,-60,false,b,true
206.691,-40,true,l,true
160,-40,false,l,true
173.554,-40,true,g,true
162.853,-60,false,g,true
197.885,-60,false,b,true
206.781,-40,true,l,true
160,-40,false,l,true
173.624,-40,true,g,true
162.928,-60,false,g,true
197.978,-60,false,b,true
206.87,-40,true,l,true
160,-40,false,l,true
173.695,-40,true,g,true
163.003,-60,false,g,true
198.072,-60,false,b,true
206.96,-40,true,l,true
160,-40,false,l,true
173.765,-40,true,g,true
163.078,-60,false,g,true
198.165,-60,false,b,true
207.049,-40,true,l,true
160,-40,false,l,true
173.836,-40,true,g,true
163.153,-60,false,g,true
198.259,-60,false,b,true
207.139,-40,true,l,true
160,-40,false,l,true
173.907,-40,true,g,true
163.228,-60,false,g,true
198.352,-60,false,b,true
207.228,-40,true,l,true
160,-40,false,l,true
173.977,-40,true,g,true
163.303,-60,false,g,true
198.446,-60,false,b,true
207.318,-40,true,l,true
160,-40,false,l,true
174.048,-40,true,g,true
163.379,-60,false,g,true
198.539,-60,false,b,true
207.407,-40,true,l,true
160,-40,false,l,true
174.118,-40,true,g,true
163.454,-60,false,g,true
198.632,-60,false,b,true
207.496,-40,true,l,true
160,-40,false,l,true
174.188,-40,true,g,true
163.528,-60,false,g,true
198.725,-60,false,b,true
207.585,-40,true,l,true
160,-40,false,l,true
174.258,-40,true,g,true
163.603,-60,false,g,true
195.567,-60,false,b,true
204.564,-40,true,l,true
160,-40,false,l,true
172.916,-40,true,g,true
162.173,-60,false,g,true
195.287,-60,false,b,true
204.296,-40,true,l,true
160,-40,false,l,true
171.664,-40,true,g,true
160.837,-60,false,g,true
191.757,-60,false,b,true
200.924,-40,true,l,true
160,-40,false,l,true
172.818,-40,true,g,true
162.068,-60,false,g,true
193.218,-60,false,b,true
202.32,-40,true,l,true
160,-40,false,l,true
173.978,-40,true,g,true
163.305,-60,false,g,true
191.39,-60,false,b,true
200.574,-40,true,l,true
160,-40,false,l,true
173.032,-40,true,g,true
162.297,-60,false,g,true
192.842,-60,false,b,true
201.961,-40,true,l,true
160,-40,false,l,true
174.179,-40,true,g,true
163.518,-60,false,g,true
194.298,-60,false,b,true
203.351,-40,true,l,true
160,-40,false,l,true
170.887,-40,true,g,true
160.007,-60,false,g,true
190.767,-60,false,b,true
199.98,-40,true,l,true
160,-40,false,l,true
172.035,-40,true,g,true
161.232,-60,false,g,true
192.227,-60,false,b,true
201.373,-40,true,l,true
160,-40,false,l,true
173.19,-40,true,g,true
162.465,-60,false,g,true
193.689,-60,false,b,true
202.769,-40,true,l,true
160,-40,false,l,true
174.353,-40,true,g,true
163.704,-60,false,g,true
191.857,-60,false,b,true
201.02,-40,true,l,true
160,-40,false,l,true
173.4,-40,true,g,true
162.689,-60,false,g,true
193.31,-60,false,b,true
202.408,-40,true,l,true
160,-40,false,l,true
170.112,-40,true,g,true
159.18,-60,false,g,true
189.779,-60,false,b,true
199.037,-40,true,l,true
160,-40,false,l,true
171.255,-40,true,g,true
160.4,-60,false,g,true
191.236,-60,false,b,true
200.428,-40,true,l,true
160,-40,false,l,true
172.405,-40,true,g,true
161.628,-60,false,g,true
192.697,-60,false,b,true
201.822,-40,true,l,true
160,-40,false,l,true
