x,z,relay,string,error,index
160,-60,false,f,true
197.667,-60,false,b,true
206.572,-40,true,l,true
160,-40,false,l,true
149.168,-40,true,g,true
136.569,-60,false,g,true
184.197,-60,false,b,true
193.723,-40,true,l,true
160,-40,false,l,true
198.709,-40,true,g,true
189.434,-60,false,g,true
190.578,-60,false,b,true
199.799,-40,true,l,true
160,-40,false,l,true
159.935,-40,true,g,true
148.254,-60,false,g,true
179.273,-60,false,b,true
189.047,-40,true,l,true
160,-40,false,l,true
190.966,-40,true,g,true
181.295,-60,false,g,true
178.03,-60,false,b,true
197.362,-60,false,b,true
206.281,-40,true,l,true
160,-40,false,l,true
168.137,-40,true,g,true
157.067,-60,false,g,true
196.412,-60,false,b,true
205.372,-40,true,l,true
160,-40,false,l,true
185.423,-40,true,g,true
175.447,-60,false,g,true
180.847,-60,false,b,true
190.54,-40,true,l,true
160,-40,false,l,true
172.866,-40,true,g,true
162.119,-60,false,g,true
190.795,-60,false,b,true
200.007,-40,true,l,true
160,-40,false,l,true
158.348,-40,true,g,true
146.541,-60,false,g,true
181.285,-60,false,b,true
190.956,-40,true,l,true
160,-40,false,l,true
159.13,-40,true,g,true
147.386,-60,false,g,true
195.432,-60,false,b,true
204.435,-40,true,l,true
160,-40,false,l,true
165.781,-40,true,g,true
154.543,-60,false,g,true
158.983,-60,false,b,true
169.928,-40,true,l,true
160,-40,false,l,true
204.514,-40,true,g,true
195.515,-60,false,g,true
193.165,-60,false,b,true
199.257,-60,false,b,true
208.095,-40,true,l,true
160,-40,false,l,true
179.212,-40,true,g,true
168.87,-60,false,g,true
197.275,-60,false,b,true
206.197,-40,true,l,true
160,-40,false,l,true
199.684,-40,true,g,true
190.456,-60,false,g,true
189.096,-60,false,b,true
198.387,-40,true,l,true
160,-40,false,l,true
200.827,-40,true,g,true
191.654,-60,false,g,true
189.878,-60,false,b,true
199.133,-40,true,l,true
160,-40,false,l,true
201.166,-40,true,g,true
192.01,-60,false,g,true
190.671,-60,false,b,true
199.889,-40,true,l,true
160,-40,false,l,true
198.767,-40,true,g,true
189.495,-60,false,g,true
187.543,-60,false,b,true
196.907,-40,true,l,true
160,-40,false,l,true
199.099,-40,true,g,true
189.843,-60,false,g,true
188.334,-60,false,b,true
197.66,-40,true,l,true
160,-40,false,l,true
199.443,-40,true,g,true
190.204,-60,false,g,true
189.135,-60,false,b,true
198.424,-40,true,l,true
160,-40,false,l,true
208.159,-40,true,g,true
199.324,-60,false,g,true
188.727,-60,false,b,true
198.035,-40,true,l,true
160,-40,false,l,true
158.312,-40,true,g,true
146.501,-60,false,g,true
193.449,-60,false,b,true
202.54,-40,true,l,true
160,-40,false,l,true
179.246,-40,true,g,true
168.906,-60,false,g,true
167.786,-60,false,b,true
178.191,-40,true,l,true
160,-40,false,l,true
158.346,-40,true,g,true
146.538,-60,false,g,true
193.547,-60,false,b,true
202.634,-40,true,l,true
160,-40,false,l,true
179.282,-40,true,g,true
168.944,-60,false,g,true
167.899,-60,false,b,true
178.297,-40,true,l,true
160,-40,false,l,true
158.38,-40,true,g,true
146.575,-60,false,g,true
193.645,-60,false,b,true
202.727,-40,true,l,true
160,-40,false,l,true
179.318,-40,true,g,true
168.982,-60,false,g,true
168.012,-60,false,b,true
178.404,-40,true,l,true
160,-40,false,l,true
158.415,-40,true,g,true
146.613,-60,false,g,true
193.743,-60,false,b,true
202.821,-40,true,l,true
160,-40,false,l,true
179.354,-40,true,g,true
169.02,-60,false,g,true
168.125,-60,false,b,true
178.511,-40,true,l,true
160,-40,false,l,true
158.45,-40,true,g,true
146.651,-60,false,g,true
193.841,-60,false,b,true
202.915,-40,true,l,true
160,-40,false,l,true
179.39,-40,true,g,true
169.059,-60,false,g,true
168.238,-60,false,b,true
178.617,-40,true,l,true
160,-40,false,l,true
158.485,-40,true,g,true
146.689,-60,false,g,true
193.94,-60,false,b,true
203.009,-40,true,l,true
160,-40,false,l,true
179.427,-40,true,g,true
169.098,-60,false,g,true
168.352,-60,false,b,true
178.724,-40,true,l,true
160,-40,false,l,true
162.977,-40,true,g,true
151.53,-60,false,g,true
148.272,-60,false,b,true
159.952,-40,true,l,true
160,-40,false,l,true
193.554,-40,true,g,true
184.02,-60,false,g,true
181.634,-60,false,b,true
191.287,-40,true,l,true
160,-40,false,l,true
173.122,-40,true,g,true
162.392,-60,false,g,true
160.527,-60,false,b,true
183.718,-60,false,b,true
198.248,-60,false,b,true
207.129,-40,true,l,true
160,-40,false,l,true
200.23,-40,true,g,true
191.029,-60,false,g,true
188.86,-60,false,b,true
197.025,-60,false,b,true
205.958,-40,true,l,true
160,-40,false,l,true
183.295,-40,true,g,true
173.196,-60,false,g,true
197.896,-60,false,b,true
206.792,-40,true,l,true
160,-40,false,l,true
194.934,-40,true,g,true
185.47,-60,false,g,true
183.323,-60,false,b,true
192.892,-40,true,l,true
160,-40,false,l,true
191.319,-40,true,g,true
181.668,-60,false,g,true
178.774,-60,false,b,true
188.574,-40,true,l,true
160,-40,false,l,true
172.14,-40,true,g,true
161.345,-60,false,g,true
190.115,-60,false,b,true
199.359,-40,true,l,true
160,-40,false,l,true
198.194,-40,true,g,true
188.894,-60,false,g,true
187.607,-60,false,b,true
196.968,-40,true,l,true
160,-40,false,l,true
206.608,-40,true,g,true
197.704,-60,false,g,true
187.167,-60,false,b,true
196.549,-40,true,l,true
160,-40,false,l,true
172.491,-40,true,g,true
161.719,-60,false,g,true
190.296,-60,false,b,true
199.531,-40,true,l,true
160,-40,false,l,true
198.938,-40,true,g,true
189.675,-60,false,g,true
188.24,-60,false,b,true
197.571,-40,true,l,true
160,-40,false,l,true
199.285,-40,true,g,true
190.038,-60,false,g,true
189.044,-60,false,b,true
198.337,-40,true,l,true
160,-40,false,l,true
208.16,-40,true,g,true
199.325,-60,false,g,true
188.807,-60,false,b,true
198.111,-40,true,l,true
160,-40,false,l,true
158.147,-40,true,g,true
146.323,-60,false,g,true
193.348,-60,false,b,true
202.444,-40,true,l,true
160,-40,false,l,true
179.079,-40,true,g,true
168.729,-60,false,g,true
167.708,-60,false,b,true
178.118,-40,true,l,true
160,-40,false,l,true
158.182,-40,true,g,true
146.361,-60,false,g,true
193.446,-60,false,b,true
202.537,-40,true,l,true
160,-40,false,l,true
179.115,-40,true,g,true
168.767,-60,false,g,true
167.821,-60,false,b,true
178.224,-40,true,l,true
160,-40,false,l,true
158.216,-40,true,g,true
146.398,-60,false,g,true
193.544,-60,false,b,true
202.631,-40,true,l,true
160,-40,false,l,true
179.151,-40,true,g,true
168.805,-60,false,g,true
167.934,-60,false,b,true
178.331,-40,true,l,true
160,-40,false,l,true
158.251,-40,true,g,true
146.436,-60,false,g,true
193.642,-60,false,b,true
202.725,-40,true,l,true
160,-40,false,l,true
179.188,-40,true,g,true
168.844,-60,false,g,true
168.047,-60,false,b,true
178.437,-40,true,l,true
160,-40,false,l,true
158.286,-40,true,g,true
146.474,-60,false,g,true
193.741,-60,false,b,true
202.819,-40,true,l,true
160,-40,false,l,true
179.224,-40,true,g,true
168.883,-60,false,g,true
168.161,-60,false,b,true
178.544,-40,true,l,true
160,-40,false,l,true
158.322,-40,true,g,true
146.512,-60,false,g,true
193.839,-60,false,b,true
202.913,-40,true,l,true
160,-40,false,l,true
179.261,-40,true,g,true
168.922,-60,false,g,true
168.274,-60,false,b,true
178.651,-40,true,l,true
160,-40,false,l,true
170.445,-40,true,g,true
159.535,-60,false,g,true
188.071,-60,false,b,true
197.41,-40,true,l,true
160,-40,false,l,true
204.844,-40,true,g,true
195.859,-60,false,g,true
194.561,-60,false,b,true
203.602,-40,true,l,true
160,-40,false,l,true
202.431,-40,true,g,true
193.335,-60,false,g,true
191.436,-60,false,b,true
200.618,-40,true,l,true
160,-40,false,l,true
173.964,-40,true,g,true
163.289,-60,false,g,true
185.656,-60,false,b,true
195.11,-40,true,l,true
160,-40,false,l,true
164.041,-40,true,g,true
152.674,-60,false,g,true
196.619,-60,false,b,true
205.57,-40,true,l,true
160,-40,false,l,true
173.691,-40,true,g,true
162.999,-60,false,g,true
197.956,-60,false,b,true
206.849,-40,true,l,true
160,-40,false,l,true
173.762,-40,true,g,true
163.074,-60,false,g,true
198.05,-60,false,b,true
206.939,-40,true,l,true
160,-40,false,l,true
173.832,-40,true,g,true
163.149,-60,false,g,true
198.143,-60,false,b,true
207.028,-40,true,l,true
160,-40,false,l,true
173.903,-40,true,g,true
163.224,-60,false,g,true
198.236,-60,false,b,true
207.118,-40,true,l,true
160,-40,false,l,true
173.973,-40,true,g,true
163.299,-60,false,g,true
198.33,-60,false,b,true
207.207,-40,true,l,true
160,-40,false,l,true
174.044,-40,true,g,true
163.374,-60,false,g,true
198.423,-60,false,b,true
207.296,-40,true,l,true
160,-40,false,l,true
174.114,-40,true,g,true
163.449,-60,false,g,true
198.517,-60,false,b,true
207.386,-40,true,l,true
160,-40,false,l,true
174.185,-40,true,g,true
163.525,-60,false,g,true
198.61,-60,false,b,true
207.475,-40,true,l,true
160,-40,false,l,true
174.255,-40,true,g,true
163.6,-60,false,g,true
198.703,-60,false,b,true
207.565,-40,true,l,true
160,-40,false,l,true
174.325,-40,true,g,true
163.674,-60,false,g,true
198.796,-60,false,b,true
207.653,-40,true,l,true
160,-40,false,l,true
174.395,-40,true,g,true
163.749,-60,false,g,true
198.889,-60,false,b,true
207.742,-40,true,l,true
160,-40,false,l,true
184.891,-40,true,g,true
174.885,-60,false,g,true
172.064,-60,false,b,true
182.225,-40,true,l,true
160,-40,false,l,true
207.47,-40,true,g,true
198.605,-60,false,g,true
194.175,-60,false,b,true
203.233,-40,true,l,true
160,-40,false,l,true
189.997,-40,true,g,true
180.274,-60,false,g,true
176.966,-60,false,b,true
186.861,-40,true,l,true
160,-40,false,l,true
190.279,-40,true,g,true
180.571,-60,false,g,true
177.734,-60,false,b,true
187.588,-40,true,l,true
160,-40,false,l,true
169.466,-40,true,g,true
158.489,-60,false,g,true
157.227,-60,false,b,true
168.287,-40,true,l,true
160,-40,false,l,true
188.257,-40,true,g,true
178.439,-60,false,g,true
175.402,-60,false,b,true
185.38,-40,true,l,true
160,-40,false,l,true
188.543,-40,true,g,true
178.741,-60,false,g,true
175.704,-60,false,b,true
185.666,-40,true,l,true
160,-40,false,l,true
171.27,-40,true,g,true
160.417,-60,false,g,true
159.001,-60,false,b,true
169.945,-40,true,l,true
160,-40,false,l,true
190.086,-40,true,g,true
180.369,-60,false,g,true
177.212,-60,false,b,true
187.094,-40,true,l,true
160,-40,false,l,true
190.372,-40,true,g,true
180.67,-60,false,g,true
177.984,-60,false,b,true
187.825,-40,true,l,true
160,-40,false,l,true
188.07,-40,true,g,true
178.243,-60,false,g,true
174.881,-60,false,b,true
184.888,-40,true,l,true
160,-40,false,l,true
188.347,-40,true,g,true
178.535,-60,false,g,true
175.203,-60,false,b,true
185.192,-40,true,l,true
160,-40,false,l,true
171.074,-40,true,g,true
160.207,-60,false,g,true
158.436,-60,false,b,true
169.417,-40,true,l,true
160,-40,false,l,true
189.9,-40,true,g,true
180.172,-60,false,g,true
176.695,-60,false,b,true
186.604,-40,true,l,true
160,-40,false,l,true
173.726,-40,true,g,true
163.036,-60,false,g,true
190.16,-60,false,b,true
