x,z,relay,string,error,index
160,-60,false,f,true
197.667,-60,false,b,true
157.904,-60,false,b,true
168.919,-40,true,l,true
160,-40,false,l,true
166.422,-40,true,g,true
155.23,-60,false,g,true
145.866,-60,false,b,true
157.724,-40,true,l,true
160,-40,false,l,true
157.376,-40,true,g,true
145.489,-60,false,g,true
182.181,-60,false,b,true
191.807,-40,true,l,true
160,-40,false,l,true
162.994,-40,true,g,true
151.549,-60,false,g,true
182.939,-60,false,b,true
192.527,-40,true,l,true
160,-40,false,l,true
168.66,-40,true,g,true
157.627,-60,false,g,true
156.545,-60,false,b,true
181.174,-60,false,b,true
176.255,-60,false,b,true
186.188,-40,true,l,true
160,-40,false,l,true
156.906,-40,true,g,true
144.981,-60,false,g,true
140.085,-60,false,b,true
152.393,-40,true,l,true
160,-40,false,l,true
154.241,-40,true,g,true
142.092,-60,false,g,true
147.211,-60,false,b,true
158.969,-40,true,l,true
160,-40,false,l,true
206.943,-40,true,g,true
198.054,-60,false,g,true
145.606,-60,false,b,true
166.884,-60,false,b,true
162.959,-60,false,b,true
173.653,-40,true,l,true
160,-40,false,l,true
164.409,-40,true,g,true
153.069,-60,false,g,true
145.308,-60,false,b,true
180.287,-60,false,b,true
190.009,-40,true,l,true
160,-40,false,l,true
157.973,-40,true,g,true
146.135,-60,false,g,true
136.12,-60,false,b,true
156.401,-60,false,b,true
167.515,-40,true,l,true
160,-40,false,l,true
190.298,-40,true,g,true
180.592,-60,false,g,true
168.308,-60,false,b,true
170.091,-60,false,b,true
180.364,-40,true,l,true
160,-40,false,l,true
156.256,-40,true,g,true
144.277,-60,false,g,true
170.92,-60,false,b,true
181.145,-40,true,l,true
160,-40,false,l,true
154.441,-40,true,g,true
142.31,-60,false,g,true
171.406,-60,false,b,true
181.604,-40,true,l,true
160,-40,false,l,true
154.462,-40,true,g,true
142.332,-60,false,g,true
171.905,-60,false,b,true
182.075,-40,true,l,true
160,-40,false,l,true
156.202,-40,true,g,true
144.219,-60,false,g,true
172.826,-60,false,b,true
182.944,-40,true,l,true
160,-40,false,l,true
156.208,-40,true,g,true
144.225,-60,false,g,true
173.308,-60,false,b,true
183.401,-40,true,l,true
160,-40,false,l,true
156.231,-40,true,g,true
144.25,-60,false,g,true
173.805,-60,false,b,true
183.87,-40,true,l,true
160,-40,false,l,true
156.27,-40,true,g,true
144.293,-60,false,g,true
136.35,-60,false,b,true
190.964,-60,false,b,true
200.168,-40,true,l,true
160,-40,false,l,true
157.291,-40,true,g,true
145.398,-60,false,g,true
137.853,-60,false,b,true
150.345,-40,true,l,true
160,-40,false,l,true
155.773,-40,true,g,true
143.754,-60,false,g,true
182.437,-60,false,b,true
192.05,-40,true,l,true
160,-40,false,l,true
157.299,-40,true,g,true
145.406,-60,false,g,true
137.96,-60,false,b,true
150.443,-40,true,l,true
160,-40,false,l,true
155.787,-40,true,g,true
143.769,-60,false,g,true
182.518,-60,false,b,true
192.127,-40,true,l,true
160,-40,false,l,true
157.307,-40,true,g,true
145.415,-60,false,g,true
138.067,-60,false,b,true
150.541,-40,true,l,true
160,-40,false,l,true
155.801,-40,true,g,true
143.785,-60,false,g,true
182.599,-60,false,b,true
192.204,-40,true,l,true
160,-40,false,l,true
157.316,-40,true,g,true
145.424,-60,false,g,true
138.174,-60,false,b,true
150.639,-40,true,l,true
160,-40,false,l,true
155.672,-40,true,g,true
143.644,-60,false,g,true
175.855,-60,false,b,true
185.809,-40,true,l,true
160,-40,false,l,true
157.324,-40,true,g,true
145.433,-60,false,g,true
138.282,-60,false,b,true
150.738,-40,true,l,true
160,-40,false,l,true
155.66,-40,true,g,true
143.632,-60,false,g,true
175.916,-60,false,b,true
185.867,-40,true,l,true
160,-40,false,l,true
157.333,-40,true,g,true
145.443,-60,false,g,true
138.39,-60,false,b,true
150.837,-40,true,l,true
160,-40,false,l,true
155.648,-40,true,g,true
143.619,-60,false,g,true
175.977,-60,false,b,true
185.925,-40,true,l,true
160,-40,false,l,true
158.974,-40,true,g,true
147.216,-60,false,g,true
137.832,-60,false,b,true
158.194,-60,false,b,true
169.19,-40,true,l,true
160,-40,false,l,true
161.56,-40,true,g,true
150.006,-60,false,g,true
182.94,-60,false,b,true
192.528,-40,true,l,true
160,-40,false,l,true
158.977,-40,true,g,true
147.22,-60,false,g,true
137.934,-60,false,b,true
150.419,-40,true,l,true
160,-40,false,l,true
168.893,-40,true,g,true
157.876,-60,false,g,true
155.928,-60,false,b,true
179.683,-60,false,b,true
176.597,-60,false,b,true
177.828,-60,false,b,true
187.677,-40,true,l,true
160,-40,false,l,true
153.787,-40,true,g,true
141.599,-60,false,g,true
178.062,-60,false,b,true
187.899,-40,true,l,true
160,-40,false,l,true
156.567,-40,true,g,true
144.614,-60,false,g,true
138.03,-60,false,b,true
150.507,-40,true,l,true
160,-40,false,l,true
166.64,-40,true,g,true
155.463,-60,false,g,true
150.189,-60,false,b,true
162.563,-60,false,b,true
173.282,-40,true,l,true
160,-40,false,l,true
163.099,-40,true,g,true
151.661,-60,false,g,true
183.837,-60,false,b,true
193.38,-40,true,l,true
160,-40,false,l,true
159.027,-40,true,g,true
147.273,-60,false,g,true
173.961,-60,false,b,true
184.018,-40,true,l,true
160,-40,false,l,true
157.195,-40,true,g,true
145.294,-60,false,g,true
174.445,-60,false,b,true
184.475,-40,true,l,true
160,-40,false,l,true
157.222,-40,true,g,true
145.323,-60,false,g,true
136.655,-60,false,b,true
191.33,-60,false,b,true
200.517,-40,true,l,true
160,-40,false,l,true
158.235,-40,true,g,true
146.418,-60,false,g,true
173.087,-60,false,b,true
183.191,-40,true,l,true
160,-40,false,l,true
156.408,-40,true,g,true
144.442,-60,false,g,true
173.571,-60,false,b,true
183.649,-40,true,l,true
160,-40,false,l,true
156.433,-40,true,g,true
144.469,-60,false,g,true
174.069,-60,false,b,true
184.119,-40,true,l,true
160,-40,false,l,true
156.475,-40,true,g,true
144.514,-60,false,g,true
136.632,-60,false,b,true
191.244,-60,false,b,true
200.435,-40,true,l,true
160,-40,false,l,true
157.497,-40,true,g,true
145.62,-60,false,g,true
138.135,-60,false,b,true
150.603,-40,true,l,true
160,-40,false,l,true
155.983,-40,true,g,true
143.982,-60,false,g,true
182.709,-60,false,b,true
192.308,-40,true,l,true
160,-40,false,l,true
157.505,-40,true,g,true
145.629,-60,false,g,true
138.242,-60,false,b,true
150.701,-40,true,l,true
160,-40,false,l,true
155.998,-40,true,g,true
143.998,-60,false,g,true
182.789,-60,false,b,true
192.385,-40,true,l,true
160,-40,false,l,true
157.513,-40,true,g,true
145.638,-60,false,g,true
138.349,-60,false,b,true
150.799,-40,true,l,true
160,-40,false,l,true
156.012,-40,true,g,true
144.013,-60,false,g,true
182.87,-60,false,b,true
192.462,-40,true,l,true
160,-40,false,l,true
157.522,-40,true,g,true
145.647,-60,false,g,true
138.456,-60,false,b,true
150.897,-40,true,l,true
160,-40,false,l,true
156.027,-40,true,g,true
144.03,-60,false,g,true
182.952,-60,false,b,true
192.539,-40,true,l,true
160,-40,false,l,true
157.531,-40,true,g,true
145.657,-60,false,g,true
138.563,-60,false,b,true
150.996,-40,true,l,true
160,-40,false,l,true
155.848,-40,true,g,true
143.835,-60,false,g,true
176.177,-60,false,b,true
186.113,-40,true,l,true
160,-40,false,l,true
157.54,-40,true,g,true
145.667,-60,false,g,true
138.671,-60,false,b,true
151.095,-40,true,l,true
160,-40,false,l,true
155.836,-40,true,g,true
143.823,-60,false,g,true
176.238,-60,false,b,true
186.171,-40,true,l,true
160,-40,false,l,true
186.596,-40,true,g,true
176.686,-60,false,g,true
174.242,-60,false,b,true
141.947,-60,false,b,true
154.107,-40,true,l,true
160,-40,false,l,true
153.058,-40,true,g,true
140.807,-60,false,g,true
141.961,-60,false,b,true
154.12,-40,true,l,true
160,-40,false,l,true
156.035,-40,true,g,true
144.038,-60,false,g,true
144.393,-60,false,b,true
156.363,-40,true,l,true
160,-40,false,l,true
154.845,-40,true,g,true
142.748,-60,false,g,true
135.667,-60,false,b,true
148.343,-40,true,l,true
160,-40,false,l,true
171.157,-40,true,g,true
160.295,-60,false,g,true
152.463,-60,false,b,true
163.844,-40,true,l,true
160,-40,false,l,true
170.233,-40,true,g,true
159.308,-60,false,g,true
162.445,-60,false,b,true
173.172,-40,true,l,true
160,-40,false,l,true
170.182,-40,true,g,true
159.254,-60,false,g,true
162.431,-60,false,b,true
173.158,-40,true,l,true
160,-40,false,l,true
170.131,-40,true,g,true
159.199,-60,false,g,true
162.416,-60,false,b,true
173.144,-40,true,l,true
160,-40,false,l,true
170.08,-40,true,g,true
159.145,-60,false,g,true
162.401,-60,false,b,true
173.13,-40,true,l,true
160,-40,false,l,true
170.029,-40,true,g,true
159.091,-60,false,g,true
162.387,-60,false,b,true
173.117,-40,true,l,true
160,-40,false,l,true
169.978,-40,true,g,true
159.036,-60,false,g,true
162.372,-60,false,b,true
173.103,-40,true,l,true
160,-40,false,l,true
169.927,-40,true,g,true
158.982,-60,false,g,true
162.358,-60,false,b,true
173.09,-40,true,l,true
160,-40,false,l,true
169.877,-40,true,g,true
158.928,-60,false,g,true
162.343,-60,false,b,true
173.076,-40,true,l,true
160,-40,false,l,true
169.826,-40,true,g,true
158.874,-60,false,g,true
162.329,-60,false,b,true
173.063,-40,true,l,true
160,-40,false,l,true
169.776,-40,true,g,true
158.82,-60,false,g,true
162.315,-60,false,b,true
173.049,-40,true,l,true
160,-40,false,l,true
169.726,-40,true,g,true
158.767,-60,false,g,true
162.301,-60,false,b,true
173.036,-40,true,l,true
160,-40,false,l,true
173.47,-40,true,g,true
162.764,-60,false,g,true
162.083,-60,false,b,true
172.832,-40,true,l,true
160,-40,false,l,true
169.625,-40,true,g,true
158.659,-60,false,g,true
157.972,-60,false,b,true
168.983,-40,true,l,true
160,-40,false,l,true
169.648,-40,true,g,true
158.684,-60,false,g,true
157.581,-60,false,b,true
168.618,-40,true,l,true
160,-40,false,l,true
168.811,-40,true,g,true
157.788,-60,false,g,true
157.206,-60,false,b,true
168.267,-40,true,l,true
160,-40,false,l,true
171.848,-40,true,g,true
161.033,-60,false,g,true
159.765,-60,false,b,true
170.66,-40,true,l,true
160,-40,false,l,true
171.008,-40,true,g,true
160.137,-60,false,g,true
159.381,-60,false,b,true
170.3,-40,true,l,true
160,-40,false,l,true
170.18,-40,true,g,true
159.252,-60,false,g,true
158.246,-60,false,b,true
169.239,-40,true,l,true
160,-40,false,l,true
170.223,-40,true,g,true
159.298,-60,false,g,true
157.845,-60,false,b,true
168.864,-40,true,l,true
160,-40,false,l,true
169.378,-40,true,g,true
158.394,-60,false,g,true
157.459,-60,false,b,true
168.503,-40,true,l,true
160,-40,false,l,true
168.544,-40,true,g,true
157.502,-60,false,g,true
157.089,-60,false,b,true
168.157,-40,true,l,true
160,-40,false,l,true
171.576,-40,true,g,true
160.743,-60,false,g,true
159.639,-60,false,b,true
170.542,-40,true,l,true
160,-40,false,l,true
170.74,-40,true,g,true
159.851,-60,false,g,true
158.528,-60,false,b,true
169.502,-40,true,l,true
160,-40,false,l,true
170.802,-40,true,g,true
159.917,-60,false,g,true
158.115,-60,false,b,true
169.117,-40,true,l,true
160,-40,false,l,true
169.949,-40,true,g,true
159.006,-60,false,g,true
157.719,-60,false,b,true
168.746,-40,true,l,true
160,-40,false,l,true
169.108,-40,true,g,true
158.106,-60,false,g,true
157.338,-60,false,b,true
