x,z,relay,string,error,index
160,-60,false,f,true
197.667,-60,false,b,true
206.572,-40,true,l,true
160,-40,false,l,true
149.168,-40,true,g,true
136.569,-60,false,g,true
184.197,-60,false,b,true
193.723,-40,true,l,true
160,-40,false,l,true
167.431,-40,true,g,true
156.311,-60,false,g,true
197.269,-60,false,b,true
206.191,-40,true,l,true
160,-40,false,l,true
173.935,-40,true,g,true
163.258,-60,false,g,true
195.759,-60,false,b,true
204.747,-40,true,l,true
160,-40,false,l,true
183.735,-40,true,g,true
173.662,-60,false,g,true
169.758,-60,false,b,true
180.049,-40,true,l,true
160,-40,false,l,true
166.494,-40,true,g,true
155.307,-60,false,g,true
199.566,-60,false,b,true
208.39,-40,true,l,true
160,-40,false,l,true
155.016,-40,true,g,true
142.933,-60,false,g,true
187.225,-60,false,b,true
196.604,-40,true,l,true
160,-40,false,l,true
148.631,-40,true,g,true
135.982,-60,false,g,true
183.828,-60,false,b,true
193.372,-40,true,l,true
160,-40,false,l,true
157.432,-40,true,g,true
145.551,-60,false,g,true
183.959,-60,false,b,true
193.496,-40,true,l,true
160,-40,false,l,true
177.954,-40,true,g,true
167.534,-60,false,g,true
199.595,-60,false,b,true
208.418,-40,true,l,true
160,-40,false,l,true
205.799,-40,true,g,true
196.858,-60,false,g,true
198.138,-60,false,b,true
207.023,-40,true,l,true
160,-40,false,l,true
197.618,-40,true,g,true
188.289,-60,false,g,true
186.311,-60,false,b,true
195.734,-40,true,l,true
160,-40,false,l,true
172.738,-40,true,g,true
161.982,-60,false,g,true
193.678,-60,false,b,true
202.759,-40,true,l,true
160,-40,false,l,true
162.437,-40,true,g,true
150.949,-60,false,g,true
199.328,-60,false,b,true
208.163,-40,true,l,true
160,-40,false,l,true
164.187,-40,true,g,true
152.831,-60,false,g,true
195.887,-60,false,b,true
204.87,-40,true,l,true
160,-40,false,l,true
166.875,-40,true,g,true
155.715,-60,false,g,true
158.22,-60,false,b,true
188.008,-60,false,b,true
197.35,-40,true,l,true
160,-40,false,l,true
206.276,-40,true,g,true
197.357,-60,false,g,true
195.199,-60,false,b,true
204.212,-40,true,l,true
160,-40,false,l,true
179.26,-40,true,g,true
168.921,-60,false,g,true
198.65,-60,false,b,true
207.514,-40,true,l,true
160,-40,false,l,true
190.092,-40,true,g,true
180.375,-60,false,g,true
195.097,-60,false,b,true
204.114,-40,true,l,true
160,-40,false,l,true
156.593,-40,true,g,true
144.642,-60,false,g,true
188.963,-60,false,b,true
198.26,-40,true,l,true
160,-40,false,l,true
160.429,-40,true,g,true
148.786,-60,false,g,true
199.981,-60,false,b,true
208.788,-40,true,l,true
160,-40,false,l,true
156.308,-40,true,g,true
144.334,-60,false,g,true
197.171,-60,false,b,true
206.098,-40,true,l,true
160,-40,false,l,true
169.312,-40,true,g,true
158.325,-60,false,g,true
197.782,-60,false,b,true
206.683,-40,true,l,true
160,-40,false,l,true
152.218,-40,true,g,true
139.894,-60,false,g,true
198.946,-60,false,b,true
207.797,-40,true,l,true
160,-40,false,l,true
172.62,-40,true,g,true
161.857,-60,false,g,true
196.203,-60,false,b,true
205.173,-40,true,l,true
160,-40,false,l,true
169.794,-40,true,g,true
158.84,-60,false,g,true
194.301,-60,false,b,true
203.354,-40,true,l,true
160,-40,false,l,true
194.13,-40,true,g,true
184.625,-60,false,g,true
153.507,-60,false,b,true
164.817,-40,true,l,true
160,-40,false,l,true
182.32,-40,true,g,true
172.164,-60,false,g,true
199.627,-60,false,b,true
208.449,-40,true,l,true
160,-40,false,l,true
197.944,-40,true,g,true
188.631,-60,false,g,true
186.206,-60,false,b,true
195.634,-40,true,l,true
160,-40,false,l,true
151.217,-40,true,g,true
138.804,-60,false,g,true
135.324,-60,false,b,true
154.143,-60,false,b,true
165.408,-40,true,l,true
160,-40,false,l,true
195.378,-40,true,g,true
185.937,-60,false,g,true
183.243,-60,false,b,true
192.816,-40,true,l,true
160,-40,false,l,true
163.14,-40,true,g,true
151.706,-60,false,g,true
198.393,-60,false,b,true
207.267,-40,true,l,true
160,-40,false,l,true
152.378,-40,true,g,true
140.068,-60,false,g,true
152.457,-60,false,b,true
159.043,-60,false,b,true
169.985,-40,true,l,true
160,-40,false,l,true
151.948,-40,true,g,true
139.601,-60,false,g,true
187.085,-60,false,b,true
196.471,-40,true,l,true
160,-40,false,l,true
155.432,-40,true,g,true
143.385,-60,false,g,true
175.487,-60,false,b,true
190.665,-60,false,b,true
199.883,-40,true,l,true
160,-40,false,l,true
161.197,-40,true,g,true
149.615,-60,false,g,true
150.741,-60,false,b,true
162.243,-40,true,l,true
160,-40,false,l,true
184.313,-40,true,g,true
174.274,-60,false,g,true
174.018,-60,false,b,true
199.694,-60,false,b,true
208.513,-40,true,l,true
160,-40,false,l,true
166.804,-40,true,g,true
155.639,-60,false,g,true
171.798,-60,false,b,true
181.974,-40,true,l,true
160,-40,false,l,true
158.574,-40,true,g,true
146.785,-60,false,g,true
189.627,-60,false,b,true
198.893,-40,true,l,true
160,-40,false,l,true
150.67,-40,true,g,true
138.208,-60,false,g,true
174.312,-60,false,b,true
184.35,-40,true,l,true
160,-40,false,l,true
156.748,-40,true,g,true
144.81,-60,false,g,true
197.365,-60,false,b,true
206.284,-40,true,l,true
160,-40,false,l,true
198.98,-40,true,g,true
189.719,-60,false,g,true
199.882,-60,false,b,true
208.693,-40,true,l,true
160,-40,false,l,true
206.466,-40,true,g,true
197.555,-60,false,g,true
197.029,-60,false,b,true
205.962,-40,true,l,true
160,-40,false,l,true
170.04,-40,true,g,true
159.102,-60,false,g,true
151.922,-60,false,b,true
163.341,-40,true,l,true
160,-40,false,l,true
168.666,-40,true,g,true
157.633,-60,false,g,true
196.604,-60,false,b,true
205.556,-40,true,l,true
160,-40,false,l,true
167.624,-40,true,g,true
156.518,-60,false,g,true
181.062,-60,false,b,true
190.744,-40,true,l,true
160,-40,false,l,true
168.249,-40,true,g,true
157.187,-60,false,g,true
170.728,-60,false,b,true
180.964,-40,true,l,true
160,-40,false,l,true
174.939,-40,true,g,true
164.328,-60,false,g,true
199.897,-60,false,b,true
208.708,-40,true,l,true
160,-40,false,l,true
162.993,-40,true,g,true
151.547,-60,false,g,true
198.165,-60,false,b,true
207.049,-40,true,l,true
160,-40,false,l,true
166.929,-40,true,g,true
155.773,-60,false,g,true
169.294,-60,false,b,true
179.612,-40,true,l,true
160,-40,false,l,true
174.089,-40,true,g,true
163.423,-60,false,g,true
198.759,-60,false,b,true
207.618,-40,true,l,true
160,-40,false,l,true
159.271,-40,true,g,true
147.537,-60,false,g,true
190.135,-60,false,b,true
199.377,-40,true,l,true
160,-40,false,l,true
208.47,-40,true,g,true
199.649,-60,false,g,true
196.457,-60,false,b,true
205.415,-40,true,l,true
160,-40,false,l,true
205.98,-40,true,g,true
197.047,-60,false,g,true
194.667,-60,false,b,true
196.883,-60,false,b,true
205.823,-40,true,l,true
160,-40,false,l,true
177.656,-40,true,g,true
167.218,-60,false,g,true
188.993,-60,false,b,true
198.288,-40,true,l,true
160,-40,false,l,true
164.956,-40,true,g,true
153.657,-60,false,g,true
199.11,-60,false,b,true
207.954,-40,true,l,true
160,-40,false,l,true
150.154,-40,true,g,true
137.645,-60,false,g,true
185.278,-60,false,b,true
194.751,-40,true,l,true
160,-40,false,l,true
168.394,-40,true,g,true
157.342,-60,false,g,true
198.256,-60,false,b,true
207.136,-40,true,l,true
160,-40,false,l,true
165.749,-40,true,g,true
154.508,-60,false,g,true
197.21,-60,false,b,true
206.135,-40,true,l,true
160,-40,false,l,true
163.782,-40,true,g,true
152.396,-60,false,g,true
159.256,-60,false,b,true
197.853,-60,false,b,true
206.751,-40,true,l,true
160,-40,false,l,true
174.177,-40,true,g,true
163.517,-60,false,g,true
199.826,-60,false,b,true
208.64,-40,true,l,true
160,-40,false,l,true
159.087,-40,true,g,true
147.339,-60,false,g,true
188.668,-60,false,b,true
197.979,-40,true,l,true
160,-40,false,l,true
149.663,-40,true,g,true
137.109,-60,false,g,true
184.477,-60,false,b,true
193.989,-40,true,l,true
160,-40,false,l,true
167.537,-40,true,g,true
156.425,-60,false,g,true
172.403,-60,false,b,true
182.546,-40,true,l,true
160,-40,false,l,true
205.513,-40,true,g,true
196.559,-60,false,g,true
196.343,-60,false,b,true
205.306,-40,true,l,true
160,-40,false,l,true
170.459,-40,true,g,true
159.551,-60,false,g,true
198.661,-60,false,b,true
207.524,-40,true,l,true
160,-40,false,l,true
151.874,-40,true,g,true
139.52,-60,false,g,true
187.247,-60,false,b,true
196.625,-40,true,l,true
160,-40,false,l,true
164.333,-40,true,g,true
152.988,-60,false,g,true
155.268,-60,false,b,true
166.458,-40,true,l,true
160,-40,false,l,true
186.263,-40,true,g,true
176.334,-60,false,g,true
185.764,-60,false,b,true
195.214,-40,true,l,true
160,-40,false,l,true
198.415,-40,true,g,true
189.126,-60,false,g,true
151.311,-60,false,b,true
162.773,-40,true,l,true
160,-40,false,l,true
191.67,-40,true,g,true
182.036,-60,false,g,true
196.741,-60,false,b,true
199.629,-60,false,b,true
208.451,-40,true,l,true
160,-40,false,l,true
161.266,-40,true,g,true
149.689,-60,false,g,true
182.515,-60,false,b,true
197.418,-60,false,b,true
206.334,-40,true,l,true
160,-40,false,l,true
183.437,-40,true,g,true
173.347,-60,false,g,true
198.253,-60,false,b,true
207.133,-40,true,l,true
160,-40,false,l,true
155.391,-40,true,g,true
143.34,-60,false,g,true
158.06,-60,false,b,true
160.728,-60,false,b,true
171.562,-40,true,l,true
160,-40,false,l,true
175.202,-40,true,g,true
164.608,-60,false,g,true
196.51,-60,false,b,true
205.466,-40,true,l,true
160,-40,false,l,true
162.193,-40,true,g,true
150.687,-60,false,g,true
186.923,-60,false,b,true
196.316,-40,true,l,true
160,-40,false,l,true
178.265,-40,true,g,true
167.864,-60,false,g,true
191.867,-60,false,b,true
201.03,-40,true,l,true
160,-40,false,l,true
176.637,-40,true,g,true
166.134,-60,false,g,true
148.752,-60,false,b,true
160.397,-40,true,l,true
160,-40,false,l,true
196.79,-40,true,g,true
187.42,-60,false,g,true
183.355,-60,false,b,true
190.266,-60,false,b,true
199.502,-40,true,l,true
160,-40,false,l,true
162.267,-40,true,g,true
150.767,-60,false,g,true
194.234,-60,false,b,true
203.29,-40,true,l,true
160,-40,false,l,true
160.595,-40,true,g,true
148.965,-60,false,g,true
147.626,-60,false,b,true
192.744,-60,false,b,true
201.867,-40,true,l,true
160,-40,false,l,true
161.105,-40,true,g,true
149.515,-60,false,g,true
199.693,-60,false,b,true
208.512,-40,true,l,true
160,-40,false,l,true
157.787,-40,true,g,true
145.934,-60,false,g,true
181.406,-60,false,b,true
191.071,-40,true,l,true
160,-40,false,l,true
172.423,-40,true,g,true
161.647,-60,false,g,true
197.922,-60,false,b,true
206.816,-40,true,l,true
160,-40,false,l,true
195.894,-40,true,g,true
186.479,-60,false,g,true
145.25,-60,false,b,true
157.155,-40,true,l,true
160,-40,false,l,true
162.96,-40,true,g,true
151.512,-60,false,g,true
198.508,-60,false,b,true
207.378,-40,true,l,true
160,-40,false,l,true
160.052,-40,true,g,true
148.38,-60,false,g,true
198.544,-60,false,b,true
207.412,-40,true,l,true
160,-40,false,l,true
195.699,-40,true,g,true
186.274,-60,false,g,true
183.07,-60,false,b,true
199.309,-60,false,b,true
208.145,-40,true,l,true
160,-40,false,l,true
181.29,-40,true,g,true
171.073,-60,false,g,true
199.143,-60,false,b,true
207.986,-40,true,l,true
160,-40,false,l,true
167.308,-40,true,g,true
156.18,-60,false,g,true
199.552,-60,false,b,true
208.377,-40,true,l,true
160,-40,false,l,true
162.254,-40,true,g,true
150.753,-60,false,g,true
159.471,-60,false,b,true
170.385,-40,true,l,true
160,-40,false,l,true
169.404,-40,true,g,true
158.423,-60,false,g,true
199.178,-60,false,b,true
208.019,-40,true,l,true
160,-40,false,l,true
153.019,-40,true,g,true
140.765,-60,false,g,true
199.786,-60,false,b,true
208.601,-40,true,l,true
160,-40,false,l,true
167.623,-40,true,g,true
156.517,-60,false,g,true
196.81,-60,false,b,true
205.753,-40,true,l,true
160,-40,false,l,true
171.618,-40,true,g,true
160.788,-60,false,g,true
156.998,-60,false,b,true
168.073,-40,true,l,true
160,-40,false,l,true
160.093,-40,true,g,true
148.425,-60,false,g,true
190.202,-60,false,b,true
199.442,-40,true,l,true
160,-40,false,l,true
186.589,-40,true,g,true
176.679,-60,false,g,true
175.86,-60,false,b,true
178.005,-60,false,b,true
187.845,-40,true,l,true
160,-40,false,l,true
174.475,-40,true,g,true
163.834,-60,false,g,true
193.248,-60,false,b,true
202.348,-40,true,l,true
160,-40,false,l,true
196.856,-40,true,g,true
187.49,-60,false,g,true
185.395,-60,false,b,true
194.862,-40,true,l,true
160,-40,false,l,true
179.323,-40,true,g,true
168.987,-60,false,g,true
198.256,-60,false,b,true
207.136,-40,true,l,true
160,-40,false,l,true
166.541,-40,true,g,true
155.357,-60,false,g,true
196,-60,false,b,true
