x,z,relay,string,error,index
160,-60,false,f,true
160,-40,false,l,true
175.389,-40,true,g,true
164.807,-60,false,g,true
156.641,-60,false,b,true
196.598,-60,false,b,true
205.55,-40,true,l,true
160,-40,false,l,true
174.174,-40,true,g,true
163.514,-60,false,g,true
198.764,-60,false,b,true
207.623,-40,true,l,true
160,-40,false,l,true
171.349,-40,true,g,true
160.501,-60,false,g,true
191.678,-60,false,b,true
200.85,-40,true,l,true
160,-40,false,l,true
204.464,-40,true,g,true
195.462,-60,false,g,true
193.812,-60,false,b,true
202.887,-40,true,l,true
160,-40,false,l,true
160.697,-40,true,g,true
149.076,-60,false,g,true
196.427,-60,false,b,true
205.386,-40,true,l,true
160,-40,false,l,true
160.797,-40,true,g,true
149.184,-60,false,g,true
197.432,-60,false,b,true
206.348,-40,true,l,true
160,-40,false,l,true
167.515,-40,true,g,true
156.401,-60,false,g,true
169.843,-60,false,b,true
180.13,-40,true,l,true
160,-40,false,l,true
152.442,-40,true,g,true
140.138,-60,false,g,true
195.667,-60,false,b,true
204.66,-40,true,l,true
160,-40,false,l,true
165.481,-40,true,g,true
154.22,-60,false,g,true
197.786,-60,false,b,true
206.687,-40,true,l,true
160,-40,false,l,true
191.485,-40,true,g,true
181.842,-60,false,g,true
183.672,-60,false,b,true
193.224,-40,true,l,true
160,-40,false,l,true
158.628,-40,true,g,true
146.843,-60,false,g,true
138.9,-60,false,b,true
198.892,-60,false,b,true
207.745,-40,true,l,true
160,-40,false,l,true
150.468,-40,true,g,true
137.987,-60,false,g,true
185.357,-60,false,b,true
194.826,-40,true,l,true
160,-40,false,l,true
196.222,-40,true,g,true
186.824,-60,false,g,true
183.112,-60,false,b,true
192.691,-40,true,l,true
160,-40,false,l,true
157.346,-40,true,g,true
145.458,-60,false,g,true
140.566,-60,false,b,true
152.836,-40,true,l,true
160,-40,false,l,true
205.701,-40,true,g,true
196.756,-60,false,g,true
169.325,-60,false,b,true
164.333,-60,false,b,true
174.943,-40,true,l,true
160,-40,false,l,true
167.805,-40,true,g,true
156.712,-60,false,g,true
149.157,-60,false,b,true
199.121,-60,false,b,true
207.964,-40,true,l,true
160,-40,false,l,true
199.686,-40,true,g,true
190.459,-60,false,g,true
188.447,-60,false,b,true
197.769,-40,true,l,true
160,-40,false,l,true
169.407,-40,true,g,true
158.426,-60,false,g,true
197.745,-60,false,b,true
206.647,-40,true,l,true
160,-40,false,l,true
161.335,-40,true,g,true
149.763,-60,false,g,true
198.14,-60,false,b,true
207.025,-40,true,l,true
160,-40,false,l,true
168.093,-40,true,g,true
157.02,-60,false,g,true
195.837,-60,false,b,true
204.822,-40,true,l,true
160,-40,false,l,true
184.097,-40,true,g,true
174.045,-60,false,g,true
198.608,-60,false,b,true
207.473,-40,true,l,true
160,-40,false,l,true
153.571,-40,true,g,true
141.365,-60,false,g,true
195.48,-60,false,b,true
204.481,-40,true,l,true
160,-40,false,l,true
173.273,-40,true,g,true
162.553,-60,false,g,true
196.28,-60,false,b,true
205.245,-40,true,l,true
160,-40,false,l,true
158.802,-40,true,g,true
147.031,-60,false,g,true
195.348,-60,false,b,true
204.355,-40,true,l,true
160,-40,false,l,true
173.528,-40,true,g,true
162.825,-60,false,g,true
198.675,-60,false,b,true
207.537,-40,true,l,true
160,-40,false,l,true
196.956,-40,true,g,true
187.595,-60,false,g,true
184.815,-60,false,b,true
198.782,-60,false,b,true
207.64,-40,true,l,true
160,-40,false,l,true
162.774,-40,true,g,true
151.312,-60,false,g,true
189.738,-60,false,b,true
198.998,-40,true,l,true
160,-40,false,l,true
170.502,-40,true,g,true
159.596,-60,false,g,true
198.138,-60,false,b,true
207.023,-40,true,l,true
160,-40,false,l,true
151.469,-40,true,g,true
139.079,-60,false,g,true
186.787,-60,false,b,true
191.209,-60,false,b,true
200.402,-40,true,l,true
160,-40,false,l,true
170.594,-40,true,g,true
159.694,-60,false,g,true
197.247,-60,false,b,true
206.171,-40,true,l,true
160,-40,false,l,true
162.693,-40,true,g,true
151.225,-60,false,g,true
145.983,-60,false,b,true
157.832,-40,true,l,true
160,-40,false,l,true
178.402,-40,true,g,true
168.01,-60,false,g,true
193.04,-60,false,b,true
191.543,-60,false,b,true
200.721,-40,true,l,true
160,-40,false,l,true
171.061,-40,true,g,true
160.193,-60,false,g,true
185.618,-60,false,b,true
195.074,-40,true,l,true
160,-40,false,l,true
171.532,-40,true,g,true
160.696,-60,false,g,true
199.957,-60,false,b,true
208.765,-40,true,l,true
160,-40,false,l,true
180.762,-40,true,g,true
170.513,-60,false,g,true
196.373,-60,false,b,true
205.335,-40,true,l,true
160,-40,false,l,true
165.109,-40,true,g,true
153.821,-60,false,g,true
155.431,-60,false,b,true
166.61,-40,true,l,true
160,-40,false,l,true
200.554,-40,true,g,true
191.368,-60,false,g,true
191.411,-60,false,b,true
200.594,-40,true,l,true
160,-40,false,l,true
155.522,-40,true,g,true
143.482,-60,false,g,true
185.406,-60,false,b,true
194.873,-40,true,l,true
160,-40,false,l,true
162.144,-40,true,g,true
150.634,-60,false,g,true
179.614,-60,false,b,true
189.371,-40,true,l,true
160,-40,false,l,true
167.423,-40,true,g,true
156.303,-60,false,g,true
186.548,-60,false,b,true
195.959,-40,true,l,true
160,-40,false,l,true
167.255,-40,true,g,true
156.122,-60,false,g,true
199.262,-60,false,b,true
208.099,-40,true,l,true
160,-40,false,l,true
161.706,-40,true,g,true
150.163,-60,false,g,true
193.207,-60,false,b,true
202.309,-40,true,l,true
160,-40,false,l,true
154.245,-40,true,g,true
142.097,-60,false,g,true
163.248,-60,false,b,true
173.925,-40,true,l,true
160,-40,false,l,true
172.147,-40,true,g,true
161.352,-60,false,g,true
198.859,-60,false,b,true
207.714,-40,true,l,true
160,-40,false,l,true
200.1,-40,true,g,true
190.892,-60,false,g,true
188.028,-60,false,b,true
197.369,-40,true,l,true
160,-40,false,l,true
196.437,-40,true,g,true
187.049,-60,false,g,true
184.061,-60,false,b,true
193.593,-40,true,l,true
160,-40,false,l,true
148.963,-40,true,g,true
136.345,-60,false,g,true
184.515,-60,false,b,true
194.025,-40,true,l,true
160,-40,false,l,true
193.839,-40,true,g,true
184.319,-60,false,g,true
186.129,-60,false,b,true
195.561,-40,true,l,true
160,-40,false,l,true
179.188,-40,true,g,true
168.844,-60,false,g,true
166.429,-60,false,b,true
176.914,-40,true,l,true
160,-40,false,l,true
149.362,-40,true,g,true
136.781,-60,false,g,true
184.494,-60,false,b,true
194.006,-40,true,l,true
160,-40,false,l,true
167.763,-40,true,g,true
156.667,-60,false,g,true
175.703,-60,false,b,true
185.665,-40,true,l,true
160,-40,false,l,true
206.133,-40,true,g,true
197.207,-60,false,g,true
195.593,-60,false,b,true
204.589,-40,true,l,true
160,-40,false,l,true
167.942,-40,true,g,true
156.858,-60,false,g,true
149.198,-60,false,b,true
199.165,-60,false,b,true
208.007,-40,true,l,true
160,-40,false,l,true
206.771,-40,true,g,true
197.874,-60,false,g,true
195.207,-60,false,b,true
204.22,-40,true,l,true
160,-40,false,l,true
176.645,-40,true,g,true
166.142,-60,false,g,true
199.598,-60,false,b,true
208.421,-40,true,l,true
160,-40,false,l,true
198.21,-40,true,g,true
188.911,-60,false,g,true
187.051,-60,false,b,true
196.439,-40,true,l,true
160,-40,false,l,true
173.294,-40,true,g,true
162.576,-60,false,g,true
197.983,-60,false,b,true
206.875,-40,true,l,true
160,-40,false,l,true
197.747,-40,true,g,true
188.425,-60,false,g,true
186.273,-60,false,b,true
199.805,-60,false,b,true
208.62,-40,true,l,true
160,-40,false,l,true
176.256,-40,true,g,true
165.729,-60,false,g,true
199.112,-60,false,b,true
207.956,-40,true,l,true
160,-40,false,l,true
192.777,-40,true,g,true
183.202,-60,false,g,true
197.97,-60,false,b,true
206.863,-40,true,l,true
160,-40,false,l,true
171.51,-40,true,g,true
160.672,-60,false,g,true
195.094,-60,false,b,true
204.112,-40,true,l,true
160,-40,false,l,true
203.031,-40,true,g,true
193.963,-60,false,g,true
192.101,-60,false,b,true
201.253,-40,true,l,true
160,-40,false,l,true
173.461,-40,true,g,true
162.754,-60,false,g,true
197.911,-60,false,b,true
206.806,-40,true,l,true
160,-40,false,l,true
162.716,-40,true,g,true
151.25,-60,false,g,true
194.06,-60,false,b,true
203.124,-40,true,l,true
160,-40,false,l,true
151.374,-40,true,g,true
138.976,-60,false,g,true
157.408,-60,false,b,true
165.85,-60,false,b,true
176.37,-40,true,l,true
160,-40,false,l,true
171.722,-40,true,g,true
160.899,-60,false,g,true
186.372,-60,false,b,true
195.792,-40,true,l,true
160,-40,false,l,true
159.546,-40,true,g,true
147.834,-60,false,g,true
139.72,-60,false,b,true
152.058,-40,true,l,true
160,-40,false,l,true
162.567,-40,true,g,true
151.089,-60,false,g,true
192.961,-60,false,b,true
202.075,-40,true,l,true
160,-40,false,l,true
171.01,-40,true,g,true
160.139,-60,false,g,true
198.796,-60,false,b,true
207.653,-40,true,l,true
160,-40,false,l,true
171.225,-40,true,g,true
160.368,-60,false,g,true
191.756,-60,false,b,true
200.924,-40,true,l,true
160,-40,false,l,true
185.491,-40,true,g,true
175.519,-60,false,g,true
199.321,-60,false,b,true
208.156,-40,true,l,true
160,-40,false,l,true
148.414,-40,true,g,true
135.745,-60,false,g,true
199.929,-60,false,b,true
208.738,-40,true,l,true
160,-40,false,l,true
193.051,-40,true,g,true
183.491,-60,false,g,true
183.203,-60,false,b,true
174.122,-60,false,b,true
184.169,-40,true,l,true
160,-40,false,l,true
190.373,-40,true,g,true
180.671,-60,false,g,true
195.549,-60,false,b,true
204.547,-40,true,l,true
160,-40,false,l,true
164.737,-40,true,g,true
153.422,-60,false,g,true
195.978,-60,false,b,true
204.957,-40,true,l,true
160,-40,false,l,true
153.178,-40,true,g,true
140.938,-60,false,g,true
138.381,-60,false,b,true
171.658,-60,false,b,true
181.614,-60,false,b,true
191.269,-40,true,l,true
160,-40,false,l,true
193.458,-40,true,g,true
183.918,-60,false,g,true
183.642,-60,false,b,true
193.196,-40,true,l,true
160,-40,false,l,true
172.981,-40,true,g,true
162.242,-60,false,g,true
197.609,-60,false,b,true
206.517,-40,true,l,true
160,-40,false,l,true
207.415,-40,true,g,true
198.547,-60,false,g,true
196.421,-60,false,b,true
205.38,-40,true,l,true
160,-40,false,l,true
168.906,-40,true,g,true
157.89,-60,false,g,true
177.198,-60,false,b,true
187.081,-40,true,l,true
160,-40,false,l,true
163.822,-40,true,g,true
152.439,-60,false,g,true
173.177,-60,false,b,true
183.277,-40,true,l,true
160,-40,false,l,true
194.073,-40,true,g,true
184.566,-60,false,g,true
186.351,-60,false,b,true
198.759,-60,false,b,true
207.618,-40,true,l,true
160,-40,false,l,true
196.186,-40,true,g,true
186.786,-60,false,g,true
184.343,-60,false,b,true
199.556,-60,false,b,true
208.381,-40,true,l,true
160,-40,false,l,true
204.86,-40,true,g,true
195.877,-60,false,g,true
198.799,-60,false,b,true
207.656,-40,true,l,true
160,-40,false,l,true
179.649,-40,true,g,true
169.333,-60,false,g,true
167.623,-60,false,b,true
172.231,-60,false,b,true
198.904,-60,false,b,true
207.756,-40,true,l,true
160,-40,false,l,true
174.345,-40,true,g,true
163.695,-60,false,g,true
197.298,-60,false,b,true
206.219,-40,true,l,true
160,-40,false,l,true
161.298,-40,true,g,true
149.723,-60,false,g,true
173.959,-60,false,b,true
184.016,-40,true,l,true
160,-40,false,l,true
166.782,-40,true,g,true
155.616,-60,false,g,true
160.72,-60,false,b,true
171.555,-40,true,l,true
160,-40,false,l,true
205.638,-40,true,g,true
196.69,-60,false,g,true
194.934,-60,false,b,true
203.959,-40,true,l,true
160,-40,false,l,true
162.994,-40,true,g,true
151.549,-60,false,g,true
199.533,-60,false,b,true
208.359,-40,true,l,true
160,-40,false,l,true
169.655,-40,true,g,true
158.691,-60,false,g,true
197.211,-60,false,b,true
206.137,-40,true,l,true
160,-40,false,l,true
159.647,-40,true,g,true
147.943,-60,false,g,true
150.348,-60,false,b,true
194.676,-60,false,b,true
203.713,-40,true,l,true
160,-40,false,l,true
204.338,-40,true,g,true
195.331,-60,false,g,true
196.104,-60,false,b,true
205.078,-40,true,l,true
160,-40,false,l,true
165.853,-40,true,g,true
154.62,-60,false,g,true
148.964,-60,false,b,true
196.975,-60,false,b,true
205.91,-40,true,l,true
160,-40,false,l,true
171.947,-40,true,g,true
161.139,-60,false,g,true
198.388,-60,false,b,true
207.262,-40,true,l,true
160,-40,false,l,true
153.425,-40,true,g,true
141.206,-60,false,g,true
177.28,-60,false,b,true
194.086,-60,false,b,true
203.148,-40,true,l,true
160,-40,false,l,true
174.81,-40,true,g,true
164.19,-60,false,g,true
143.779,-60,false,b,true
155.796,-40,true,l,true
160,-40,false,l,true
159.602,-40,true,g,true
147.894,-60,false,g,true
195.67,-60,false,b,true
204.662,-40,true,l,true
160,-40,false,l,true
175.196,-40,true,g,true
164.602,-60,false,g,true
196.578,-60,false,b,true
205.531,-40,true,l,true
160,-40,false,l,true
