x,z,relay,string,error,index
160,-60,false,f,true
148.081,-60,false,b,true
159.774,-40,true,l,true
160,-40,false,l,true
168.383,-40,true,g,true
157.33,-60,false,g,true
148.681,-60,false,b,true
160.331,-40,true,l,true
160,-40,false,l,true
160.547,-40,true,g,true
148.914,-60,false,g,true
141.014,-60,false,b,true
153.248,-40,true,l,true
160,-40,false,l,true
156.746,-40,true,g,true
144.808,-60,false,g,true
173.946,-60,false,b,true
184.003,-40,true,l,true
160,-40,false,l,true
170.236,-40,true,g,true
159.312,-60,false,g,true
185.519,-60,false,b,true
194.981,-40,true,l,true
160,-40,false,l,true
206.754,-40,true,g,true
197.856,-60,false,g,true
144.281,-60,false,b,true
156.26,-40,true,l,true
160,-40,false,l,true
165.42,-40,true,g,true
154.155,-60,false,g,true
147.311,-60,false,b,true
159.062,-40,true,l,true
160,-40,false,l,true
163.041,-40,true,g,true
151.599,-60,false,g,true
163.09,-60,false,b,true
173.777,-40,true,l,true
160,-40,false,l,true
159.942,-40,true,g,true
148.261,-60,false,g,true
141.474,-60,false,b,true
153.671,-40,true,l,true
160,-40,false,l,true
169.475,-40,true,g,true
158.498,-60,false,g,true
150.525,-60,false,b,true
162.042,-40,true,l,true
160,-40,false,l,true
191.434,-40,true,g,true
181.789,-60,false,g,true
182.377,-60,false,b,true
155.206,-60,false,b,true
199.524,-60,false,b,true
199.369,-60,false,b,true
208.201,-40,true,l,true
160,-40,false,l,true
165.017,-40,true,g,true
153.723,-60,false,g,true
144.397,-60,false,b,true
156.366,-40,true,l,true
160,-40,false,l,true
177.168,-40,true,g,true
166.699,-60,false,g,true
191.806,-60,false,b,true
200.972,-40,true,l,true
160,-40,false,l,true
175.846,-40,true,g,true
165.293,-60,false,g,true
160.578,-60,false,b,true
195.255,-60,false,b,true
204.265,-40,true,l,true
160,-40,false,l,true
166.319,-40,true,g,true
155.119,-60,false,g,true
150.182,-60,false,b,true
161.724,-40,true,l,true
160,-40,false,l,true
178.284,-40,true,g,true
167.884,-60,false,g,true
136.373,-60,false,b,true
142.058,-60,false,b,true
154.209,-40,true,l,true
160,-40,false,l,true
200.362,-40,true,g,true
191.167,-60,false,g,true
159.784,-60,false,b,true
160.677,-60,false,b,true
135.342,-60,false,b,true
148.046,-40,true,l,true
160,-40,false,l,true
163.962,-40,true,g,true
152.59,-60,false,g,true
143.084,-60,false,b,true
155.155,-40,true,l,true
160,-40,false,l,true
201.184,-40,true,g,true
192.029,-60,false,g,true
159.98,-60,false,b,true
170.862,-40,true,l,true
160,-40,false,l,true
175.695,-40,true,g,true
165.133,-60,false,g,true
159.138,-60,false,b,true
170.074,-40,true,l,true
160,-40,false,l,true
157.885,-40,true,g,true
146.04,-60,false,g,true
137.788,-60,false,b,true
150.285,-40,true,l,true
160,-40,false,l,true
198.036,-40,true,g,true
188.728,-60,false,g,true
149.291,-60,false,b,true
160.897,-40,true,l,true
160,-40,false,l,true
161.758,-40,true,g,true
150.219,-60,false,g,true
143.054,-60,false,b,true
155.127,-40,true,l,true
160,-40,false,l,true
161.759,-40,true,g,true
150.22,-60,false,g,true
149.292,-60,false,b,true
168.982,-60,false,b,true
135.443,-60,false,b,true
148.137,-40,true,l,true
160,-40,false,l,true
197.3,-40,true,g,true
187.955,-60,false,g,true
184.321,-60,false,b,true
157.254,-60,false,b,true
168.312,-40,true,l,true
160,-40,false,l,true
164.271,-40,true,g,true
152.921,-60,false,g,true
144.341,-60,false,b,true
164.685,-60,false,b,true
175.275,-40,true,l,true
160,-40,false,l,true
163.187,-40,true,g,true
151.756,-60,false,g,true
147.75,-60,false,b,true
159.468,-40,true,l,true
160,-40,false,l,true
160.684,-40,true,g,true
149.062,-60,false,g,true
138.792,-60,false,b,true
163.634,-60,false,b,true
174.287,-40,true,l,true
160,-40,false,l,true
205.414,-40,true,g,true
196.456,-60,false,g,true
193.548,-60,false,b,true
202.635,-40,true,l,true
160,-40,false,l,true
171.067,-40,true,g,true
160.2,-60,false,g,true
150.469,-60,false,b,true
161.991,-40,true,l,true
160,-40,false,l,true
186.216,-40,true,g,true
176.285,-60,false,g,true
173.693,-60,false,b,true
183.764,-40,true,l,true
160,-40,false,l,true
163.339,-40,true,g,true
151.919,-60,false,g,true
144.254,-60,false,b,true
156.234,-40,true,l,true
160,-40,false,l,true
159.902,-40,true,g,true
148.218,-60,false,g,true
142.952,-60,false,b,true
155.033,-40,true,l,true
160,-40,false,l,true
165.846,-40,true,g,true
154.612,-60,false,g,true
146.52,-60,false,b,true
158.329,-40,true,l,true
160,-40,false,l,true
200.964,-40,true,g,true
191.798,-60,false,g,true
138.776,-60,false,b,true
151.191,-40,true,l,true
160,-40,false,l,true
155.552,-40,true,g,true
143.515,-60,false,g,true
176.945,-60,false,b,true
186.841,-40,true,l,true
160,-40,false,l,true
174.029,-40,true,g,true
163.358,-60,false,g,true
164.015,-60,false,b,true
139.962,-60,false,b,true
152.28,-40,true,l,true
160,-40,false,l,true
161.837,-40,true,g,true
150.304,-60,false,g,true
149.319,-60,false,b,true
160.923,-40,true,l,true
160,-40,false,l,true
188.715,-40,true,g,true
178.923,-60,false,g,true
143.033,-60,false,b,true
155.108,-40,true,l,true
160,-40,false,l,true
195.355,-40,true,g,true
185.913,-60,false,g,true
185.082,-60,false,b,true
156.11,-60,false,b,true
180.427,-60,false,b,true
147.609,-60,false,b,true
159.337,-40,true,l,true
160,-40,false,l,true
159.742,-40,true,g,true
148.046,-60,false,g,true
137.648,-60,false,b,true
165.669,-60,false,b,true
176.199,-40,true,l,true
160,-40,false,l,true
177.435,-40,true,g,true
166.982,-60,false,g,true
195.707,-60,false,b,true
204.698,-40,true,l,true
160,-40,false,l,true
166.969,-40,true,g,true
155.816,-60,false,g,true
147.096,-60,false,b,true
158.862,-40,true,l,true
160,-40,false,l,true
189.089,-40,true,g,true
179.317,-60,false,g,true
179.917,-60,false,b,true
189.658,-40,true,l,true
160,-40,false,l,true
205.474,-40,true,g,true
196.519,-60,false,g,true
193.526,-60,false,b,true
202.614,-40,true,l,true
160,-40,false,l,true
166.289,-40,true,g,true
155.087,-60,false,g,true
145.891,-60,false,b,true
157.747,-40,true,l,true
160,-40,false,l,true
189.208,-40,true,g,true
179.443,-60,false,g,true
176.018,-60,false,b,true
135.899,-60,false,b,true
174.109,-60,false,b,true
177.547,-60,false,b,true
187.411,-40,true,l,true
160,-40,false,l,true
169.166,-40,true,g,true
158.169,-60,false,g,true
146.536,-60,false,b,true
147.465,-60,false,b,true
159.204,-40,true,l,true
160,-40,false,l,true
152.32,-40,true,g,true
140.005,-60,false,g,true
138.964,-60,false,b,true
151.363,-40,true,l,true
160,-40,false,l,true
179.507,-40,true,g,true
169.183,-60,false,g,true
141.236,-60,false,b,true
153.452,-40,true,l,true
160,-40,false,l,true
184.78,-40,true,g,true
174.768,-60,false,g,true
171.908,-60,false,b,true
182.077,-40,true,l,true
160,-40,false,l,true
161.517,-40,true,g,true
149.959,-60,false,g,true
142.102,-60,false,b,true
154.25,-40,true,l,true
160,-40,false,l,true
185.641,-40,true,g,true
175.677,-60,false,g,true
172.521,-60,false,b,true
186.007,-60,false,b,true
171.489,-60,false,b,true
174.61,-60,false,b,true
184.631,-40,true,l,true
160,-40,false,l,true
169.789,-40,true,g,true
158.834,-60,false,g,true
153.403,-60,false,b,true
164.719,-40,true,l,true
160,-40,false,l,true
158.055,-40,true,g,true
146.224,-60,false,g,true
142.01,-60,false,b,true
154.165,-40,true,l,true
160,-40,false,l,true
157.669,-40,true,g,true
145.806,-60,false,g,true
140.24,-60,false,b,true
148.514,-60,false,b,true
160.176,-40,true,l,true
160,-40,false,l,true
161.124,-40,true,g,true
149.536,-60,false,g,true
141.35,-60,false,b,true
153.557,-40,true,l,true
160,-40,false,l,true
194.214,-40,true,g,true
184.714,-60,false,g,true
183.885,-60,false,b,true
155.084,-60,false,b,true
151.218,-60,false,b,true
197.206,-60,false,b,true
206.132,-40,true,l,true
160,-40,false,l,true
185.663,-40,true,g,true
175.701,-60,false,g,true
173.254,-60,false,b,true
183.349,-40,true,l,true
160,-40,false,l,true
169.874,-40,true,g,true
158.925,-60,false,g,true
190.98,-60,false,b,true
150.892,-60,false,b,true
187.138,-60,false,b,true
197.113,-60,false,b,true
206.043,-40,true,l,true
160,-40,false,l,true
206.152,-40,true,g,true
197.227,-60,false,g,true
147.723,-60,false,b,true
159.443,-40,true,l,true
160,-40,false,l,true
158.873,-40,true,g,true
147.107,-60,false,g,true
160.202,-60,false,b,true
161.507,-60,false,b,true
172.292,-40,true,l,true
160,-40,false,l,true
174.841,-40,true,g,true
164.223,-60,false,g,true
158.057,-60,false,b,true
169.062,-40,true,l,true
160,-40,false,l,true
203.612,-40,true,g,true
194.571,-60,false,g,true
145.432,-60,false,b,true
157.323,-40,true,l,true
160,-40,false,l,true
171.382,-40,true,g,true
160.536,-60,false,g,true
157.461,-60,false,b,true
168.505,-40,true,l,true
160,-40,false,l,true
173.347,-40,true,g,true
162.632,-60,false,g,true
155.919,-60,false,b,true
167.065,-40,true,l,true
160,-40,false,l,true
188.234,-40,true,g,true
178.415,-60,false,g,true
137.821,-60,false,b,true
150.315,-40,true,l,true
160,-40,false,l,true
169.015,-40,true,g,true
158.007,-60,false,g,true
147.379,-60,false,b,true
163.126,-60,false,b,true
173.81,-40,true,l,true
160,-40,false,l,true
206.038,-40,true,g,true
197.108,-60,false,g,true
192.515,-60,false,b,true
142.52,-60,false,b,true
151.908,-60,false,b,true
140.9,-60,false,b,true
140.491,-60,false,b,true
152.767,-40,true,l,true
160,-40,false,l,true
173.829,-40,true,g,true
163.146,-60,false,g,true
158.309,-60,false,b,true
170.627,-60,false,b,true
180.869,-40,true,l,true
160,-40,false,l,true
196.389,-40,true,g,true
186.999,-60,false,g,true
135.107,-60,false,b,true
147.83,-40,true,l,true
160,-40,false,l,true
161.364,-40,true,g,true
149.795,-60,false,g,true
148.269,-60,false,b,true
159.949,-40,true,l,true
160,-40,false,l,true
196.704,-40,true,g,true
187.33,-60,false,g,true
135.243,-60,false,b,true
158.705,-60,false,b,true
183.107,-60,false,b,true
192.687,-40,true,l,true
160,-40,false,l,true
187.573,-40,true,g,true
177.718,-60,false,g,true
174.312,-60,false,b,true
189.216,-60,false,b,true
140.286,-60,false,b,true
139.24,-60,false,b,true
151.617,-40,true,l,true
160,-40,false,l,true
204.61,-40,true,g,true
195.615,-60,false,g,true
193.969,-60,false,b,true
196.812,-60,false,b,true
182.504,-60,false,b,true
192.114,-40,true,l,true
160,-40,false,l,true
182.374,-40,true,g,true
172.222,-60,false,g,true
144.497,-60,false,b,true
156.459,-40,true,l,true
160,-40,false,l,true
165.241,-40,true,g,true
153.963,-60,false,g,true
151.074,-60,false,b,true
162.552,-40,true,l,true
160,-40,false,l,true
200.741,-40,true,g,true
191.564,-60,false,g,true
151.979,-60,false,b,true
165.192,-60,false,b,true
153.556,-60,false,b,true
189.481,-60,false,b,true
198.754,-40,true,l,true
160,-40,false,l,true
161.659,-40,true,g,true
150.113,-60,false,g,true
143.503,-60,false,b,true
155.542,-40,true,l,true
160,-40,false,l,true
187.224,-40,true,g,true
177.349,-60,false,g,true
145.821,-60,false,b,true
157.683,-40,true,l,true
160,-40,false,l,true
166.994,-40,true,g,true
155.843,-60,false,g,true
158.226,-60,false,b,true
169.22,-40,true,l,true
160,-40,false,l,true
199.548,-40,true,g,true
190.314,-60,false,g,true
143.789,-60,false,b,true
168.178,-60,false,b,true
163.947,-60,false,b,true
193.944,-60,false,b,true
203.013,-40,true,l,true
160,-40,false,l,true
157.396,-40,true,g,true
145.511,-60,false,g,true
140.859,-60,false,b,true
153.105,-40,true,l,true
160,-40,false,l,true
172.489,-40,true,g,true
161.717,-60,false,g,true
154.747,-60,false,b,true
165.972,-40,true,l,true
160,-40,false,l,true
187.558,-40,true,g,true
177.702,-60,false,g,true
136.694,-60,false,b,true
157.846,-60,false,b,true
174.886,-60,false,b,true
199.757,-60,false,b,true
208.574,-40,true,l,true
160,-40,false,l,true
161.767,-40,true,g,true
150.229,-60,false,g,true
142.112,-60,false,b,true
154.259,-40,true,l,true
160,-40,false,l,true
159.931,-40,true,g,true
148.25,-60,false,g,true
140.839,-60,false,b,true
153.087,-40,true,l,true
160,-40,false,l,true
