x,z,relay,string,error,index
160,-60,false,f,true,0
160,-40,false,l,true,0
160.412,-40,true,g,true,0
148.768,-60,false,g,true,0
184.436,-60,false,b,true,0
193.95,-40,true,l,true,0
160,-40,false,l,true,0
160.551,-40,true,g,true,0
148.918,-60,false,g,true,0
144.435,-60,false,b,true,0
156.401,-40,true,l,true,0
160,-40,false,l,true,0
206.885,-40,true,g,true,0
197.994,-60,false,g,true,0
185.516,-60,false,b,true,0
194.977,-40,true,l,true,0
160,-40,false,l,true,0
200.603,-40,true,g,true,0
191.42,-60,false,g,true,0
163.601,-60,false,b,true,0
174.256,-40,true,l,true,0
160,-40,false,l,true,0
180.586,-40,true,g,true,0
170.327,-60,false,g,true,0
136.189,-60,false,b,true,0
148.821,-40,true,l,true,0
160,-40,false,l,true,0
178.087,-40,true,g,true,0
167.676,-60,false,g,true,0
160.146,-60,false,b,true,0
171.017,-40,true,l,true,0
160,-40,false,l,true,0
172.099,-40,true,g,true,0
161.301,-60,false,g,true,0
155.337,-60,false,b,true,0
166.522,-40,true,l,true,0
160,-40,false,l,true,0
159.785,-40,true,g,true,0
148.092,-60,false,g,true,0
143.667,-60,false,b,true,0
155.693,-40,true,l,true,0
160,-40,false,l,true,0
206.309,-40,true,g,true,0
197.391,-60,false,g,true,0
153.682,-60,false,b,true,0
164.98,-40,true,l,true,0
160,-40,false,l,true,0
204.555,-40,true,g,true,0
195.558,-60,false,g,true,0
141.486,-60,false,b,true,0
153.683,-40,true,l,true,0
160,-40,false,l,true,0
204.178,-40,true,g,true,0
195.163,-60,false,g,true,0
193.116,-60,false,b,true,0
202.222,-40,true,l,true,0
160,-40,false,l,true,0
192.143,-40,true,g,true,0
182.535,-60,false,g,true,0
138.229,-60,false,b,true,0
150.689,-40,true,l,true,0
160,-40,false,l,true,0
151.327,-40,true,g,true,0
138.924,-60,false,g,true,0
140.724,-60,false,b,true,0
152.981,-40,true,l,true,0
160,-40,false,l,true,0
207.491,-40,true,g,true,0
198.626,-60,false,g,true,0
191.106,-60,false,b,true,0
194.751,-60,false,b,true,0
203.784,-40,true,l,true,0
160,-40,false,l,true,0
170.769,-40,true,g,true,0
159.882,-60,false,g,true,0
156.588,-60,false,b,true,0
160.22,-60,false,b,true,0
171.086,-40,true,l,true,0
160,-40,false,l,true,0
167.979,-40,true,g,true,0
156.898,-60,false,g,true,0
188.696,-60,false,b,true,0
155.521,-60,false,b,true,0
166.694,-40,true,l,true,0
160,-40,false,l,true,0
206.971,-40,true,g,true,0
198.084,-60,false,g,true,0
159.001,-60,false,b,true,0
169.945,-40,true,l,true,0
160,-40,false,l,true,0
157.616,-40,true,g,true,0
145.749,-60,false,g,true,0
137.215,-60,false,b,true,0
149.76,-40,true,l,true,0
160,-40,false,l,true,0
159.843,-40,true,g,true,0
148.154,-60,false,g,true,0
139.568,-60,false,b,true,0
151.919,-40,true,l,true,0
160,-40,false,l,true,0
204.039,-40,true,g,true,0
195.017,-60,false,g,true,0
151.862,-60,false,b,true,0
163.286,-40,true,l,true,0
160,-40,false,l,true,0
170.487,-40,true,g,true,0
159.581,-60,false,g,true,0
148.859,-60,false,b,true,0
160.496,-40,true,l,true,0
160,-40,false,l,true,0
197.198,-40,true,g,true,0
187.849,-60,false,g,true,0
144.006,-60,false,b,true,0
156.005,-40,true,l,true,0
160,-40,false,l,true,0
173.986,-40,true,g,true,0
163.313,-60,false,g,true,0
135.183,-60,false,b,true,0
147.9,-40,true,l,true,0
160,-40,false,l,true,0
204.293,-40,true,g,true,0
195.283,-60,false,g,true,0
135.34,-60,false,b,true,0
148.044,-40,true,l,true,0
160,-40,false,l,true,0
163.067,-40,true,g,true,0
151.627,-60,false,g,true,0
146.092,-60,false,b,true,0
157.933,-40,true,l,true,0
160,-40,false,l,true,0
172.916,-40,true,g,true,0
162.173,-60,false,g,true,0
155.004,-60,false,b,true,0
166.212,-40,true,l,true,0
160,-40,false,l,true,0
195.335,-40,true,g,true,0
185.892,-60,false,g,true,0
136.671,-60,false,b,true,0
149.261,-40,true,l,true,0
160,-40,false,l,true,0
202.597,-40,true,g,true,0
193.508,-60,false,g,true,0
173.343,-60,false,b,true,0
170.268,-60,false,b,true,0
180.53,-40,true,l,true,0
160,-40,false,l,true,0
195.298,-40,true,g,true,0
185.853,-60,false,g,true,0
185.894,-60,false,b,true,0
195.337,-40,true,l,true,0
160,-40,false,l,true,0
182.171,-40,true,g,true,0
172.007,-60,false,g,true,0
163.56,-60,false,b,true,0
174.218,-40,true,l,true,0
160,-40,false,l,true,0
164.06,-40,true,g,true,0
152.695,-60,false,g,true,0
188.182,-60,false,b,true,0
197.515,-40,true,l,true,0
160,-40,false,l,true,0
204.693,-40,true,g,true,0
195.702,-60,false,g,true,0
180.9,-60,false,b,true,0
190.591,-40,true,l,true,0
160,-40,false,l,true,0
162.34,-40,true,g,true,0
150.846,-60,false,g,true,0
147.222,-60,false,b,true,0
158.979,-40,true,l,true,0
160,-40,false,l,true,0
207.869,-40,true,g,true,0
199.021,-60,false,g,true,0
160.292,-60,false,b,true,0
171.154,-40,true,l,true,0
160,-40,false,l,true,0
165.122,-40,true,g,true,0
153.835,-60,false,g,true,0
145.649,-60,false,b,true,0
157.524,-40,true,l,true,0
160,-40,false,l,true,0
203.539,-40,true,g,true,0
194.495,-60,false,g,true,0
197.543,-60,false,b,true,0
206.454,-40,true,l,true,0
160,-40,false,l,true,0
172.314,-40,true,g,true,0
161.531,-60,false,g,true,0
155.377,-60,false,b,true,0
166.559,-40,true,l,true,0
160,-40,false,l,true,0
193.517,-40,true,g,true,0
183.98,-60,false,g,true,0
154.556,-60,false,b,true,0
165.794,-40,true,l,true,0
160,-40,false,l,true,0
174.342,-40,true,g,true,0
163.692,-60,false,g,true,0
138.105,-60,false,b,true,0
139.111,-60,false,b,true,0
151.499,-40,true,l,true,0
160,-40,false,l,true,0
206.051,-40,true,g,true,0
197.122,-60,false,g,true,0
154.359,-60,false,b,true,0
165.61,-40,true,l,true,0
160,-40,false,l,true,0
195.254,-40,true,g,true,0
185.807,-60,false,g,true,0
146.502,-60,false,b,true,0
158.312,-40,true,l,true,0
160,-40,false,l,true,0
181.049,-40,true,g,true,0
170.818,-60,false,g,true,0
161.782,-60,false,b,true,0
172.549,-40,true,l,true,0
160,-40,false,l,true,0
163.428,-40,true,g,true,0
152.016,-60,false,g,true,0
145.741,-60,false,b,true,0
157.609,-40,true,l,true,0
160,-40,false,l,true,0
191.698,-40,true,g,true,0
182.066,-60,false,g,true,0
154.214,-60,false,b,true,0
136.353,-60,false,b,true,0
148.97,-40,true,l,true,0
160,-40,false,l,true,0
190.588,-40,true,g,true,0
180.897,-60,false,g,true,0
156.377,-60,false,b,true,0
167.493,-40,true,l,true,0
160,-40,false,l,true,0
173.93,-40,true,g,true,0
163.253,-60,false,g,true,0
153.932,-60,false,b,true,0
165.212,-40,true,l,true,0
160,-40,false,l,true,0
155.902,-40,true,g,true,0
143.894,-60,false,g,true,0
139.083,-60,false,b,true,0
151.473,-40,true,l,true,0
160,-40,false,l,true,0
191.626,-40,true,g,true,0
181.99,-60,false,g,true,0
157.498,-60,false,b,true,0
168.539,-40,true,l,true,0
160,-40,false,l,true,0
174.249,-40,true,g,true,0
163.594,-60,false,g,true,0
153.784,-60,false,b,true,0
165.074,-40,true,l,true,0
160,-40,false,l,true,0
174.939,-40,true,g,true,0
164.328,-60,false,g,true,0
159.727,-60,false,b,true,0
170.625,-40,true,l,true,0
160,-40,false,l,true,0
167.803,-40,true,g,true,0
156.709,-60,false,g,true,0
188.45,-60,false,b,true,0
197.771,-40,true,l,true,0
160,-40,false,l,true,0
199.501,-40,true,g,true,0
190.264,-60,false,g,true,0
160.843,-60,false,b,true,0
171.669,-40,true,l,true,0
160,-40,false,l,true,0
180.204,-40,true,g,true,0
169.922,-60,false,g,true,0
135.2,-60,false,b,true,0
147.916,-40,true,l,true,0
160,-40,false,l,true,0
168.316,-40,true,g,true,0
157.258,-60,false,g,true,0
149.288,-60,false,b,true,0
160.894,-40,true,l,true,0
160,-40,false,l,true,0
161.056,-40,true,g,true,0
149.463,-60,false,g,true,0
145.355,-60,false,b,true,0
157.252,-40,true,l,true,0
160,-40,false,l,true,0
167.854,-40,true,g,true,0
156.764,-60,false,g,true,0
149.979,-60,false,b,true,0
161.536,-40,true,l,true,0
160,-40,false,l,true,0
161.995,-40,true,g,true,0
150.474,-60,false,g,true,0
144.435,-60,false,b,true,0
156.401,-40,true,l,true,0
160,-40,false,l,true,0
199.555,-40,true,g,true,0
190.321,-60,false,g,true,0
155.322,-60,false,b,true,0
135.323,-60,false,b,true,0
148.028,-40,true,l,true,0
160,-40,false,l,true,0
197.221,-40,true,g,true,0
187.873,-60,false,g,true,0
174.703,-60,false,b,true,0
184.719,-40,true,l,true,0
160,-40,false,l,true,0
195.651,-40,true,g,true,0
186.224,-60,false,g,true,0
151.534,-60,false,b,true,0
162.98,-40,true,l,true,0
160,-40,false,l,true,0
161.39,-40,true,g,true,0
149.822,-60,false,g,true,0
145.213,-60,false,b,true,0
157.12,-40,true,l,true,0
160,-40,false,l,true,0
194.568,-40,true,g,true,0
185.086,-60,false,g,true,0
145.826,-60,false,b,true,0
157.687,-40,true,l,true,0
160,-40,false,l,true,0
208.319,-40,true,g,true,0
199.491,-60,false,g,true,0
169.958,-60,false,b,true,0
180.238,-40,true,l,true,0
160,-40,false,l,true,0
172.08,-40,true,g,true,0
161.281,-60,false,g,true,0
150.543,-60,false,b,true,0
162.059,-40,true,l,true,0
160,-40,false,l,true,0
161.754,-40,true,g,true,0
150.214,-60,false,g,true,0
146.858,-60,false,b,true,0
158.642,-40,true,l,true,0
160,-40,false,l,true,0
173.342,-40,true,g,true,0
162.627,-60,false,g,true,0
143.645,-60,false,b,true,0
155.672,-40,true,l,true,0
160,-40,false,l,true,0
165.129,-40,true,g,true,0
153.843,-60,false,g,true,0
148.876,-60,false,b,true,0
160.512,-40,true,l,true,0
160,-40,false,l,true,0
164.661,-40,true,g,true,0
153.34,-60,false,g,true,0
146.809,-60,false,b,true,0
158.596,-40,true,l,true,0
160,-40,false,l,true,0
176.575,-40,true,g,true,0
166.069,-60,false,g,true,0
144.165,-60,false,b,true,0
156.152,-40,true,l,true,0
160,-40,false,l,true,0
174.129,-40,true,g,true,0
163.465,-60,false,g,true,0
151.079,-60,false,b,true,0
162.557,-40,true,l,true,0
160,-40,false,l,true,0
179.911,-40,true,g,true,0
169.612,-60,false,g,true,0
137.678,-60,false,b,true,0
150.184,-40,true,l,true,0
160,-40,false,l,true,0
175.94,-40,true,g,true,0
165.393,-60,false,g,true,0
172.134,-60,false,b,true,0
182.291,-40,true,l,true,0
160,-40,false,l,true,0
174.551,-40,true,g,true,0
163.915,-60,false,g,true,0
140.088,-60,false,b,true,0
152.396,-40,true,l,true,0
160,-40,false,l,true,0
171.312,-40,true,g,true,0
160.461,-60,false,g,true,0
155.098,-60,false,b,true,0
166.299,-40,true,l,true,0
160,-40,false,l,true,0
206.655,-40,true,g,true,0
197.753,-60,false,g,true,0
181.79,-60,false,b,true,0
137.127,-60,false,b,true,0
149.679,-40,true,l,true,0
160,-40,false,l,true,0
207.387,-40,true,g,true,0
198.517,-60,false,g,true,0
199.355,-60,false,b,true,0
208.188,-40,true,l,true,0
160,-40,false,l,true,0
171.335,-40,true,g,true,0
160.486,-60,false,g,true,0
148.059,-60,false,b,true,0
145.201,-60,false,b,true,0
157.11,-40,true,l,true,0
160,-40,false,l,true,0
167.555,-40,true,g,true,0
156.444,-60,false,g,true,0
150.544,-60,false,b,true,0
162.06,-40,true,l,true,0
160,-40,false,l,true,0
174.124,-40,true,g,true,0
163.46,-60,false,g,true,0
136.094,-60,false,b,true,0
148.734,-40,true,l,true,0
160,-40,false,l,true,0
167.917,-40,true,g,true,0
156.832,-60,false,g,true,0
152.743,-60,false,b,true,0
164.105,-40,true,l,true,0
160,-40,false,l,true,0
168.51,-40,true,g,true,0
157.466,-60,false,g,true,0
151.844,-60,false,b,true,0
163.268,-40,true,l,true,0
160,-40,false,l,true,0
163.952,-40,true,g,true,0
152.579,-60,false,g,true,0
146.735,-60,false,b,true,0
158.528,-40,true,l,true,0
160,-40,false,l,true,0
181.31,-40,true,g,true,0
171.094,-60,false,g,true,0
162.921,-60,false,b,true,0
173.618,-40,true,l,true,0
160,-40,false,l,true,0
166.151,-40,true,g,true,0
154.939,-60,false,g,true,0
150.241,-60,false,b,true,0
161.779,-40,true,l,true,0
160,-40,false,l,true,0
167.52,-40,true,g,true,0
156.407,-60,false,g,true,0
146.767,-60,false,b,true,0
158.558,-40,true,l,true,0
160,-40,false,l,true,0
197.2,-40,true,g,true,0
187.851,-60,false,g,true,0
143.644,-60,false,b,true,0
155.672,-40,true,l,true,0
160,-40,false,l,true,0
164.342,-40,true,g,true,0
152.998,-60,false,g,true,0
147.203,-60,false,b,true,0
158.961,-40,true,l,true,0
160,-40,false,l,true,0
162.687,-40,true,g,true,0
151.219,-60,false,g,true,0
142.866,-60,false,b,true,0
154.954,-40,true,l,true,0
160,-40,false,l,true,0
186.131,-40,true,g,true,0
176.195,-60,false,g,true,0
140.394,-60,false,b,true,0
140.552,-60,false,b,true,0
152.823,-40,true,l,true,0
160,-40,false,l,true,0
169.354,-40,true,g,true,0
158.369,-60,false,g,true,0
151.74,-60,false,b,true,0
163.172,-40,true,l,true,0
160,-40,false,l,true,0
196.262,-40,true,g,true,0
186.866,-60,false,g,true,0
143.038,-60,false,b,true,0
155.112,-40,true,l,true,0
160,-40,false,l,true,0
160.919,-40,true,g,true,0
149.315,-60,false,g,true,0
141.266,-60,false,b,true,0
153.479,-40,true,l,true,0
160,-40,false,l,true,0
159.32,-40,true,g,true,0
147.59,-60,false,g,true,0
141.976,-60,false,b,true,0
154.134,-40,true,l,true,0
160,-40,false,l,true,0
167.301,-40,true,g,true,0
156.171,-60,false,g,true,0
145.697,-60,false,b,true,0
157.568,-40,true,l,true,0
160,-40,false,l,true,0
204.615,-40,true,g,true,0
195.621,-60,false,g,true,0
156.333,-60,false,b,true,0
167.452,-40,true,l,true,0
160,-40,false,l,true,0
201.135,-40,true,g,true,0
191.978,-60,false,g,true,0
186.336,-60,false,b,true,0
195.758,-40,true,l,true,0
160,-40,false,l,true,0
170.899,-40,true,g,true,0
160.02,-60,false,g,true,0
153.863,-60,false,b,true,0
165.148,-40,true,l,true,0
160,-40,false,l,true,0
204.254,-40,true,g,true,0
195.242,-60,false,g,true,0
192.237,-60,false,b,true,0
137.358,-60,false,b,true,0
149.891,-40,true,l,true,0
160,-40,false,l,true,0
193.387,-40,true,g,true,0
183.844,-60,false,g,true,0
143.309,-60,false,b,true,0
155.362,-40,true,l,true,0
160,-40,false,l,true,0
196.775,-40,true,g,true,0
187.404,-60,false,g,true,0
152.851,-60,false,b,true,0
160,-60,false,f,true,1
148.081,-60,false,b,true,1
159.774,-40,true,l,true,1
160,-40,false,l,true,1
168.383,-40,true,g,true,1
157.33,-60,false,g,true,1
148.681,-60,false,b,true,1
160.331,-40,true,l,true,1
160,-40,false,l,true,1
160.547,-40,true,g,true,1
148.914,-60,false,g,true,1
141.014,-60,false,b,true,1
153.248,-40,true,l,true,1
160,-40,false,l,true,1
156.746,-40,true,g,true,1
144.808,-60,false,g,true,1
173.946,-60,false,b,true,1
184.003,-40,true,l,true,1
160,-40,false,l,true,1
170.236,-40,true,g,true,1
159.312,-60,false,g,true,1
185.519,-60,false,b,true,1
194.981,-40,true,l,true,1
160,-40,false,l,true,1
206.754,-40,true,g,true,1
197.856,-60,false,g,true,1
144.281,-60,false,b,true,1
156.26,-40,true,l,true,1
160,-40,false,l,true,1
165.42,-40,true,g,true,1
154.155,-60,false,g,true,1
147.311,-60,false,b,true,1
159.062,-40,true,l,true,1
160,-40,false,l,true,1
163.041,-40,true,g,true,1
151.599,-60,false,g,true,1
163.09,-60,false,b,true,1
173.777,-40,true,l,true,1
160,-40,false,l,true,1
159.942,-40,true,g,true,1
148.261,-60,false,g,true,1
141.474,-60,false,b,true,1
153.671,-40,true,l,true,1
160,-40,false,l,true,1
169.475,-40,true,g,true,1
158.498,-60,false,g,true,1
150.525,-60,false,b,true,1
162.042,-40,true,l,true,1
160,-40,false,l,true,1
191.434,-40,true,g,true,1
181.789,-60,false,g,true,1
182.377,-60,false,b,true,1
155.206,-60,false,b,true,1
199.524,-60,false,b,true,1
199.369,-60,false,b,true,1
208.201,-40,true,l,true,1
160,-40,false,l,true,1
165.017,-40,true,g,true,1
153.723,-60,false,g,true,1
144.397,-60,false,b,true,1
156.366,-40,true,l,true,1
160,-40,false,l,true,1
177.168,-40,true,g,true,1
166.699,-60,false,g,true,1
191.806,-60,false,b,true,1
200.972,-40,true,l,true,1
160,-40,false,l,true,1
175.846,-40,true,g,true,1
165.293,-60,false,g,true,1
160.578,-60,false,b,true,1
195.255,-60,false,b,true,1
204.265,-40,true,l,true,1
160,-40,false,l,true,1
166.319,-40,true,g,true,1
155.119,-60,false,g,true,1
150.182,-60,false,b,true,1
161.724,-40,true,l,true,1
160,-40,false,l,true,1
178.284,-40,true,g,true,1
167.884,-60,false,g,true,1
136.373,-60,false,b,true,1
142.058,-60,false,b,true,1
154.209,-40,true,l,true,1
160,-40,false,l,true,1
200.362,-40,true,g,true,1
191.167,-60,false,g,true,1
159.784,-60,false,b,true,1
160.677,-60,false,b,true,1
135.342,-60,false,b,true,1
148.046,-40,true,l,true,1
160,-40,false,l,true,1
163.962,-40,true,g,true,1
152.59,-60,false,g,true,1
143.084,-60,false,b,true,1
155.155,-40,true,l,true,1
160,-40,false,l,true,1
201.184,-40,true,g,true,1
192.029,-60,false,g,true,1
159.98,-60,false,b,true,1
170.862,-40,true,l,true,1
160,-40,false,l,true,1
175.695,-40,true,g,true,1
165.133,-60,false,g,true,1
159.138,-60,false,b,true,1
170.074,-40,true,l,true,1
160,-40,false,l,true,1
157.885,-40,true,g,true,1
146.04,-60,false,g,true,1
137.788,-60,false,b,true,1
150.285,-40,true,l,true,1
160,-40,false,l,true,1
198.036,-40,true,g,true,1
188.728,-60,false,g,true,1
149.291,-60,false,b,true,1
160.897,-40,true,l,true,1
160,-40,false,l,true,1
161.758,-40,true,g,true,1
150.219,-60,false,g,true,1
143.054,-60,false,b,true,1
155.127,-40,true,l,true,1
160,-40,false,l,true,1
161.759,-40,true,g,true,1
150.22,-60,false,g,true,1
149.292,-60,false,b,true,1
168.982,-60,false,b,true,1
135.443,-60,false,b,true,1
148.137,-40,true,l,true,1
160,-40,false,l,true,1
197.3,-40,true,g,true,1
187.955,-60,false,g,true,1
184.321,-60,false,b,true,1
157.254,-60,false,b,true,1
168.312,-40,true,l,true,1
160,-40,false,l,true,1
164.271,-40,true,g,true,1
152.921,-60,false,g,true,1
144.341,-60,false,b,true,1
164.685,-60,false,b,true,1
175.275,-40,true,l,true,1
160,-40,false,l,true,1
163.187,-40,true,g,true,1
151.756,-60,false,g,true,1
147.75,-60,false,b,true,1
159.468,-40,true,l,true,1
160,-40,false,l,true,1
160.684,-40,true,g,true,1
149.062,-60,false,g,true,1
138.792,-60,false,b,true,1
163.634,-60,false,b,true,1
174.287,-40,true,l,true,1
160,-40,false,l,true,1
205.414,-40,true,g,true,1
196.456,-60,false,g,true,1
193.548,-60,false,b,true,1
202.635,-40,true,l,true,1
160,-40,false,l,true,1
171.067,-40,true,g,true,1
160.2,-60,false,g,true,1
150.469,-60,false,b,true,1
161.991,-40,true,l,true,1
160,-40,false,l,true,1
186.216,-40,true,g,true,1
176.285,-60,false,g,true,1
173.693,-60,false,b,true,1
183.764,-40,true,l,true,1
160,-40,false,l,true,1
163.339,-40,true,g,true,1
151.919,-60,false,g,true,1
144.254,-60,false,b,true,1
156.234,-40,true,l,true,1
160,-40,false,l,true,1
159.902,-40,true,g,true,1
148.218,-60,false,g,true,1
142.952,-60,false,b,true,1
155.033,-40,true,l,true,1
160,-40,false,l,true,1
165.846,-40,true,g,true,1
154.612,-60,false,g,true,1
146.52,-60,false,b,true,1
158.329,-40,true,l,true,1
160,-40,false,l,true,1
200.964,-40,true,g,true,1
191.798,-60,false,g,true,1
138.776,-60,false,b,true,1
151.191,-40,true,l,true,1
160,-40,false,l,true,1
155.552,-40,true,g,true,1
143.515,-60,false,g,true,1
176.945,-60,false,b,true,1
186.841,-40,true,l,true,1
160,-40,false,l,true,1
174.029,-40,true,g,true,1
163.358,-60,false,g,true,1
164.015,-60,false,b,true,1
139.962,-60,false,b,true,1
152.28,-40,true,l,true,1
160,-40,false,l,true,1
161.837,-40,true,g,true,1
150.304,-60,false,g,true,1
149.319,-60,false,b,true,1
160.923,-40,true,l,true,1
160,-40,false,l,true,1
188.715,-40,true,g,true,1
178.923,-60,false,g,true,1
143.033,-60,false,b,true,1
155.108,-40,true,l,true,1
160,-40,false,l,true,1
195.355,-40,true,g,true,1
185.913,-60,false,g,true,1
185.082,-60,false,b,true,1
156.11,-60,false,b,true,1
180.427,-60,false,b,true,1
147.609,-60,false,b,true,1
159.337,-40,true,l,true,1
160,-40,false,l,true,1
159.742,-40,true,g,true,1
148.046,-60,false,g,true,1
137.648,-60,false,b,true,1
165.669,-60,false,b,true,1
176.199,-40,true,l,true,1
160,-40,false,l,true,1
177.435,-40,true,g,true,1
166.982,-60,false,g,true,1
195.707,-60,false,b,true,1
204.698,-40,true,l,true,1
160,-40,false,l,true,1
166.969,-40,true,g,true,1
155.816,-60,false,g,true,1
147.096,-60,false,b,true,1
158.862,-40,true,l,true,1
160,-40,false,l,true,1
189.089,-40,true,g,true,1
179.317,-60,false,g,true,1
179.917,-60,false,b,true,1
189.658,-40,true,l,true,1
160,-40,false,l,true,1
205.474,-40,true,g,true,1
196.519,-60,false,g,true,1
193.526,-60,false,b,true,1
202.614,-40,true,l,true,1
160,-40,false,l,true,1
166.289,-40,true,g,true,1
155.087,-60,false,g,true,1
145.891,-60,false,b,true,1
157.747,-40,true,l,true,1
160,-40,false,l,true,1
189.208,-40,true,g,true,1
179.443,-60,false,g,true,1
176.018,-60,false,b,true,1
135.899,-60,false,b,true,1
174.109,-60,false,b,true,1
177.547,-60,false,b,true,1
187.411,-40,true,l,true,1
160,-40,false,l,true,1
169.166,-40,true,g,true,1
158.169,-60,false,g,true,1
146.536,-60,false,b,true,1
147.465,-60,false,b,true,1
159.204,-40,true,l,true,1
160,-40,false,l,true,1
152.32,-40,true,g,true,1
140.005,-60,false,g,true,1
138.964,-60,false,b,true,1
151.363,-40,true,l,true,1
160,-40,false,l,true,1
179.507,-40,true,g,true,1
169.183,-60,false,g,true,1
141.236,-60,false,b,true,1
153.452,-40,true,l,true,1
160,-40,false,l,true,1
184.78,-40,true,g,true,1
174.768,-60,false,g,true,1
171.908,-60,false,b,true,1
182.077,-40,true,l,true,1
160,-40,false,l,true,1
161.517,-40,true,g,true,1
149.959,-60,false,g,true,1
142.102,-60,false,b,true,1
154.25,-40,true,l,true,1
160,-40,false,l,true,1
185.641,-40,true,g,true,1
175.677,-60,false,g,true,1
172.521,-60,false,b,true,1
186.007,-60,false,b,true,1
171.489,-60,false,b,true,1
174.61,-60,false,b,true,1
184.631,-40,true,l,true,1
160,-40,false,l,true,1
169.789,-40,true,g,true,1
158.834,-60,false,g,true,1
153.403,-60,false,b,true,1
164.719,-40,true,l,true,1
160,-40,false,l,true,1
158.055,-40,true,g,true,1
146.224,-60,false,g,true,1
142.01,-60,false,b,true,1
154.165,-40,true,l,true,1
160,-40,false,l,true,1
157.669,-40,true,g,true,1
145.806,-60,false,g,true,1
140.24,-60,false,b,true,1
148.514,-60,false,b,true,1
160.176,-40,true,l,true,1
160,-40,false,l,true,1
161.124,-40,true,g,true,1
149.536,-60,false,g,true,1
141.35,-60,false,b,true,1
153.557,-40,true,l,true,1
160,-40,false,l,true,1
194.214,-40,true,g,true,1
184.714,-60,false,g,true,1
183.885,-60,false,b,true,1
155.084,-60,false,b,true,1
151.218,-60,false,b,true,1
197.206,-60,false,b,true,1
206.132,-40,true,l,true,1
160,-40,false,l,true,1
185.663,-40,true,g,true,1
175.701,-60,false,g,true,1
173.254,-60,false,b,true,1
183.349,-40,true,l,true,1
160,-40,false,l,true,1
169.874,-40,true,g,true,1
158.925,-60,false,g,true,1
190.98,-60,false,b,true,1
150.892,-60,false,b,true,1
187.138,-60,false,b,true,1
197.113,-60,false,b,true,1
206.043,-40,true,l,true,1
160,-40,false,l,true,1
206.152,-40,true,g,true,1
197.227,-60,false,g,true,1
147.723,-60,false,b,true,1
159.443,-40,true,l,true,1
160,-40,false,l,true,1
158.873,-40,true,g,true,1
147.107,-60,false,g,true,1
160.202,-60,false,b,true,1
161.507,-60,false,b,true,1
172.292,-40,true,l,true,1
160,-40,false,l,true,1
174.841,-40,true,g,true,1
164.223,-60,false,g,true,1
158.057,-60,false,b,true,1
169.062,-40,true,l,true,1
160,-40,false,l,true,1
203.612,-40,true,g,true,1
194.571,-60,false,g,true,1
145.432,-60,false,b,true,1
157.323,-40,true,l,true,1
160,-40,false,l,true,1
171.382,-40,true,g,true,1
160.536,-60,false,g,true,1
157.461,-60,false,b,true,1
168.505,-40,true,l,true,1
160,-40,false,l,true,1
173.347,-40,true,g,true,1
162.632,-60,false,g,true,1
155.919,-60,false,b,true,1
167.065,-40,true,l,true,1
160,-40,false,l,true,1
188.234,-40,true,g,true,1
178.415,-60,false,g,true,1
137.821,-60,false,b,true,1
150.315,-40,true,l,true,1
160,-40,false,l,true,1
169.015,-40,true,g,true,1
158.007,-60,false,g,true,1
147.379,-60,false,b,true,1
163.126,-60,false,b,true,1
173.81,-40,true,l,true,1
160,-40,false,l,true,1
206.038,-40,true,g,true,1
197.108,-60,false,g,true,1
192.515,-60,false,b,true,1
142.52,-60,false,b,true,1
151.908,-60,false,b,true,1
140.9,-60,false,b,true,1
140.491,-60,false,b,true,1
152.767,-40,true,l,true,1
160,-40,false,l,true,1
173.829,-40,true,g,true,1
163.146,-60,false,g,true,1
158.309,-60,false,b,true,1
170.627,-60,false,b,true,1
180.869,-40,true,l,true,1
160,-40,false,l,true,1
196.389,-40,true,g,true,1
186.999,-60,false,g,true,1
135.107,-60,false,b,true,1
147.83,-40,true,l,true,1
160,-40,false,l,true,1
161.364,-40,true,g,true,1
149.795,-60,false,g,true,1
148.269,-60,false,b,true,1
159.949,-40,true,l,true,1
160,-40,false,l,true,1
196.704,-40,true,g,true,1
187.33,-60,false,g,true,1
135.243,-60,false,b,true,1
158.705,-60,false,b,true,1
183.107,-60,false,b,true,1
192.687,-40,true,l,true,1
160,-40,false,l,true,1
187.573,-40,true,g,true,1
177.718,-60,false,g,true,1
174.312,-60,false,b,true,1
189.216,-60,false,b,true,1
140.286,-60,false,b,true,1
139.24,-60,false,b,true,1
151.617,-40,true,l,true,1
160,-40,false,l,true,1
204.61,-40,true,g,true,1
195.615,-60,false,g,true,1
193.969,-60,false,b,true,1
196.812,-60,false,b,true,1
182.504,-60,false,b,true,1
192.114,-40,true,l,true,1
160,-40,false,l,true,1
182.374,-40,true,g,true,1
172.222,-60,false,g,true,1
144.497,-60,false,b,true,1
156.459,-40,true,l,true,1
160,-40,false,l,true,1
165.241,-40,true,g,true,1
153.963,-60,false,g,true,1
151.074,-60,false,b,true,1
162.552,-40,true,l,true,1
160,-40,false,l,true,1
200.741,-40,true,g,true,1
191.564,-60,false,g,true,1
151.979,-60,false,b,true,1
165.192,-60,false,b,true,1
153.556,-60,false,b,true,1
189.481,-60,false,b,true,1
198.754,-40,true,l,true,1
160,-40,false,l,true,1
161.659,-40,true,g,true,1
150.113,-60,false,g,true,1
143.503,-60,false,b,true,1
155.542,-40,true,l,true,1
160,-40,false,l,true,1
187.224,-40,true,g,true,1
177.349,-60,false,g,true,1
145.821,-60,false,b,true,1
157.683,-40,true,l,true,1
160,-40,false,l,true,1
166.994,-40,true,g,true,1
155.843,-60,false,g,true,1
158.226,-60,false,b,true,1
169.22,-40,true,l,true,1
160,-40,false,l,true,1
199.548,-40,true,g,true,1
190.314,-60,false,g,true,1
143.789,-60,false,b,true,1
168.178,-60,false,b,true,1
163.947,-60,false,b,true,1
193.944,-60,false,b,true,1
203.013,-40,true,l,true,1
160,-40,false,l,true,1
157.396,-40,true,g,true,1
145.511,-60,false,g,true,1
140.859,-60,false,b,true,1
153.105,-40,true,l,true,1
160,-40,false,l,true,1
172.489,-40,true,g,true,1
161.717,-60,false,g,true,1
154.747,-60,false,b,true,1
165.972,-40,true,l,true,1
160,-40,false,l,true,1
187.558,-40,true,g,true,1
177.702,-60,false,g,true,1
136.694,-60,false,b,true,1
157.846,-60,false,b,true,1
174.886,-60,false,b,true,1
199.757,-60,false,b,true,1
208.574,-40,true,l,true,1
160,-40,false,l,true,1
161.767,-40,true,g,true,1
150.229,-60,false,g,true,1
142.112,-60,false,b,true,1
154.259,-40,true,l,true,1
160,-40,false,l,true,1
159.931,-40,true,g,true,1
148.25,-60,false,g,true,1
140.839,-60,false,b,true,1
153.087,-40,true,l,true,1
160,-40,false,l,true,1
160,-60,false,f,true,2
197.667,-60,false,b,true,2
206.572,-40,true,l,true,2
160,-40,false,l,true,2
149.168,-40,true,g,true,2
136.569,-60,false,g,true,2
184.197,-60,false,b,true,2
193.723,-40,true,l,true,2
160,-40,false,l,true,2
167.431,-40,true,g,true,2
156.311,-60,false,g,true,2
197.269,-60,false,b,true,2
206.191,-40,true,l,true,2
160,-40,false,l,true,2
173.935,-40,true,g,true,2
163.258,-60,false,g,true,2
195.759,-60,false,b,true,2
204.747,-40,true,l,true,2
160,-40,false,l,true,2
183.735,-40,true,g,true,2
173.662,-60,false,g,true,2
169.758,-60,false,b,true,2
180.049,-40,true,l,true,2
160,-40,false,l,true,2
166.494,-40,true,g,true,2
155.307,-60,false,g,true,2
199.566,-60,false,b,true,2
208.39,-40,true,l,true,2
160,-40,false,l,true,2
155.016,-40,true,g,true,2
142.933,-60,false,g,true,2
187.225,-60,false,b,true,2
196.604,-40,true,l,true,2
160,-40,false,l,true,2
148.631,-40,true,g,true,2
135.982,-60,false,g,true,2
183.828,-60,false,b,true,2
193.372,-40,true,l,true,2
160,-40,false,l,true,2
157.432,-40,true,g,true,2
145.551,-60,false,g,true,2
183.959,-60,false,b,true,2
193.496,-40,true,l,true,2
160,-40,false,l,true,2
177.954,-40,true,g,true,2
167.534,-60,false,g,true,2
199.595,-60,false,b,true,2
208.418,-40,true,l,true,2
160,-40,false,l,true,2
205.799,-40,true,g,true,2
196.858,-60,false,g,true,2
198.138,-60,false,b,true,2
207.023,-40,true,l,true,2
160,-40,false,l,true,2
197.618,-40,true,g,true,2
188.289,-60,false,g,true,2
186.311,-60,false,b,true,2
195.734,-40,true,l,true,2
160,-40,false,l,true,2
172.738,-40,true,g,true,2
161.982,-60,false,g,true,2
193.678,-60,false,b,true,2
202.759,-40,true,l,true,2
160,-40,false,l,true,2
162.437,-40,true,g,true,2
150.949,-60,false,g,true,2
199.328,-60,false,b,true,2
208.163,-40,true,l,true,2
160,-40,false,l,true,2
164.187,-40,true,g,true,2
152.831,-60,false,g,true,2
195.887,-60,false,b,true,2
204.87,-40,true,l,true,2
160,-40,false,l,true,2
166.875,-40,true,g,true,2
155.715,-60,false,g,true,2
158.22,-60,false,b,true,2
188.008,-60,false,b,true,2
197.35,-40,true,l,true,2
160,-40,false,l,true,2
206.276,-40,true,g,true,2
197.357,-60,false,g,true,2
195.199,-60,false,b,true,2
204.212,-40,true,l,true,2
160,-40,false,l,true,2
179.26,-40,true,g,true,2
168.921,-60,false,g,true,2
198.65,-60,false,b,true,2
207.514,-40,true,l,true,2
160,-40,false,l,true,2
190.092,-40,true,g,true,2
180.375,-60,false,g,true,2
195.097,-60,false,b,true,2
204.114,-40,true,l,true,2
160,-40,false,l,true,2
156.593,-40,true,g,true,2
144.642,-60,false,g,true,2
188.963,-60,false,b,true,2
198.26,-40,true,l,true,2
160,-40,false,l,true,2
160.429,-40,true,g,true,2
148.786,-60,false,g,true,2
199.981,-60,false,b,true,2
208.788,-40,true,l,true,2
160,-40,false,l,true,2
156.308,-40,true,g,true,2
144.334,-60,false,g,true,2
197.171,-60,false,b,true,2
206.098,-40,true,l,true,2
160,-40,false,l,true,2
169.312,-40,true,g,true,2
158.325,-60,false,g,true,2
197.782,-60,false,b,true,2
206.683,-40,true,l,true,2
160,-40,false,l,true,2
152.218,-40,true,g,true,2
139.894,-60,false,g,true,2
198.946,-60,false,b,true,2
207.797,-40,true,l,true,2
160,-40,false,l,true,2
172.62,-40,true,g,true,2
161.857,-60,false,g,true,2
196.203,-60,false,b,true,2
205.173,-40,true,l,true,2
160,-40,false,l,true,2
169.794,-40,true,g,true,2
158.84,-60,false,g,true,2
194.301,-60,false,b,true,2
203.354,-40,true,l,true,2
160,-40,false,l,true,2
194.13,-40,true,g,true,2
184.625,-60,false,g,true,2
153.507,-60,false,b,true,2
164.817,-40,true,l,true,2
160,-40,false,l,true,2
182.32,-40,true,g,true,2
172.164,-60,false,g,true,2
199.627,-60,false,b,true,2
208.449,-40,true,l,true,2
160,-40,false,l,true,2
197.944,-40,true,g,true,2
188.631,-60,false,g,true,2
186.206,-60,false,b,true,2
195.634,-40,true,l,true,2
160,-40,false,l,true,2
151.217,-40,true,g,true,2
138.804,-60,false,g,true,2
135.324,-60,false,b,true,2
154.143,-60,false,b,true,2
165.408,-40,true,l,true,2
160,-40,false,l,true,2
195.378,-40,true,g,true,2
185.937,-60,false,g,true,2
183.243,-60,false,b,true,2
192.816,-40,true,l,true,2
160,-40,false,l,true,2
163.14,-40,true,g,true,2
151.706,-60,false,g,true,2
198.393,-60,false,b,true,2
207.267,-40,true,l,true,2
160,-40,false,l,true,2
152.378,-40,true,g,true,2
140.068,-60,false,g,true,2
152.457,-60,false,b,true,2
159.043,-60,false,b,true,2
169.985,-40,true,l,true,2
160,-40,false,l,true,2
151.948,-40,true,g,true,2
139.601,-60,false,g,true,2
187.085,-60,false,b,true,2
196.471,-40,true,l,true,2
160,-40,false,l,true,2
155.432,-40,true,g,true,2
143.385,-60,false,g,true,2
175.487,-60,false,b,true,2
190.665,-60,false,b,true,2
199.883,-40,true,l,true,2
160,-40,false,l,true,2
161.197,-40,true,g,true,2
149.615,-60,false,g,true,2
150.741,-60,false,b,true,2
162.243,-40,true,l,true,2
160,-40,false,l,true,2
184.313,-40,true,g,true,2
174.274,-60,false,g,true,2
174.018,-60,false,b,true,2
199.694,-60,false,b,true,2
208.513,-40,true,l,true,2
160,-40,false,l,true,2
166.804,-40,true,g,true,2
155.639,-60,false,g,true,2
171.798,-60,false,b,true,2
181.974,-40,true,l,true,2
160,-40,false,l,true,2
158.574,-40,true,g,true,2
146.785,-60,false,g,true,2
189.627,-60,false,b,true,2
198.893,-40,true,l,true,2
160,-40,false,l,true,2
150.67,-40,true,g,true,2
138.208,-60,false,g,true,2
174.312,-60,false,b,true,2
184.35,-40,true,l,true,2
160,-40,false,l,true,2
156.748,-40,true,g,true,2
144.81,-60,false,g,true,2
197.365,-60,false,b,true,2
206.284,-40,true,l,true,2
160,-40,false,l,true,2
198.98,-40,true,g,true,2
189.719,-60,false,g,true,2
199.882,-60,false,b,true,2
208.693,-40,true,l,true,2
160,-40,false,l,true,2
206.466,-40,true,g,true,2
197.555,-60,false,g,true,2
197.029,-60,false,b,true,2
205.962,-40,true,l,true,2
160,-40,false,l,true,2
170.04,-40,true,g,true,2
159.102,-60,false,g,true,2
151.922,-60,false,b,true,2
163.341,-40,true,l,true,2
160,-40,false,l,true,2
168.666,-40,true,g,true,2
157.633,-60,false,g,true,2
196.604,-60,false,b,true,2
205.556,-40,true,l,true,2
160,-40,false,l,true,2
167.624,-40,true,g,true,2
156.518,-60,false,g,true,2
181.062,-60,false,b,true,2
190.744,-40,true,l,true,2
160,-40,false,l,true,2
168.249,-40,true,g,true,2
157.187,-60,false,g,true,2
170.728,-60,false,b,true,2
180.964,-40,true,l,true,2
160,-40,false,l,true,2
174.939,-40,true,g,true,2
164.328,-60,false,g,true,2
199.897,-60,false,b,true,2
208.708,-40,true,l,true,2
160,-40,false,l,true,2
162.993,-40,true,g,true,2
151.547,-60,false,g,true,2
198.165,-60,false,b,true,2
207.049,-40,true,l,true,2
160,-40,false,l,true,2
166.929,-40,true,g,true,2
155.773,-60,false,g,true,2
169.294,-60,false,b,true,2
179.612,-40,true,l,true,2
160,-40,false,l,true,2
174.089,-40,true,g,true,2
163.423,-60,false,g,true,2
198.759,-60,false,b,true,2
207.618,-40,true,l,true,2
160,-40,false,l,true,2
159.271,-40,true,g,true,2
147.537,-60,false,g,true,2
190.135,-60,false,b,true,2
199.377,-40,true,l,true,2
160,-40,false,l,true,2
208.47,-40,true,g,true,2
199.649,-60,false,g,true,2
196.457,-60,false,b,true,2
205.415,-40,true,l,true,2
160,-40,false,l,true,2
205.98,-40,true,g,true,2
197.047,-60,false,g,true,2
194.667,-60,false,b,true,2
196.883,-60,false,b,true,2
205.823,-40,true,l,true,2
160,-40,false,l,true,2
177.656,-40,true,g,true,2
167.218,-60,false,g,true,2
188.993,-60,false,b,true,2
198.288,-40,true,l,true,2
160,-40,false,l,true,2
164.956,-40,true,g,true,2
153.657,-60,false,g,true,2
199.11,-60,false,b,true,2
207.954,-40,true,l,true,2
160,-40,false,l,true,2
150.154,-40,true,g,true,2
137.645,-60,false,g,true,2
185.278,-60,false,b,true,2
194.751,-40,true,l,true,2
160,-40,false,l,true,2
168.394,-40,true,g,true,2
157.342,-60,false,g,true,2
198.256,-60,false,b,true,2
207.136,-40,true,l,true,2
160,-40,false,l,true,2
165.749,-40,true,g,true,2
154.508,-60,false,g,true,2
197.21,-60,false,b,true,2
206.135,-40,true,l,true,2
160,-40,false,l,true,2
163.782,-40,true,g,true,2
152.396,-60,false,g,true,2
159.256,-60,false,b,true,2
197.853,-60,false,b,true,2
206.751,-40,true,l,true,2
160,-40,false,l,true,2
174.177,-40,true,g,true,2
163.517,-60,false,g,true,2
199.826,-60,false,b,true,2
208.64,-40,true,l,true,2
160,-40,false,l,true,2
159.087,-40,true,g,true,2
147.339,-60,false,g,true,2
188.668,-60,false,b,true,2
197.979,-40,true,l,true,2
160,-40,false,l,true,2
149.663,-40,true,g,true,2
137.109,-60,false,g,true,2
184.477,-60,false,b,true,2
193.989,-40,true,l,true,2
160,-40,false,l,true,2
167.537,-40,true,g,true,2
156.425,-60,false,g,true,2
172.403,-60,false,b,true,2
182.546,-40,true,l,true,2
160,-40,false,l,true,2
205.513,-40,true,g,true,2
196.559,-60,false,g,true,2
196.343,-60,false,b,true,2
205.306,-40,true,l,true,2
160,-40,false,l,true,2
170.459,-40,true,g,true,2
159.551,-60,false,g,true,2
198.661,-60,false,b,true,2
207.524,-40,true,l,true,2
160,-40,false,l,true,2
151.874,-40,true,g,true,2
139.52,-60,false,g,true,2
187.247,-60,false,b,true,2
196.625,-40,true,l,true,2
160,-40,false,l,true,2
164.333,-40,true,g,true,2
152.988,-60,false,g,true,2
155.268,-60,false,b,true,2
166.458,-40,true,l,true,2
160,-40,false,l,true,2
186.263,-40,true,g,true,2
176.334,-60,false,g,true,2
185.764,-60,false,b,true,2
195.214,-40,true,l,true,2
160,-40,false,l,true,2
198.415,-40,true,g,true,2
189.126,-60,false,g,true,2
151.311,-60,false,b,true,2
162.773,-40,true,l,true,2
160,-40,false,l,true,2
191.67,-40,true,g,true,2
182.036,-60,false,g,true,2
196.741,-60,false,b,true,2
199.629,-60,false,b,true,2
208.451,-40,true,l,true,2
160,-40,false,l,true,2
161.266,-40,true,g,true,2
149.689,-60,false,g,true,2
182.515,-60,false,b,true,2
197.418,-60,false,b,true,2
206.334,-40,true,l,true,2
160,-40,false,l,true,2
183.437,-40,true,g,true,2
173.347,-60,false,g,true,2
198.253,-60,false,b,true,2
207.133,-40,true,l,true,2
160,-40,false,l,true,2
155.391,-40,true,g,true,2
143.34,-60,false,g,true,2
158.06,-60,false,b,true,2
160.728,-60,false,b,true,2
171.562,-40,true,l,true,2
160,-40,false,l,true,2
175.202,-40,true,g,true,2
164.608,-60,false,g,true,2
196.51,-60,false,b,true,2
205.466,-40,true,l,true,2
160,-40,false,l,true,2
162.193,-40,true,g,true,2
150.687,-60,false,g,true,2
186.923,-60,false,b,true,2
196.316,-40,true,l,true,2
160,-40,false,l,true,2
178.265,-40,true,g,true,2
167.864,-60,false,g,true,2
191.867,-60,false,b,true,2
201.03,-40,true,l,true,2
160,-40,false,l,true,2
176.637,-40,true,g,true,2
166.134,-60,false,g,true,2
148.752,-60,false,b,true,2
160.397,-40,true,l,true,2
160,-40,false,l,true,2
196.79,-40,true,g,true,2
187.42,-60,false,g,true,2
183.355,-60,false,b,true,2
190.266,-60,false,b,true,2
199.502,-40,true,l,true,2
160,-40,false,l,true,2
162.267,-40,true,g,true,2
150.767,-60,false,g,true,2
194.234,-60,false,b,true,2
203.29,-40,true,l,true,2
160,-40,false,l,true,2
160.595,-40,true,g,true,2
148.965,-60,false,g,true,2
147.626,-60,false,b,true,2
192.744,-60,false,b,true,2
201.867,-40,true,l,true,2
160,-40,false,l,true,2
161.105,-40,true,g,true,2
149.515,-60,false,g,true,2
199.693,-60,false,b,true,2
208.512,-40,true,l,true,2
160,-40,false,l,true,2
157.787,-40,true,g,true,2
145.934,-60,false,g,true,2
181.406,-60,false,b,true,2
191.071,-40,true,l,true,2
160,-40,false,l,true,2
172.423,-40,true,g,true,2
161.647,-60,false,g,true,2
197.922,-60,false,b,true,2
206.816,-40,true,l,true,2
160,-40,false,l,true,2
195.894,-40,true,g,true,2
186.479,-60,false,g,true,2
145.25,-60,false,b,true,2
157.155,-40,true,l,true,2
160,-40,false,l,true,2
162.96,-40,true,g,true,2
151.512,-60,false,g,true,2
198.508,-60,false,b,true,2
207.378,-40,true,l,true,2
160,-40,false,l,true,2
160.052,-40,true,g,true,2
148.38,-60,false,g,true,2
198.544,-60,false,b,true,2
207.412,-40,true,l,true,2
160,-40,false,l,true,2
195.699,-40,true,g,true,2
186.274,-60,false,g,true,2
183.07,-60,false,b,true,2
199.309,-60,false,b,true,2
208.145,-40,true,l,true,2
160,-40,false,l,true,2
181.29,-40,true,g,true,2
171.073,-60,false,g,true,2
199.143,-60,false,b,true,2
207.986,-40,true,l,true,2
160,-40,false,l,true,2
167.308,-40,true,g,true,2
156.18,-60,false,g,true,2
199.552,-60,false,b,true,2
208.377,-40,true,l,true,2
160,-40,false,l,true,2
162.254,-40,true,g,true,2
150.753,-60,false,g,true,2
159.471,-60,false,b,true,2
170.385,-40,true,l,true,2
160,-40,false,l,true,2
169.404,-40,true,g,true,2
158.423,-60,false,g,true,2
199.178,-60,false,b,true,2
208.019,-40,true,l,true,2
160,-40,false,l,true,2
153.019,-40,true,g,true,2
140.765,-60,false,g,true,2
199.786,-60,false,b,true,2
208.601,-40,true,l,true,2
160,-40,false,l,true,2
167.623,-40,true,g,true,2
156.517,-60,false,g,true,2
196.81,-60,false,b,true,2
205.753,-40,true,l,true,2
160,-40,false,l,true,2
171.618,-40,true,g,true,2
160.788,-60,false,g,true,2
156.998,-60,false,b,true,2
168.073,-40,true,l,true,2
160,-40,false,l,true,2
160.093,-40,true,g,true,2
148.425,-60,false,g,true,2
190.202,-60,false,b,true,2
199.442,-40,true,l,true,2
160,-40,false,l,true,2
186.589,-40,true,g,true,2
176.679,-60,false,g,true,2
175.86,-60,false,b,true,2
178.005,-60,false,b,true,2
187.845,-40,true,l,true,2
160,-40,false,l,true,2
174.475,-40,true,g,true,2
163.834,-60,false,g,true,2
193.248,-60,false,b,true,2
202.348,-40,true,l,true,2
160,-40,false,l,true,2
196.856,-40,true,g,true,2
187.49,-60,false,g,true,2
185.395,-60,false,b,true,2
194.862,-40,true,l,true,2
160,-40,false,l,true,2
179.323,-40,true,g,true,2
168.987,-60,false,g,true,2
198.256,-60,false,b,true,2
207.136,-40,true,l,true,2
160,-40,false,l,true,2
166.541,-40,true,g,true,2
155.357,-60,false,g,true,2
196,-60,false,b,true,2
160,-60,false,f,true,3
160,-40,false,l,true,3
175.389,-40,true,g,true,3
164.807,-60,false,g,true,3
156.641,-60,false,b,true,3
196.598,-60,false,b,true,3
205.55,-40,true,l,true,3
160,-40,false,l,true,3
174.174,-40,true,g,true,3
163.514,-60,false,g,true,3
198.764,-60,false,b,true,3
207.623,-40,true,l,true,3
160,-40,false,l,true,3
171.349,-40,true,g,true,3
160.501,-60,false,g,true,3
191.678,-60,false,b,true,3
200.85,-40,true,l,true,3
160,-40,false,l,true,3
204.464,-40,true,g,true,3
195.462,-60,false,g,true,3
193.812,-60,false,b,true,3
202.887,-40,true,l,true,3
160,-40,false,l,true,3
160.697,-40,true,g,true,3
149.076,-60,false,g,true,3
196.427,-60,false,b,true,3
205.386,-40,true,l,true,3
160,-40,false,l,true,3
160.797,-40,true,g,true,3
149.184,-60,false,g,true,3
197.432,-60,false,b,true,3
206.348,-40,true,l,true,3
160,-40,false,l,true,3
167.515,-40,true,g,true,3
156.401,-60,false,g,true,3
169.843,-60,false,b,true,3
180.13,-40,true,l,true,3
160,-40,false,l,true,3
152.442,-40,true,g,true,3
140.138,-60,false,g,true,3
195.667,-60,false,b,true,3
204.66,-40,true,l,true,3
160,-40,false,l,true,3
165.481,-40,true,g,true,3
154.22,-60,false,g,true,3
197.786,-60,false,b,true,3
206.687,-40,true,l,true,3
160,-40,false,l,true,3
191.485,-40,true,g,true,3
181.842,-60,false,g,true,3
183.672,-60,false,b,true,3
193.224,-40,true,l,true,3
160,-40,false,l,true,3
158.628,-40,true,g,true,3
146.843,-60,false,g,true,3
138.9,-60,false,b,true,3
198.892,-60,false,b,true,3
207.745,-40,true,l,true,3
160,-40,false,l,true,3
150.468,-40,true,g,true,3
137.987,-60,false,g,true,3
185.357,-60,false,b,true,3
194.826,-40,true,l,true,3
160,-40,false,l,true,3
196.222,-40,true,g,true,3
186.824,-60,false,g,true,3
183.112,-60,false,b,true,3
192.691,-40,true,l,true,3
160,-40,false,l,true,3
157.346,-40,true,g,true,3
145.458,-60,false,g,true,3
140.566,-60,false,b,true,3
152.836,-40,true,l,true,3
160,-40,false,l,true,3
205.701,-40,true,g,true,3
196.756,-60,false,g,true,3
169.325,-60,false,b,true,3
164.333,-60,false,b,true,3
174.943,-40,true,l,true,3
160,-40,false,l,true,3
167.805,-40,true,g,true,3
156.712,-60,false,g,true,3
149.157,-60,false,b,true,3
199.121,-60,false,b,true,3
207.964,-40,true,l,true,3
160,-40,false,l,true,3
199.686,-40,true,g,true,3
190.459,-60,false,g,true,3
188.447,-60,false,b,true,3
197.769,-40,true,l,true,3
160,-40,false,l,true,3
169.407,-40,true,g,true,3
158.426,-60,false,g,true,3
197.745,-60,false,b,true,3
206.647,-40,true,l,true,3
160,-40,false,l,true,3
161.335,-40,true,g,true,3
149.763,-60,false,g,true,3
198.14,-60,false,b,true,3
207.025,-40,true,l,true,3
160,-40,false,l,true,3
168.093,-40,true,g,true,3
157.02,-60,false,g,true,3
195.837,-60,false,b,true,3
204.822,-40,true,l,true,3
160,-40,false,l,true,3
184.097,-40,true,g,true,3
174.045,-60,false,g,true,3
198.608,-60,false,b,true,3
207.473,-40,true,l,true,3
160,-40,false,l,true,3
153.571,-40,true,g,true,3
141.365,-60,false,g,true,3
195.48,-60,false,b,true,3
204.481,-40,true,l,true,3
160,-40,false,l,true,3
173.273,-40,true,g,true,3
162.553,-60,false,g,true,3
196.28,-60,false,b,true,3
205.245,-40,true,l,true,3
160,-40,false,l,true,3
158.802,-40,true,g,true,3
147.031,-60,false,g,true,3
195.348,-60,false,b,true,3
204.355,-40,true,l,true,3
160,-40,false,l,true,3
173.528,-40,true,g,true,3
162.825,-60,false,g,true,3
198.675,-60,false,b,true,3
207.537,-40,true,l,true,3
160,-40,false,l,true,3
196.956,-40,true,g,true,3
187.595,-60,false,g,true,3
184.815,-60,false,b,true,3
198.782,-60,false,b,true,3
207.64,-40,true,l,true,3
160,-40,false,l,true,3
162.774,-40,true,g,true,3
151.312,-60,false,g,true,3
189.738,-60,false,b,true,3
198.998,-40,true,l,true,3
160,-40,false,l,true,3
170.502,-40,true,g,true,3
159.596,-60,false,g,true,3
198.138,-60,false,b,true,3
207.023,-40,true,l,true,3
160,-40,false,l,true,3
151.469,-40,true,g,true,3
139.079,-60,false,g,true,3
186.787,-60,false,b,true,3
191.209,-60,false,b,true,3
200.402,-40,true,l,true,3
160,-40,false,l,true,3
170.594,-40,true,g,true,3
159.694,-60,false,g,true,3
197.247,-60,false,b,true,3
206.171,-40,true,l,true,3
160,-40,false,l,true,3
162.693,-40,true,g,true,3
151.225,-60,false,g,true,3
145.983,-60,false,b,true,3
157.832,-40,true,l,true,3
160,-40,false,l,true,3
178.402,-40,true,g,true,3
168.01,-60,false,g,true,3
193.04,-60,false,b,true,3
191.543,-60,false,b,true,3
200.721,-40,true,l,true,3
160,-40,false,l,true,3
171.061,-40,true,g,true,3
160.193,-60,false,g,true,3
185.618,-60,false,b,true,3
195.074,-40,true,l,true,3
160,-40,false,l,true,3
171.532,-40,true,g,true,3
160.696,-60,false,g,true,3
199.957,-60,false,b,true,3
208.765,-40,true,l,true,3
160,-40,false,l,true,3
180.762,-40,true,g,true,3
170.513,-60,false,g,true,3
196.373,-60,false,b,true,3
205.335,-40,true,l,true,3
160,-40,false,l,true,3
165.109,-40,true,g,true,3
153.821,-60,false,g,true,3
155.431,-60,false,b,true,3
166.61,-40,true,l,true,3
160,-40,false,l,true,3
200.554,-40,true,g,true,3
191.368,-60,false,g,true,3
191.411,-60,false,b,true,3
200.594,-40,true,l,true,3
160,-40,false,l,true,3
155.522,-40,true,g,true,3
143.482,-60,false,g,true,3
185.406,-60,false,b,true,3
194.873,-40,true,l,true,3
160,-40,false,l,true,3
162.144,-40,true,g,true,3
150.634,-60,false,g,true,3
179.614,-60,false,b,true,3
189.371,-40,true,l,true,3
160,-40,false,l,true,3
167.423,-40,true,g,true,3
156.303,-60,false,g,true,3
186.548,-60,false,b,true,3
195.959,-40,true,l,true,3
160,-40,false,l,true,3
167.255,-40,true,g,true,3
156.122,-60,false,g,true,3
199.262,-60,false,b,true,3
208.099,-40,true,l,true,3
160,-40,false,l,true,3
161.706,-40,true,g,true,3
150.163,-60,false,g,true,3
193.207,-60,false,b,true,3
202.309,-40,true,l,true,3
160,-40,false,l,true,3
154.245,-40,true,g,true,3
142.097,-60,false,g,true,3
163.248,-60,false,b,true,3
173.925,-40,true,l,true,3
160,-40,false,l,true,3
172.147,-40,true,g,true,3
161.352,-60,false,g,true,3
198.859,-60,false,b,true,3
207.714,-40,true,l,true,3
160,-40,false,l,true,3
200.1,-40,true,g,true,3
190.892,-60,false,g,true,3
188.028,-60,false,b,true,3
197.369,-40,true,l,true,3
160,-40,false,l,true,3
196.437,-40,true,g,true,3
187.049,-60,false,g,true,3
184.061,-60,false,b,true,3
193.593,-40,true,l,true,3
160,-40,false,l,true,3
148.963,-40,true,g,true,3
136.345,-60,false,g,true,3
184.515,-60,false,b,true,3
194.025,-40,true,l,true,3
160,-40,false,l,true,3
193.839,-40,true,g,true,3
184.319,-60,false,g,true,3
186.129,-60,false,b,true,3
195.561,-40,true,l,true,3
160,-40,false,l,true,3
179.188,-40,true,g,true,3
168.844,-60,false,g,true,3
166.429,-60,false,b,true,3
176.914,-40,true,l,true,3
160,-40,false,l,true,3
149.362,-40,true,g,true,3
136.781,-60,false,g,true,3
184.494,-60,false,b,true,3
194.006,-40,true,l,true,3
160,-40,false,l,true,3
167.763,-40,true,g,true,3
156.667,-60,false,g,true,3
175.703,-60,false,b,true,3
185.665,-40,true,l,true,3
160,-40,false,l,true,3
206.133,-40,true,g,true,3
197.207,-60,false,g,true,3
195.593,-60,false,b,true,3
204.589,-40,true,l,true,3
160,-40,false,l,true,3
167.942,-40,true,g,true,3
156.858,-60,false,g,true,3
149.198,-60,false,b,true,3
199.165,-60,false,b,true,3
208.007,-40,true,l,true,3
160,-40,false,l,true,3
206.771,-40,true,g,true,3
197.874,-60,false,g,true,3
195.207,-60,false,b,true,3
204.22,-40,true,l,true,3
160,-40,false,l,true,3
176.645,-40,true,g,true,3
166.142,-60,false,g,true,3
199.598,-60,false,b,true,3
208.421,-40,true,l,true,3
160,-40,false,l,true,3
198.21,-40,true,g,true,3
188.911,-60,false,g,true,3
187.051,-60,false,b,true,3
196.439,-40,true,l,true,3
160,-40,false,l,true,3
173.294,-40,true,g,true,3
162.576,-60,false,g,true,3
197.983,-60,false,b,true,3
206.875,-40,true,l,true,3
160,-40,false,l,true,3
197.747,-40,true,g,true,3
188.425,-60,false,g,true,3
186.273,-60,false,b,true,3
199.805,-60,false,b,true,3
208.62,-40,true,l,true,3
160,-40,false,l,true,3
176.256,-40,true,g,true,3
165.729,-60,false,g,true,3
199.112,-60,false,b,true,3
207.956,-40,true,l,true,3
160,-40,false,l,true,3
192.777,-40,true,g,true,3
183.202,-60,false,g,true,3
197.97,-60,false,b,true,3
206.863,-40,true,l,true,3
160,-40,false,l,true,3
171.51,-40,true,g,true,3
160.672,-60,false,g,true,3
195.094,-60,false,b,true,3
204.112,-40,true,l,true,3
160,-40,false,l,true,3
203.031,-40,true,g,true,3
193.963,-60,false,g,true,3
192.101,-60,false,b,true,3
201.253,-40,true,l,true,3
160,-40,false,l,true,3
173.461,-40,true,g,true,3
162.754,-60,false,g,true,3
197.911,-60,false,b,true,3
206.806,-40,true,l,true,3
160,-40,false,l,true,3
162.716,-40,true,g,true,3
151.25,-60,false,g,true,3
194.06,-60,false,b,true,3
203.124,-40,true,l,true,3
160,-40,false,l,true,3
151.374,-40,true,g,true,3
138.976,-60,false,g,true,3
157.408,-60,false,b,true,3
165.85,-60,false,b,true,3
176.37,-40,true,l,true,3
160,-40,false,l,true,3
171.722,-40,true,g,true,3
160.899,-60,false,g,true,3
186.372,-60,false,b,true,3
195.792,-40,true,l,true,3
160,-40,false,l,true,3
159.546,-40,true,g,true,3
147.834,-60,false,g,true,3
139.72,-60,false,b,true,3
152.058,-40,true,l,true,3
160,-40,false,l,true,3
162.567,-40,true,g,true,3
151.089,-60,false,g,true,3
192.961,-60,false,b,true,3
202.075,-40,true,l,true,3
160,-40,false,l,true,3
171.01,-40,true,g,true,3
160.139,-60,false,g,true,3
198.796,-60,false,b,true,3
207.653,-40,true,l,true,3
160,-40,false,l,true,3
171.225,-40,true,g,true,3
160.368,-60,false,g,true,3
191.756,-60,false,b,true,3
200.924,-40,true,l,true,3
160,-40,false,l,true,3
185.491,-40,true,g,true,3
175.519,-60,false,g,true,3
199.321,-60,false,b,true,3
208.156,-40,true,l,true,3
160,-40,false,l,true,3
148.414,-40,true,g,true,3
135.745,-60,false,g,true,3
199.929,-60,false,b,true,3
208.738,-40,true,l,true,3
160,-40,false,l,true,3
193.051,-40,true,g,true,3
183.491,-60,false,g,true,3
183.203,-60,false,b,true,3
174.122,-60,false,b,true,3
184.169,-40,true,l,true,3
160,-40,false,l,true,3
190.373,-40,true,g,true,3
180.671,-60,false,g,true,3
195.549,-60,false,b,true,3
204.547,-40,true,l,true,3
160,-40,false,l,true,3
164.737,-40,true,g,true,3
153.422,-60,false,g,true,3
195.978,-60,false,b,true,3
204.957,-40,true,l,true,3
160,-40,false,l,true,3
153.178,-40,true,g,true,3
140.938,-60,false,g,true,3
138.381,-60,false,b,true,3
171.658,-60,false,b,true,3
181.614,-60,false,b,true,3
191.269,-40,true,l,true,3
160,-40,false,l,true,3
193.458,-40,true,g,true,3
183.918,-60,false,g,true,3
183.642,-60,false,b,true,3
193.196,-40,true,l,true,3
160,-40,false,l,true,3
172.981,-40,true,g,true,3
162.242,-60,false,g,true,3
197.609,-60,false,b,true,3
206.517,-40,true,l,true,3
160,-40,false,l,true,3
207.415,-40,true,g,true,3
198.547,-60,false,g,true,3
196.421,-60,false,b,true,3
205.38,-40,true,l,true,3
160,-40,false,l,true,3
168.906,-40,true,g,true,3
157.89,-60,false,g,true,3
177.198,-60,false,b,true,3
187.081,-40,true,l,true,3
160,-40,false,l,true,3
163.822,-40,true,g,true,3
152.439,-60,false,g,true,3
173.177,-60,false,b,true,3
183.277,-40,true,l,true,3
160,-40,false,l,true,3
194.073,-40,true,g,true,3
184.566,-60,false,g,true,3
186.351,-60,false,b,true,3
198.759,-60,false,b,true,3
207.618,-40,true,l,true,3
160,-40,false,l,true,3
196.186,-40,true,g,true,3
186.786,-60,false,g,true,3
184.343,-60,false,b,true,3
199.556,-60,false,b,true,3
208.381,-40,true,l,true,3
160,-40,false,l,true,3
204.86,-40,true,g,true,3
195.877,-60,false,g,true,3
198.799,-60,false,b,true,3
207.656,-40,true,l,true,3
160,-40,false,l,true,3
179.649,-40,true,g,true,3
169.333,-60,false,g,true,3
167.623,-60,false,b,true,3
172.231,-60,false,b,true,3
198.904,-60,false,b,true,3
207.756,-40,true,l,true,3
160,-40,false,l,true,3
174.345,-40,true,g,true,3
163.695,-60,false,g,true,3
197.298,-60,false,b,true,3
206.219,-40,true,l,true,3
160,-40,false,l,true,3
161.298,-40,true,g,true,3
149.723,-60,false,g,true,3
173.959,-60,false,b,true,3
184.016,-40,true,l,true,3
160,-40,false,l,true,3
166.782,-40,true,g,true,3
155.616,-60,false,g,true,3
160.72,-60,false,b,true,3
171.555,-40,true,l,true,3
160,-40,false,l,true,3
205.638,-40,true,g,true,3
196.69,-60,false,g,true,3
194.934,-60,false,b,true,3
203.959,-40,true,l,true,3
160,-40,false,l,true,3
162.994,-40,true,g,true,3
151.549,-60,false,g,true,3
199.533,-60,false,b,true,3
208.359,-40,true,l,true,3
160,-40,false,l,true,3
169.655,-40,true,g,true,3
158.691,-60,false,g,true,3
197.211,-60,false,b,true,3
206.137,-40,true,l,true,3
160,-40,false,l,true,3
159.647,-40,true,g,true,3
147.943,-60,false,g,true,3
150.348,-60,false,b,true,3
194.676,-60,false,b,true,3
203.713,-40,true,l,true,3
160,-40,false,l,true,3
204.338,-40,true,g,true,3
195.331,-60,false,g,true,3
196.104,-60,false,b,true,3
205.078,-40,true,l,true,3
160,-40,false,l,true,3
165.853,-40,true,g,true,3
154.62,-60,false,g,true,3
148.964,-60,false,b,true,3
196.975,-60,false,b,true,3
205.91,-40,true,l,true,3
160,-40,false,l,true,3
171.947,-40,true,g,true,3
161.139,-60,false,g,true,3
198.388,-60,false,b,true,3
207.262,-40,true,l,true,3
160,-40,false,l,true,3
153.425,-40,true,g,true,3
141.206,-60,false,g,true,3
177.28,-60,false,b,true,3
194.086,-60,false,b,true,3
203.148,-40,true,l,true,3
160,-40,false,l,true,3
174.81,-40,true,g,true,3
164.19,-60,false,g,true,3
143.779,-60,false,b,true,3
155.796,-40,true,l,true,3
160,-40,false,l,true,3
159.602,-40,true,g,true,3
147.894,-60,false,g,true,3
195.67,-60,false,b,true,3
204.662,-40,true,l,true,3
160,-40,false,l,true,3
175.196,-40,true,g,true,3
164.602,-60,false,g,true,3
196.578,-60,false,b,true,3
205.531,-40,true,l,true,3
160,-40,false,l,true,3
160,-60,false,f,true,4
197.667,-60,false,b,true,4
157.904,-60,false,b,true,4
168.919,-40,true,l,true,4
160,-40,false,l,true,4
166.422,-40,true,g,true,4
155.23,-60,false,g,true,4
145.866,-60,false,b,true,4
157.724,-40,true,l,true,4
160,-40,false,l,true,4
161.019,-40,true,g,true,4
149.422,-60,false,g,true,4
138.606,-60,false,b,true,4
151.035,-40,true,l,true,4
160,-40,false,l,true,4
163.103,-40,true,g,true,4
151.666,-60,false,g,true,4
144.86,-60,false,b,true,4
156.794,-40,true,l,true,4
160,-40,false,l,true,4
169.95,-40,true,g,true,4
159.006,-60,false,g,true,4
180.42,-60,false,b,true,4
190.135,-40,true,l,true,4
160,-40,false,l,true,4
202.391,-40,true,g,true,4
193.293,-60,false,g,true,4
157.87,-60,false,b,true,4
168.887,-40,true,l,true,4
160,-40,false,l,true,4
184.031,-40,true,g,true,4
173.976,-60,false,g,true,4
138.192,-60,false,b,true,4
150.656,-40,true,l,true,4
160,-40,false,l,true,4
167.074,-40,true,g,true,4
155.928,-60,false,g,true,4
146.691,-60,false,b,true,4
158.487,-40,true,l,true,4
160,-40,false,l,true,4
165.502,-40,true,g,true,4
154.243,-60,false,g,true,4
191.96,-60,false,b,true,4
201.119,-40,true,l,true,4
160,-40,false,l,true,4
206.196,-40,true,g,true,4
197.274,-60,false,g,true,4
194.014,-60,false,b,true,4
158.033,-60,false,b,true,4
197.562,-60,false,b,true,4
167.655,-60,false,b,true,4
178.068,-40,true,l,true,4
160,-40,false,l,true,4
185.521,-40,true,g,true,4
175.55,-60,false,g,true,4
172.582,-60,false,b,true,4
182.715,-40,true,l,true,4
160,-40,false,l,true,4
161.917,-40,true,g,true,4
150.39,-60,false,g,true,4
142.121,-60,false,b,true,4
154.267,-40,true,l,true,4
160,-40,false,l,true,4
165.904,-40,true,g,true,4
154.674,-60,false,g,true,4
148.605,-60,false,b,true,4
160.261,-40,true,l,true,4
160,-40,false,l,true,4
165.101,-40,true,g,true,4
153.812,-60,false,g,true,4
197.751,-60,false,b,true,4
175.908,-60,false,b,true,4
185.859,-40,true,l,true,4
160,-40,false,l,true,4
154.766,-40,true,g,true,4
142.663,-60,false,g,true,4
179.362,-60,false,b,true,4
143.088,-60,false,b,true,4
155.158,-40,true,l,true,4
160,-40,false,l,true,4
176.978,-40,true,g,true,4
166.497,-60,false,g,true,4
163.139,-60,false,b,true,4
136.589,-60,false,b,true,4
160.808,-60,false,b,true,4
171.637,-40,true,l,true,4
160,-40,false,l,true,4
169.357,-40,true,g,true,4
158.372,-60,false,g,true,4
138.362,-60,false,b,true,4
150.811,-40,true,l,true,4
160,-40,false,l,true,4
182.446,-40,true,g,true,4
172.298,-60,false,g,true,4
136.67,-60,false,b,true,4
149.26,-40,true,l,true,4
160,-40,false,l,true,4
170.654,-40,true,g,true,4
159.759,-60,false,g,true,4
147.887,-60,false,b,true,4
159.595,-40,true,l,true,4
160,-40,false,l,true,4
165.497,-40,true,g,true,4
154.238,-60,false,g,true,4
145.493,-60,false,b,true,4
157.379,-40,true,l,true,4
160,-40,false,l,true,4
165.586,-40,true,g,true,4
154.333,-60,false,g,true,4
146.423,-60,false,b,true,4
158.239,-40,true,l,true,4
160,-40,false,l,true,4
175.94,-40,true,g,true,4
165.393,-60,false,g,true,4
159.242,-60,false,b,true,4
170.17,-40,true,l,true,4
160,-40,false,l,true,4
172.543,-40,true,g,true,4
161.774,-60,false,g,true,4
156.009,-60,false,b,true,4
167.149,-40,true,l,true,4
160,-40,false,l,true,4
159.975,-40,true,g,true,4
148.297,-60,false,g,true,4
180.744,-60,false,b,true,4
190.442,-40,true,l,true,4
160,-40,false,l,true,4
163.56,-40,true,g,true,4
152.158,-60,false,g,true,4
142.178,-60,false,b,true,4
182.154,-60,false,b,true,4
191.782,-40,true,l,true,4
160,-40,false,l,true,4
201.629,-40,true,g,true,4
192.494,-60,false,g,true,4
168.589,-60,false,b,true,4
178.948,-40,true,l,true,4
160,-40,false,l,true,4
186.386,-40,true,g,true,4
176.465,-60,false,g,true,4
172.933,-60,false,b,true,4
183.046,-40,true,l,true,4
160,-40,false,l,true,4
169.671,-40,true,g,true,4
158.708,-60,false,g,true,4
138.443,-60,false,b,true,4
141.628,-60,false,b,true,4
152.813,-60,false,b,true,4
141.352,-60,false,b,true,4
173.029,-60,false,b,true,4
183.137,-40,true,l,true,4
160,-40,false,l,true,4
171.147,-40,true,g,true,4
160.286,-60,false,g,true,4
151.221,-60,false,b,true,4
162.69,-40,true,l,true,4
160,-40,false,l,true,4
201.467,-40,true,g,true,4
192.325,-60,false,g,true,4
139.157,-60,false,b,true,4
186.656,-60,false,b,true,4
198.575,-60,false,b,true,4
207.441,-40,true,l,true,4
160,-40,false,l,true,4
163.67,-40,true,g,true,4
152.276,-60,false,g,true,4
143.539,-60,false,b,true,4
155.574,-40,true,l,true,4
160,-40,false,l,true,4
185.966,-40,true,g,true,4
176.021,-60,false,g,true,4
138.038,-60,false,b,true,4
156.847,-60,false,b,true,4
150.635,-60,false,b,true,4
199.583,-60,false,b,true,4
208.407,-40,true,l,true,4
160,-40,false,l,true,4
200.579,-40,true,g,true,4
191.395,-60,false,g,true,4
189.968,-60,false,b,true,4
174.233,-60,false,b,true,4
184.274,-40,true,l,true,4
160,-40,false,l,true,4
190.382,-40,true,g,true,4
180.681,-60,false,g,true,4
177.398,-60,false,b,true,4
135.499,-60,false,b,true,4
148.189,-40,true,l,true,4
160,-40,false,l,true,4
173.689,-40,true,g,true,4
162.997,-60,false,g,true,4
179.291,-60,false,b,true,4
180.09,-60,false,b,true,4
189.822,-40,true,l,true,4
160,-40,false,l,true,4
163.052,-40,true,g,true,4
151.611,-60,false,g,true,4
142.491,-60,false,b,true,4
154.608,-40,true,l,true,4
160,-40,false,l,true,4
188.693,-40,true,g,true,4
178.9,-60,false,g,true,4
175.094,-60,false,b,true,4
136.162,-60,false,b,true,4
175.534,-60,false,b,true,4
179.576,-60,false,b,true,4
189.334,-40,true,l,true,4
160,-40,false,l,true,4
165.128,-40,true,g,true,4
153.841,-60,false,g,true,4
142.835,-60,false,b,true,4
154.926,-40,true,l,true,4
160,-40,false,l,true,4
165.129,-40,true,g,true,4
153.842,-60,false,g,true,4
144.451,-60,false,b,true,4
142.706,-60,false,b,true,4
154.806,-40,true,l,true,4
160,-40,false,l,true,4
163.201,-40,true,g,true,4
151.772,-60,false,g,true,4
163.419,-60,false,b,true,4
174.085,-40,true,l,true,4
160,-40,false,l,true,4
160.156,-40,true,g,true,4
148.492,-60,false,g,true,4
141.224,-60,false,b,true,4
153.441,-40,true,l,true,4
160,-40,false,l,true,4
171.241,-40,true,g,true,4
160.385,-60,false,g,true,4
151.187,-60,false,b,true,4
162.658,-40,true,l,true,4
160,-40,false,l,true,4
163.818,-40,true,g,true,4
152.435,-60,false,g,true,4
163.897,-60,false,b,true,4
174.535,-40,true,l,true,4
160,-40,false,l,true,4
160.709,-40,true,g,true,4
149.088,-60,false,g,true,4
141.296,-60,false,b,true,4
153.507,-40,true,l,true,4
160,-40,false,l,true,4
197.291,-40,true,g,true,4
187.947,-60,false,g,true,4
186.064,-60,false,b,true,4
155.91,-60,false,b,true,4
179.625,-60,false,b,true,4
143.301,-60,false,b,true,4
155.355,-40,true,l,true,4
160,-40,false,l,true,4
177.249,-40,true,g,true,4
166.785,-60,false,g,true,4
163.371,-60,false,b,true,4
165.418,-60,false,b,true,4
142.013,-60,false,b,true,4
163.38,-60,false,b,true,4
174.049,-40,true,l,true,4
160,-40,false,l,true,4
162.924,-40,true,g,true,4
151.473,-60,false,g,true,4
145.857,-60,false,b,true,4
157.715,-40,true,l,true,4
160,-40,false,l,true,4
165.479,-40,true,g,true,4
154.219,-60,false,g,true,4
145.148,-60,false,b,true,4
157.061,-40,true,l,true,4
160,-40,false,l,true,4
188.498,-40,true,g,true,4
178.694,-60,false,g,true,4
143.416,-60,false,b,true,4
155.461,-40,true,l,true,4
160,-40,false,l,true,4
165.275,-40,true,g,true,4
153.999,-60,false,g,true,4
143.684,-60,false,b,true,4
155.709,-40,true,l,true,4
160,-40,false,l,true,4
178.484,-40,true,g,true,4
168.097,-60,false,g,true,4
164.15,-60,false,b,true,4
165.214,-60,false,b,true,4
175.772,-40,true,l,true,4
160,-40,false,l,true,4
186.995,-40,true,g,true,4
177.108,-60,false,g,true,4
174.556,-60,false,b,true,4
179.535,-60,false,b,true,4
191.805,-60,false,b,true,4
200.971,-40,true,l,true,4
160,-40,false,l,true,4
165.791,-40,true,g,true,4
154.553,-60,false,g,true,4
144.991,-60,false,b,true,4
156.915,-40,true,l,true,4
160,-40,false,l,true,4
189.314,-40,true,g,true,4
179.554,-60,false,g,true,4
175.962,-60,false,b,true,4
137.285,-60,false,b,true,4
176.754,-60,false,b,true,4
198.881,-60,false,b,true,4
207.735,-40,true,l,true,4
160,-40,false,l,true,4
164.203,-40,true,g,true,4
152.848,-60,false,g,true,4
144.713,-60,false,b,true,4
156.659,-40,true,l,true,4
160,-40,false,l,true,4
163.898,-40,true,g,true,4
152.521,-60,false,g,true,4
144.088,-60,false,b,true,4
156.082,-40,true,l,true,4
160,-40,false,l,true,4
202.927,-40,true,g,true,4
193.854,-60,false,g,true,4
191.719,-60,false,b,true,4
160.56,-60,false,b,true,4
151.919,-60,false,b,true,4
150.27,-60,false,b,true,4
199.58,-60,false,b,true,4
208.404,-40,true,l,true,4
160,-40,false,l,true,4
167.955,-40,true,g,true,4
156.872,-60,false,g,true,4
136.796,-60,false,b,true,4
144.108,-60,false,b,true,4
154.104,-60,false,b,true,4
196.835,-60,false,b,true,4
205.777,-40,true,l,true,4
160,-40,false,l,true,4
197.232,-40,true,g,true,4
187.884,-60,false,g,true,4
185.374,-60,false,b,true,4
164.335,-60,false,b,true,4
151.158,-60,false,b,true,4
138.786,-60,false,b,true,4
188.738,-60,false,b,true,4
198.045,-40,true,l,true,4
160,-40,false,l,true,4
182.225,-40,true,g,true,4
172.064,-60,false,g,true,4
171.088,-60,false,b,true,4
140.816,-60,false,b,true,4
187.303,-60,false,b,true,4
190.17,-60,false,b,true,4
199.411,-40,true,l,true,4
160,-40,false,l,true,4
166.706,-40,true,g,true,4
155.534,-60,false,g,true,4
146.852,-60,false,b,true,4
196.71,-60,false,b,true,4
205.657,-40,true,l,true,4
160,-40,false,l,true,4
163.27,-40,true,g,true,4
151.845,-60,false,g,true,4
148.594,-60,false,b,true,4
159.672,-60,false,b,true,4
146.446,-60,false,b,true,4
158.261,-40,true,l,true,4
160,-40,false,l,true,4
182.348,-40,true,g,true,4
172.194,-60,false,g,true,4
159.791,-60,false,b,true,4
170.684,-40,true,l,true,4
160,-40,false,l,true,4
157.713,-40,true,g,true,4
145.853,-60,false,g,true,4
148.276,-60,false,b,true,4
159.955,-40,true,l,true,4
160,-40,false,l,true,4
195.816,-40,true,g,true,4
186.397,-60,false,g,true,4
143.514,-60,false,b,true,4
166.154,-60,false,b,true,4
188.545,-60,false,b,true,4
182.272,-60,false,b,true,4
191.893,-40,true,l,true,4
160,-40,false,l,true,4
184.461,-40,true,g,true,4
174.43,-60,false,g,true,4
142.955,-60,false,b,true,4
155.036,-40,true,l,true,4
160,-40,false,l,true,4
164.045,-40,true,g,true,4
152.679,-60,false,g,true,4
142.003,-60,false,b,true,4
196.935,-60,false,b,true,4
205.873,-40,true,l,true,4
160,-40,false,l,true,4
171.535,-40,true,g,true,4
160.699,-60,false,g,true,4
152.004,-60,false,b,true,4
163.417,-40,true,l,true,4
160,-40,false,l,true,4
161.474,-40,true,g,true,4
149.913,-60,false,g,true,4
139.771,-60,false,b,true,4
152.105,-40,true,l,true,4
160,-40,false,l,true,4
208.794,-40,true,g,true,4
199.988,-60,false,g,true,4
173.614,-60,false,b,true,4
183.689,-40,true,l,true,4
160,-40,false,l,true,4
163.09,-40,true,g,true,4
151.652,-60,false,g,true,4
149.99,-60,false,b,true,4
172.531,-60,false,b,true,4
167.428,-60,false,b,true,4
177.854,-40,true,l,true,4
160,-40,false,l,true,4
170.445,-40,true,g,true,4
159.535,-60,false,g,true,4
155.17,-60,false,b,true,4
166.366,-40,true,l,true,4
160,-40,false,l,true,4
169.702,-40,true,g,true,4
158.741,-60,false,g,true,4
149.346,-60,false,b,true,4
138.43,-60,false,b,true,4
150.874,-40,true,l,true,4
160,-40,false,l,true,4
187.353,-40,true,g,true,4
177.485,-60,false,g,true,4
141.998,-60,false,b,true,4
154.154,-40,true,l,true,4
160,-40,false,l,true,4
176.315,-40,true,g,true,4
165.792,-60,false,g,true,4
159.939,-60,false,b,true,4
170.823,-40,true,l,true,4
160,-40,false,l,true,4
171.775,-40,true,g,true,4
160.955,-60,false,g,true,4
157.003,-60,false,b,true,4
168.078,-40,true,l,true,4
160,-40,false,l,true,4
169.005,-40,true,g,true,4
157.996,-60,false,g,true,4
147.76,-60,false,b,true,4
175.985,-60,false,b,true,4
185.932,-40,true,l,true,4
160,-40,false,l,true,4
199.753,-40,true,g,true,4
190.529,-60,false,g,true,4
140.472,-60,false,b,true,4
159.625,-60,false,b,true,4
170.529,-40,true,l,true,4
160,-40,false,l,true,4
167.3,-40,true,g,true,4
156.17,-60,false,g,true,4
197.906,-60,false,b,true,4
206.802,-40,true,l,true,4
160,-40,false,l,true,4
161.816,-40,true,g,true,4
150.282,-60,false,g,true,4
168.201,-60,false,b,true,4
162.389,-60,false,b,true,4
173.119,-40,true,l,true,4
160,-40,false,l,true,4
184.714,-40,true,g,true,4
174.697,-60,false,g,true,4
150.048,-60,false,b,true,4
150.221,-60,false,b,true,4
161.76,-40,true,l,true,4
160,-40,false,l,true,4
163.268,-40,true,g,true,4
151.844,-60,false,g,true,4
151.954,-60,false,b,true,4
163.37,-40,true,l,true,4
160,-40,false,l,true,4
179.493,-40,true,g,true,4
169.167,-60,false,g,true,4
162.096,-60,false,b,true,4
160,-60,false,f,true,5
148.081,-60,false,b,true,5
159.774,-40,true,l,true,5
160,-40,false,l,true,5
185.357,-40,true,g,true,5
175.378,-60,false,g,true,5
143.555,-60,false,b,true,5
155.59,-40,true,l,true,5
160,-40,false,l,true,5
161.367,-40,true,g,true,5
149.797,-60,false,g,true,5
135.854,-60,false,b,true,5
148.514,-40,true,l,true,5
160,-40,false,l,true,5
199.093,-40,true,g,true,5
189.837,-60,false,g,true,5
136.245,-60,false,b,true,5
148.871,-40,true,l,true,5
160,-40,false,l,true,5
198.073,-40,true,g,true,5
188.766,-60,false,g,true,5
138.771,-60,false,b,true,5
151.186,-40,true,l,true,5
160,-40,false,l,true,5
165.783,-40,true,g,true,5
154.545,-60,false,g,true,5
141.396,-60,false,b,true,5
153.6,-40,true,l,true,5
160,-40,false,l,true,5
198.546,-40,true,g,true,5
189.264,-60,false,g,true,5
150.106,-60,false,b,true,5
161.654,-40,true,l,true,5
160,-40,false,l,true,5
191.665,-40,true,g,true,5
182.032,-60,false,g,true,5
157.514,-60,false,b,true,5
168.555,-40,true,l,true,5
160,-40,false,l,true,5
203.79,-40,true,g,true,5
194.757,-60,false,g,true,5
146.186,-60,false,b,true,5
158.02,-40,true,l,true,5
160,-40,false,l,true,5
181.599,-40,true,g,true,5
171.401,-60,false,g,true,5
164.025,-60,false,b,true,5
174.655,-40,true,l,true,5
160,-40,false,l,true,5
157.328,-40,true,g,true,5
145.438,-60,false,g,true,5
140.461,-60,false,b,true,5
152.739,-40,true,l,true,5
160,-40,false,l,true,5
204.985,-40,true,g,true,5
196.007,-60,false,g,true,5
149.293,-60,false,b,true,5
160.899,-40,true,l,true,5
160,-40,false,l,true,5
161.809,-40,true,g,true,5
150.274,-60,false,g,true,5
145.967,-60,false,b,true,5
157.817,-40,true,l,true,5
160,-40,false,l,true,5
199.164,-40,true,g,true,5
189.911,-60,false,g,true,5
145.678,-60,false,b,true,5
157.55,-40,true,l,true,5
160,-40,false,l,true,5
156.542,-40,true,g,true,5
144.587,-60,false,g,true,5
146.347,-60,false,b,true,5
137.108,-60,false,b,true,5
149.662,-40,true,l,true,5
160,-40,false,l,true,5
197.234,-40,true,g,true,5
187.886,-60,false,g,true,5
188.845,-60,false,b,true,5
135.791,-60,false,b,true,5
148.456,-40,true,l,true,5
160,-40,false,l,true,5
160.923,-40,true,g,true,5
149.319,-60,false,g,true,5
140.786,-60,false,b,true,5
153.038,-40,true,l,true,5
160,-40,false,l,true,5
176.628,-40,true,g,true,5
166.125,-60,false,g,true,5
159.52,-60,false,b,true,5
170.431,-40,true,l,true,5
160,-40,false,l,true,5
196.92,-40,true,g,true,5
187.556,-60,false,g,true,5
148.308,-60,false,b,true,5
159.985,-40,true,l,true,5
160,-40,false,l,true,5
208.739,-40,true,g,true,5
199.93,-60,false,g,true,5
167.872,-60,false,b,true,5
178.272,-40,true,l,true,5
160,-40,false,l,true,5
181.768,-40,true,g,true,5
171.58,-60,false,g,true,5
139.732,-60,false,b,true,5
152.07,-40,true,l,true,5
160,-40,false,l,true,5
171.853,-40,true,g,true,5
161.038,-60,false,g,true,5
154.858,-60,false,b,true,5
166.075,-40,true,l,true,5
160,-40,false,l,true,5
195.593,-40,true,g,true,5
186.163,-60,false,g,true,5
169.266,-60,false,b,true,5
179.586,-40,true,l,true,5
160,-40,false,l,true,5
199.247,-40,true,g,true,5
189.999,-60,false,g,true,5
150.432,-60,false,b,true,5
161.956,-40,true,l,true,5
160,-40,false,l,true,5
201.679,-40,true,g,true,5
192.548,-60,false,g,true,5
150.416,-60,false,b,true,5
161.941,-40,true,l,true,5
160,-40,false,l,true,5
196.709,-40,true,g,true,5
187.335,-60,false,g,true,5
138.172,-60,false,b,true,5
150.637,-40,true,l,true,5
160,-40,false,l,true,5
168.83,-40,true,g,true,5
157.808,-60,false,g,true,5
180.046,-60,false,b,true,5
136.072,-60,false,b,true,5
148.713,-40,true,l,true,5
160,-40,false,l,true,5
197.093,-40,true,g,true,5
187.738,-60,false,g,true,5
168.34,-60,false,b,true,5
178.713,-40,true,l,true,5
160,-40,false,l,true,5
206.641,-40,true,g,true,5
197.738,-60,false,g,true,5
144.339,-60,false,b,true,5
156.313,-40,true,l,true,5
160,-40,false,l,true,5
169.818,-40,true,g,true,5
158.866,-60,false,g,true,5
138.916,-60,false,b,true,5
151.319,-40,true,l,true,5
160,-40,false,l,true,5
193.905,-40,true,g,true,5
184.389,-60,false,g,true,5
153.43,-60,false,b,true,5
137.315,-60,false,b,true,5
149.852,-40,true,l,true,5
160,-40,false,l,true,5
203.256,-40,true,g,true,5
194.199,-60,false,g,true,5
140.107,-60,false,b,true,5
152.414,-40,true,l,true,5
160,-40,false,l,true,5
156.768,-40,true,g,true,5
144.831,-60,false,g,true,5
139.49,-60,false,b,true,5
151.847,-40,true,l,true,5
160,-40,false,l,true,5
190.982,-40,true,g,true,5
181.312,-60,false,g,true,5
137.069,-60,false,b,true,5
149.626,-40,true,l,true,5
160,-40,false,l,true,5
202.967,-40,true,g,true,5
193.896,-60,false,g,true,5
147.832,-60,false,b,true,5
159.544,-40,true,l,true,5
160,-40,false,l,true,5
174.551,-40,true,g,true,5
163.915,-60,false,g,true,5
143.505,-60,false,b,true,5
155.543,-40,true,l,true,5
160,-40,false,l,true,5
203.75,-40,true,g,true,5
194.715,-60,false,g,true,5
144.511,-60,false,b,true,5
137.364,-60,false,b,true,5
149.896,-40,true,l,true,5
160,-40,false,l,true,5
204.257,-40,true,g,true,5
195.246,-60,false,g,true,5
135.422,-60,false,b,true,5
148.119,-40,true,l,true,5
160,-40,false,l,true,5
177.408,-40,true,g,true,5
166.954,-60,false,g,true,5
160.389,-60,false,b,true,5
171.244,-40,true,l,true,5
160,-40,false,l,true,5
198.917,-40,true,g,true,5
189.652,-60,false,g,true,5
135.555,-60,false,b,true,5
148.24,-40,true,l,true,5
160,-40,false,l,true,5
196.944,-40,true,g,true,5
187.582,-60,false,g,true,5
153.319,-60,false,b,true,5
164.641,-40,true,l,true,5
160,-40,false,l,true,5
159.023,-40,true,g,true,5
147.27,-60,false,g,true,5
139.831,-60,false,b,true,5
152.16,-40,true,l,true,5
160,-40,false,l,true,5
166.116,-40,true,g,true,5
154.901,-60,false,g,true,5
183.99,-60,false,b,true,5
193.526,-40,true,l,true,5
160,-40,false,l,true,5
167.55,-40,true,g,true,5
156.438,-60,false,g,true,5
151.325,-60,false,b,true,5
162.786,-40,true,l,true,5
160,-40,false,l,true,5
197.507,-40,true,g,true,5
188.173,-60,false,g,true,5
139.041,-60,false,b,true,5
151.435,-40,true,l,true,5
160,-40,false,l,true,5
159.227,-40,true,g,true,5
147.49,-60,false,g,true,5
143.584,-60,false,b,true,5
155.616,-40,true,l,true,5
160,-40,false,l,true,5
196.785,-40,true,g,true,5
187.414,-60,false,g,true,5
136.96,-60,false,b,true,5
149.526,-40,true,l,true,5
160,-40,false,l,true,5
203.543,-40,true,g,true,5
194.498,-60,false,g,true,5
140.404,-60,false,b,true,5
152.687,-40,true,l,true,5
160,-40,false,l,true,5
160.461,-40,true,g,true,5
148.821,-60,false,g,true,5
144.514,-60,false,b,true,5
156.474,-40,true,l,true,5
160,-40,false,l,true,5
193.576,-40,true,g,true,5
184.043,-60,false,g,true,5
149.681,-60,false,b,true,5
161.259,-40,true,l,true,5
160,-40,false,l,true,5
156.848,-40,true,g,true,5
144.918,-60,false,g,true,5
136.511,-60,false,b,true,5
149.115,-40,true,l,true,5
160,-40,false,l,true,5
161.173,-40,true,g,true,5
149.589,-60,false,g,true,5
141.091,-60,false,b,true,5
144.308,-60,false,b,true,5
156.284,-40,true,l,true,5
160,-40,false,l,true,5
157.044,-40,true,g,true,5
145.13,-60,false,g,true,5
138.098,-60,false,b,true,5
150.57,-40,true,l,true,5
160,-40,false,l,true,5
191.607,-40,true,g,true,5
181.97,-60,false,g,true,5
137.633,-60,false,b,true,5
150.143,-40,true,l,true,5
160,-40,false,l,true,5
203.531,-40,true,g,true,5
194.486,-60,false,g,true,5
152.255,-60,false,b,true,5
163.651,-40,true,l,true,5
160,-40,false,l,true,5
192.825,-40,true,g,true,5
183.253,-60,false,g,true,5
138.939,-60,false,b,true,5
151.341,-40,true,l,true,5
160,-40,false,l,true,5
170.426,-40,true,g,true,5
159.515,-60,false,g,true,5
154.604,-60,false,b,true,5
165.838,-40,true,l,true,5
160,-40,false,l,true,5
178.812,-40,true,g,true,5
168.445,-60,false,g,true,5
163.3,-60,false,b,true,5
173.974,-40,true,l,true,5
160,-40,false,l,true,5
201.181,-40,true,g,true,5
192.025,-60,false,g,true,5
141.219,-60,false,b,true,5
153.437,-40,true,l,true,5
160,-40,false,l,true,5
206.39,-40,true,g,true,5
197.476,-60,false,g,true,5
196.125,-60,false,b,true,5
190.442,-60,false,b,true,5
199.67,-40,true,l,true,5
160,-40,false,l,true,5
174.507,-40,true,g,true,5
163.868,-60,false,g,true,5
153.691,-60,false,b,true,5
164.987,-40,true,l,true,5
160,-40,false,l,true,5
159.49,-40,true,g,true,5
147.774,-60,false,g,true,5
140.798,-60,false,b,true,5
153.049,-40,true,l,true,5
160,-40,false,l,true,5
207.425,-40,true,g,true,5
198.558,-60,false,g,true,5
138.637,-60,false,b,true,5
151.064,-40,true,l,true,5
160,-40,false,l,true,5
190.352,-40,true,g,true,5
180.648,-60,false,g,true,5
136.386,-60,false,b,true,5
149.001,-40,true,l,true,5
160,-40,false,l,true,5
194.342,-40,true,g,true,5
184.848,-60,false,g,true,5
135.357,-60,false,b,true,5
148.059,-40,true,l,true,5
160,-40,false,l,true,5
202.162,-40,true,g,true,5
193.053,-60,false,g,true,5
183.992,-60,false,b,true,5
193.528,-40,true,l,true,5
160,-40,false,l,true,5
164.016,-40,true,g,true,5
152.648,-60,false,g,true,5
181.58,-60,false,b,true,5
145.507,-60,false,b,true,5
157.392,-40,true,l,true,5
160,-40,false,l,true,5
165.16,-40,true,g,true,5
153.876,-60,false,g,true,5
144.75,-60,false,b,true,5
156.693,-40,true,l,true,5
160,-40,false,l,true,5
174.883,-40,true,g,true,5
164.268,-60,false,g,true,5
158.068,-60,false,b,true,5
149.419,-60,false,b,true,5
161.016,-40,true,l,true,5
160,-40,false,l,true,5
176.994,-40,true,g,true,5
166.514,-60,false,g,true,5
159.93,-60,false,b,true,5
180.302,-60,false,b,true,5
190.023,-40,true,l,true,5
160,-40,false,l,true,5
159.838,-40,true,g,true,5
148.149,-60,false,g,true,5
142.151,-60,false,b,true,5
154.295,-40,true,l,true,5
160,-40,false,l,true,5
157.326,-40,true,g,true,5
145.435,-60,false,g,true,5
138.344,-60,false,b,true,5
150.795,-40,true,l,true,5
160,-40,false,l,true,5
159.556,-40,true,g,true,5
147.845,-60,false,g,true,5
176.321,-60,false,b,true,5
140.123,-60,false,b,true,5
152.428,-40,true,l,true,5
160,-40,false,l,true,5
157.16,-40,true,g,true,5
145.256,-60,false,g,true,5
138.894,-60,false,b,true,5
151.299,-40,true,l,true,5
160,-40,false,l,true,5
174.205,-40,true,g,true,5
163.546,-60,false,g,true,5
158.687,-60,false,b,true,5
169.652,-40,true,l,true,5
160,-40,false,l,true,5
202.525,-40,true,g,true,5
193.433,-60,false,g,true,5
197.515,-60,false,b,true,5
206.427,-40,true,l,true,5
160,-40,false,l,true,5
191.618,-40,true,g,true,5
181.982,-60,false,g,true,5
147.624,-60,false,b,true,5
159.352,-40,true,l,true,5
160,-40,false,l,true,5
197.357,-40,true,g,true,5
188.016,-60,false,g,true,5
161.902,-60,false,b,true,5
172.662,-40,true,l,true,5
160,-40,false,l,true,5
194.145,-40,true,g,true,5
184.64,-60,false,g,true,5
140.409,-60,false,b,true,5
152.691,-40,true,l,true,5
160,-40,false,l,true,5
192.19,-40,true,g,true,5
182.585,-60,false,g,true,5
181.55,-60,false,b,true,5
178.559,-60,false,b,true,5
188.37,-40,true,l,true,5
160,-40,false,l,true,5
155.319,-40,true,g,true,5
143.261,-60,false,g,true,5
135.668,-60,false,b,true,5
148.344,-40,true,l,true,5
160,-40,false,l,true,5
206.009,-40,true,g,true,5
197.078,-60,false,g,true,5
172.664,-60,false,b,true,5
182.792,-40,true,l,true,5
160,-40,false,l,true,5
154.691,-40,true,g,true,5
142.581,-60,false,g,true,5
135.025,-60,false,b,true,5
147.756,-40,true,l,true,5
160,-40,false,l,true,5
165.805,-40,true,g,true,5
154.568,-60,false,g,true,5
148.078,-60,false,b,true,5
159.772,-40,true,l,true,5
160,-40,false,l,true,5
181.38,-40,true,g,true,5
171.168,-60,false,g,true,5
163.641,-60,false,b,true,5
174.294,-40,true,l,true,5
160,-40,false,l,true,5
169.37,-40,true,g,true,5
158.386,-60,false,g,true,5
154.768,-60,false,b,true,5
165.991,-40,true,l,true,5
160,-40,false,l,true,5
199.636,-40,true,g,true,5
190.406,-60,false,g,true,5
151.948,-60,false,b,true,5
163.365,-40,true,l,true,5
160,-40,false,l,true,5
167.776,-40,true,g,true,5
156.681,-60,false,g,true,5
150.368,-60,false,b,true,5
161.896,-40,true,l,true,5
160,-40,false,l,true,5
198.418,-40,true,g,true,5
189.129,-60,false,g,true,5
184.243,-60,false,b,true,5
193.766,-40,true,l,true,5
160,-40,false,l,true,5
195.998,-40,true,g,true,5
186.588,-60,false,g,true,5
179.628,-60,false,b,true,5
189.384,-40,true,l,true,5
160,-40,false,l,true,5
205.825,-40,true,g,true,5
196.885,-60,false,g,true,5
169.538,-60,false,b,true,5
151.043,-60,false,b,true,5
162.524,-40,true,l,true,5
160,-40,false,l,true,5
202.396,-40,true,g,true,5
193.299,-60,false,g,true,5
142.534,-60,false,b,true,5
152.984,-60,false,b,true,5
141.83,-60,false,b,true,5
142.989,-60,false,b,true,5
155.067,-40,true,l,true,5
160,-40,false,l,true,5
174.609,-40,true,g,true,5
163.977,-60,false,g,true,5
136.417,-60,false,b,true,5
149.029,-40,true,l,true,5
160,-40,false,l,true,5
160.48,-40,true,g,true,5
148.841,-60,false,g,true,5
135.063,-60,false,b,true,5
147.791,-40,true,l,true,5
160,-40,false,l,true,5
202.635,-40,true,g,true,5
193.548,-60,false,g,true,5
155.218,-60,false,b,true,5
166.411,-40,true,l,true,5
160,-40,false,l,true,5
