x,z,relay,string,error,index
160,-60,false,f,true
160,-40,false,l,true
160.412,-40,true,g,true
148.768,-60,false,g,true
184.436,-60,false,b,true
193.95,-40,true,l,true
160,-40,false,l,true
160.551,-40,true,g,true
148.918,-60,false,g,true
144.435,-60,false,b,true
156.401,-40,true,l,true
160,-40,false,l,true
206.885,-40,true,g,true
197.994,-60,false,g,true
185.516,-60,false,b,true
194.977,-40,true,l,true
160,-40,false,l,true
200.603,-40,true,g,true
191.42,-60,false,g,true
163.601,-60,false,b,true
174.256,-40,true,l,true
160,-40,false,l,true
180.586,-40,true,g,true
170.327,-60,false,g,true
136.189,-60,false,b,true
148.821,-40,true,l,true
160,-40,false,l,true
178.087,-40,true,g,true
167.676,-60,false,g,true
160.146,-60,false,b,true
171.017,-40,true,l,true
160,-40,false,l,true
172.099,-40,true,g,true
161.301,-60,false,g,true
155.337,-60,false,b,true
166.522,-40,true,l,true
160,-40,false,l,true
159.785,-40,true,g,true
148.092,-60,false,g,true
143.667,-60,false,b,true
155.693,-40,true,l,true
160,-40,false,l,true
206.309,-40,true,g,true
197.391,-60,false,g,true
153.682,-60,false,b,true
164.98,-40,true,l,true
160,-40,false,l,true
204.555,-40,true,g,true
195.558,-60,false,g,true
141.486,-60,false,b,true
153.683,-40,true,l,true
160,-40,false,l,true
204.178,-40,true,g,true
195.163,-60,false,g,true
193.116,-60,false,b,true
202.222,-40,true,l,true
160,-40,false,l,true
192.143,-40,true,g,true
182.535,-60,false,g,true
138.229,-60,false,b,true
150.689,-40,true,l,true
160,-40,false,l,true
151.327,-40,true,g,true
138.924,-60,false,g,true
140.724,-60,false,b,true
152.981,-40,true,l,true
160,-40,false,l,true
207.491,-40,true,g,true
198.626,-60,false,g,true
191.106,-60,false,b,true
194.751,-60,false,b,true
203.784,-40,true,l,true
160,-40,false,l,true
170.769,-40,true,g,true
159.882,-60,false,g,true
156.588,-60,false,b,true
160.22,-60,false,b,true
171.086,-40,true,l,true
160,-40,false,l,true
167.979,-40,true,g,true
156.898,-60,false,g,true
188.696,-60,false,b,true
155.521,-60,false,b,true
166.694,-40,true,l,true
160,-40,false,l,true
206.971,-40,true,g,true
198.084,-60,false,g,true
159.001,-60,false,b,true
169.945,-40,true,l,true
160,-40,false,l,true
157.616,-40,true,g,true
145.749,-60,false,g,true
137.215,-60,false,b,true
149.76,-40,true,l,true
160,-40,false,l,true
159.843,-40,true,g,true
148.154,-60,false,g,true
139.568,-60,false,b,true
151.919,-40,true,l,true
160,-40,false,l,true
204.039,-40,true,g,true
195.017,-60,false,g,true
151.862,-60,false,b,true
163.286,-40,true,l,true
160,-40,false,l,true
170.487,-40,true,g,true
159.581,-60,false,g,true
148.859,-60,false,b,true
160.496,-40,true,l,true
160,-40,false,l,true
197.198,-40,true,g,true
187.849,-60,false,g,true
144.006,-60,false,b,true
156.005,-40,true,l,true
160,-40,false,l,true
173.986,-40,true,g,true
163.313,-60,false,g,true
135.183,-60,false,b,true
147.9,-40,true,l,true
160,-40,false,l,true
204.293,-40,true,g,true
195.283,-60,false,g,true
135.34,-60,false,b,true
148.044,-40,true,l,true
160,-40,false,l,true
163.067,-40,true,g,true
151.627,-60,false,g,true
146.092,-60,false,b,true
157.933,-40,true,l,true
160,-40,false,l,true
172.916,-40,true,g,true
162.173,-60,false,g,true
155.004,-60,false,b,true
166.212,-40,true,l,true
160,-40,false,l,true
195.335,-40,true,g,true
185.892,-60,false,g,true
136.671,-60,false,b,true
149.261,-40,true,l,true
160,-40,false,l,true
202.597,-40,true,g,true
193.508,-60,false,g,true
173.343,-60,false,b,true
170.268,-60,false,b,true
180.53,-40,true,l,true
160,-40,false,l,true
195.298,-40,true,g,true
185.853,-60,false,g,true
185.894,-60,false,b,true
195.337,-40,true,l,true
160,-40,false,l,true
182.171,-40,true,g,true
172.007,-60,false,g,true
163.56,-60,false,b,true
174.218,-40,true,l,true
160,-40,false,l,true
164.06,-40,true,g,true
152.695,-60,false,g,true
188.182,-60,false,b,true
197.515,-40,true,l,true
160,-40,false,l,true
204.693,-40,true,g,true
195.702,-60,false,g,true
180.9,-60,false,b,true
190.591,-40,true,l,true
160,-40,false,l,true
162.34,-40,true,g,true
150.846,-60,false,g,true
147.222,-60,false,b,true
158.979,-40,true,l,true
160,-40,false,l,true
207.869,-40,true,g,true
199.021,-60,false,g,true
160.292,-60,false,b,true
171.154,-40,true,l,true
160,-40,false,l,true
165.122,-40,true,g,true
153.835,-60,false,g,true
145.649,-60,false,b,true
157.524,-40,true,l,true
160,-40,false,l,true
203.539,-40,true,g,true
194.495,-60,false,g,true
197.543,-60,false,b,true
206.454,-40,true,l,true
160,-40,false,l,true
172.314,-40,true,g,true
161.531,-60,false,g,true
155.377,-60,false,b,true
166.559,-40,true,l,true
160,-40,false,l,true
193.517,-40,true,g,true
183.98,-60,false,g,true
154.556,-60,false,b,true
165.794,-40,true,l,true
160,-40,false,l,true
174.342,-40,true,g,true
163.692,-60,false,g,true
138.105,-60,false,b,true
139.111,-60,false,b,true
151.499,-40,true,l,true
160,-40,false,l,true
206.051,-40,true,g,true
197.122,-60,false,g,true
154.359,-60,false,b,true
165.61,-40,true,l,true
160,-40,false,l,true
195.254,-40,true,g,true
185.807,-60,false,g,true
146.502,-60,false,b,true
158.312,-40,true,l,true
160,-40,false,l,true
181.049,-40,true,g,true
170.818,-60,false,g,true
161.782,-60,false,b,true
172.549,-40,true,l,true
160,-40,false,l,true
163.428,-40,true,g,true
152.016,-60,false,g,true
145.741,-60,false,b,true
157.609,-40,true,l,true
160,-40,false,l,true
191.698,-40,true,g,true
182.066,-60,false,g,true
154.214,-60,false,b,true
136.353,-60,false,b,true
148.97,-40,true,l,true
160,-40,false,l,true
190.588,-40,true,g,true
180.897,-60,false,g,true
156.377,-60,false,b,true
167.493,-40,true,l,true
160,-40,false,l,true
173.93,-40,true,g,true
163.253,-60,false,g,true
153.932,-60,false,b,true
165.212,-40,true,l,true
160,-40,false,l,true
155.902,-40,true,g,true
143.894,-60,false,g,true
139.083,-60,false,b,true
151.473,-40,true,l,true
160,-40,false,l,true
191.626,-40,true,g,true
181.99,-60,false,g,true
157.498,-60,false,b,true
168.539,-40,true,l,true
160,-40,false,l,true
174.249,-40,true,g,true
163.594,-60,false,g,true
153.784,-60,false,b,true
165.074,-40,true,l,true
160,-40,false,l,true
174.939,-40,true,g,true
164.328,-60,false,g,true
159.727,-60,false,b,true
170.625,-40,true,l,true
160,-40,false,l,true
167.803,-40,true,g,true
156.709,-60,false,g,true
188.45,-60,false,b,true
197.771,-40,true,l,true
160,-40,false,l,true
199.501,-40,true,g,true
190.264,-60,false,g,true
160.843,-60,false,b,true
171.669,-40,true,l,true
160,-40,false,l,true
180.204,-40,true,g,true
169.922,-60,false,g,true
135.2,-60,false,b,true
147.916,-40,true,l,true
160,-40,false,l,true
168.316,-40,true,g,true
157.258,-60,false,g,true
149.288,-60,false,b,true
160.894,-40,true,l,true
160,-40,false,l,true
161.056,-40,true,g,true
149.463,-60,false,g,true
145.355,-60,false,b,true
157.252,-40,true,l,true
160,-40,false,l,true
167.854,-40,true,g,true
156.764,-60,false,g,true
149.979,-60,false,b,true
161.536,-40,true,l,true
160,-40,false,l,true
161.995,-40,true,g,true
150.474,-60,false,g,true
144.435,-60,false,b,true
156.401,-40,true,l,true
160,-40,false,l,true
199.555,-40,true,g,true
190.321,-60,false,g,true
155.322,-60,false,b,true
135.323,-60,false,b,true
148.028,-40,true,l,true
160,-40,false,l,true
197.221,-40,true,g,true
187.873,-60,false,g,true
174.703,-60,false,b,true
184.719,-40,true,l,true
160,-40,false,l,true
195.651,-40,true,g,true
186.224,-60,false,g,true
151.534,-60,false,b,true
162.98,-40,true,l,true
160,-40,false,l,true
161.39,-40,true,g,true
149.822,-60,false,g,true
145.213,-60,false,b,true
157.12,-40,true,l,true
160,-40,false,l,true
194.568,-40,true,g,true
185.086,-60,false,g,true
145.826,-60,false,b,true
157.687,-40,true,l,true
160,-40,false,l,true
208.319,-40,true,g,true
199.491,-60,false,g,true
169.958,-60,false,b,true
180.238,-40,true,l,true
160,-40,false,l,true
172.08,-40,true,g,true
161.281,-60,false,g,true
150.543,-60,false,b,true
162.059,-40,true,l,true
160,-40,false,l,true
161.754,-40,true,g,true
150.214,-60,false,g,true
146.858,-60,false,b,true
158.642,-40,true,l,true
160,-40,false,l,true
173.342,-40,true,g,true
162.627,-60,false,g,true
143.645,-60,false,b,true
155.672,-40,true,l,true
160,-40,false,l,true
165.129,-40,true,g,true
153.843,-60,false,g,true
148.876,-60,false,b,true
160.512,-40,true,l,true
160,-40,false,l,true
164.661,-40,true,g,true
153.34,-60,false,g,true
146.809,-60,false,b,true
158.596,-40,true,l,true
160,-40,false,l,true
176.575,-40,true,g,true
166.069,-60,false,g,true
144.165,-60,false,b,true
156.152,-40,true,l,true
160,-40,false,l,true
174.129,-40,true,g,true
163.465,-60,false,g,true
151.079,-60,false,b,true
162.557,-40,true,l,true
160,-40,false,l,true
179.911,-40,true,g,true
169.612,-60,false,g,true
137.678,-60,false,b,true
150.184,-40,true,l,true
160,-40,false,l,true
175.94,-40,true,g,true
165.393,-60,false,g,true
172.134,-60,false,b,true
182.291,-40,true,l,true
160,-40,false,l,true
174.551,-40,true,g,true
163.915,-60,false,g,true
140.088,-60,false,b,true
152.396,-40,true,l,true
160,-40,false,l,true
171.312,-40,true,g,true
160.461,-60,false,g,true
155.098,-60,false,b,true
166.299,-40,true,l,true
160,-40,false,l,true
206.655,-40,true,g,true
197.753,-60,false,g,true
181.79,-60,false,b,true
137.127,-60,false,b,true
149.679,-40,true,l,true
160,-40,false,l,true
207.387,-40,true,g,true
198.517,-60,false,g,true
199.355,-60,false,b,true
208.188,-40,true,l,true
160,-40,false,l,true
171.335,-40,true,g,true
160.486,-60,false,g,true
148.059,-60,false,b,true
145.201,-60,false,b,true
157.11,-40,true,l,true
160,-40,false,l,true
167.555,-40,true,g,true
156.444,-60,false,g,true
150.544,-60,false,b,true
162.06,-40,true,l,true
160,-40,false,l,true
174.124,-40,true,g,true
163.46,-60,false,g,true
136.094,-60,false,b,true
148.734,-40,true,l,true
160,-40,false,l,true
167.917,-40,true,g,true
156.832,-60,false,g,true
152.743,-60,false,b,true
164.105,-40,true,l,true
160,-40,false,l,true
168.51,-40,true,g,true
157.466,-60,false,g,true
151.844,-60,false,b,true
163.268,-40,true,l,true
160,-40,false,l,true
163.952,-40,true,g,true
152.579,-60,false,g,true
146.735,-60,false,b,true
158.528,-40,true,l,true
160,-40,false,l,true
181.31,-40,true,g,true
171.094,-60,false,g,true
162.921,-60,false,b,true
173.618,-40,true,l,true
160,-40,false,l,true
166.151,-40,true,g,true
154.939,-60,false,g,true
150.241,-60,false,b,true
161.779,-40,true,l,true
160,-40,false,l,true
167.52,-40,true,g,true
156.407,-60,false,g,true
146.767,-60,false,b,true
158.558,-40,true,l,true
160,-40,false,l,true
197.2,-40,true,g,true
187.851,-60,false,g,true
143.644,-60,false,b,true
155.672,-40,true,l,true
160,-40,false,l,true
164.342,-40,true,g,true
152.998,-60,false,g,true
147.203,-60,false,b,true
158.961,-40,true,l,true
160,-40,false,l,true
162.687,-40,true,g,true
151.219,-60,false,g,true
142.866,-60,false,b,true
154.954,-40,true,l,true
160,-40,false,l,true
186.131,-40,true,g,true
176.195,-60,false,g,true
140.394,-60,false,b,true
140.552,-60,false,b,true
152.823,-40,true,l,true
160,-40,false,l,true
169.354,-40,true,g,true
158.369,-60,false,g,true
151.74,-60,false,b,true
163.172,-40,true,l,true
160,-40,false,l,true
196.262,-40,true,g,true
186.866,-60,false,g,true
143.038,-60,false,b,true
155.112,-40,true,l,true
160,-40,false,l,true
160.919,-40,true,g,true
149.315,-60,false,g,true
141.266,-60,false,b,true
153.479,-40,true,l,true
160,-40,false,l,true
159.32,-40,true,g,true
147.59,-60,false,g,true
141.976,-60,false,b,true
154.134,-40,true,l,true
160,-40,false,l,true
167.301,-40,true,g,true
156.171,-60,false,g,true
145.697,-60,false,b,true
157.568,-40,true,l,true
160,-40,false,l,true
204.615,-40,true,g,true
195.621,-60,false,g,true
156.333,-60,false,b,true
167.452,-40,true,l,true
160,-40,false,l,true
201.135,-40,true,g,true
191.978,-60,false,g,true
186.336,-60,false,b,true
195.758,-40,true,l,true
160,-40,false,l,true
170.899,-40,true,g,true
160.02,-60,false,g,true
153.863,-60,false,b,true
165.148,-40,true,l,true
160,-40,false,l,true
204.254,-40,true,g,true
195.242,-60,false,g,true
192.237,-60,false,b,true
137.358,-60,false,b,true
149.891,-40,true,l,true
160,-40,false,l,true
193.387,-40,true,g,true
183.844,-60,false,g,true
143.309,-60,false,b,true
155.362,-40,true,l,true
160,-40,false,l,true
196.775,-40,true,g,true
187.404,-60,false,g,true
152.851,-60,false,b,true
