x,z,relay,string,error,index
160,-60,false,f,true
148.081,-60,false,b,true
159.774,-40,true,l,true
160,-40,false,l,true
185.357,-40,true,g,true
175.378,-60,false,g,true
143.555,-60,false,b,true
155.59,-40,true,l,true
160,-40,false,l,true
161.367,-40,true,g,true
149.797,-60,false,g,true
135.854,-60,false,b,true
148.514,-40,true,l,true
160,-40,false,l,true
199.093,-40,true,g,true
189.837,-60,false,g,true
136.245,-60,false,b,true
148.871,-40,true,l,true
160,-40,false,l,true
198.073,-40,true,g,true
188.766,-60,false,g,true
138.771,-60,false,b,true
151.186,-40,true,l,true
160,-40,false,l,true
165.783,-40,true,g,true
154.545,-60,false,g,true
141.396,-60,false,b,true
153.6,-40,true,l,true
160,-40,false,l,true
198.546,-40,true,g,true
189.264,-60,false,g,true
150.106,-60,false,b,true
161.654,-40,true,l,true
160,-40,false,l,true
191.665,-40,true,g,true
182.032,-60,false,g,true
157.514,-60,false,b,true
168.555,-40,true,l,true
160,-40,false,l,true
203.79,-40,true,g,true
194.757,-60,false,g,true
146.186,-60,false,b,true
158.02,-40,true,l,true
160,-40,false,l,true
181.599,-40,true,g,true
171.401,-60,false,g,true
164.025,-60,false,b,true
174.655,-40,true,l,true
160,-40,false,l,true
157.328,-40,true,g,true
145.438,-60,false,g,true
140.461,-60,false,b,true
152.739,-40,true,l,true
160,-40,false,l,true
204.985,-40,true,g,true
196.007,-60,false,g,true
149.293,-60,false,b,true
160.899,-40,true,l,true
160,-40,false,l,true
161.809,-40,true,g,true
150.274,-60,false,g,true
145.967,-60,false,b,true
157.817,-40,true,l,true
160,-40,false,l,true
199.164,-40,true,g,true
189.911,-60,false,g,true
145.678,-60,false,b,true
157.55,-40,true,l,true
160,-40,false,l,true
156.542,-40,true,g,true
144.587,-60,false,g,true
146.347,-60,false,b,true
137.108,-60,false,b,true
149.662,-40,true,l,true
160,-40,false,l,true
197.234,-40,true,g,true
187.886,-60,false,g,true
188.845,-60,false,b,true
135.791,-60,false,b,true
148.456,-40,true,l,true
160,-40,false,l,true
160.923,-40,true,g,true
149.319,-60,false,g,true
140.786,-60,false,b,true
153.038,-40,true,l,true
160,-40,false,l,true
176.628,-40,true,g,true
166.125,-60,false,g,true
159.52,-60,false,b,true
170.431,-40,true,l,true
160,-40,false,l,true
196.92,-40,true,g,true
187.556,-60,false,g,true
148.308,-60,false,b,true
159.985,-40,true,l,true
160,-40,false,l,true
208.739,-40,true,g,true
199.93,-60,false,g,true
167.872,-60,false,b,true
178.272,-40,true,l,true
160,-40,false,l,true
181.768,-40,true,g,true
171.58,-60,false,g,true
139.732,-60,false,b,true
152.07,-40,true,l,true
160,-40,false,l,true
171.853,-40,true,g,true
161.038,-60,false,g,true
154.858,-60,false,b,true
166.075,-40,true,l,true
160,-40,false,l,true
195.593,-40,true,g,true
186.163,-60,false,g,true
169.266,-60,false,b,true
179.586,-40,true,l,true
160,-40,false,l,true
199.247,-40,true,g,true
189.999,-60,false,g,true
150.432,-60,false,b,true
161.956,-40,true,l,true
160,-40,false,l,true
201.679,-40,true,g,true
192.548,-60,false,g,true
150.416,-60,false,b,true
161.941,-40,true,l,true
160,-40,false,l,true
196.709,-40,true,g,true
187.335,-60,false,g,true
138.172,-60,false,b,true
150.637,-40,true,l,true
160,-40,false,l,true
168.83,-40,true,g,true
157.808,-60,false,g,true
180.046,-60,false,b,true
136.072,-60,false,b,true
148.713,-40,true,l,true
160,-40,false,l,true
197.093,-40,true,g,true
187.738,-60,false,g,true
168.34,-60,false,b,true
178.713,-40,true,l,true
160,-40,false,l,true
206.641,-40,true,g,true
197.738,-60,false,g,true
144.339,-60,false,b,true
156.313,-40,true,l,true
160,-40,false,l,true
169.818,-40,true,g,true
158.866,-60,false,g,true
138.916,-60,false,b,true
151.319,-40,true,l,true
160,-40,false,l,true
193.905,-40,true,g,true
184.389,-60,false,g,true
153.43,-60,false,b,true
137.315,-60,false,b,true
149.852,-40,true,l,true
160,-40,false,l,true
203.256,-40,true,g,true
194.199,-60,false,g,true
140.107,-60,false,b,true
152.414,-40,true,l,true
160,-40,false,l,true
156.768,-40,true,g,true
144.831,-60,false,g,true
139.49,-60,false,b,true
151.847,-40,true,l,true
160,-40,false,l,true
190.982,-40,true,g,true
181.312,-60,false,g,true
137.069,-60,false,b,true
149.626,-40,true,l,true
160,-40,false,l,true
202.967,-40,true,g,true
193.896,-60,false,g,true
147.832,-60,false,b,true
159.544,-40,true,l,true
160,-40,false,l,true
174.551,-40,true,g,true
163.915,-60,false,g,true
143.505,-60,false,b,true
155.543,-40,true,l,true
160,-40,false,l,true
203.75,-40,true,g,true
194.715,-60,false,g,true
144.511,-60,false,b,true
137.364,-60,false,b,true
149.896,-40,true,l,true
160,-40,false,l,true
204.257,-40,true,g,true
195.246,-60,false,g,true
135.422,-60,false,b,true
148.119,-40,true,l,true
160,-40,false,l,true
177.408,-40,true,g,true
166.954,-60,false,g,true
160.389,-60,false,b,true
171.244,-40,true,l,true
160,-40,false,l,true
198.917,-40,true,g,true
189.652,-60,false,g,true
135.555,-60,false,b,true
148.24,-40,true,l,true
160,-40,false,l,true
196.944,-40,true,g,true
187.582,-60,false,g,true
153.319,-60,false,b,true
164.641,-40,true,l,true
160,-40,false,l,true
159.023,-40,true,g,true
147.27,-60,false,g,true
139.831,-60,false,b,true
152.16,-40,true,l,true
160,-40,false,l,true
166.116,-40,true,g,true
154.901,-60,false,g,true
183.99,-60,false,b,true
193.526,-40,true,l,true
160,-40,false,l,true
167.55,-40,true,g,true
156.438,-60,false,g,true
151.325,-60,false,b,true
162.786,-40,true,l,true
160,-40,false,l,true
197.507,-40,true,g,true
188.173,-60,false,g,true
139.041,-60,false,b,true
151.435,-40,true,l,true
160,-40,false,l,true
159.227,-40,true,g,true
147.49,-60,false,g,true
143.584,-60,false,b,true
155.616,-40,true,l,true
160,-40,false,l,true
196.785,-40,true,g,true
187.414,-60,false,g,true
136.96,-60,false,b,true
149.526,-40,true,l,true
160,-40,false,l,true
203.543,-40,true,g,true
194.498,-60,false,g,true
140.404,-60,false,b,true
152.687,-40,true,l,true
160,-40,false,l,true
160.461,-40,true,g,true
148.821,-60,false,g,true
144.514,-60,false,b,true
156.474,-40,true,l,true
160,-40,false,l,true
193.576,-40,true,g,true
184.043,-60,false,g,true
149.681,-60,false,b,true
161.259,-40,true,l,true
160,-40,false,l,true
156.848,-40,true,g,true
144.918,-60,false,g,true
136.511,-60,false,b,true
149.115,-40,true,l,true
160,-40,false,l,true
161.173,-40,true,g,true
149.589,-60,false,g,true
141.091,-60,false,b,true
144.308,-60,false,b,true
156.284,-40,true,l,true
160,-40,false,l,true
157.044,-40,true,g,true
145.13,-60,false,g,true
138.098,-60,false,b,true
150.57,-40,true,l,true
160,-40,false,l,true
191.607,-40,true,g,true
181.97,-60,false,g,true
137.633,-60,false,b,true
150.143,-40,true,l,true
160,-40,false,l,true
203.531,-40,true,g,true
194.486,-60,false,g,true
152.255,-60,false,b,true
163.651,-40,true,l,true
160,-40,false,l,true
192.825,-40,true,g,true
183.253,-60,false,g,true
138.939,-60,false,b,true
151.341,-40,true,l,true
160,-40,false,l,true
170.426,-40,true,g,true
159.515,-60,false,g,true
154.604,-60,false,b,true
165.838,-40,true,l,true
160,-40,false,l,true
178.812,-40,true,g,true
168.445,-60,false,g,true
163.3,-60,false,b,true
173.974,-40,true,l,true
160,-40,false,l,true
201.181,-40,true,g,true
192.025,-60,false,g,true
141.219,-60,false,b,true
153.437,-40,true,l,true
160,-40,false,l,true
206.39,-40,true,g,true
197.476,-60,false,g,true
196.125,-60,false,b,true
190.442,-60,false,b,true
199.67,-40,true,l,true
160,-40,false,l,true
174.507,-40,true,g,true
163.868,-60,false,g,true
153.691,-60,false,b,true
164.987,-40,true,l,true
160,-40,false,l,true
159.49,-40,true,g,true
147.774,-60,false,g,true
140.798,-60,false,b,true
153.049,-40,true,l,true
160,-40,false,l,true
207.425,-40,true,g,true
198.558,-60,false,g,true
138.637,-60,false,b,true
151.064,-40,true,l,true
160,-40,false,l,true
190.352,-40,true,g,true
180.648,-60,false,g,true
136.386,-60,false,b,true
149.001,-40,true,l,true
160,-40,false,l,true
194.342,-40,true,g,true
184.848,-60,false,g,true
135.357,-60,false,b,true
148.059,-40,true,l,true
160,-40,false,l,true
202.162,-40,true,g,true
193.053,-60,false,g,true
183.992,-60,false,b,true
193.528,-40,true,l,true
160,-40,false,l,true
164.016,-40,true,g,true
152.648,-60,false,g,true
181.58,-60,false,b,true
145.507,-60,false,b,true
157.392,-40,true,l,true
160,-40,false,l,true
165.16,-40,true,g,true
153.876,-60,false,g,true
144.75,-60,false,b,true
156.693,-40,true,l,true
160,-40,false,l,true
174.883,-40,true,g,true
164.268,-60,false,g,true
158.068,-60,false,b,true
149.419,-60,false,b,true
161.016,-40,true,l,true
160,-40,false,l,true
176.994,-40,true,g,true
166.514,-60,false,g,true
159.93,-60,false,b,true
180.302,-60,false,b,true
190.023,-40,true,l,true
160,-40,false,l,true
159.838,-40,true,g,true
148.149,-60,false,g,true
142.151,-60,false,b,true
154.295,-40,true,l,true
160,-40,false,l,true
157.326,-40,true,g,true
145.435,-60,false,g,true
138.344,-60,false,b,true
150.795,-40,true,l,true
160,-40,false,l,true
159.556,-40,true,g,true
147.845,-60,false,g,true
176.321,-60,false,b,true
140.123,-60,false,b,true
152.428,-40,true,l,true
160,-40,false,l,true
157.16,-40,true,g,true
145.256,-60,false,g,true
138.894,-60,false,b,true
151.299,-40,true,l,true
160,-40,false,l,true
174.205,-40,true,g,true
163.546,-60,false,g,true
158.687,-60,false,b,true
169.652,-40,true,l,true
160,-40,false,l,true
202.525,-40,true,g,true
193.433,-60,false,g,true
197.515,-60,false,b,true
206.427,-40,true,l,true
160,-40,false,l,true
191.618,-40,true,g,true
181.982,-60,false,g,true
147.624,-60,false,b,true
159.352,-40,true,l,true
160,-40,false,l,true
197.357,-40,true,g,true
188.016,-60,false,g,true
161.902,-60,false,b,true
172.662,-40,true,l,true
160,-40,false,l,true
194.145,-40,true,g,true
184.64,-60,false,g,true
140.409,-60,false,b,true
152.691,-40,true,l,true
160,-40,false,l,true
192.19,-40,true,g,true
182.585,-60,false,g,true
181.55,-60,false,b,true
178.559,-60,false,b,true
188.37,-40,true,l,true
160,-40,false,l,true
155.319,-40,true,g,true
143.261,-60,false,g,true
135.668,-60,false,b,true
148.344,-40,true,l,true
160,-40,false,l,true
206.009,-40,true,g,true
197.078,-60,false,g,true
172.664,-60,false,b,true
182.792,-40,true,l,true
160,-40,false,l,true
154.691,-40,true,g,true
142.581,-60,false,g,true
135.025,-60,false,b,true
147.756,-40,true,l,true
160,-40,false,l,true
165.805,-40,true,g,true
154.568,-60,false,g,true
148.078,-60,false,b,true
159.772,-40,true,l,true
160,-40,false,l,true
181.38,-40,true,g,true
171.168,-60,false,g,true
163.641,-60,false,b,true
174.294,-40,true,l,true
160,-40,false,l,true
169.37,-40,true,g,true
158.386,-60,false,g,true
154.768,-60,false,b,true
165.991,-40,true,l,true
160,-40,false,l,true
199.636,-40,true,g,true
190.406,-60,false,g,true
151.948,-60,false,b,true
163.365,-40,true,l,true
160,-40,false,l,true
167.776,-40,true,g,true
156.681,-60,false,g,true
150.368,-60,false,b,true
161.896,-40,true,l,true
160,-40,false,l,true
198.418,-40,true,g,true
189.129,-60,false,g,true
184.243,-60,false,b,true
193.766,-40,true,l,true
160,-40,false,l,true
195.998,-40,true,g,true
186.588,-60,false,g,true
179.628,-60,false,b,true
189.384,-40,true,l,true
160,-40,false,l,true
205.825,-40,true,g,true
196.885,-60,false,g,true
169.538,-60,false,b,true
151.043,-60,false,b,true
162.524,-40,true,l,true
160,-40,false,l,true
202.396,-40,true,g,true
193.299,-60,false,g,true
142.534,-60,false,b,true
152.984,-60,false,b,true
141.83,-60,false,b,true
142.989,-60,false,b,true
155.067,-40,true,l,true
160,-40,false,l,true
174.609,-40,true,g,true
163.977,-60,false,g,true
136.417,-60,false,b,true
149.029,-40,true,l,true
160,-40,false,l,true
160.48,-40,true,g,true
148.841,-60,false,g,true
135.063,-60,false,b,true
147.791,-40,true,l,true
160,-40,false,l,true
202.635,-40,true,g,true
193.548,-60,false,g,true
155.218,-60,false,b,true
166.411,-40,true,l,true
160,-40,false,l,true
