x,z,relay,string,error,index
160,-60,false,f,true
197.667,-60,false,b,true
157.904,-60,false,b,true
168.919,-40,true,l,true
160,-40,false,l,true
166.422,-40,true,g,true
155.23,-60,false,g,true
145.866,-60,false,b,true
157.724,-40,true,l,true
160,-40,false,l,true
161.019,-40,true,g,true
149.422,-60,false,g,true
138.606,-60,false,b,true
151.035,-40,true,l,true
160,-40,false,l,true
163.103,-40,true,g,true
151.666,-60,false,g,true
144.86,-60,false,b,true
156.794,-40,true,l,true
160,-40,false,l,true
169.95,-40,true,g,true
159.006,-60,false,g,true
180.42,-60,false,b,true
190.135,-40,true,l,true
160,-40,false,l,true
202.391,-40,true,g,true
193.293,-60,false,g,true
157.87,-60,false,b,true
168.887,-40,true,l,true
160,-40,false,l,true
184.031,-40,true,g,true
173.976,-60,false,g,true
138.192,-60,false,b,true
150.656,-40,true,l,true
160,-40,false,l,true
167.074,-40,true,g,true
155.928,-60,false,g,true
146.691,-60,false,b,true
158.487,-40,true,l,true
160,-40,false,l,true
165.502,-40,true,g,true
154.243,-60,false,g,true
191.96,-60,false,b,true
201.119,-40,true,l,true
160,-40,false,l,true
206.196,-40,true,g,true
197.274,-60,false,g,true
194.014,-60,false,b,true
158.033,-60,false,b,true
197.562,-60,false,b,true
167.655,-60,false,b,true
178.068,-40,true,l,true
160,-40,false,l,true
185.521,-40,true,g,true
175.55,-60,false,g,true
172.582,-60,false,b,true
182.715,-40,true,l,true
160,-40,false,l,true
161.917,-40,true,g,true
150.39,-60,false,g,true
142.121,-60,false,b,true
154.267,-40,true,l,true
160,-40,false,l,true
165.904,-40,true,g,true
154.674,-60,false,g,true
148.605,-60,false,b,true
160.261,-40,true,l,true
160,-40,false,l,true
165.101,-40,true,g,true
153.812,-60,false,g,true
197.751,-60,false,b,true
175.908,-60,false,b,true
185.859,-40,true,l,true
160,-40,false,l,true
154.766,-40,true,g,true
142.663,-60,false,g,true
179.362,-60,false,b,true
143.088,-60,false,b,true
155.158,-40,true,l,true
160,-40,false,l,true
176.978,-40,true,g,true
166.497,-60,false,g,true
163.139,-60,false,b,true
136.589,-60,false,b,true
160.808,-60,false,b,true
171.637,-40,true,l,true
160,-40,false,l,true
169.357,-40,true,g,true
158.372,-60,false,g,true
138.362,-60,false,b,true
150.811,-40,true,l,true
160,-40,false,l,true
182.446,-40,true,g,true
172.298,-60,false,g,true
136.67,-60,false,b,true
149.26,-40,true,l,true
160,-40,false,l,true
170.654,-40,true,g,true
159.759,-60,false,g,true
147.887,-60,false,b,true
159.595,-40,true,l,true
160,-40,false,l,true
165.497,-40,true,g,true
154.238,-60,false,g,true
145.493,-60,false,b,true
157.379,-40,true,l,true
160,-40,false,l,true
165.586,-40,true,g,true
154.333,-60,false,g,true
146.423,-60,false,b,true
158.239,-40,true,l,true
160,-40,false,l,true
175.94,-40,true,g,true
165.393,-60,false,g,true
159.242,-60,false,b,true
170.17,-40,true,l,true
160,-40,false,l,true
172.543,-40,true,g,true
161.774,-60,false,g,true
156.009,-60,false,b,true
167.149,-40,true,l,true
160,-40,false,l,true
159.975,-40,true,g,true
148.297,-60,false,g,true
180.744,-60,false,b,true
190.442,-40,true,l,true
160,-40,false,l,true
163.56,-40,true,g,true
152.158,-60,false,g,true
142.178,-60,false,b,true
182.154,-60,false,b,true
191.782,-40,true,l,true
160,-40,false,l,true
201.629,-40,true,g,true
192.494,-60,false,g,true
168.589,-60,false,b,true
178.948,-40,true,l,true
160,-40,false,l,true
186.386,-40,true,g,true
176.465,-60,false,g,true
172.933,-60,false,b,true
183.046,-40,true,l,true
160,-40,false,l,true
169.671,-40,true,g,true
158.708,-60,false,g,true
138.443,-60,false,b,true
141.628,-60,false,b,true
152.813,-60,false,b,true
141.352,-60,false,b,true
173.029,-60,false,b,true
183.137,-40,true,l,true
160,-40,false,l,true
171.147,-40,true,g,true
160.286,-60,false,g,true
151.221,-60,false,b,true
162.69,-40,true,l,true
160,-40,false,l,true
201.467,-40,true,g,true
192.325,-60,false,g,true
139.157,-60,false,b,true
186.656,-60,false,b,true
198.575,-60,false,b,true
207.441,-40,true,l,true
160,-40,false,l,true
163.67,-40,true,g,true
152.276,-60,false,g,true
143.539,-60,false,b,true
155.574,-40,true,l,true
160,-40,false,l,true
185.966,-40,true,g,true
176.021,-60,false,g,true
138.038,-60,false,b,true
156.847,-60,false,b,true
150.635,-60,false,b,true
199.583,-60,false,b,true
208.407,-40,true,l,true
160,-40,false,l,true
200.579,-40,true,g,true
191.395,-60,false,g,true
189.968,-60,false,b,true
174.233,-60,false,b,true
184.274,-40,true,l,true
160,-40,false,l,true
190.382,-40,true,g,true
180.681,-60,false,g,true
177.398,-60,false,b,true
135.499,-60,false,b,true
148.189,-40,true,l,true
160,-40,false,l,true
173.689,-40,true,g,true
162.997,-60,false,g,true
179.291,-60,false,b,true
180.09,-60,false,b,true
189.822,-40,true,l,true
160,-40,false,l,true
163.052,-40,true,g,true
151.611,-60,false,g,true
142.491,-60,false,b,true
154.608,-40,true,l,true
160,-40,false,l,true
188.693,-40,true,g,true
178.9,-60,false,g,true
175.094,-60,false,b,true
136.162,-60,false,b,true
175.534,-60,false,b,true
179.576,-60,false,b,true
189.334,-40,true,l,true
160,-40,false,l,true
165.128,-40,true,g,true
153.841,-60,false,g,true
142.835,-60,false,b,true
154.926,-40,true,l,true
160,-40,false,l,true
165.129,-40,true,g,true
153.842,-60,false,g,true
144.451,-60,false,b,true
142.706,-60,false,b,true
154.806,-40,true,l,true
160,-40,false,l,true
163.201,-40,true,g,true
151.772,-60,false,g,true
163.419,-60,false,b,true
174.085,-40,true,l,true
160,-40,false,l,true
160.156,-40,true,g,true
148.492,-60,false,g,true
141.224,-60,false,b,true
153.441,-40,true,l,true
160,-40,false,l,true
171.241,-40,true,g,true
160.385,-60,false,g,true
151.187,-60,false,b,true
162.658,-40,true,l,true
160,-40,false,l,true
163.818,-40,true,g,true
152.435,-60,false,g,true
163.897,-60,false,b,true
174.535,-40,true,l,true
160,-40,false,l,true
160.709,-40,true,g,true
149.088,-60,false,g,true
141.296,-60,false,b,true
153.507,-40,true,l,true
160,-40,false,l,true
197.291,-40,true,g,true
187.947,-60,false,g,true
186.064,-60,false,b,true
155.91,-60,false,b,true
179.625,-60,false,b,true
143.301,-60,false,b,true
155.355,-40,true,l,true
160,-40,false,l,true
177.249,-40,true,g,true
166.785,-60,false,g,true
163.371,-60,false,b,true
165.418,-60,false,b,true
142.013,-60,false,b,true
163.38,-60,false,b,true
174.049,-40,true,l,true
160,-40,false,l,true
162.924,-40,true,g,true
151.473,-60,false,g,true
145.857,-60,false,b,true
157.715,-40,true,l,true
160,-40,false,l,true
165.479,-40,true,g,true
154.219,-60,false,g,true
145.148,-60,false,b,true
157.061,-40,true,l,true
160,-40,false,l,true
188.498,-40,true,g,true
178.694,-60,false,g,true
143.416,-60,false,b,true
155.461,-40,true,l,true
160,-40,false,l,true
165.275,-40,true,g,true
153.999,-60,false,g,true
143.684,-60,false,b,true
155.709,-40,true,l,true
160,-40,false,l,true
178.484,-40,true,g,true
168.097,-60,false,g,true
164.15,-60,false,b,true
165.214,-60,false,b,true
175.772,-40,true,l,true
160,-40,false,l,true
186.995,-40,true,g,true
177.108,-60,false,g,true
174.556,-60,false,b,true
179.535,-60,false,b,true
191.805,-60,false,b,true
200.971,-40,true,l,true
160,-40,false,l,true
165.791,-40,true,g,true
154.553,-60,false,g,true
144.991,-60,false,b,true
156.915,-40,true,l,true
160,-40,false,l,true
189.314,-40,true,g,true
179.554,-60,false,g,true
175.962,-60,false,b,true
137.285,-60,false,b,true
176.754,-60,false,b,true
198.881,-60,false,b,true
207.735,-40,true,l,true
160,-40,false,l,true
164.203,-40,true,g,true
152.848,-60,false,g,true
144.713,-60,false,b,true
156.659,-40,true,l,true
160,-40,false,l,true
163.898,-40,true,g,true
152.521,-60,false,g,true
144.088,-60,false,b,true
156.082,-40,true,l,true
160,-40,false,l,true
202.927,-40,true,g,true
193.854,-60,false,g,true
191.719,-60,false,b,true
160.56,-60,false,b,true
151.919,-60,false,b,true
150.27,-60,false,b,true
199.58,-60,false,b,true
208.404,-40,true,l,true
160,-40,false,l,true
167.955,-40,true,g,true
156.872,-60,false,g,true
136.796,-60,false,b,true
144.108,-60,false,b,true
154.104,-60,false,b,true
196.835,-60,false,b,true
205.777,-40,true,l,true
160,-40,false,l,true
197.232,-40,true,g,true
187.884,-60,false,g,true
185.374,-60,false,b,true
164.335,-60,false,b,true
151.158,-60,false,b,true
138.786,-60,false,b,true
188.738,-60,false,b,true
198.045,-40,true,l,true
160,-40,false,l,true
182.225,-40,true,g,true
172.064,-60,false,g,true
171.088,-60,false,b,true
140.816,-60,false,b,true
187.303,-60,false,b,true
190.17,-60,false,b,true
199.411,-40,true,l,true
160,-40,false,l,true
166.706,-40,true,g,true
155.534,-60,false,g,true
146.852,-60,false,b,true
196.71,-60,false,b,true
205.657,-40,true,l,true
160,-40,false,l,true
163.27,-40,true,g,true
151.845,-60,false,g,true
148.594,-60,false,b,true
159.672,-60,false,b,true
146.446,-60,false,b,true
158.261,-40,true,l,true
160,-40,false,l,true
182.348,-40,true,g,true
172.194,-60,false,g,true
159.791,-60,false,b,true
170.684,-40,true,l,true
160,-40,false,l,true
157.713,-40,true,g,true
145.853,-60,false,g,true
148.276,-60,false,b,true
159.955,-40,true,l,true
160,-40,false,l,true
195.816,-40,true,g,true
186.397,-60,false,g,true
143.514,-60,false,b,true
166.154,-60,false,b,true
188.545,-60,false,b,true
182.272,-60,false,b,true
191.893,-40,true,l,true
160,-40,false,l,true
184.461,-40,true,g,true
174.43,-60,false,g,true
142.955,-60,false,b,true
155.036,-40,true,l,true
160,-40,false,l,true
164.045,-40,true,g,true
152.679,-60,false,g,true
142.003,-60,false,b,true
196.935,-60,false,b,true
205.873,-40,true,l,true
160,-40,false,l,true
171.535,-40,true,g,true
160.699,-60,false,g,true
152.004,-60,false,b,true
163.417,-40,true,l,true
160,-40,false,l,true
161.474,-40,true,g,true
149.913,-60,false,g,true
139.771,-60,false,b,true
152.105,-40,true,l,true
160,-40,false,l,true
208.794,-40,true,g,true
199.988,-60,false,g,true
173.614,-60,false,b,true
183.689,-40,true,l,true
160,-40,false,l,true
163.09,-40,true,g,true
151.652,-60,false,g,true
149.99,-60,false,b,true
172.531,-60,false,b,true
167.428,-60,false,b,true
177.854,-40,true,l,true
160,-40,false,l,true
170.445,-40,true,g,true
159.535,-60,false,g,true
155.17,-60,false,b,true
166.366,-40,true,l,true
160,-40,false,l,true
169.702,-40,true,g,true
158.741,-60,false,g,true
149.346,-60,false,b,true
138.43,-60,false,b,true
150.874,-40,true,l,true
160,-40,false,l,true
187.353,-40,true,g,true
177.485,-60,false,g,true
141.998,-60,false,b,true
154.154,-40,true,l,true
160,-40,false,l,true
176.315,-40,true,g,true
165.792,-60,false,g,true
159.939,-60,false,b,true
170.823,-40,true,l,true
160,-40,false,l,true
171.775,-40,true,g,true
160.955,-60,false,g,true
157.003,-60,false,b,true
168.078,-40,true,l,true
160,-40,false,l,true
169.005,-40,true,g,true
157.996,-60,false,g,true
147.76,-60,false,b,true
175.985,-60,false,b,true
185.932,-40,true,l,true
160,-40,false,l,true
199.753,-40,true,g,true
190.529,-60,false,g,true
140.472,-60,false,b,true
159.625,-60,false,b,true
170.529,-40,true,l,true
160,-40,false,l,true
167.3,-40,true,g,true
156.17,-60,false,g,true
197.906,-60,false,b,true
206.802,-40,true,l,true
160,-40,false,l,true
161.816,-40,true,g,true
150.282,-60,false,g,true
168.201,-60,false,b,true
162.389,-60,false,b,true
173.119,-40,true,l,true
160,-40,false,l,true
184.714,-40,true,g,true
174.697,-60,false,g,true
150.048,-60,false,b,true
150.221,-60,false,b,true
161.76,-40,true,l,true
160,-40,false,l,true
163.268,-40,true,g,true
151.844,-60,false,g,true
151.954,-60,false,b,true
163.37,-40,true,l,true
160,-40,false,l,true
179.493,-40,true,g,true
169.167,-60,false,g,true
162.096,-60,false,b,true
