x,z,relay,string,error,index
160,-60,false,f,true
160,-40,false,l,true
160.412,-40,true,g,true
148.768,-60,false,g,true
184.436,-60,false,b,true
193.95,-40,true,l,true
160,-40,false,l,true
160.551,-40,true,g,true
148.918,-60,false,g,true
144.435,-60,false,b,true
156.401,-40,true,l,true
160,-40,false,l,true
193.856,-40,true,g,true
184.337,-60,false,g,true
149.984,-60,false,b,true
161.54,-40,true,l,true
160,-40,false,l,true
193.783,-40,true,g,true
184.26,-60,false,g,true
154.294,-60,false,b,true
157.94,-60,false,b,true
168.953,-40,true,l,true
160,-40,false,l,true
159.77,-40,true,g,true
148.076,-60,false,g,true
143.345,-60,false,b,true
155.396,-40,true,l,true
160,-40,false,l,true
166.558,-40,true,g,true
155.375,-60,false,g,true
148.187,-60,false,b,true
159.873,-40,true,l,true
160,-40,false,l,true
180.944,-40,true,g,true
170.707,-60,false,g,true
163.695,-60,false,b,true
174.345,-40,true,l,true
160,-40,false,l,true
180.953,-40,true,g,true
170.716,-60,false,g,true
135.826,-60,false,b,true
148.488,-40,true,l,true
160,-40,false,l,true
174.432,-40,true,g,true
163.788,-60,false,g,true
160.404,-60,false,b,true
171.258,-40,true,l,true
160,-40,false,l,true
168.466,-40,true,g,true
157.419,-60,false,g,true
147.724,-60,false,b,true
159.444,-40,true,l,true
160,-40,false,l,true
179.876,-40,true,g,true
169.574,-60,false,g,true
163.963,-60,false,b,true
174.597,-40,true,l,true
160,-40,false,l,true
163.224,-40,true,g,true
151.796,-60,false,g,true
146.275,-60,false,b,true
158.102,-40,true,l,true
160,-40,false,l,true
181.795,-40,true,g,true
171.609,-60,false,g,true
163.073,-60,false,b,true
173.761,-40,true,l,true
160,-40,false,l,true
165.38,-40,true,g,true
154.112,-60,false,g,true
148.189,-60,false,b,true
159.875,-40,true,l,true
160,-40,false,l,true
165.558,-40,true,g,true
154.303,-60,false,g,true
145.298,-60,false,b,true
157.199,-40,true,l,true
160,-40,false,l,true
188.865,-40,true,g,true
179.081,-60,false,g,true
170.783,-60,false,b,true
181.016,-40,true,l,true
160,-40,false,l,true
179.804,-40,true,g,true
169.498,-60,false,g,true
162.615,-60,false,b,true
173.331,-40,true,l,true
160,-40,false,l,true
164.68,-40,true,g,true
153.361,-60,false,g,true
143.484,-60,false,b,true
155.524,-40,true,l,true
160,-40,false,l,true
170.506,-40,true,g,true
159.601,-60,false,g,true
149.908,-60,false,b,true
161.47,-40,true,l,true
160,-40,false,l,true
171.214,-40,true,g,true
160.356,-60,false,g,true
152.156,-60,false,b,true
163.559,-40,true,l,true
160,-40,false,l,true
157.997,-40,true,g,true
146.161,-60,false,g,true
141.174,-60,false,b,true
153.395,-40,true,l,true
160,-40,false,l,true
207.384,-40,true,g,true
198.515,-60,false,g,true
138.787,-60,false,b,true
151.201,-40,true,l,true
160,-40,false,l,true
160.258,-40,true,g,true
148.602,-60,false,g,true
141.338,-60,false,b,true
153.546,-40,true,l,true
160,-40,false,l,true
172.992,-40,true,g,true
162.254,-60,false,g,true
152.648,-60,false,b,true
155.683,-60,false,b,true
166.844,-40,true,l,true
160,-40,false,l,true
161.344,-40,true,g,true
149.773,-60,false,g,true
162.523,-60,false,b,true
173.245,-40,true,l,true
160,-40,false,l,true
176.507,-40,true,g,true
165.996,-60,false,g,true
171.04,-60,false,b,true
167.781,-60,false,b,true
178.186,-40,true,l,true
160,-40,false,l,true
163.666,-40,true,g,true
152.272,-60,false,g,true
146.289,-60,false,b,true
158.115,-40,true,l,true
160,-40,false,l,true
173.278,-40,true,g,true
162.558,-60,false,g,true
151.721,-60,false,b,true
163.155,-40,true,l,true
160,-40,false,l,true
175.568,-40,true,g,true
164.997,-60,false,g,true
166.666,-60,false,b,true
177.137,-40,true,l,true
160,-40,false,l,true
207.411,-40,true,g,true
198.543,-60,false,g,true
136.535,-60,false,b,true
149.137,-40,true,l,true
160,-40,false,l,true
190.713,-40,true,g,true
181.029,-60,false,g,true
156.531,-60,false,b,true
167.637,-40,true,l,true
160,-40,false,l,true
173.611,-40,true,g,true
162.913,-60,false,g,true
153.379,-60,false,b,true
136.859,-60,false,b,true
149.434,-40,true,l,true
160,-40,false,l,true
176.834,-40,true,g,true
166.344,-60,false,g,true
156.837,-60,false,b,true
167.922,-40,true,l,true
160,-40,false,l,true
161.738,-40,true,g,true
150.197,-60,false,g,true
146.057,-60,false,b,true
157.901,-40,true,l,true
160,-40,false,l,true
165.139,-40,true,g,true
153.854,-60,false,g,true
146.175,-60,false,b,true
158.01,-40,true,l,true
160,-40,false,l,true
180.638,-40,true,g,true
170.382,-60,false,g,true
162.977,-60,false,b,true
173.671,-40,true,l,true
160,-40,false,l,true
160.832,-40,true,g,true
149.221,-60,false,g,true
135.744,-60,false,b,true
148.413,-40,true,l,true
160,-40,false,l,true
166.914,-40,true,g,true
155.757,-60,false,g,true
148.792,-60,false,b,true
160.434,-40,true,l,true
160,-40,false,l,true
178.323,-40,true,g,true
167.926,-60,false,g,true
184.123,-60,false,b,true
184.398,-60,false,b,true
193.914,-40,true,l,true
160,-40,false,l,true
203.598,-40,true,g,true
194.557,-60,false,g,true
141.448,-60,false,b,true
153.647,-40,true,l,true
160,-40,false,l,true
167.187,-40,true,g,true
156.049,-60,false,g,true
146.983,-60,false,b,true
158.758,-40,true,l,true
160,-40,false,l,true
175.49,-40,true,g,true
164.914,-60,false,g,true
159.428,-60,false,b,true
170.345,-40,true,l,true
160,-40,false,l,true
175.428,-40,true,g,true
164.849,-60,false,g,true
135.22,-60,false,b,true
147.934,-40,true,l,true
160,-40,false,l,true
177.073,-40,true,g,true
166.597,-60,false,g,true
160.061,-60,false,b,true
170.937,-40,true,l,true
160,-40,false,l,true
170.517,-40,true,g,true
159.612,-60,false,g,true
150.248,-60,false,b,true
161.785,-40,true,l,true
160,-40,false,l,true
199.717,-40,true,g,true
190.491,-60,false,g,true
147.322,-60,false,b,true
159.072,-40,true,l,true
160,-40,false,l,true
171.186,-40,true,g,true
160.327,-60,false,g,true
152.518,-60,false,b,true
163.895,-40,true,l,true
160,-40,false,l,true
201.333,-40,true,g,true
192.185,-60,false,g,true
149.311,-60,false,b,true
160.915,-40,true,l,true
160,-40,false,l,true
207.493,-40,true,g,true
198.629,-60,false,g,true
138.672,-60,false,b,true
151.096,-40,true,l,true
160,-40,false,l,true
166.988,-40,true,g,true
155.837,-60,false,g,true
148.162,-60,false,b,true
159.85,-40,true,l,true
160,-40,false,l,true
200.234,-40,true,g,true
191.033,-60,false,g,true
141.897,-60,false,b,true
154.061,-40,true,l,true
160,-40,false,l,true
192.767,-40,true,g,true
183.192,-60,false,g,true
179.094,-60,false,b,true
150.369,-60,false,b,true
161.898,-40,true,l,true
160,-40,false,l,true
174.403,-40,true,g,true
163.757,-60,false,g,true
156.228,-60,false,b,true
167.353,-40,true,l,true
160,-40,false,l,true
203.206,-40,true,g,true
194.146,-60,false,g,true
151.31,-60,false,b,true
141.31,-60,false,b,true
153.52,-40,true,l,true
160,-40,false,l,true
162.292,-40,true,g,true
150.794,-60,false,g,true
146.973,-60,false,b,true
158.749,-40,true,l,true
160,-40,false,l,true
208.509,-40,true,g,true
199.69,-60,false,g,true
138.079,-60,false,b,true
150.551,-40,true,l,true
160,-40,false,l,true
201.176,-40,true,g,true
192.021,-60,false,g,true
148.955,-60,false,b,true
135.454,-60,false,b,true
148.148,-40,true,l,true
160,-40,false,l,true
160.44,-40,true,g,true
148.798,-60,false,g,true
143.683,-60,false,b,true
155.707,-40,true,l,true
160,-40,false,l,true
167.06,-40,true,g,true
155.914,-60,false,g,true
146.406,-60,false,b,true
158.223,-40,true,l,true
160,-40,false,l,true
195.281,-40,true,g,true
185.835,-60,false,g,true
136.703,-60,false,b,true
149.29,-40,true,l,true
160,-40,false,l,true
202.604,-40,true,g,true
193.516,-60,false,g,true
150.754,-60,false,b,true
162.255,-40,true,l,true
160,-40,false,l,true
173.451,-40,true,g,true
162.743,-60,false,g,true
151.839,-60,false,b,true
163.264,-40,true,l,true
160,-40,false,l,true
175.992,-40,true,g,true
165.449,-60,false,g,true
155.44,-60,false,b,true
166.618,-40,true,l,true
160,-40,false,l,true
160.84,-40,true,g,true
149.229,-60,false,g,true
144.58,-60,false,b,true
156.536,-40,true,l,true
160,-40,false,l,true
167.635,-40,true,g,true
156.529,-60,false,g,true
149.427,-60,false,b,true
161.023,-40,true,l,true
160,-40,false,l,true
182.036,-40,true,g,true
171.863,-60,false,g,true
164.625,-60,false,b,true
175.218,-40,true,l,true
160,-40,false,l,true
177.081,-40,true,g,true
166.607,-60,false,g,true
157.149,-60,false,b,true
168.213,-40,true,l,true
160,-40,false,l,true
170.214,-40,true,g,true
159.288,-60,false,g,true
148.113,-60,false,b,true
159.804,-40,true,l,true
160,-40,false,l,true
197.609,-40,true,g,true
188.28,-60,false,g,true
154.162,-60,false,b,true
165.427,-40,true,l,true
160,-40,false,l,true
164.247,-40,true,g,true
152.896,-60,false,g,true
144.019,-60,false,b,true
156.018,-40,true,l,true
160,-40,false,l,true
167.147,-40,true,g,true
156.007,-60,false,g,true
150.97,-60,false,b,true
162.456,-40,true,l,true
160,-40,false,l,true
170.976,-40,true,g,true
160.102,-60,false,g,true
150.101,-60,false,b,true
161.649,-40,true,l,true
160,-40,false,l,true
190.929,-40,true,g,true
181.257,-60,false,g,true
137.053,-60,false,b,true
149.611,-40,true,l,true
160,-40,false,l,true
171.725,-40,true,g,true
160.902,-60,false,g,true
151.012,-60,false,b,true
162.495,-40,true,l,true
160,-40,false,l,true
170.48,-40,true,g,true
159.573,-60,false,g,true
153.421,-60,false,b,true
164.736,-40,true,l,true
160,-40,false,l,true
173.91,-40,true,g,true
163.232,-60,false,g,true
153.25,-60,false,b,true
164.577,-40,true,l,true
160,-40,false,l,true
180.971,-40,true,g,true
170.735,-60,false,g,true
163.274,-60,false,b,true
173.95,-40,true,l,true
160,-40,false,l,true
158.705,-40,true,g,true
146.926,-60,false,g,true
140.503,-60,false,b,true
152.777,-40,true,l,true
160,-40,false,l,true
179.204,-40,true,g,true
168.861,-60,false,g,true
160.65,-60,false,b,true
171.489,-40,true,l,true
160,-40,false,l,true
202.049,-40,true,g,true
192.935,-60,false,g,true
138.651,-60,false,b,true
151.077,-40,true,l,true
160,-40,false,l,true
176.718,-40,true,g,true
166.22,-60,false,g,true
159.694,-60,false,b,true
170.594,-40,true,l,true
160,-40,false,l,true
178.07,-40,true,g,true
167.657,-60,false,g,true
159.365,-60,false,b,true
170.285,-40,true,l,true
160,-40,false,l,true
172.003,-40,true,g,true
161.199,-60,false,g,true
154.446,-60,false,b,true
165.691,-40,true,l,true
160,-40,false,l,true
199.45,-40,true,g,true
190.211,-60,false,g,true
136.11,-60,false,b,true
148.748,-40,true,l,true
160,-40,false,l,true
171.215,-40,true,g,true
160.358,-60,false,g,true
150.295,-60,false,b,true
161.829,-40,true,l,true
160,-40,false,l,true
201.274,-40,true,g,true
192.123,-60,false,g,true
148.737,-60,false,b,true
160.383,-40,true,l,true
160,-40,false,l,true
179.021,-40,true,g,true
168.667,-60,false,g,true
158.644,-60,false,b,true
169.611,-40,true,l,true
160,-40,false,l,true
199.538,-40,true,g,true
190.303,-60,false,g,true
141.171,-60,false,b,true
153.392,-40,true,l,true
160,-40,false,l,true
166.565,-40,true,g,true
155.383,-60,false,g,true
150.549,-60,false,b,true
162.065,-40,true,l,true
160,-40,false,l,true
203.6,-40,true,g,true
194.558,-60,false,g,true
156.543,-60,false,b,true
167.647,-40,true,l,true
160,-40,false,l,true
172.431,-40,true,g,true
161.655,-60,false,g,true
155.589,-60,false,b,true
166.758,-40,true,l,true
160,-40,false,l,true
160.013,-40,true,g,true
148.338,-60,false,g,true
139.462,-60,false,b,true
151.822,-40,true,l,true
160,-40,false,l,true
179.026,-40,true,g,true
168.672,-60,false,g,true
159.823,-60,false,b,true
170.714,-40,true,l,true
160,-40,false,l,true
173.31,-40,true,g,true
162.593,-60,false,g,true
158.895,-60,false,b,true
169.845,-40,true,l,true
160,-40,false,l,true
197.559,-40,true,g,true
188.228,-60,false,g,true
135.116,-60,false,b,true
147.839,-40,true,l,true
160,-40,false,l,true
