x,z,relay,string,error,index
160,-60,false,f,true,0
160,-40,false,l,true,0
160.412,-40,true,g,true,0
148.768,-60,false,g,true,0
184.436,-60,false,b,true,0
193.95,-40,true,l,true,0
160,-40,false,l,true,0
160.551,-40,true,g,true,0
148.918,-60,false,g,true,0
144.435,-60,false,b,true,0
156.401,-40,true,l,true,0
160,-40,false,l,true,0
193.856,-40,true,g,true,0
184.337,-60,false,g,true,0
149.984,-60,false,b,true,0
161.54,-40,true,l,true,0
160,-40,false,l,true,0
193.783,-40,true,g,true,0
184.26,-60,false,g,true,0
154.294,-60,false,b,true,0
157.94,-60,false,b,true,0
168.953,-40,true,l,true,0
160,-40,false,l,true,0
159.77,-40,true,g,true,0
148.076,-60,false,g,true,0
143.345,-60,false,b,true,0
155.396,-40,true,l,true,0
160,-40,false,l,true,0
166.558,-40,true,g,true,0
155.375,-60,false,g,true,0
148.187,-60,false,b,true,0
159.873,-40,true,l,true,0
160,-40,false,l,true,0
180.944,-40,true,g,true,0
170.707,-60,false,g,true,0
163.695,-60,false,b,true,0
174.345,-40,true,l,true,0
160,-40,false,l,true,0
180.953,-40,true,g,true,0
170.716,-60,false,g,true,0
135.826,-60,false,b,true,0
148.488,-40,true,l,true,0
160,-40,false,l,true,0
174.432,-40,true,g,true,0
163.788,-60,false,g,true,0
160.404,-60,false,b,true,0
171.258,-40,true,l,true,0
160,-40,false,l,true,0
168.466,-40,true,g,true,0
157.419,-60,false,g,true,0
147.724,-60,false,b,true,0
159.444,-40,true,l,true,0
160,-40,false,l,true,0
179.876,-40,true,g,true,0
169.574,-60,false,g,true,0
163.963,-60,false,b,true,0
174.597,-40,true,l,true,0
160,-40,false,l,true,0
163.224,-40,true,g,true,0
151.796,-60,false,g,true,0
146.275,-60,false,b,true,0
158.102,-40,true,l,true,0
160,-40,false,l,true,0
181.795,-40,true,g,true,0
171.609,-60,false,g,true,0
163.073,-60,false,b,true,0
173.761,-40,true,l,true,0
160,-40,false,l,true,0
165.38,-40,true,g,true,0
154.112,-60,false,g,true,0
148.189,-60,false,b,true,0
159.875,-40,true,l,true,0
160,-40,false,l,true,0
165.558,-40,true,g,true,0
154.303,-60,false,g,true,0
145.298,-60,false,b,true,0
157.199,-40,true,l,true,0
160,-40,false,l,true,0
188.865,-40,true,g,true,0
179.081,-60,false,g,true,0
170.783,-60,false,b,true,0
181.016,-40,true,l,true,0
160,-40,false,l,true,0
179.804,-40,true,g,true,0
169.498,-60,false,g,true,0
162.615,-60,false,b,true,0
173.331,-40,true,l,true,0
160,-40,false,l,true,0
164.68,-40,true,g,true,0
153.361,-60,false,g,true,0
143.484,-60,false,b,true,0
155.524,-40,true,l,true,0
160,-40,false,l,true,0
170.506,-40,true,g,true,0
159.601,-60,false,g,true,0
149.908,-60,false,b,true,0
161.47,-40,true,l,true,0
160,-40,false,l,true,0
171.214,-40,true,g,true,0
160.356,-60,false,g,true,0
152.156,-60,false,b,true,0
163.559,-40,true,l,true,0
160,-40,false,l,true,0
157.997,-40,true,g,true,0
146.161,-60,false,g,true,0
141.174,-60,false,b,true,0
153.395,-40,true,l,true,0
160,-40,false,l,true,0
207.384,-40,true,g,true,0
198.515,-60,false,g,true,0
138.787,-60,false,b,true,0
151.201,-40,true,l,true,0
160,-40,false,l,true,0
160.258,-40,true,g,true,0
148.602,-60,false,g,true,0
141.338,-60,false,b,true,0
153.546,-40,true,l,true,0
160,-40,false,l,true,0
172.992,-40,true,g,true,0
162.254,-60,false,g,true,0
152.648,-60,false,b,true,0
155.683,-60,false,b,true,0
166.844,-40,true,l,true,0
160,-40,false,l,true,0
161.344,-40,true,g,true,0
149.773,-60,false,g,true,0
162.523,-60,false,b,true,0
173.245,-40,true,l,true,0
160,-40,false,l,true,0
176.507,-40,true,g,true,0
165.996,-60,false,g,true,0
171.04,-60,false,b,true,0
167.781,-60,false,b,true,0
178.186,-40,true,l,true,0
160,-40,false,l,true,0
163.666,-40,true,g,true,0
152.272,-60,false,g,true,0
146.289,-60,false,b,true,0
158.115,-40,true,l,true,0
160,-40,false,l,true,0
173.278,-40,true,g,true,0
162.558,-60,false,g,true,0
151.721,-60,false,b,true,0
163.155,-40,true,l,true,0
160,-40,false,l,true,0
175.568,-40,true,g,true,0
164.997,-60,false,g,true,0
166.666,-60,false,b,true,0
177.137,-40,true,l,true,0
160,-40,false,l,true,0
207.411,-40,true,g,true,0
198.543,-60,false,g,true,0
136.535,-60,false,b,true,0
149.137,-40,true,l,true,0
160,-40,false,l,true,0
190.713,-40,true,g,true,0
181.029,-60,false,g,true,0
156.531,-60,false,b,true,0
167.637,-40,true,l,true,0
160,-40,false,l,true,0
173.611,-40,true,g,true,0
162.913,-60,false,g,true,0
153.379,-60,false,b,true,0
136.859,-60,false,b,true,0
149.434,-40,true,l,true,0
160,-40,false,l,true,0
176.834,-40,true,g,true,0
166.344,-60,false,g,true,0
156.837,-60,false,b,true,0
167.922,-40,true,l,true,0
160,-40,false,l,true,0
161.738,-40,true,g,true,0
150.197,-60,false,g,true,0
146.057,-60,false,b,true,0
157.901,-40,true,l,true,0
160,-40,false,l,true,0
165.139,-40,true,g,true,0
153.854,-60,false,g,true,0
146.175,-60,false,b,true,0
158.01,-40,true,l,true,0
160,-40,false,l,true,0
180.638,-40,true,g,true,0
170.382,-60,false,g,true,0
162.977,-60,false,b,true,0
173.671,-40,true,l,true,0
160,-40,false,l,true,0
160.832,-40,true,g,true,0
149.221,-60,false,g,true,0
135.744,-60,false,b,true,0
148.413,-40,true,l,true,0
160,-40,false,l,true,0
166.914,-40,true,g,true,0
155.757,-60,false,g,true,0
148.792,-60,false,b,true,0
160.434,-40,true,l,true,0
160,-40,false,l,true,0
178.323,-40,true,g,true,0
167.926,-60,false,g,true,0
184.123,-60,false,b,true,0
184.398,-60,false,b,true,0
193.914,-40,true,l,true,0
160,-40,false,l,true,0
203.598,-40,true,g,true,0
194.557,-60,false,g,true,0
141.448,-60,false,b,true,0
153.647,-40,true,l,true,0
160,-40,false,l,true,0
167.187,-40,true,g,true,0
156.049,-60,false,g,true,0
146.983,-60,false,b,true,0
158.758,-40,true,l,true,0
160,-40,false,l,true,0
175.49,-40,true,g,true,0
164.914,-60,false,g,true,0
159.428,-60,false,b,true,0
170.345,-40,true,l,true,0
160,-40,false,l,true,0
175.428,-40,true,g,true,0
164.849,-60,false,g,true,0
135.22,-60,false,b,true,0
147.934,-40,true,l,true,0
160,-40,false,l,true,0
177.073,-40,true,g,true,0
166.597,-60,false,g,true,0
160.061,-60,false,b,true,0
170.937,-40,true,l,true,0
160,-40,false,l,true,0
170.517,-40,true,g,true,0
159.612,-60,false,g,true,0
150.248,-60,false,b,true,0
161.785,-40,true,l,true,0
160,-40,false,l,true,0
199.717,-40,true,g,true,0
190.491,-60,false,g,true,0
147.322,-60,false,b,true,0
159.072,-40,true,l,true,0
160,-40,false,l,true,0
171.186,-40,true,g,true,0
160.327,-60,false,g,true,0
152.518,-60,false,b,true,0
163.895,-40,true,l,true,0
160,-40,false,l,true,0
201.333,-40,true,g,true,0
192.185,-60,false,g,true,0
149.311,-60,false,b,true,0
160.915,-40,true,l,true,0
160,-40,false,l,true,0
207.493,-40,true,g,true,0
198.629,-60,false,g,true,0
138.672,-60,false,b,true,0
151.096,-40,true,l,true,0
160,-40,false,l,true,0
166.988,-40,true,g,true,0
155.837,-60,false,g,true,0
148.162,-60,false,b,true,0
159.85,-40,true,l,true,0
160,-40,false,l,true,0
200.234,-40,true,g,true,0
191.033,-60,false,g,true,0
141.897,-60,false,b,true,0
154.061,-40,true,l,true,0
160,-40,false,l,true,0
192.767,-40,true,g,true,0
183.192,-60,false,g,true,0
179.094,-60,false,b,true,0
150.369,-60,false,b,true,0
161.898,-40,true,l,true,0
160,-40,false,l,true,0
174.403,-40,true,g,true,0
163.757,-60,false,g,true,0
156.228,-60,false,b,true,0
167.353,-40,true,l,true,0
160,-40,false,l,true,0
203.206,-40,true,g,true,0
194.146,-60,false,g,true,0
151.31,-60,false,b,true,0
141.31,-60,false,b,true,0
153.52,-40,true,l,true,0
160,-40,false,l,true,0
162.292,-40,true,g,true,0
150.794,-60,false,g,true,0
146.973,-60,false,b,true,0
158.749,-40,true,l,true,0
160,-40,false,l,true,0
208.509,-40,true,g,true,0
199.69,-60,false,g,true,0
138.079,-60,false,b,true,0
150.551,-40,true,l,true,0
160,-40,false,l,true,0
201.176,-40,true,g,true,0
192.021,-60,false,g,true,0
148.955,-60,false,b,true,0
135.454,-60,false,b,true,0
148.148,-40,true,l,true,0
160,-40,false,l,true,0
160.44,-40,true,g,true,0
148.798,-60,false,g,true,0
143.683,-60,false,b,true,0
155.707,-40,true,l,true,0
160,-40,false,l,true,0
167.06,-40,true,g,true,0
155.914,-60,false,g,true,0
146.406,-60,false,b,true,0
158.223,-40,true,l,true,0
160,-40,false,l,true,0
195.281,-40,true,g,true,0
185.835,-60,false,g,true,0
136.703,-60,false,b,true,0
149.29,-40,true,l,true,0
160,-40,false,l,true,0
202.604,-40,true,g,true,0
193.516,-60,false,g,true,0
150.754,-60,false,b,true,0
162.255,-40,true,l,true,0
160,-40,false,l,true,0
173.451,-40,true,g,true,0
162.743,-60,false,g,true,0
151.839,-60,false,b,true,0
163.264,-40,true,l,true,0
160,-40,false,l,true,0
175.992,-40,true,g,true,0
165.449,-60,false,g,true,0
155.44,-60,false,b,true,0
166.618,-40,true,l,true,0
160,-40,false,l,true,0
160.84,-40,true,g,true,0
149.229,-60,false,g,true,0
144.58,-60,false,b,true,0
156.536,-40,true,l,true,0
160,-40,false,l,true,0
167.635,-40,true,g,true,0
156.529,-60,false,g,true,0
149.427,-60,false,b,true,0
161.023,-40,true,l,true,0
160,-40,false,l,true,0
182.036,-40,true,g,true,0
171.863,-60,false,g,true,0
164.625,-60,false,b,true,0
175.218,-40,true,l,true,0
160,-40,false,l,true,0
177.081,-40,true,g,true,0
166.607,-60,false,g,true,0
157.149,-60,false,b,true,0
168.213,-40,true,l,true,0
160,-40,false,l,true,0
170.214,-40,true,g,true,0
159.288,-60,false,g,true,0
148.113,-60,false,b,true,0
159.804,-40,true,l,true,0
160,-40,false,l,true,0
197.609,-40,true,g,true,0
188.28,-60,false,g,true,0
154.162,-60,false,b,true,0
165.427,-40,true,l,true,0
160,-40,false,l,true,0
164.247,-40,true,g,true,0
152.896,-60,false,g,true,0
144.019,-60,false,b,true,0
156.018,-40,true,l,true,0
160,-40,false,l,true,0
167.147,-40,true,g,true,0
156.007,-60,false,g,true,0
150.97,-60,false,b,true,0
162.456,-40,true,l,true,0
160,-40,false,l,true,0
170.976,-40,true,g,true,0
160.102,-60,false,g,true,0
150.101,-60,false,b,true,0
161.649,-40,true,l,true,0
160,-40,false,l,true,0
190.929,-40,true,g,true,0
181.257,-60,false,g,true,0
137.053,-60,false,b,true,0
149.611,-40,true,l,true,0
160,-40,false,l,true,0
171.725,-40,true,g,true,0
160.902,-60,false,g,true,0
151.012,-60,false,b,true,0
162.495,-40,true,l,true,0
160,-40,false,l,true,0
170.48,-40,true,g,true,0
159.573,-60,false,g,true,0
153.421,-60,false,b,true,0
164.736,-40,true,l,true,0
160,-40,false,l,true,0
173.91,-40,true,g,true,0
163.232,-60,false,g,true,0
153.25,-60,false,b,true,0
164.577,-40,true,l,true,0
160,-40,false,l,true,0
180.971,-40,true,g,true,0
170.735,-60,false,g,true,0
163.274,-60,false,b,true,0
173.95,-40,true,l,true,0
160,-40,false,l,true,0
158.705,-40,true,g,true,0
146.926,-60,false,g,true,0
140.503,-60,false,b,true,0
152.777,-40,true,l,true,0
160,-40,false,l,true,0
179.204,-40,true,g,true,0
168.861,-60,false,g,true,0
160.65,-60,false,b,true,0
171.489,-40,true,l,true,0
160,-40,false,l,true,0
202.049,-40,true,g,true,0
192.935,-60,false,g,true,0
138.651,-60,false,b,true,0
151.077,-40,true,l,true,0
160,-40,false,l,true,0
176.718,-40,true,g,true,0
166.22,-60,false,g,true,0
159.694,-60,false,b,true,0
170.594,-40,true,l,true,0
160,-40,false,l,true,0
178.07,-40,true,g,true,0
167.657,-60,false,g,true,0
159.365,-60,false,b,true,0
170.285,-40,true,l,true,0
160,-40,false,l,true,0
172.003,-40,true,g,true,0
161.199,-60,false,g,true,0
154.446,-60,false,b,true,0
165.691,-40,true,l,true,0
160,-40,false,l,true,0
199.45,-40,true,g,true,0
190.211,-60,false,g,true,0
136.11,-60,false,b,true,0
148.748,-40,true,l,true,0
160,-40,false,l,true,0
171.215,-40,true,g,true,0
160.358,-60,false,g,true,0
150.295,-60,false,b,true,0
161.829,-40,true,l,true,0
160,-40,false,l,true,0
201.274,-40,true,g,true,0
192.123,-60,false,g,true,0
148.737,-60,false,b,true,0
160.383,-40,true,l,true,0
160,-40,false,l,true,0
179.021,-40,true,g,true,0
168.667,-60,false,g,true,0
158.644,-60,false,b,true,0
169.611,-40,true,l,true,0
160,-40,false,l,true,0
199.538,-40,true,g,true,0
190.303,-60,false,g,true,0
141.171,-60,false,b,true,0
153.392,-40,true,l,true,0
160,-40,false,l,true,0
166.565,-40,true,g,true,0
155.383,-60,false,g,true,0
150.549,-60,false,b,true,0
162.065,-40,true,l,true,0
160,-40,false,l,true,0
203.6,-40,true,g,true,0
194.558,-60,false,g,true,0
156.543,-60,false,b,true,0
167.647,-40,true,l,true,0
160,-40,false,l,true,0
172.431,-40,true,g,true,0
161.655,-60,false,g,true,0
155.589,-60,false,b,true,0
166.758,-40,true,l,true,0
160,-40,false,l,true,0
160.013,-40,true,g,true,0
148.338,-60,false,g,true,0
139.462,-60,false,b,true,0
151.822,-40,true,l,true,0
160,-40,false,l,true,0
179.026,-40,true,g,true,0
168.672,-60,false,g,true,0
159.823,-60,false,b,true,0
170.714,-40,true,l,true,0
160,-40,false,l,true,0
173.31,-40,true,g,true,0
162.593,-60,false,g,true,0
158.895,-60,false,b,true,0
169.845,-40,true,l,true,0
160,-40,false,l,true,0
197.559,-40,true,g,true,0
188.228,-60,false,g,true,0
135.116,-60,false,b,true,0
147.839,-40,true,l,true,0
160,-40,false,l,true,0
160,-60,false,f,true,1
148.081,-60,false,b,true,1
159.774,-40,true,l,true,1
160,-40,false,l,true,1
168.383,-40,true,g,true,1
157.33,-60,false,g,true,1
148.681,-60,false,b,true,1
160.331,-40,true,l,true,1
160,-40,false,l,true,1
160.547,-40,true,g,true,1
148.914,-60,false,g,true,1
141.014,-60,false,b,true,1
153.248,-40,true,l,true,1
160,-40,false,l,true,1
197.354,-40,true,g,true,1
188.012,-60,false,g,true,1
185.992,-60,false,b,true,1
155.711,-60,false,b,true,1
179.371,-60,false,b,true,1
189.14,-40,true,l,true,1
160,-40,false,l,true,1
194.94,-40,true,g,true,1
185.477,-60,false,g,true,1
136.251,-60,false,b,true,1
141.561,-60,false,b,true,1
153.752,-40,true,l,true,1
160,-40,false,l,true,1
159.508,-40,true,g,true,1
147.793,-60,false,g,true,1
139.989,-60,false,b,true,1
152.306,-40,true,l,true,1
160,-40,false,l,true,1
157.594,-40,true,g,true,1
145.725,-60,false,g,true,1
138.358,-60,false,b,true,1
150.807,-40,true,l,true,1
160,-40,false,l,true,1
205.619,-40,true,g,true,1
196.67,-60,false,g,true,1
161.247,-60,false,b,true,1
162.209,-60,false,b,true,1
135.131,-60,false,b,true,1
147.852,-40,true,l,true,1
160,-40,false,l,true,1
170.605,-40,true,g,true,1
159.706,-60,false,g,true,1
148.832,-60,false,b,true,1
193.829,-60,false,b,true,1
198.326,-60,false,b,true,1
207.203,-40,true,l,true,1
160,-40,false,l,true,1
158.015,-40,true,g,true,1
146.181,-60,false,g,true,1
139.795,-60,false,b,true,1
152.127,-40,true,l,true,1
160,-40,false,l,true,1
161.922,-40,true,g,true,1
150.395,-60,false,g,true,1
149.475,-60,false,b,true,1
169.15,-60,false,b,true,1
198.333,-60,false,b,true,1
161.56,-60,false,b,true,1
172.342,-40,true,l,true,1
160,-40,false,l,true,1
204.998,-40,true,g,true,1
196.021,-60,false,g,true,1
192.474,-60,false,b,true,1
148.727,-60,false,b,true,1
160.374,-40,true,l,true,1
160,-40,false,l,true,1
208.801,-40,true,g,true,1
199.994,-60,false,g,true,1
147.353,-60,false,b,true,1
168.074,-60,false,b,true,1
163.383,-60,false,b,true,1
174.051,-40,true,l,true,1
160,-40,false,l,true,1
204.724,-40,true,g,true,1
195.734,-60,false,g,true,1
146.787,-60,false,b,true,1
158.576,-40,true,l,true,1
160,-40,false,l,true,1
171.096,-40,true,g,true,1
160.23,-60,false,g,true,1
149.551,-60,false,b,true,1
161.138,-40,true,l,true,1
160,-40,false,l,true,1
204.728,-40,true,g,true,1
195.738,-60,false,g,true,1
160.101,-60,false,b,true,1
170.974,-40,true,l,true,1
160,-40,false,l,true,1
175.567,-40,true,g,true,1
164.996,-60,false,g,true,1
158.545,-60,false,b,true,1
169.518,-40,true,l,true,1
160,-40,false,l,true,1
187.663,-40,true,g,true,1
177.812,-60,false,g,true,1
168.016,-60,false,b,true,1
168.136,-60,false,b,true,1
163.96,-60,false,b,true,1
139.743,-60,false,b,true,1
152.08,-40,true,l,true,1
160,-40,false,l,true,1
167.103,-40,true,g,true,1
155.96,-60,false,g,true,1
150.219,-60,false,b,true,1
161.759,-40,true,l,true,1
160,-40,false,l,true,1
156.453,-40,true,g,true,1
144.491,-60,false,g,true,1
146.63,-60,false,b,true,1
188.335,-60,false,b,true,1
197.661,-40,true,l,true,1
160,-40,false,l,true,1
202.402,-40,true,g,true,1
193.304,-60,false,g,true,1
192.343,-60,false,b,true,1
162.262,-60,false,b,true,1
186.551,-60,false,b,true,1
184.213,-60,false,b,true,1
193.738,-40,true,l,true,1
160,-40,false,l,true,1
161.625,-40,true,g,true,1
150.075,-60,false,g,true,1
146.391,-60,false,b,true,1
158.209,-40,true,l,true,1
160,-40,false,l,true,1
163.494,-40,true,g,true,1
152.087,-60,false,g,true,1
142.503,-60,false,b,true,1
154.619,-40,true,l,true,1
160,-40,false,l,true,1
187.769,-40,true,g,true,1
177.925,-60,false,g,true,1
142.214,-60,false,b,true,1
154.353,-40,true,l,true,1
160,-40,false,l,true,1
157.912,-40,true,g,true,1
146.069,-60,false,g,true,1
147.843,-60,false,b,true,1
159.554,-40,true,l,true,1
160,-40,false,l,true,1
182.903,-40,true,g,true,1
172.781,-60,false,g,true,1
137.051,-60,false,b,true,1
149.609,-40,true,l,true,1
160,-40,false,l,true,1
166.784,-40,true,g,true,1
155.617,-60,false,g,true,1
137.804,-60,false,b,true,1
180.417,-60,false,b,true,1
190.133,-40,true,l,true,1
160,-40,false,l,true,1
179.531,-40,true,g,true,1
169.209,-60,false,g,true,1
148.902,-60,false,b,true,1
160.536,-40,true,l,true,1
160,-40,false,l,true,1
168.418,-40,true,g,true,1
157.368,-60,false,g,true,1
150.264,-60,false,b,true,1
161.8,-40,true,l,true,1
160,-40,false,l,true,1
169.73,-40,true,g,true,1
158.771,-60,false,g,true,1
155.144,-60,false,b,true,1
168.561,-60,false,b,true,1
159.793,-60,false,b,true,1
170.687,-40,true,l,true,1
160,-40,false,l,true,1
175.063,-40,true,g,true,1
164.46,-60,false,g,true,1
158.061,-60,false,b,true,1
169.066,-40,true,l,true,1
160,-40,false,l,true,1
163.277,-40,true,g,true,1
151.853,-60,false,g,true,1
146.549,-60,false,b,true,1
158.356,-40,true,l,true,1
160,-40,false,l,true,1
190.063,-40,true,g,true,1
180.344,-60,false,g,true,1
152.811,-60,false,b,true,1
164.168,-40,true,l,true,1
160,-40,false,l,true,1
177.941,-40,true,g,true,1
167.521,-60,false,g,true,1
161.774,-60,false,b,true,1
172.542,-40,true,l,true,1
160,-40,false,l,true,1
201.242,-40,true,g,true,1
192.089,-60,false,g,true,1
156.439,-60,false,b,true,1
168.443,-60,false,b,true,1
176.882,-60,false,b,true,1
186.781,-40,true,l,true,1
160,-40,false,l,true,1
172.601,-40,true,g,true,1
161.836,-60,false,g,true,1
156.287,-60,false,b,true,1
167.409,-40,true,l,true,1
160,-40,false,l,true,1
155.068,-40,true,g,true,1
142.989,-60,false,g,true,1
137.437,-60,false,b,true,1
149.963,-40,true,l,true,1
160,-40,false,l,true,1
201.757,-40,true,g,true,1
192.629,-60,false,g,true,1
190.045,-60,false,b,true,1
160.843,-60,false,b,true,1
149.057,-60,false,b,true,1
160.68,-40,true,l,true,1
160,-40,false,l,true,1
160.298,-40,true,g,true,1
148.646,-60,false,g,true,1
141.661,-60,false,b,true,1
153.843,-40,true,l,true,1
160,-40,false,l,true,1
182.46,-40,true,g,true,1
172.313,-60,false,g,true,1
144.386,-60,false,b,true,1
156.357,-40,true,l,true,1
160,-40,false,l,true,1
162.011,-40,true,g,true,1
150.491,-60,false,g,true,1
142.62,-60,false,b,true,1
154.727,-40,true,l,true,1
160,-40,false,l,true,1
184.681,-40,true,g,true,1
174.663,-60,false,g,true,1
142.968,-60,false,b,true,1
155.048,-40,true,l,true,1
160,-40,false,l,true,1
163.963,-40,true,g,true,1
152.591,-60,false,g,true,1
150.15,-60,false,b,true,1
171.598,-60,false,b,true,1
138.161,-60,false,b,true,1
150.627,-40,true,l,true,1
160,-40,false,l,true,1
159.675,-40,true,g,true,1
147.973,-60,false,g,true,1
144.447,-60,false,b,true,1
183.868,-60,false,b,true,1
193.41,-40,true,l,true,1
160,-40,false,l,true,1
198.662,-40,true,g,true,1
189.385,-60,false,g,true,1
139.313,-60,false,b,true,1
151.684,-40,true,l,true,1
160,-40,false,l,true,1
197.665,-40,true,g,true,1
188.339,-60,false,g,true,1
160.666,-60,false,b,true,1
166.541,-60,false,b,true,1
177.02,-40,true,l,true,1
160,-40,false,l,true,1
172.573,-40,true,g,true,1
161.807,-60,false,g,true,1
195.562,-60,false,b,true,1
204.559,-40,true,l,true,1
160,-40,false,l,true,1
163.024,-40,true,g,true,1
151.581,-60,false,g,true,1
143.535,-60,false,b,true,1
155.571,-40,true,l,true,1
160,-40,false,l,true,1
155.569,-40,true,g,true,1
143.533,-60,false,g,true,1
170.454,-60,false,b,true,1
180.706,-40,true,l,true,1
160,-40,false,l,true,1
183.924,-40,true,g,true,1
173.862,-60,false,g,true,1
170.897,-60,false,b,true,1
170.45,-60,false,b,true,1
180.702,-40,true,l,true,1
160,-40,false,l,true,1
159.577,-40,true,g,true,1
147.867,-60,false,g,true,1
141.155,-60,false,b,true,1
153.378,-40,true,l,true,1
160,-40,false,l,true,1
189.418,-40,true,g,true,1
179.665,-60,false,g,true,1
143.896,-60,false,b,true,1
155.904,-40,true,l,true,1
160,-40,false,l,true,1
162.834,-40,true,g,true,1
151.377,-60,false,g,true,1
142.849,-60,false,b,true,1
154.939,-40,true,l,true,1
160,-40,false,l,true,1
186.036,-40,true,g,true,1
176.095,-60,false,g,true,1
172.975,-60,false,b,true,1
183.086,-40,true,l,true,1
160,-40,false,l,true,1
163.336,-40,true,g,true,1
151.916,-60,false,g,true,1
144.996,-60,false,b,true,1
156.919,-40,true,l,true,1
160,-40,false,l,true,1
198.53,-40,true,g,true,1
189.247,-60,false,g,true,1
160.886,-60,false,b,true,1
171.71,-40,true,l,true,1
160,-40,false,l,true,1
160.577,-40,true,g,true,1
148.946,-60,false,g,true,1
140.889,-60,false,b,true,1
153.133,-40,true,l,true,1
160,-40,false,l,true,1
158.668,-40,true,g,true,1
146.887,-60,false,g,true,1
139.173,-60,false,b,true,1
151.556,-40,true,l,true,1
160,-40,false,l,true,1
166.646,-40,true,g,true,1
155.469,-60,false,g,true,1
146.862,-60,false,b,true,1
158.645,-40,true,l,true,1
160,-40,false,l,true,1
168.445,-40,true,g,true,1
157.396,-60,false,g,true,1
144.86,-60,false,b,true,1
156.794,-40,true,l,true,1
160,-40,false,l,true,1
156.858,-40,true,g,true,1
144.929,-60,false,g,true,1
136.55,-60,false,b,true,1
149.15,-40,true,l,true,1
160,-40,false,l,true,1
189.761,-40,true,g,true,1
180.026,-60,false,g,true,1
176.236,-60,false,b,true,1
139.189,-60,false,b,true,1
176.481,-60,false,b,true,1
180.168,-60,false,b,true,1
189.896,-40,true,l,true,1
160,-40,false,l,true,1
164.874,-40,true,g,true,1
153.569,-60,false,g,true,1
144.262,-60,false,b,true,1
143.68,-60,false,b,true,1
155.704,-40,true,l,true,1
160,-40,false,l,true,1
185.768,-40,true,g,true,1
175.812,-60,false,g,true,1
140.547,-60,false,b,true,1
152.819,-40,true,l,true,1
160,-40,false,l,true,1
162.993,-40,true,g,true,1
151.547,-60,false,g,true,1
142.85,-60,false,b,true,1
154.939,-40,true,l,true,1
160,-40,false,l,true,1
194.145,-40,true,g,true,1
184.64,-60,false,g,true,1
145.051,-60,false,b,true,1
156.971,-40,true,l,true,1
160,-40,false,l,true,1
178.913,-40,true,g,true,1
168.552,-60,false,g,true,1
161.746,-60,false,b,true,1
172.516,-40,true,l,true,1
160,-40,false,l,true,1
196.382,-40,true,g,true,1
186.991,-60,false,g,true,1
154.805,-60,false,b,true,1
166.025,-40,true,l,true,1
160,-40,false,l,true,1
155.35,-40,true,g,true,1
143.296,-60,false,g,true,1
136.685,-60,false,b,true,1
149.274,-40,true,l,true,1
160,-40,false,l,true,1
158.921,-40,true,g,true,1
147.159,-60,false,g,true,1
143.907,-60,false,b,true,1
155.914,-40,true,l,true,1
160,-40,false,l,true,1
172.529,-40,true,g,true,1
161.759,-60,false,g,true,1
154.816,-60,false,b,true,1
166.036,-40,true,l,true,1
160,-40,false,l,true,1
150.476,-40,true,g,true,1
137.997,-60,false,g,true,1
138.615,-60,false,b,true,1
151.044,-40,true,l,true,1
160,-40,false,l,true,1
170.541,-40,true,g,true,1
159.638,-60,false,g,true,1
151.771,-60,false,b,true,1
163.201,-40,true,l,true,1
160,-40,false,l,true,1
163.527,-40,true,g,true,1
152.122,-60,false,g,true,1
144.74,-60,false,b,true,1
156.683,-40,true,l,true,1
160,-40,false,l,true,1
161.306,-40,true,g,true,1
149.732,-60,false,g,true,1
181.311,-60,false,b,true,1
190.981,-40,true,l,true,1
160,-40,false,l,true,1
163.196,-40,true,g,true,1
151.766,-60,false,g,true,1
143.495,-60,false,b,true,1
155.534,-40,true,l,true,1
160,-40,false,l,true,1
159.65,-40,true,g,true,1
147.946,-60,false,g,true,1
140.23,-60,false,b,true,1
152.527,-40,true,l,true,1
160,-40,false,l,true,1
182.924,-40,true,g,true,1
172.804,-60,false,g,true,1
178.419,-60,false,b,true,1
188.238,-40,true,l,true,1
160,-40,false,l,true,1
169.41,-40,true,g,true,1
158.429,-60,false,g,true,1
151.131,-60,false,b,true,1
162.605,-40,true,l,true,1
160,-40,false,l,true,1
163.587,-40,true,g,true,1
152.186,-60,false,g,true,1
141.192,-60,false,b,true,1
153.412,-40,true,l,true,1
160,-40,false,l,true,1
165.464,-40,true,g,true,1
154.202,-60,false,g,true,1
156.352,-60,false,b,true,1
148.837,-60,false,b,true,1
160.475,-40,true,l,true,1
160,-40,false,l,true,1
192.026,-40,true,g,true,1
182.411,-60,false,g,true,1
146.715,-60,false,b,true,1
158.509,-40,true,l,true,1
160,-40,false,l,true,1
198.141,-40,true,g,true,1
188.839,-60,false,g,true,1
149.531,-60,false,b,true,1
161.12,-40,true,l,true,1
160,-40,false,l,true,1
201.262,-40,true,g,true,1
192.11,-60,false,g,true,1
187.766,-60,false,b,true,1
197.119,-40,true,l,true,1
160,-40,false,l,true,1
171.334,-40,true,g,true,1
160.485,-60,false,g,true,1
153.834,-60,false,b,true,1
165.121,-40,true,l,true,1
160,-40,false,l,true,1
170.257,-40,true,g,true,1
159.335,-60,false,g,true,1
151.264,-60,false,b,true,1
162.729,-40,true,l,true,1
160,-40,false,l,true,1
167.041,-40,true,g,true,1
155.893,-60,false,g,true,1
138.695,-60,false,b,true,1
160,-60,false,f,true,2
197.667,-60,false,b,true,2
206.572,-40,true,l,true,2
160,-40,false,l,true,2
149.168,-40,true,g,true,2
136.569,-60,false,g,true,2
184.197,-60,false,b,true,2
193.723,-40,true,l,true,2
160,-40,false,l,true,2
167.431,-40,true,g,true,2
156.311,-60,false,g,true,2
170.04,-60,false,b,true,2
180.315,-40,true,l,true,2
160,-40,false,l,true,2
205.928,-40,true,g,true,2
196.993,-60,false,g,true,2
195.287,-60,false,b,true,2
204.296,-40,true,l,true,2
160,-40,false,l,true,2
168.003,-40,true,g,true,2
156.923,-60,false,g,true,2
159.371,-60,false,b,true,2
186.951,-60,false,b,true,2
196.344,-40,true,l,true,2
160,-40,false,l,true,2
148.155,-40,true,g,true,2
135.462,-60,false,g,true,2
183.205,-60,false,b,true,2
192.78,-40,true,l,true,2
160,-40,false,l,true,2
174.56,-40,true,g,true,2
163.924,-60,false,g,true,2
197.874,-60,false,b,true,2
206.77,-40,true,l,true,2
160,-40,false,l,true,2
165.675,-40,true,g,true,2
154.429,-60,false,g,true,2
198.276,-60,false,b,true,2
207.155,-40,true,l,true,2
160,-40,false,l,true,2
191.532,-40,true,g,true,2
181.891,-60,false,g,true,2
196.562,-60,false,b,true,2
198.444,-60,false,b,true,2
207.316,-40,true,l,true,2
160,-40,false,l,true,2
177.231,-40,true,g,true,2
166.765,-60,false,g,true,2
199.853,-60,false,b,true,2
208.665,-40,true,l,true,2
160,-40,false,l,true,2
169.89,-40,true,g,true,2
158.942,-60,false,g,true,2
199.154,-60,false,b,true,2
207.996,-40,true,l,true,2
160,-40,false,l,true,2
148.419,-40,true,g,true,2
135.751,-60,false,g,true,2
186.185,-60,false,b,true,2
195.614,-40,true,l,true,2
160,-40,false,l,true,2
157.098,-40,true,g,true,2
145.188,-60,false,g,true,2
194.964,-60,false,b,true,2
203.988,-40,true,l,true,2
160,-40,false,l,true,2
162.689,-40,true,g,true,2
151.221,-60,false,g,true,2
197.966,-60,false,b,true,2
206.859,-40,true,l,true,2
160,-40,false,l,true,2
171.959,-40,true,g,true,2
161.152,-60,false,g,true,2
192.016,-60,false,b,true,2
201.172,-40,true,l,true,2
160,-40,false,l,true,2
172.987,-40,true,g,true,2
162.248,-60,false,g,true,2
162.941,-60,false,b,true,2
173.637,-40,true,l,true,2
160,-40,false,l,true,2
166.505,-40,true,g,true,2
155.319,-60,false,g,true,2
188.312,-60,false,b,true,2
198.241,-60,false,b,true,2
207.122,-40,true,l,true,2
160,-40,false,l,true,2
157.325,-40,true,g,true,2
145.434,-60,false,g,true,2
195.828,-60,false,b,true,2
204.814,-40,true,l,true,2
160,-40,false,l,true,2
166.752,-40,true,g,true,2
155.584,-60,false,g,true,2
196.552,-60,false,b,true,2
205.506,-40,true,l,true,2
160,-40,false,l,true,2
159.975,-40,true,g,true,2
148.297,-60,false,g,true,2
196.347,-60,false,b,true,2
205.31,-40,true,l,true,2
160,-40,false,l,true,2
175.528,-40,true,g,true,2
164.955,-60,false,g,true,2
197.769,-60,false,b,true,2
206.671,-40,true,l,true,2
160,-40,false,l,true,2
171.489,-40,true,g,true,2
160.65,-60,false,g,true,2
155.76,-60,false,b,true,2
166.917,-40,true,l,true,2
160,-40,false,l,true,2
204.162,-40,true,g,true,2
195.147,-60,false,g,true,2
194.252,-60,false,b,true,2
203.308,-40,true,l,true,2
160,-40,false,l,true,2
148.825,-40,true,g,true,2
136.195,-60,false,g,true,2
188.739,-60,false,b,true,2
198.047,-40,true,l,true,2
160,-40,false,l,true,2
149.201,-40,true,g,true,2
136.605,-60,false,g,true,2
156.242,-60,false,b,true,2
167.367,-40,true,l,true,2
160,-40,false,l,true,2
193.422,-40,true,g,true,2
183.881,-60,false,g,true,2
184.104,-60,false,b,true,2
193.635,-40,true,l,true,2
160,-40,false,l,true,2
147.915,-40,true,g,true,2
135.2,-60,false,g,true,2
183.081,-60,false,b,true,2
192.662,-40,true,l,true,2
160,-40,false,l,true,2
194.683,-40,true,g,true,2
185.207,-60,false,g,true,2
184.54,-60,false,b,true,2
194.049,-40,true,l,true,2
160,-40,false,l,true,2
151.534,-40,true,g,true,2
139.149,-60,false,g,true,2
191.699,-60,false,b,true,2
200.869,-40,true,l,true,2
160,-40,false,l,true,2
192.55,-40,true,g,true,2
182.963,-60,false,g,true,2
180.456,-60,false,b,true,2
170.481,-60,false,b,true,2
180.731,-40,true,l,true,2
160,-40,false,l,true,2
167.667,-40,true,g,true,2
156.563,-60,false,g,true,2
195.854,-60,false,b,true,2
204.838,-40,true,l,true,2
160,-40,false,l,true,2
191.773,-40,true,g,true,2
182.145,-60,false,g,true,2
179.976,-60,false,b,true,2
189.714,-40,true,l,true,2
160,-40,false,l,true,2
159.38,-40,true,g,true,2
147.655,-60,false,g,true,2
147.06,-60,false,b,true,2
158.829,-40,true,l,true,2
160,-40,false,l,true,2
157.15,-40,true,g,true,2
145.245,-60,false,g,true,2
192.882,-60,false,b,true,2
201.998,-40,true,l,true,2
160,-40,false,l,true,2
150.664,-40,true,g,true,2
138.201,-60,false,g,true,2
185.649,-60,false,b,true,2
195.104,-40,true,l,true,2
160,-40,false,l,true,2
163.811,-40,true,g,true,2
152.427,-60,false,g,true,2
199.863,-60,false,b,true,2
208.675,-40,true,l,true,2
160,-40,false,l,true,2
202.573,-40,true,g,true,2
193.483,-60,false,g,true,2
191.199,-60,false,b,true,2
195.977,-60,false,b,true,2
204.956,-40,true,l,true,2
160,-40,false,l,true,2
197.865,-40,true,g,true,2
188.548,-60,false,g,true,2
185.906,-60,false,b,true,2
195.349,-40,true,l,true,2
160,-40,false,l,true,2
152.802,-40,true,g,true,2
140.529,-60,false,g,true,2
176.644,-60,false,b,true,2
193.58,-60,false,b,true,2
202.665,-40,true,l,true,2
160,-40,false,l,true,2
182.844,-40,true,g,true,2
172.72,-60,false,g,true,2
197.481,-60,false,b,true,2
206.395,-40,true,l,true,2
160,-40,false,l,true,2
148.1,-40,true,g,true,2
135.401,-60,false,g,true,2
199.98,-60,false,b,true,2
208.787,-40,true,l,true,2
160,-40,false,l,true,2
201.304,-40,true,g,true,2
192.154,-60,false,g,true,2
188.36,-60,false,b,true,2
197.685,-40,true,l,true,2
160,-40,false,l,true,2
163.617,-40,true,g,true,2
152.219,-60,false,g,true,2
197.091,-60,false,b,true,2
206.022,-40,true,l,true,2
160,-40,false,l,true,2
179.517,-40,true,g,true,2
169.193,-60,false,g,true,2
198.781,-60,false,b,true,2
207.639,-40,true,l,true,2
160,-40,false,l,true,2
150.318,-40,true,g,true,2
137.825,-60,false,g,true,2
197.555,-60,false,b,true,2
206.465,-40,true,l,true,2
160,-40,false,l,true,2
158.559,-40,true,g,true,2
146.769,-60,false,g,true,2
199.929,-60,false,b,true,2
208.739,-40,true,l,true,2
160,-40,false,l,true,2
154.187,-40,true,g,true,2
142.034,-60,false,g,true,2
196.859,-60,false,b,true,2
205.799,-40,true,l,true,2
160,-40,false,l,true,2
158.743,-40,true,g,true,2
146.967,-60,false,g,true,2
199.929,-60,false,b,true,2
208.739,-40,true,l,true,2
160,-40,false,l,true,2
168.035,-40,true,g,true,2
156.958,-60,false,g,true,2
183.351,-60,false,b,true,2
192.919,-40,true,l,true,2
160,-40,false,l,true,2
199.986,-40,true,g,true,2
190.773,-60,false,g,true,2
187.914,-60,false,b,true,2
197.261,-40,true,l,true,2
160,-40,false,l,true,2
164.241,-40,true,g,true,2
152.889,-60,false,g,true,2
184.837,-60,false,b,true,2
194.332,-40,true,l,true,2
160,-40,false,l,true,2
170.052,-40,true,g,true,2
159.115,-60,false,g,true,2
148.901,-60,false,b,true,2
197.207,-60,false,b,true,2
206.133,-40,true,l,true,2
160,-40,false,l,true,2
202.854,-40,true,g,true,2
193.778,-60,false,g,true,2
189.935,-60,false,b,true,2
199.186,-40,true,l,true,2
160,-40,false,l,true,2
193.653,-40,true,g,true,2
184.124,-60,false,g,true,2
192.461,-60,false,b,true,2
201.597,-40,true,l,true,2
160,-40,false,l,true,2
151.608,-40,true,g,true,2
139.23,-60,false,g,true,2
186.655,-60,false,b,true,2
196.062,-40,true,l,true,2
160,-40,false,l,true,2
169.225,-40,true,g,true,2
158.231,-60,false,g,true,2
199.998,-60,false,b,true,2
208.804,-40,true,l,true,2
160,-40,false,l,true,2
158.139,-40,true,g,true,2
146.315,-60,false,g,true,2
199.342,-60,false,b,true,2
208.176,-40,true,l,true,2
160,-40,false,l,true,2
148.117,-40,true,g,true,2
135.42,-60,false,g,true,2
182.853,-60,false,b,true,2
192.445,-40,true,l,true,2
160,-40,false,l,true,2
149.889,-40,true,g,true,2
137.357,-60,false,g,true,2
187.542,-60,false,b,true,2
196.906,-40,true,l,true,2
160,-40,false,l,true,2
196.453,-40,true,g,true,2
187.066,-60,false,g,true,2
184.7,-60,false,b,true,2
194.201,-40,true,l,true,2
160,-40,false,l,true,2
158.491,-40,true,g,true,2
146.695,-60,false,g,true,2
199.529,-60,false,b,true,2
208.355,-40,true,l,true,2
160,-40,false,l,true,2
152.149,-40,true,g,true,2
139.818,-60,false,g,true,2
187.879,-60,false,b,true,2
197.227,-40,true,l,true,2
160,-40,false,l,true,2
155.626,-40,true,g,true,2
143.594,-60,false,g,true,2
191.278,-60,false,b,true,2
200.467,-40,true,l,true,2
160,-40,false,l,true,2
149.152,-40,true,g,true,2
136.552,-60,false,g,true,2
184.047,-60,false,b,true,2
193.58,-40,true,l,true,2
160,-40,false,l,true,2
175.545,-40,true,g,true,2
164.973,-60,false,g,true,2
198.766,-60,false,b,true,2
207.625,-40,true,l,true,2
160,-40,false,l,true,2
185.153,-40,true,g,true,2
175.162,-60,false,g,true,2
199.545,-60,false,b,true,2
208.37,-40,true,l,true,2
160,-40,false,l,true,2
157.425,-40,true,g,true,2
145.542,-60,false,g,true,2
193.132,-60,false,b,true,2
202.238,-40,true,l,true,2
160,-40,false,l,true,2
168.191,-40,true,g,true,2
157.124,-60,false,g,true,2
196.496,-60,false,b,true,2
205.452,-40,true,l,true,2
160,-40,false,l,true,2
178.458,-40,true,g,true,2
168.069,-60,false,g,true,2
197.458,-60,false,b,true,2
206.372,-40,true,l,true,2
160,-40,false,l,true,2
208.484,-40,true,g,true,2
199.664,-60,false,g,true,2
196.402,-60,false,b,true,2
205.362,-40,true,l,true,2
160,-40,false,l,true,2
166.512,-40,true,g,true,2
155.326,-60,false,g,true,2
180.982,-60,false,b,true,2
190.669,-40,true,l,true,2
160,-40,false,l,true,2
199.913,-40,true,g,true,2
190.697,-60,false,g,true,2
187.909,-60,false,b,true,2
197.255,-40,true,l,true,2
160,-40,false,l,true,2
171.255,-40,true,g,true,2
160.4,-60,false,g,true,2
196.309,-60,false,b,true,2
205.274,-40,true,l,true,2
160,-40,false,l,true,2
170.547,-40,true,g,true,2
159.645,-60,false,g,true,2
185.187,-60,false,b,true,2
194.664,-40,true,l,true,2
160,-40,false,l,true,2
152.646,-40,true,g,true,2
140.36,-60,false,g,true,2
189.197,-60,false,b,true,2
198.483,-40,true,l,true,2
160,-40,false,l,true,2
171.177,-40,true,g,true,2
160.317,-60,false,g,true,2
196.363,-60,false,b,true,2
205.325,-40,true,l,true,2
160,-40,false,l,true,2
154.111,-40,true,g,true,2
141.951,-60,false,g,true,2
190.186,-60,false,b,true,2
199.426,-40,true,l,true,2
160,-40,false,l,true,2
164.835,-40,true,g,true,2
153.527,-60,false,g,true,2
197.201,-60,false,b,true,2
206.126,-40,true,l,true,2
160,-40,false,l,true,2
170.056,-40,true,g,true,2
159.119,-60,false,g,true,2
198.455,-60,false,b,true,2
207.327,-40,true,l,true,2
160,-40,false,l,true,2
161.264,-40,true,g,true,2
149.687,-60,false,g,true,2
197.181,-60,false,b,true,2
206.107,-40,true,l,true,2
160,-40,false,l,true,2
200.927,-40,true,g,true,2
191.76,-60,false,g,true,2
187.714,-60,false,b,true,2
197.07,-40,true,l,true,2
160,-40,false,l,true,2
156.416,-40,true,g,true,2
144.451,-60,false,g,true,2
199.984,-60,false,b,true,2
208.791,-40,true,l,true,2
160,-40,false,l,true,2
164.204,-40,true,g,true,2
152.85,-60,false,g,true,2
197.043,-60,false,b,true,2
205.975,-40,true,l,true,2
160,-40,false,l,true,2
169.931,-40,true,g,true,2
158.986,-60,false,g,true,2
199.436,-60,false,b,true,2
208.266,-40,true,l,true,2
160,-40,false,l,true,2
197.833,-40,true,g,true,2
188.515,-60,false,g,true,2
185.332,-60,false,b,true,2
194.802,-40,true,l,true,2
160,-40,false,l,true,2
171.187,-40,true,g,true,2
160.328,-60,false,g,true,2
199.843,-60,false,b,true,2
208.655,-40,true,l,true,2
160,-40,false,l,true,2
156.94,-40,true,g,true,2
145.018,-60,false,g,true,2
198.129,-60,false,b,true,2
207.015,-40,true,l,true,2
160,-40,false,l,true,2
157.898,-40,true,g,true,2
146.054,-60,false,g,true,2
192.953,-60,false,b,true,2
202.066,-40,true,l,true,2
160,-40,false,l,true,2
196.47,-40,true,g,true,2
187.084,-60,false,g,true,2
183.527,-60,false,b,true,2
198.603,-60,false,b,true,2
207.468,-40,true,l,true,2
160,-40,false,l,true,2
201.269,-40,true,g,true,2
192.117,-60,false,g,true,2
195.117,-60,false,b,true,2
204.134,-40,true,l,true,2
160,-40,false,l,true,2
176.919,-40,true,g,true,2
166.435,-60,false,g,true,2
198.169,-60,false,b,true,2
207.053,-40,true,l,true,2
160,-40,false,l,true,2
152.784,-40,true,g,true,2
140.509,-60,false,g,true,2
199.585,-60,false,b,true,2
208.408,-40,true,l,true,2
160,-40,false,l,true,2
159.755,-40,true,g,true,2
148.06,-60,false,g,true,2
199.23,-60,false,b,true,2
208.069,-40,true,l,true,2
160,-40,false,l,true,2
159.991,-40,true,g,true,2
148.314,-60,false,g,true,2
195.626,-60,false,b,true,2
204.621,-40,true,l,true,2
160,-40,false,l,true,2
198.64,-40,true,g,true,2
189.362,-60,false,g,true,2
198.086,-60,false,b,true,2
199.182,-60,false,b,true,2
208.022,-40,true,l,true,2
160,-40,false,l,true,2
181.696,-40,true,g,true,2
171.503,-60,false,g,true,2
155.535,-60,false,b,true,2
160,-60,false,f,true,3
160,-40,false,l,true,3
175.389,-40,true,g,true,3
164.807,-60,false,g,true,3
156.641,-60,false,b,true,3
196.598,-60,false,b,true,3
205.55,-40,true,l,true,3
160,-40,false,l,true,3
174.174,-40,true,g,true,3
163.514,-60,false,g,true,3
198.764,-60,false,b,true,3
207.623,-40,true,l,true,3
160,-40,false,l,true,3
159.125,-40,true,g,true,3
147.38,-60,false,g,true,3
189.877,-60,false,b,true,3
199.132,-40,true,l,true,3
160,-40,false,l,true,3
208.546,-40,true,g,true,3
199.729,-60,false,g,true,3
196.463,-60,false,b,true,3
191.464,-60,false,b,true,3
200.645,-40,true,l,true,3
160,-40,false,l,true,3
193.527,-40,true,g,true,3
183.991,-60,false,g,true,3
180.71,-60,false,b,true,3
190.41,-40,true,l,true,3
160,-40,false,l,true,3
175.206,-40,true,g,true,3
164.612,-60,false,g,true,3
199.78,-60,false,b,true,3
208.596,-40,true,l,true,3
160,-40,false,l,true,3
158.108,-40,true,g,true,3
146.282,-60,false,g,true,3
193.397,-60,false,b,true,3
202.49,-40,true,l,true,3
160,-40,false,l,true,3
179.041,-40,true,g,true,3
168.688,-60,false,g,true,3
196.892,-60,false,b,true,3
205.832,-40,true,l,true,3
160,-40,false,l,true,3
154.487,-40,true,g,true,3
142.359,-60,false,g,true,3
180.631,-60,false,b,true,3
190.336,-40,true,l,true,3
160,-40,false,l,true,3
205.614,-40,true,g,true,3
196.665,-60,false,g,true,3
161.273,-60,false,b,true,3
190.74,-60,false,b,true,3
199.955,-40,true,l,true,3
160,-40,false,l,true,3
158.176,-40,true,g,true,3
146.354,-60,false,g,true,3
194.14,-60,false,b,true,3
203.201,-40,true,l,true,3
160,-40,false,l,true,3
196.783,-40,true,g,true,3
187.413,-60,false,g,true,3
184.635,-60,false,b,true,3
198.62,-60,false,b,true,3
207.485,-40,true,l,true,3
160,-40,false,l,true,3
156.572,-40,true,g,true,3
144.62,-60,false,g,true,3
198.703,-60,false,b,true,3
207.564,-40,true,l,true,3
160,-40,false,l,true,3
179.602,-40,true,g,true,3
169.284,-60,false,g,true,3
165.752,-60,false,b,true,3
176.278,-40,true,l,true,3
160,-40,false,l,true,3
171.003,-40,true,g,true,3
160.131,-60,false,g,true,3
188.895,-60,false,b,true,3
198.195,-40,true,l,true,3
160,-40,false,l,true,3
169.352,-40,true,g,true,3
158.367,-60,false,g,true,3
197.342,-60,false,b,true,3
206.261,-40,true,l,true,3
160,-40,false,l,true,3
148.266,-40,true,g,true,3
135.583,-60,false,g,true,3
199.674,-60,false,b,true,3
208.494,-40,true,l,true,3
160,-40,false,l,true,3
154.236,-40,true,g,true,3
142.087,-60,false,g,true,3
196.816,-60,false,b,true,3
205.759,-40,true,l,true,3
160,-40,false,l,true,3
164.116,-40,true,g,true,3
152.755,-60,false,g,true,3
196.973,-60,false,b,true,3
205.909,-40,true,l,true,3
160,-40,false,l,true,3
169.303,-40,true,g,true,3
158.315,-60,false,g,true,3
196.515,-60,false,b,true,3
205.47,-40,true,l,true,3
160,-40,false,l,true,3
195.703,-40,true,g,true,3
186.279,-60,false,g,true,3
196.142,-60,false,b,true,3
197.401,-60,false,b,true,3
206.318,-40,true,l,true,3
160,-40,false,l,true,3
162.771,-40,true,g,true,3
151.309,-60,false,g,true,3
190.8,-60,false,b,true,3
200.011,-40,true,l,true,3
160,-40,false,l,true,3
163.209,-40,true,g,true,3
151.78,-60,false,g,true,3
195.416,-60,false,b,true,3
204.42,-40,true,l,true,3
160,-40,false,l,true,3
173.926,-40,true,g,true,3
163.249,-60,false,g,true,3
164.82,-60,false,b,true,3
199.075,-60,false,b,true,3
207.92,-40,true,l,true,3
160,-40,false,l,true,3
167.678,-40,true,g,true,3
156.576,-60,false,g,true,3
195.352,-60,false,b,true,3
204.358,-40,true,l,true,3
160,-40,false,l,true,3
174.094,-40,true,g,true,3
163.428,-60,false,g,true,3
156.987,-60,false,b,true,3
168.063,-40,true,l,true,3
160,-40,false,l,true,3
172.488,-40,true,g,true,3
161.717,-60,false,g,true,3
158.318,-60,false,b,true,3
192.97,-60,false,b,true,3
202.083,-40,true,l,true,3
160,-40,false,l,true,3
191.905,-40,true,g,true,3
182.284,-60,false,g,true,3
198.963,-60,false,b,true,3
207.813,-40,true,l,true,3
160,-40,false,l,true,3
175.597,-40,true,g,true,3
165.029,-60,false,g,true,3
197.165,-60,false,b,true,3
206.092,-40,true,l,true,3
160,-40,false,l,true,3
167.814,-40,true,g,true,3
156.721,-60,false,g,true,3
159.987,-60,false,b,true,3
199.224,-60,false,b,true,3
208.063,-40,true,l,true,3
160,-40,false,l,true,3
155.931,-40,true,g,true,3
143.925,-60,false,g,true,3
188.249,-60,false,b,true,3
197.58,-40,true,l,true,3
160,-40,false,l,true,3
149.556,-40,true,g,true,3
136.993,-60,false,g,true,3
184.998,-60,false,b,true,3
199.156,-60,false,b,true,3
207.998,-40,true,l,true,3
160,-40,false,l,true,3
177.606,-40,true,g,true,3
167.164,-60,false,g,true,3
191.671,-60,false,b,true,3
200.842,-40,true,l,true,3
160,-40,false,l,true,3
185.564,-40,true,g,true,3
175.596,-60,false,g,true,3
196.897,-60,false,b,true,3
205.836,-40,true,l,true,3
160,-40,false,l,true,3
172.643,-40,true,g,true,3
161.881,-60,false,g,true,3
158.34,-60,false,b,true,3
171.539,-60,false,b,true,3
199.614,-60,false,b,true,3
208.437,-40,true,l,true,3
160,-40,false,l,true,3
161.149,-40,true,g,true,3
149.563,-60,false,g,true,3
198.68,-60,false,b,true,3
207.542,-40,true,l,true,3
160,-40,false,l,true,3
156.721,-40,true,g,true,3
144.78,-60,false,g,true,3
190.98,-60,false,b,true,3
200.183,-40,true,l,true,3
160,-40,false,l,true,3
170.579,-40,true,g,true,3
159.678,-60,false,g,true,3
151.116,-60,false,b,true,3
162.592,-40,true,l,true,3
160,-40,false,l,true,3
156.252,-40,true,g,true,3
144.273,-60,false,g,true,3
198.584,-60,false,b,true,3
207.45,-40,true,l,true,3
160,-40,false,l,true,3
200.044,-40,true,g,true,3
190.834,-60,false,g,true,3
188.676,-60,false,b,true,3
192.781,-60,false,b,true,3
201.902,-40,true,l,true,3
160,-40,false,l,true,3
164.37,-40,true,g,true,3
153.028,-60,false,g,true,3
198.624,-60,false,b,true,3
207.488,-40,true,l,true,3
160,-40,false,l,true,3
161.257,-40,true,g,true,3
149.679,-60,false,g,true,3
197.342,-60,false,b,true,3
206.261,-40,true,l,true,3
160,-40,false,l,true,3
200.91,-40,true,g,true,3
191.741,-60,false,g,true,3
187.861,-60,false,b,true,3
197.209,-40,true,l,true,3
160,-40,false,l,true,3
169.612,-40,true,g,true,3
158.645,-60,false,g,true,3
196.56,-60,false,b,true,3
205.514,-40,true,l,true,3
160,-40,false,l,true,3
155.818,-40,true,g,true,3
143.803,-60,false,g,true,3
191.699,-60,false,b,true,3
200.869,-40,true,l,true,3
160,-40,false,l,true,3
173.888,-40,true,g,true,3
163.208,-60,false,g,true,3
196.734,-60,false,b,true,3
205.68,-40,true,l,true,3
160,-40,false,l,true,3
153.846,-40,true,g,true,3
141.664,-60,false,g,true,3
189.364,-60,false,b,true,3
198.642,-40,true,l,true,3
160,-40,false,l,true,3
171.746,-40,true,g,true,3
160.924,-60,false,g,true,3
199.319,-60,false,b,true,3
208.154,-40,true,l,true,3
160,-40,false,l,true,3
195.789,-40,true,g,true,3
186.369,-60,false,g,true,3
182.518,-60,false,b,true,3
197.871,-60,false,b,true,3
206.768,-40,true,l,true,3
160,-40,false,l,true,3
162.138,-40,true,g,true,3
150.628,-60,false,g,true,3
196.23,-60,false,b,true,3
205.198,-40,true,l,true,3
160,-40,false,l,true,3
172.771,-40,true,g,true,3
162.018,-60,false,g,true,3
153.147,-60,false,b,true,3
190.079,-60,false,b,true,3
199.324,-40,true,l,true,3
160,-40,false,l,true,3
161.075,-40,true,g,true,3
149.483,-60,false,g,true,3
191.044,-60,false,b,true,3
200.244,-40,true,l,true,3
160,-40,false,l,true,3
177.208,-40,true,g,true,3
166.742,-60,false,g,true,3
198.867,-60,false,b,true,3
207.721,-40,true,l,true,3
160,-40,false,l,true,3
162.359,-40,true,g,true,3
150.866,-60,false,g,true,3
151.09,-60,false,b,true,3
162.567,-40,true,l,true,3
160,-40,false,l,true,3
171.772,-40,true,g,true,3
160.952,-60,false,g,true,3
196.449,-60,false,b,true,3
205.407,-40,true,l,true,3
160,-40,false,l,true,3
200.606,-40,true,g,true,3
191.423,-60,false,g,true,3
190.215,-60,false,b,true,3
199.454,-40,true,l,true,3
160,-40,false,l,true,3
199.787,-40,true,g,true,3
190.564,-60,false,g,true,3
188.209,-60,false,b,true,3
188.235,-60,false,b,true,3
197.566,-40,true,l,true,3
160,-40,false,l,true,3
156.604,-40,true,g,true,3
144.654,-60,false,g,true,3
192.566,-60,false,b,true,3
201.697,-40,true,l,true,3
160,-40,false,l,true,3
167.27,-40,true,g,true,3
156.139,-60,false,g,true,3
196.769,-60,false,b,true,3
205.713,-40,true,l,true,3
160,-40,false,l,true,3
152.803,-40,true,g,true,3
140.53,-60,false,g,true,3
187.981,-60,false,b,true,3
197.324,-40,true,l,true,3
160,-40,false,l,true,3
197.765,-40,true,g,true,3
188.444,-60,false,g,true,3
186.405,-60,false,b,true,3
195.824,-40,true,l,true,3
160,-40,false,l,true,3
149.667,-40,true,g,true,3
137.114,-60,false,g,true,3
196.854,-60,false,b,true,3
205.794,-40,true,l,true,3
160,-40,false,l,true,3
186.983,-40,true,g,true,3
177.096,-60,false,g,true,3
198.276,-60,false,b,true,3
207.156,-40,true,l,true,3
160,-40,false,l,true,3
174.051,-40,true,g,true,3
163.383,-60,false,g,true,3
198.544,-60,false,b,true,3
207.412,-40,true,l,true,3
160,-40,false,l,true,3
156.972,-40,true,g,true,3
145.052,-60,false,g,true,3
192.173,-60,false,b,true,3
201.322,-40,true,l,true,3
160,-40,false,l,true,3
167.737,-40,true,g,true,3
156.639,-60,false,g,true,3
199.331,-60,false,b,true,3
208.165,-40,true,l,true,3
160,-40,false,l,true,3
185.265,-40,true,g,true,3
175.28,-60,false,g,true,3
199.945,-60,false,b,true,3
208.753,-40,true,l,true,3
160,-40,false,l,true,3
173.414,-40,true,g,true,3
162.704,-60,false,g,true,3
196.362,-60,false,b,true,3
205.324,-40,true,l,true,3
160,-40,false,l,true,3
166.751,-40,true,g,true,3
155.583,-60,false,g,true,3
177.42,-60,false,b,true,3
187.291,-40,true,l,true,3
160,-40,false,l,true,3
170.664,-40,true,g,true,3
159.769,-60,false,g,true,3
198.626,-60,false,b,true,3
207.49,-40,true,l,true,3
160,-40,false,l,true,3
169.079,-40,true,g,true,3
158.075,-60,false,g,true,3
197.028,-60,false,b,true,3
205.961,-40,true,l,true,3
160,-40,false,l,true,3
149.848,-40,true,g,true,3
137.311,-60,false,g,true,3
176.824,-60,false,b,true,3
186.726,-40,true,l,true,3
160,-40,false,l,true,3
179.22,-40,true,g,true,3
168.878,-60,false,g,true,3
199.159,-60,false,b,true,3
208,-40,true,l,true,3
160,-40,false,l,true,3
152.585,-40,true,g,true,3
140.293,-60,false,g,true,3
187.667,-60,false,b,true,3
197.025,-40,true,l,true,3
160,-40,false,l,true,3
162.617,-40,true,g,true,3
151.144,-60,false,g,true,3
196.425,-60,false,b,true,3
205.385,-40,true,l,true,3
160,-40,false,l,true,3
155.305,-40,true,g,true,3
143.247,-60,false,g,true,3
197.325,-60,false,b,true,3
206.245,-40,true,l,true,3
160,-40,false,l,true,3
172.805,-40,true,g,true,3
162.054,-60,false,g,true,3
199.427,-60,false,b,true,3
208.257,-40,true,l,true,3
160,-40,false,l,true,3
150.594,-40,true,g,true,3
138.125,-60,false,g,true,3
198.075,-60,false,b,true,3
206.963,-40,true,l,true,3
160,-40,false,l,true,3
201.091,-40,true,g,true,3
191.932,-60,false,g,true,3
188.045,-60,false,b,true,3
197.385,-40,true,l,true,3
160,-40,false,l,true,3
163.395,-40,true,g,true,3
151.98,-60,false,g,true,3
196.721,-60,false,b,true,3
205.668,-40,true,l,true,3
160,-40,false,l,true,3
179.054,-40,true,g,true,3
168.701,-60,false,g,true,3
198.231,-60,false,b,true,3
207.113,-40,true,l,true,3
160,-40,false,l,true,3
164.576,-40,true,g,true,3
153.249,-60,false,g,true,3
197.065,-60,false,b,true,3
205.997,-40,true,l,true,3
160,-40,false,l,true,3
160.397,-40,true,g,true,3
148.752,-60,false,g,true,3
196.781,-60,false,b,true,3
205.725,-40,true,l,true,3
160,-40,false,l,true,3
167.052,-40,true,g,true,3
155.905,-60,false,g,true,3
191.329,-60,false,b,true,3
200.516,-40,true,l,true,3
160,-40,false,l,true,3
152.586,-40,true,g,true,3
140.295,-60,false,g,true,3
187.983,-60,false,b,true,3
197.326,-40,true,l,true,3
160,-40,false,l,true,3
156.07,-40,true,g,true,3
144.075,-60,false,g,true,3
191.393,-60,false,b,true,3
200.577,-40,true,l,true,3
160,-40,false,l,true,3
173.019,-40,true,g,true,3
162.282,-60,false,g,true,3
159.316,-60,false,b,true,3
170.24,-40,true,l,true,3
160,-40,false,l,true,3
152.9,-40,true,g,true,3
140.636,-60,false,g,true,3
195.456,-60,false,b,true,3
204.458,-40,true,l,true,3
160,-40,false,l,true,3
148.736,-40,true,g,true,3
136.097,-60,false,g,true,3
189.072,-60,false,b,true,3
198.364,-40,true,l,true,3
160,-40,false,l,true,3
167.572,-40,true,g,true,3
156.462,-60,false,g,true,3
199.965,-60,false,b,true,3
208.772,-40,true,l,true,3
160,-40,false,l,true,3
164.44,-40,true,g,true,3
153.103,-60,false,g,true,3
196.412,-60,false,b,true,3
205.372,-40,true,l,true,3
160,-40,false,l,true,3
158.888,-40,true,g,true,3
147.124,-60,false,g,true,3
195.495,-60,false,b,true,3
204.496,-40,true,l,true,3
160,-40,false,l,true,3
184.324,-40,true,g,true,3
174.286,-60,false,g,true,3
170.25,-60,false,b,true,3
180.513,-40,true,l,true,3
160,-40,false,l,true,3
151.967,-40,true,g,true,3
139.621,-60,false,g,true,3
195.16,-60,false,b,true,3
204.175,-40,true,l,true,3
160,-40,false,l,true,3
149.623,-40,true,g,true,3
137.066,-60,false,g,true,3
192.064,-60,false,b,true,3
201.218,-40,true,l,true,3
160,-40,false,l,true,3
160,-60,false,f,true,4
197.667,-60,false,b,true,4
157.904,-60,false,b,true,4
168.919,-40,true,l,true,4
160,-40,false,l,true,4
166.422,-40,true,g,true,4
155.23,-60,false,g,true,4
145.866,-60,false,b,true,4
157.724,-40,true,l,true,4
160,-40,false,l,true,4
189.506,-40,true,g,true,4
179.757,-60,false,g,true,4
176.289,-60,false,b,true,4
136.059,-60,false,b,true,4
174.133,-60,false,b,true,4
177.488,-60,false,b,true,4
187.355,-40,true,l,true,4
160,-40,false,l,true,4
160.078,-40,true,g,true,4
148.409,-60,false,g,true,4
149.567,-60,false,b,true,4
161.153,-40,true,l,true,4
160,-40,false,l,true,4
167.467,-40,true,g,true,4
156.35,-60,false,g,true,4
146.841,-60,false,b,true,4
158.626,-40,true,l,true,4
160,-40,false,l,true,4
190.404,-40,true,g,true,4
180.704,-60,false,g,true,4
141.98,-60,false,b,true,4
154.137,-40,true,l,true,4
160,-40,false,l,true,4
169.544,-40,true,g,true,4
158.572,-60,false,g,true,4
151.032,-60,false,b,true,4
162.514,-40,true,l,true,4
160,-40,false,l,true,4
168.199,-40,true,g,true,4
157.133,-60,false,g,true,4
137.032,-60,false,b,true,4
142.668,-60,false,b,true,4
159.062,-60,false,b,true,4
196.775,-60,false,b,true,4
168.73,-60,false,b,true,4
179.08,-40,true,l,true,4
160,-40,false,l,true,4
165.81,-40,true,g,true,4
154.573,-60,false,g,true,4
147.86,-60,false,b,true,4
159.57,-40,true,l,true,4
160,-40,false,l,true,4
169.378,-40,true,g,true,4
158.395,-60,false,g,true,4
152.41,-60,false,b,true,4
163.795,-40,true,l,true,4
160,-40,false,l,true,4
163.396,-40,true,g,true,4
151.981,-60,false,g,true,4
141.997,-60,false,b,true,4
154.153,-40,true,l,true,4
160,-40,false,l,true,4
171.615,-40,true,g,true,4
160.785,-60,false,g,true,4
151.678,-60,false,b,true,4
163.114,-40,true,l,true,4
160,-40,false,l,true,4
158.525,-40,true,g,true,4
146.732,-60,false,g,true,4
150.053,-60,false,b,true,4
161.604,-40,true,l,true,4
160,-40,false,l,true,4
169.188,-40,true,g,true,4
158.191,-60,false,g,true,4
158.867,-60,false,b,true,4
135.828,-60,false,b,true,4
188.131,-60,false,b,true,4
197.467,-40,true,l,true,4
160,-40,false,l,true,4
196.012,-40,true,g,true,4
186.603,-60,false,g,true,4
183.918,-60,false,b,true,4
156.872,-60,false,b,true,4
167.955,-40,true,l,true,4
160,-40,false,l,true,4
169.536,-40,true,g,true,4
158.564,-60,false,g,true,4
152.114,-60,false,b,true,4
163.52,-40,true,l,true,4
160,-40,false,l,true,4
163.961,-40,true,g,true,4
152.589,-60,false,g,true,4
145.109,-60,false,b,true,4
157.024,-40,true,l,true,4
160,-40,false,l,true,4
160.68,-40,true,g,true,4
149.057,-60,false,g,true,4
142.929,-60,false,b,true,4
155.012,-40,true,l,true,4
160,-40,false,l,true,4
169.462,-40,true,g,true,4
158.485,-60,false,g,true,4
148.93,-60,false,b,true,4
152.166,-60,false,b,true,4
163.568,-40,true,l,true,4
160,-40,false,l,true,4
170.16,-40,true,g,true,4
159.23,-60,false,g,true,4
191.367,-60,false,b,true,4
200.552,-40,true,l,true,4
160,-40,false,l,true,4
170.299,-40,true,g,true,4
159.38,-60,false,g,true,4
147.619,-60,false,b,true,4
159.347,-40,true,l,true,4
160,-40,false,l,true,4
162.464,-40,true,g,true,4
150.978,-60,false,g,true,4
144.402,-60,false,b,true,4
156.371,-40,true,l,true,4
160,-40,false,l,true,4
198.826,-40,true,g,true,4
189.557,-60,false,g,true,4
136.3,-60,false,b,true,4
157.779,-60,false,b,true,4
136.832,-60,false,b,true,4
186.653,-60,false,b,true,4
196.06,-40,true,l,true,4
160,-40,false,l,true,4
190.508,-40,true,g,true,4
180.813,-60,false,g,true,4
135.257,-60,false,b,true,4
155.827,-60,false,b,true,4
151.269,-60,false,b,true,4
162.734,-40,true,l,true,4
160,-40,false,l,true,4
163.362,-40,true,g,true,4
151.944,-60,false,g,true,4
143.289,-60,false,b,true,4
178.727,-60,false,b,true,4
188.53,-40,true,l,true,4
160,-40,false,l,true,4
197.502,-40,true,g,true,4
188.168,-60,false,g,true,4
136.019,-60,false,b,true,4
148.665,-40,true,l,true,4
160,-40,false,l,true,4
151.935,-40,true,g,true,4
139.586,-60,false,g,true,4
137.58,-60,false,b,true,4
142.721,-60,false,b,true,4
154.82,-40,true,l,true,4
160,-40,false,l,true,4
160.799,-40,true,g,true,4
149.185,-60,false,g,true,4
141.744,-60,false,b,true,4
161.235,-60,false,b,true,4
172.037,-40,true,l,true,4
160,-40,false,l,true,4
158.859,-40,true,g,true,4
147.092,-60,false,g,true,4
140.165,-60,false,b,true,4
152.467,-40,true,l,true,4
160,-40,false,l,true,4
164.876,-40,true,g,true,4
153.572,-60,false,g,true,4
144.407,-60,false,b,true,4
156.375,-40,true,l,true,4
160,-40,false,l,true,4
167.29,-40,true,g,true,4
156.16,-60,false,g,true,4
152.199,-60,false,b,true,4
163.599,-40,true,l,true,4
160,-40,false,l,true,4
171.068,-40,true,g,true,4
160.201,-60,false,g,true,4
152.338,-60,false,b,true,4
163.728,-40,true,l,true,4
160,-40,false,l,true,4
156.817,-40,true,g,true,4
144.885,-60,false,g,true,4
142.619,-60,false,b,true,4
152.481,-60,false,b,true,4
140.088,-60,false,b,true,4
167.987,-60,false,b,true,4
178.381,-40,true,l,true,4
160,-40,false,l,true,4
188.132,-40,true,g,true,4
178.308,-60,false,g,true,4
137.356,-60,false,b,true,4
158.51,-60,false,b,true,4
192.141,-60,false,b,true,4
201.292,-40,true,l,true,4
160,-40,false,l,true,4
167.092,-40,true,g,true,4
155.947,-60,false,g,true,4
150.515,-60,false,b,true,4
162.033,-40,true,l,true,4
160,-40,false,l,true,4
172.549,-40,true,g,true,4
161.781,-60,false,g,true,4
156.218,-60,false,b,true,4
167.344,-40,true,l,true,4
160,-40,false,l,true,4
158.537,-40,true,g,true,4
146.744,-60,false,g,true,4
143.598,-60,false,b,true,4
155.629,-40,true,l,true,4
160,-40,false,l,true,4
172.462,-40,true,g,true,4
161.689,-60,false,g,true,4
154.978,-60,false,b,true,4
166.187,-40,true,l,true,4
160,-40,false,l,true,4
150.105,-40,true,g,true,4
137.591,-60,false,g,true,4
138.399,-60,false,b,true,4
150.845,-40,true,l,true,4
160,-40,false,l,true,4
163.451,-40,true,g,true,4
152.041,-60,false,g,true,4
145.405,-60,false,b,true,4
157.298,-40,true,l,true,4
160,-40,false,l,true,4
167.013,-40,true,g,true,4
155.863,-60,false,g,true,4
148.521,-60,false,b,true,4
160.183,-40,true,l,true,4
160,-40,false,l,true,4
160.197,-40,true,g,true,4
148.536,-60,false,g,true,4
143.076,-60,false,b,true,4
155.147,-40,true,l,true,4
160,-40,false,l,true,4
165.136,-40,true,g,true,4
153.85,-60,false,g,true,4
146.209,-60,false,b,true,4
158.041,-40,true,l,true,4
160,-40,false,l,true,4
159.425,-40,true,g,true,4
147.703,-60,false,g,true,4
179.13,-60,false,b,true,4
188.912,-40,true,l,true,4
160,-40,false,l,true,4
165.529,-40,true,g,true,4
154.272,-60,false,g,true,4
150.164,-60,false,b,true,4
189.684,-60,false,b,true,4
198.947,-40,true,l,true,4
160,-40,false,l,true,4
162.077,-40,true,g,true,4
150.562,-60,false,g,true,4
193.778,-60,false,b,true,4
168.94,-60,false,b,true,4
179.279,-40,true,l,true,4
160,-40,false,l,true,4
202.938,-40,true,g,true,4
193.866,-60,false,g,true,4
192.082,-60,false,b,true,4
160.204,-60,false,b,true,4
179.609,-60,false,b,true,4
181.75,-60,false,b,true,4
191.398,-40,true,l,true,4
160,-40,false,l,true,4
163.957,-40,true,g,true,4
152.585,-60,false,g,true,4
143.667,-60,false,b,true,4
155.692,-40,true,l,true,4
160,-40,false,l,true,4
158.558,-40,true,g,true,4
146.767,-60,false,g,true,4
185.333,-60,false,b,true,4
194.804,-40,true,l,true,4
160,-40,false,l,true,4
166.046,-40,true,g,true,4
154.827,-60,false,g,true,4
147.09,-60,false,b,true,4
149.285,-60,false,b,true,4
160.891,-40,true,l,true,4
160,-40,false,l,true,4
167.321,-40,true,g,true,4
156.194,-60,false,g,true,4
146.274,-60,false,b,true,4
158.101,-40,true,l,true,4
160,-40,false,l,true,4
167.783,-40,true,g,true,4
156.688,-60,false,g,true,4
150.861,-60,false,b,true,4
162.354,-40,true,l,true,4
160,-40,false,l,true,4
187.75,-40,true,g,true,4
177.905,-60,false,g,true,4
174.488,-60,false,b,true,4
184.516,-40,true,l,true,4
160,-40,false,l,true,4
164.193,-40,true,g,true,4
152.838,-60,false,g,true,4
144.867,-60,false,b,true,4
156.8,-40,true,l,true,4
160,-40,false,l,true,4
163.868,-40,true,g,true,4
152.489,-60,false,g,true,4
144.586,-60,false,b,true,4
156.541,-40,true,l,true,4
160,-40,false,l,true,4
160.322,-40,true,g,true,4
148.671,-60,false,g,true,4
141.329,-60,false,b,true,4
153.538,-40,true,l,true,4
160,-40,false,l,true,4
166.357,-40,true,g,true,4
155.161,-60,false,g,true,4
145.618,-60,false,b,true,4
157.495,-40,true,l,true,4
160,-40,false,l,true,4
189.68,-40,true,g,true,4
179.94,-60,false,g,true,4
141.039,-60,false,b,true,4
153.271,-40,true,l,true,4
160,-40,false,l,true,4
200.599,-40,true,g,true,4
191.416,-60,false,g,true,4
159.19,-60,false,b,true,4
170.122,-40,true,l,true,4
160,-40,false,l,true,4
158.568,-40,true,g,true,4
146.778,-60,false,g,true,4
139.872,-60,false,b,true,4
152.198,-40,true,l,true,4
160,-40,false,l,true,4
166.557,-40,true,g,true,4
155.374,-60,false,g,true,4
147.083,-60,false,b,true,4
158.851,-40,true,l,true,4
160,-40,false,l,true,4
176.887,-40,true,g,true,4
166.4,-60,false,g,true,4
159.436,-60,false,b,true,4
170.352,-40,true,l,true,4
160,-40,false,l,true,4
168.64,-40,true,g,true,4
157.605,-60,false,g,true,4
159.772,-60,false,b,true,4
137.114,-60,false,b,true,4
149.667,-40,true,l,true,4
160,-40,false,l,true,4
160.003,-40,true,g,true,4
148.327,-60,false,g,true,4
138.05,-60,false,b,true,4
166.092,-60,false,b,true,4
176.597,-40,true,l,true,4
160,-40,false,l,true,4
163.923,-40,true,g,true,4
152.547,-60,false,g,true,4
144.979,-60,false,b,true,4
156.904,-40,true,l,true,4
160,-40,false,l,true,4
186.85,-40,true,g,true,4
176.955,-60,false,g,true,4
174.416,-60,false,b,true,4
184.448,-40,true,l,true,4
160,-40,false,l,true,4
164.005,-40,true,g,true,4
152.635,-60,false,g,true,4
145.928,-60,false,b,true,4
157.782,-40,true,l,true,4
160,-40,false,l,true,4
185.502,-40,true,g,true,4
175.531,-60,false,g,true,4
143.649,-60,false,b,true,4
155.676,-40,true,l,true,4
160,-40,false,l,true,4
162.153,-40,true,g,true,4
150.644,-60,false,g,true,4
143.586,-60,false,b,true,4
155.618,-40,true,l,true,4
160,-40,false,l,true,4
170.173,-40,true,g,true,4
159.245,-60,false,g,true,4
151.252,-60,false,b,true,4
162.718,-40,true,l,true,4
160,-40,false,l,true,4
168.18,-40,true,g,true,4
157.113,-60,false,g,true,4
147.161,-60,false,b,true,4
158.922,-40,true,l,true,4
160,-40,false,l,true,4
154.927,-40,true,g,true,4
142.837,-60,false,g,true,4
137.038,-60,false,b,true,4
149.597,-40,true,l,true,4
160,-40,false,l,true,4
201.958,-40,true,g,true,4
192.839,-60,false,g,true,4
190.096,-60,false,b,true,4
160.741,-60,false,b,true,4
146.638,-60,false,b,true,4
158.438,-40,true,l,true,4
160,-40,false,l,true,4
205.012,-40,true,g,true,4
196.036,-60,false,g,true,4
160.46,-60,false,b,true,4
171.311,-40,true,l,true,4
160,-40,false,l,true,4
176.037,-40,true,g,true,4
165.496,-60,false,g,true,4
158.948,-60,false,b,true,4
169.895,-40,true,l,true,4
160,-40,false,l,true,4
161.98,-40,true,g,true,4
150.457,-60,false,g,true,4
149.268,-60,false,b,true,4
160.875,-40,true,l,true,4
160,-40,false,l,true,4
163.897,-40,true,g,true,4
152.52,-60,false,g,true,4
145.135,-60,false,b,true,4
157.048,-40,true,l,true,4
160,-40,false,l,true,4
167.463,-40,true,g,true,4
156.345,-60,false,g,true,4
148.335,-60,false,b,true,4
160.01,-40,true,l,true,4
160,-40,false,l,true,4
157.65,-40,true,g,true,4
145.786,-60,false,g,true,4
138.041,-60,false,b,true,4
150.517,-40,true,l,true,4
160,-40,false,l,true,4
163.26,-40,true,g,true,4
151.834,-60,false,g,true,4
149.976,-60,false,b,true,4
170.993,-60,false,b,true,4
166.646,-60,false,b,true,4
167.454,-60,false,b,true,4
177.879,-40,true,l,true,4
160,-40,false,l,true,4
158.065,-40,true,g,true,4
146.235,-60,false,g,true,4
138.793,-60,false,b,true,4
151.207,-40,true,l,true,4
160,-40,false,l,true,4
175.528,-40,true,g,true,4
164.955,-60,false,g,true,4
159.045,-60,false,b,true,4
169.986,-40,true,l,true,4
160,-40,false,l,true,4
172.139,-40,true,g,true,4
161.343,-60,false,g,true,4
155.974,-60,false,b,true,4
167.116,-40,true,l,true,4
160,-40,false,l,true,4
155.971,-40,true,g,true,4
143.968,-60,false,g,true,4
137.487,-60,false,b,true,4
150.008,-40,true,l,true,4
160,-40,false,l,true,4
160.697,-40,true,g,true,4
149.075,-60,false,g,true,4
136.837,-60,false,b,true,4
141.664,-60,false,b,true,4
166.211,-60,false,b,true,4
185.959,-60,false,b,true,4
160,-60,false,f,true,5
148.081,-60,false,b,true,5
159.774,-40,true,l,true,5
160,-40,false,l,true,5
185.357,-40,true,g,true,5
175.378,-60,false,g,true,5
143.555,-60,false,b,true,5
155.59,-40,true,l,true,5
160,-40,false,l,true,5
204.09,-40,true,g,true,5
195.071,-60,false,g,true,5
153.016,-60,false,b,true,5
164.359,-40,true,l,true,5
160,-40,false,l,true,5
175.248,-40,true,g,true,5
164.657,-60,false,g,true,5
159.956,-60,false,b,true,5
170.839,-40,true,l,true,5
160,-40,false,l,true,5
195.11,-40,true,g,true,5
185.655,-60,false,g,true,5
186.593,-60,false,b,true,5
196.003,-40,true,l,true,5
160,-40,false,l,true,5
178.439,-40,true,g,true,5
168.049,-60,false,g,true,5
138.463,-60,false,b,true,5
150.904,-40,true,l,true,5
160,-40,false,l,true,5
204.342,-40,true,g,true,5
195.334,-60,false,g,true,5
153.497,-60,false,b,true,5
164.807,-40,true,l,true,5
160,-40,false,l,true,5
165.343,-40,true,g,true,5
154.072,-60,false,g,true,5
139.611,-60,false,b,true,5
151.958,-40,true,l,true,5
160,-40,false,l,true,5
203.554,-40,true,g,true,5
194.51,-60,false,g,true,5
160.372,-60,false,b,true,5
171.228,-40,true,l,true,5
160,-40,false,l,true,5
165.434,-40,true,g,true,5
154.171,-60,false,g,true,5
144.79,-60,false,b,true,5
156.73,-40,true,l,true,5
160,-40,false,l,true,5
158.093,-40,true,g,true,5
146.265,-60,false,g,true,5
139.025,-60,false,b,true,5
151.42,-40,true,l,true,5
160,-40,false,l,true,5
177.345,-40,true,g,true,5
166.887,-60,false,g,true,5
135.241,-60,false,b,true,5
147.953,-40,true,l,true,5
160,-40,false,l,true,5
163.614,-40,true,g,true,5
152.216,-60,false,g,true,5
138.526,-60,false,b,true,5
150.961,-40,true,l,true,5
160,-40,false,l,true,5
196.719,-40,true,g,true,5
187.346,-60,false,g,true,5
138.193,-60,false,b,true,5
150.656,-40,true,l,true,5
160,-40,false,l,true,5
206.997,-40,true,g,true,5
198.11,-60,false,g,true,5
148.142,-60,false,b,true,5
160.152,-60,false,b,true,5
171.023,-40,true,l,true,5
160,-40,false,l,true,5
177.394,-40,true,g,true,5
166.939,-60,false,g,true,5
138.542,-60,false,b,true,5
150.976,-40,true,l,true,5
160,-40,false,l,true,5
195.858,-40,true,g,true,5
186.441,-60,false,g,true,5
137.591,-60,false,b,true,5
150.104,-40,true,l,true,5
160,-40,false,l,true,5
169.599,-40,true,g,true,5
158.631,-60,false,g,true,5
153.616,-60,false,b,true,5
147.948,-60,false,b,true,5
159.651,-40,true,l,true,5
160,-40,false,l,true,5
157.357,-40,true,g,true,5
145.469,-60,false,g,true,5
137.967,-60,false,b,true,5
150.449,-40,true,l,true,5
160,-40,false,l,true,5
178.786,-40,true,g,true,5
168.417,-60,false,g,true,5
152.651,-60,false,b,true,5
164.019,-40,true,l,true,5
160,-40,false,l,true,5
172.463,-40,true,g,true,5
161.689,-60,false,g,true,5
155.08,-60,false,b,true,5
166.282,-40,true,l,true,5
160,-40,false,l,true,5
193.151,-40,true,g,true,5
183.596,-60,false,g,true,5
182.233,-60,false,b,true,5
191.856,-40,true,l,true,5
160,-40,false,l,true,5
185.878,-40,true,g,true,5
175.928,-60,false,g,true,5
178.983,-60,false,b,true,5
137.04,-60,false,b,true,5
149.599,-40,true,l,true,5
160,-40,false,l,true,5
194.141,-40,true,g,true,5
184.637,-60,false,g,true,5
149.097,-60,false,b,true,5
160.717,-40,true,l,true,5
160,-40,false,l,true,5
153.915,-40,true,g,true,5
141.739,-60,false,g,true,5
137.237,-60,false,b,true,5
149.78,-40,true,l,true,5
160,-40,false,l,true,5
200.964,-40,true,g,true,5
191.798,-60,false,g,true,5
171.998,-60,false,b,true,5
182.163,-40,true,l,true,5
160,-40,false,l,true,5
170.414,-40,true,g,true,5
159.502,-60,false,g,true,5
141.198,-60,false,b,true,5
153.417,-40,true,l,true,5
160,-40,false,l,true,5
176.788,-40,true,g,true,5
166.294,-60,false,g,true,5
146.977,-60,false,b,true,5
136.993,-60,false,b,true,5
149.557,-40,true,l,true,5
160,-40,false,l,true,5
170.72,-40,true,g,true,5
159.829,-60,false,g,true,5
140.4,-60,false,b,true,5
152.683,-40,true,l,true,5
160,-40,false,l,true,5
163.556,-40,true,g,true,5
152.154,-60,false,g,true,5
147.756,-60,false,b,true,5
159.474,-40,true,l,true,5
160,-40,false,l,true,5
170.37,-40,true,g,true,5
159.455,-60,false,g,true,5
152.562,-60,false,b,true,5
162.562,-60,false,b,true,5
173.281,-40,true,l,true,5
160,-40,false,l,true,5
168.704,-40,true,g,true,5
157.674,-60,false,g,true,5
152.738,-60,false,b,true,5
164.1,-40,true,l,true,5
160,-40,false,l,true,5
159.908,-40,true,g,true,5
148.224,-60,false,g,true,5
144.342,-60,false,b,true,5
156.316,-40,true,l,true,5
160,-40,false,l,true,5
169.34,-40,true,g,true,5
158.354,-60,false,g,true,5
138.158,-60,false,b,true,5
150.624,-40,true,l,true,5
160,-40,false,l,true,5
167.006,-40,true,g,true,5
155.856,-60,false,g,true,5
146.847,-60,false,b,true,5
158.632,-40,true,l,true,5
160,-40,false,l,true,5
173.425,-40,true,g,true,5
162.715,-60,false,g,true,5
136.015,-60,false,b,true,5
148.661,-40,true,l,true,5
160,-40,false,l,true,5
174.221,-40,true,g,true,5
163.563,-60,false,g,true,5
140.766,-60,false,b,true,5
153.02,-40,true,l,true,5
160,-40,false,l,true,5
175.007,-40,true,g,true,5
164.4,-60,false,g,true,5
145.925,-60,false,b,true,5
157.779,-40,true,l,true,5
160,-40,false,l,true,5
200.473,-40,true,g,true,5
191.284,-60,false,g,true,5
138.891,-60,false,b,true,5
151.296,-40,true,l,true,5
160,-40,false,l,true,5
191.766,-40,true,g,true,5
182.138,-60,false,g,true,5
154.609,-60,false,b,true,5
136.379,-60,false,b,true,5
148.994,-40,true,l,true,5
160,-40,false,l,true,5
171.496,-40,true,g,true,5
160.657,-60,false,g,true,5
142.299,-60,false,b,true,5
154.431,-40,true,l,true,5
160,-40,false,l,true,5
179.79,-40,true,g,true,5
169.483,-60,false,g,true,5
162.081,-60,false,b,true,5
172.83,-40,true,l,true,5
160,-40,false,l,true,5
169.214,-40,true,g,true,5
158.219,-60,false,g,true,5
139.239,-60,false,b,true,5
151.617,-40,true,l,true,5
160,-40,false,l,true,5
175.422,-40,true,g,true,5
164.842,-60,false,g,true,5
159.365,-60,false,b,true,5
170.286,-40,true,l,true,5
160,-40,false,l,true,5
179.221,-40,true,g,true,5
168.879,-60,false,g,true,5
149.072,-60,false,b,true,5
160.693,-40,true,l,true,5
160,-40,false,l,true,5
201.504,-40,true,g,true,5
192.364,-60,false,g,true,5
138.08,-60,false,b,true,5
150.552,-40,true,l,true,5
160,-40,false,l,true,5
176.3,-40,true,g,true,5
165.776,-60,false,g,true,5
159.064,-60,false,b,true,5
170.004,-40,true,l,true,5
160,-40,false,l,true,5
162.406,-40,true,g,true,5
150.916,-60,false,g,true,5
136.359,-60,false,b,true,5
148.976,-40,true,l,true,5
160,-40,false,l,true,5
156.005,-40,true,g,true,5
144.005,-60,false,g,true,5
136.297,-60,false,b,true,5
148.919,-40,true,l,true,5
160,-40,false,l,true,5
162.174,-40,true,g,true,5
150.667,-60,false,g,true,5
135.054,-60,false,b,true,5
147.782,-40,true,l,true,5
160,-40,false,l,true,5
169.688,-40,true,g,true,5
158.726,-60,false,g,true,5
152.896,-60,false,b,true,5
164.248,-40,true,l,true,5
160,-40,false,l,true,5
199.748,-40,true,g,true,5
190.523,-60,false,g,true,5
146.313,-60,false,b,true,5
158.138,-40,true,l,true,5
160,-40,false,l,true,5
156.666,-40,true,g,true,5
144.721,-60,false,g,true,5
145.508,-60,false,b,true,5
161.115,-60,false,b,true,5
154.417,-60,false,b,true,5
165.664,-40,true,l,true,5
160,-40,false,l,true,5
178.398,-40,true,g,true,5
168.006,-60,false,g,true,5
165.056,-60,false,b,true,5
175.623,-40,true,l,true,5
160,-40,false,l,true,5
196.803,-40,true,g,true,5
187.433,-60,false,g,true,5
184.718,-60,false,b,true,5
136.628,-60,false,b,true,5
149.222,-40,true,l,true,5
160,-40,false,l,true,5
203.319,-40,true,g,true,5
194.264,-60,false,g,true,5
151.71,-60,false,b,true,5
163.144,-40,true,l,true,5
160,-40,false,l,true,5
191.824,-40,true,g,true,5
182.199,-60,false,g,true,5
149.715,-60,false,b,true,5
161.29,-40,true,l,true,5
160,-40,false,l,true,5
193.081,-40,true,g,true,5
183.522,-60,false,g,true,5
159.004,-60,false,b,true,5
169.948,-40,true,l,true,5
160,-40,false,l,true,5
162.665,-40,true,g,true,5
151.195,-60,false,g,true,5
136.988,-60,false,b,true,5
149.552,-40,true,l,true,5
160,-40,false,l,true,5
196.513,-40,true,g,true,5
187.13,-60,false,g,true,5
152.706,-60,false,b,true,5
164.07,-40,true,l,true,5
160,-40,false,l,true,5
162.875,-40,true,g,true,5
151.421,-60,false,g,true,5
148.067,-60,false,b,true,5
159.762,-40,true,l,true,5
160,-40,false,l,true,5
193.962,-40,true,g,true,5
184.448,-60,false,g,true,5
135.238,-60,false,b,true,5
147.95,-40,true,l,true,5
160,-40,false,l,true,5
198.787,-40,true,g,true,5
189.516,-60,false,g,true,5
168.816,-60,false,b,true,5
179.162,-40,true,l,true,5
160,-40,false,l,true,5
200.44,-40,true,g,true,5
191.249,-60,false,g,true,5
162.937,-60,false,b,true,5
173.633,-40,true,l,true,5
160,-40,false,l,true,5
207.506,-40,true,g,true,5
198.642,-60,false,g,true,5
171.27,-60,false,b,true,5
181.476,-40,true,l,true,5
160,-40,false,l,true,5
164.874,-40,true,g,true,5
153.569,-60,false,g,true,5
138.647,-60,false,b,true,5
151.073,-40,true,l,true,5
160,-40,false,l,true,5
171.188,-40,true,g,true,5
160.329,-60,false,g,true,5
148.653,-60,false,b,true,5
160.305,-40,true,l,true,5
160,-40,false,l,true,5
181.107,-40,true,g,true,5
170.879,-60,false,g,true,5
139.235,-60,false,b,true,5
151.613,-40,true,l,true,5
160,-40,false,l,true,5
196.731,-40,true,g,true,5
187.358,-60,false,g,true,5
170.53,-60,false,b,true,5
180.777,-40,true,l,true,5
160,-40,false,l,true,5
195.47,-40,true,g,true,5
186.034,-60,false,g,true,5
146.78,-60,false,b,true,5
158.569,-40,true,l,true,5
160,-40,false,l,true,5
169.825,-40,true,g,true,5
158.872,-60,false,g,true,5
152.388,-60,false,b,true,5
163.774,-40,true,l,true,5
160,-40,false,l,true,5
163.355,-40,true,g,true,5
151.937,-60,false,g,true,5
145.139,-60,false,b,true,5
147.503,-60,false,b,true,5
159.239,-40,true,l,true,5
160,-40,false,l,true,5
168.813,-40,true,g,true,5
157.79,-60,false,g,true,5
151.734,-60,false,b,true,5
163.167,-40,true,l,true,5
160,-40,false,l,true,5
162.931,-40,true,g,true,5
151.481,-60,false,g,true,5
147.954,-60,false,b,true,5
159.658,-40,true,l,true,5
160,-40,false,l,true,5
198.73,-40,true,g,true,5
189.456,-60,false,g,true,5
150.673,-60,false,b,true,5
162.18,-40,true,l,true,5
160,-40,false,l,true,5
170.206,-40,true,g,true,5
159.28,-60,false,g,true,5
142.264,-60,false,b,true,5
154.399,-40,true,l,true,5
160,-40,false,l,true,5
199.652,-40,true,g,true,5
190.423,-60,false,g,true,5
158.581,-60,false,b,true,5
169.553,-40,true,l,true,5
160,-40,false,l,true,5
178.447,-40,true,g,true,5
168.057,-60,false,g,true,5
149.428,-60,false,b,true,5
161.024,-40,true,l,true,5
160,-40,false,l,true,5
175.671,-40,true,g,true,5
165.107,-60,false,g,true,5
135.414,-60,false,b,true,5
148.111,-40,true,l,true,5
160,-40,false,l,true,5
177.323,-40,true,g,true,5
166.863,-60,false,g,true,5
160.11,-60,false,b,true,5
170.983,-40,true,l,true,5
160,-40,false,l,true,5
180.452,-40,true,g,true,5
170.185,-60,false,g,true,5
162.797,-60,false,b,true,5
173.501,-40,true,l,true,5
160,-40,false,l,true,5
200.908,-40,true,g,true,5
191.74,-60,false,g,true,5
152.797,-60,false,b,true,5
164.155,-40,true,l,true,5
160,-40,false,l,true,5
205.995,-40,true,g,true,5
197.064,-60,false,g,true,5
137.089,-60,false,b,true,5
149.644,-40,true,l,true,5
160,-40,false,l,true,5
162.224,-40,true,g,true,5
150.72,-60,false,g,true,5
147.577,-60,false,b,true,5
159.307,-40,true,l,true,5
160,-40,false,l,true,5
164.013,-40,true,g,true,5
152.644,-60,false,g,true,5
137.56,-60,false,b,true,5
150.075,-40,true,l,true,5
160,-40,false,l,true,5
157.526,-40,true,g,true,5
145.652,-60,false,g,true,5
136.296,-60,false,b,true,5
148.918,-40,true,l,true,5
160,-40,false,l,true,5
181.479,-40,true,g,true,5
171.273,-60,false,g,true,5
164.512,-60,false,b,true,5
175.112,-40,true,l,true,5
160,-40,false,l,true,5
164.814,-40,true,g,true,5
153.504,-60,false,g,true,5
147.429,-60,false,b,true,5
159.17,-40,true,l,true,5
160,-40,false,l,true,5
206.386,-40,true,g,true,5
197.472,-60,false,g,true,5
192.588,-60,false,b,true,5
142.137,-60,false,b,true,5
154.282,-40,true,l,true,5
160,-40,false,l,true,5
169.34,-40,true,g,true,5
158.354,-60,false,g,true,5
142.329,-60,false,b,true,5
154.459,-40,true,l,true,5
160,-40,false,l,true,5
198.662,-40,true,g,true,5
189.385,-60,false,g,true,5
149.757,-60,false,b,true,5
161.329,-40,true,l,true,5
160,-40,false,l,true,5
181.326,-40,true,g,true,5
171.112,-60,false,g,true,5
136.988,-60,false,b,true,5
149.552,-40,true,l,true,5
160,-40,false,l,true,5
178.827,-40,true,g,true,5
168.461,-60,false,g,true,5
162.103,-60,false,b,true,5
172.851,-40,true,l,true,5
160,-40,false,l,true,5
180.472,-40,true,g,true,5
170.207,-60,false,g,true,5
162.647,-60,false,b,true,5
173.361,-40,true,l,true,5
160,-40,false,l,true,5
195.647,-40,true,g,true,5
186.22,-60,false,g,true,5
183.176,-60,false,b,true,5
