x,z,relay,string,error,index
160,-60,false,f,true
148.081,-60,false,b,true
159.774,-40,true,l,true
160,-40,false,l,true
185.357,-40,true,g,true
175.378,-60,false,g,true
143.555,-60,false,b,true
155.59,-40,true,l,true
160,-40,false,l,true
204.09,-40,true,g,true
195.071,-60,false,g,true
153.016,-60,false,b,true
164.359,-40,true,l,true
160,-40,false,l,true
175.248,-40,true,g,true
164.657,-60,false,g,true
159.956,-60,false,b,true
170.839,-40,true,l,true
160,-40,false,l,true
195.11,-40,true,g,true
185.655,-60,false,g,true
186.593,-60,false,b,true
196.003,-40,true,l,true
160,-40,false,l,true
178.439,-40,true,g,true
168.049,-60,false,g,true
138.463,-60,false,b,true
150.904,-40,true,l,true
160,-40,false,l,true
204.342,-40,true,g,true
195.334,-60,false,g,true
153.497,-60,false,b,true
164.807,-40,true,l,true
160,-40,false,l,true
165.343,-40,true,g,true
154.072,-60,false,g,true
139.611,-60,false,b,true
151.958,-40,true,l,true
160,-40,false,l,true
203.554,-40,true,g,true
194.51,-60,false,g,true
160.372,-60,false,b,true
171.228,-40,true,l,true
160,-40,false,l,true
165.434,-40,true,g,true
154.171,-60,false,g,true
144.79,-60,false,b,true
156.73,-40,true,l,true
160,-40,false,l,true
158.093,-40,true,g,true
146.265,-60,false,g,true
139.025,-60,false,b,true
151.42,-40,true,l,true
160,-40,false,l,true
177.345,-40,true,g,true
166.887,-60,false,g,true
135.241,-60,false,b,true
147.953,-40,true,l,true
160,-40,false,l,true
163.614,-40,true,g,true
152.216,-60,false,g,true
138.526,-60,false,b,true
150.961,-40,true,l,true
160,-40,false,l,true
196.719,-40,true,g,true
187.346,-60,false,g,true
138.193,-60,false,b,true
150.656,-40,true,l,true
160,-40,false,l,true
206.997,-40,true,g,true
198.11,-60,false,g,true
148.142,-60,false,b,true
160.152,-60,false,b,true
171.023,-40,true,l,true
160,-40,false,l,true
177.394,-40,true,g,true
166.939,-60,false,g,true
138.542,-60,false,b,true
150.976,-40,true,l,true
160,-40,false,l,true
195.858,-40,true,g,true
186.441,-60,false,g,true
137.591,-60,false,b,true
150.104,-40,true,l,true
160,-40,false,l,true
169.599,-40,true,g,true
158.631,-60,false,g,true
153.616,-60,false,b,true
147.948,-60,false,b,true
159.651,-40,true,l,true
160,-40,false,l,true
157.357,-40,true,g,true
145.469,-60,false,g,true
137.967,-60,false,b,true
150.449,-40,true,l,true
160,-40,false,l,true
178.786,-40,true,g,true
168.417,-60,false,g,true
152.651,-60,false,b,true
164.019,-40,true,l,true
160,-40,false,l,true
172.463,-40,true,g,true
161.689,-60,false,g,true
155.08,-60,false,b,true
166.282,-40,true,l,true
160,-40,false,l,true
193.151,-40,true,g,true
183.596,-60,false,g,true
182.233,-60,false,b,true
191.856,-40,true,l,true
160,-40,false,l,true
185.878,-40,true,g,true
175.928,-60,false,g,true
178.983,-60,false,b,true
137.04,-60,false,b,true
149.599,-40,true,l,true
160,-40,false,l,true
194.141,-40,true,g,true
184.637,-60,false,g,true
149.097,-60,false,b,true
160.717,-40,true,l,true
160,-40,false,l,true
153.915,-40,true,g,true
141.739,-60,false,g,true
137.237,-60,false,b,true
149.78,-40,true,l,true
160,-40,false,l,true
200.964,-40,true,g,true
191.798,-60,false,g,true
171.998,-60,false,b,true
182.163,-40,true,l,true
160,-40,false,l,true
170.414,-40,true,g,true
159.502,-60,false,g,true
141.198,-60,false,b,true
153.417,-40,true,l,true
160,-40,false,l,true
176.788,-40,true,g,true
166.294,-60,false,g,true
146.977,-60,false,b,true
136.993,-60,false,b,true
149.557,-40,true,l,true
160,-40,false,l,true
170.72,-40,true,g,true
159.829,-60,false,g,true
140.4,-60,false,b,true
152.683,-40,true,l,true
160,-40,false,l,true
163.556,-40,true,g,true
152.154,-60,false,g,true
147.756,-60,false,b,true
159.474,-40,true,l,true
160,-40,false,l,true
170.37,-40,true,g,true
159.455,-60,false,g,true
152.562,-60,false,b,true
162.562,-60,false,b,true
173.281,-40,true,l,true
160,-40,false,l,true
168.704,-40,true,g,true
157.674,-60,false,g,true
152.738,-60,false,b,true
164.1,-40,true,l,true
160,-40,false,l,true
159.908,-40,true,g,true
148.224,-60,false,g,true
144.342,-60,false,b,true
156.316,-40,true,l,true
160,-40,false,l,true
169.34,-40,true,g,true
158.354,-60,false,g,true
138.158,-60,false,b,true
150.624,-40,true,l,true
160,-40,false,l,true
167.006,-40,true,g,true
155.856,-60,false,g,true
146.847,-60,false,b,true
158.632,-40,true,l,true
160,-40,false,l,true
173.425,-40,true,g,true
162.715,-60,false,g,true
136.015,-60,false,b,true
148.661,-40,true,l,true
160,-40,false,l,true
174.221,-40,true,g,true
163.563,-60,false,g,true
140.766,-60,false,b,true
153.02,-40,true,l,true
160,-40,false,l,true
175.007,-40,true,g,true
164.4,-60,false,g,true
145.925,-60,false,b,true
157.779,-40,true,l,true
160,-40,false,l,true
200.473,-40,true,g,true
191.284,-60,false,g,true
138.891,-60,false,b,true
151.296,-40,true,l,true
160,-40,false,l,true
191.766,-40,true,g,true
182.138,-60,false,g,true
154.609,-60,false,b,true
136.379,-60,false,b,true
148.994,-40,true,l,true
160,-40,false,l,true
171.496,-40,true,g,true
160.657,-60,false,g,true
142.299,-60,false,b,true
154.431,-40,true,l,true
160,-40,false,l,true
179.79,-40,true,g,true
169.483,-60,false,g,true
162.081,-60,false,b,true
172.83,-40,true,l,true
160,-40,false,l,true
169.214,-40,true,g,true
158.219,-60,false,g,true
139.239,-60,false,b,true
151.617,-40,true,l,true
160,-40,false,l,true
175.422,-40,true,g,true
164.842,-60,false,g,true
159.365,-60,false,b,true
170.286,-40,true,l,true
160,-40,false,l,true
179.221,-40,true,g,true
168.879,-60,false,g,true
149.072,-60,false,b,true
160.693,-40,true,l,true
160,-40,false,l,true
201.504,-40,true,g,true
192.364,-60,false,g,true
138.08,-60,false,b,true
150.552,-40,true,l,true
160,-40,false,l,true
176.3,-40,true,g,true
165.776,-60,false,g,true
159.064,-60,false,b,true
170.004,-40,true,l,true
160,-40,false,l,true
162.406,-40,true,g,true
150.916,-60,false,g,true
136.359,-60,false,b,true
148.976,-40,true,l,true
160,-40,false,l,true
156.005,-40,true,g,true
144.005,-60,false,g,true
136.297,-60,false,b,true
148.919,-40,true,l,true
160,-40,false,l,true
162.174,-40,true,g,true
150.667,-60,false,g,true
135.054,-60,false,b,true
147.782,-40,true,l,true
160,-40,false,l,true
169.688,-40,true,g,true
158.726,-60,false,g,true
152.896,-60,false,b,true
164.248,-40,true,l,true
160,-40,false,l,true
199.748,-40,true,g,true
190.523,-60,false,g,true
146.313,-60,false,b,true
158.138,-40,true,l,true
160,-40,false,l,true
156.666,-40,true,g,true
144.721,-60,false,g,true
145.508,-60,false,b,true
161.115,-60,false,b,true
154.417,-60,false,b,true
165.664,-40,true,l,true
160,-40,false,l,true
178.398,-40,true,g,true
168.006,-60,false,g,true
165.056,-60,false,b,true
175.623,-40,true,l,true
160,-40,false,l,true
196.803,-40,true,g,true
187.433,-60,false,g,true
184.718,-60,false,b,true
136.628,-60,false,b,true
149.222,-40,true,l,true
160,-40,false,l,true
203.319,-40,true,g,true
194.264,-60,false,g,true
151.71,-60,false,b,true
163.144,-40,true,l,true
160,-40,false,l,true
191.824,-40,true,g,true
182.199,-60,false,g,true
149.715,-60,false,b,true
161.29,-40,true,l,true
160,-40,false,l,true
193.081,-40,true,g,true
183.522,-60,false,g,true
159.004,-60,false,b,true
169.948,-40,true,l,true
160,-40,false,l,true
162.665,-40,true,g,true
151.195,-60,false,g,true
136.988,-60,false,b,true
149.552,-40,true,l,true
160,-40,false,l,true
196.513,-40,true,g,true
187.13,-60,false,g,true
152.706,-60,false,b,true
164.07,-40,true,l,true
160,-40,false,l,true
162.875,-40,true,g,true
151.421,-60,false,g,true
148.067,-60,false,b,true
159.762,-40,true,l,true
160,-40,false,l,true
193.962,-40,true,g,true
184.448,-60,false,g,true
135.238,-60,false,b,true
147.95,-40,true,l,true
160,-40,false,l,true
198.787,-40,true,g,true
189.516,-60,false,g,true
168.816,-60,false,b,true
179.162,-40,true,l,true
160,-40,false,l,true
200.44,-40,true,g,true
191.249,-60,false,g,true
162.937,-60,false,b,true
173.633,-40,true,l,true
160,-40,false,l,true
207.506,-40,true,g,true
198.642,-60,false,g,true
171.27,-60,false,b,true
181.476,-40,true,l,true
160,-40,false,l,true
164.874,-40,true,g,true
153.569,-60,false,g,true
138.647,-60,false,b,true
151.073,-40,true,l,true
160,-40,false,l,true
171.188,-40,true,g,true
160.329,-60,false,g,true
148.653,-60,false,b,true
160.305,-40,true,l,true
160,-40,false,l,true
181.107,-40,true,g,true
170.879,-60,false,g,true
139.235,-60,false,b,true
151.613,-40,true,l,true
160,-40,false,l,true
196.731,-40,true,g,true
187.358,-60,false,g,true
170.53,-60,false,b,true
180.777,-40,true,l,true
160,-40,false,l,true
195.47,-40,true,g,true
186.034,-60,false,g,true
146.78,-60,false,b,true
158.569,-40,true,l,true
160,-40,false,l,true
169.825,-40,true,g,true
158.872,-60,false,g,true
152.388,-60,false,b,true
163.774,-40,true,l,true
160,-40,false,l,true
163.355,-40,true,g,true
151.937,-60,false,g,true
145.139,-60,false,b,true
147.503,-60,false,b,true
159.239,-40,true,l,true
160,-40,false,l,true
168.813,-40,true,g,true
157.79,-60,false,g,true
151.734,-60,false,b,true
163.167,-40,true,l,true
160,-40,false,l,true
162.931,-40,true,g,true
151.481,-60,false,g,true
147.954,-60,false,b,true
159.658,-40,true,l,true
160,-40,false,l,true
198.73,-40,true,g,true
189.456,-60,false,g,true
150.673,-60,false,b,true
162.18,-40,true,l,true
160,-40,false,l,true
170.206,-40,true,g,true
159.28,-60,false,g,true
142.264,-60,false,b,true
154.399,-40,true,l,true
160,-40,false,l,true
199.652,-40,true,g,true
190.423,-60,false,g,true
158.581,-60,false,b,true
169.553,-40,true,l,true
160,-40,false,l,true
178.447,-40,true,g,true
168.057,-60,false,g,true
149.428,-60,false,b,true
161.024,-40,true,l,true
160,-40,false,l,true
175.671,-40,true,g,true
165.107,-60,false,g,true
135.414,-60,false,b,true
148.111,-40,true,l,true
160,-40,false,l,true
177.323,-40,true,g,true
166.863,-60,false,g,true
160.11,-60,false,b,true
170.983,-40,true,l,true
160,-40,false,l,true
180.452,-40,true,g,true
170.185,-60,false,g,true
162.797,-60,false,b,true
173.501,-40,true,l,true
160,-40,false,l,true
200.908,-40,true,g,true
191.74,-60,false,g,true
152.797,-60,false,b,true
164.155,-40,true,l,true
160,-40,false,l,true
205.995,-40,true,g,true
197.064,-60,false,g,true
137.089,-60,false,b,true
149.644,-40,true,l,true
160,-40,false,l,true
162.224,-40,true,g,true
150.72,-60,false,g,true
147.577,-60,false,b,true
159.307,-40,true,l,true
160,-40,false,l,true
164.013,-40,true,g,true
152.644,-60,false,g,true
137.56,-60,false,b,true
150.075,-40,true,l,true
160,-40,false,l,true
157.526,-40,true,g,true
145.652,-60,false,g,true
136.296,-60,false,b,true
148.918,-40,true,l,true
160,-40,false,l,true
181.479,-40,true,g,true
171.273,-60,false,g,true
164.512,-60,false,b,true
175.112,-40,true,l,true
160,-40,false,l,true
164.814,-40,true,g,true
153.504,-60,false,g,true
147.429,-60,false,b,true
159.17,-40,true,l,true
160,-40,false,l,true
206.386,-40,true,g,true
197.472,-60,false,g,true
192.588,-60,false,b,true
142.137,-60,false,b,true
154.282,-40,true,l,true
160,-40,false,l,true
169.34,-40,true,g,true
158.354,-60,false,g,true
142.329,-60,false,b,true
154.459,-40,true,l,true
160,-40,false,l,true
198.662,-40,true,g,true
189.385,-60,false,g,true
149.757,-60,false,b,true
161.329,-40,true,l,true
160,-40,false,l,true
181.326,-40,true,g,true
171.112,-60,false,g,true
136.988,-60,false,b,true
149.552,-40,true,l,true
160,-40,false,l,true
178.827,-40,true,g,true
168.461,-60,false,g,true
162.103,-60,false,b,true
172.851,-40,true,l,true
160,-40,false,l,true
180.472,-40,true,g,true
170.207,-60,false,g,true
162.647,-60,false,b,true
173.361,-40,true,l,true
160,-40,false,l,true
195.647,-40,true,g,true
186.22,-60,false,g,true
183.176,-60,false,b,true
