x,z,relay,string,error,index
160,-60,false,f,true
197.667,-60,false,b,true
157.904,-60,false,b,true
168.919,-40,true,l,true
160,-40,false,l,true
166.422,-40,true,g,true
155.23,-60,false,g,true
145.866,-60,false,b,true
157.724,-40,true,l,true
160,-40,false,l,true
189.506,-40,true,g,true
179.757,-60,false,g,true
176.289,-60,false,b,true
136.059,-60,false,b,true
174.133,-60,false,b,true
177.488,-60,false,b,true
187.355,-40,true,l,true
160,-40,false,l,true
160.078,-40,true,g,true
148.409,-60,false,g,true
149.567,-60,false,b,true
161.153,-40,true,l,true
160,-40,false,l,true
167.467,-40,true,g,true
156.35,-60,false,g,true
146.841,-60,false,b,true
158.626,-40,true,l,true
160,-40,false,l,true
190.404,-40,true,g,true
180.704,-60,false,g,true
141.98,-60,false,b,true
154.137,-40,true,l,true
160,-40,false,l,true
169.544,-40,true,g,true
158.572,-60,false,g,true
151.032,-60,false,b,true
162.514,-40,true,l,true
160,-40,false,l,true
168.199,-40,true,g,true
157.133,-60,false,g,true
137.032,-60,false,b,true
142.668,-60,false,b,true
159.062,-60,false,b,true
196.775,-60,false,b,true
168.73,-60,false,b,true
179.08,-40,true,l,true
160,-40,false,l,true
165.81,-40,true,g,true
154.573,-60,false,g,true
147.86,-60,false,b,true
159.57,-40,true,l,true
160,-40,false,l,true
169.378,-40,true,g,true
158.395,-60,false,g,true
152.41,-60,false,b,true
163.795,-40,true,l,true
160,-40,false,l,true
163.396,-40,true,g,true
151.981,-60,false,g,true
141.997,-60,false,b,true
154.153,-40,true,l,true
160,-40,false,l,true
171.615,-40,true,g,true
160.785,-60,false,g,true
151.678,-60,false,b,true
163.114,-40,true,l,true
160,-40,false,l,true
158.525,-40,true,g,true
146.732,-60,false,g,true
150.053,-60,false,b,true
161.604,-40,true,l,true
160,-40,false,l,true
169.188,-40,true,g,true
158.191,-60,false,g,true
158.867,-60,false,b,true
135.828,-60,false,b,true
188.131,-60,false,b,true
197.467,-40,true,l,true
160,-40,false,l,true
196.012,-40,true,g,true
186.603,-60,false,g,true
183.918,-60,false,b,true
156.872,-60,false,b,true
167.955,-40,true,l,true
160,-40,false,l,true
169.536,-40,true,g,true
158.564,-60,false,g,true
152.114,-60,false,b,true
163.52,-40,true,l,true
160,-40,false,l,true
163.961,-40,true,g,true
152.589,-60,false,g,true
145.109,-60,false,b,true
157.024,-40,true,l,true
160,-40,false,l,true
160.68,-40,true,g,true
149.057,-60,false,g,true
142.929,-60,false,b,true
155.012,-40,true,l,true
160,-40,false,l,true
169.462,-40,true,g,true
158.485,-60,false,g,true
148.93,-60,false,b,true
152.166,-60,false,b,true
163.568,-40,true,l,true
160,-40,false,l,true
170.16,-40,true,g,true
159.23,-60,false,g,true
191.367,-60,false,b,true
200.552,-40,true,l,true
160,-40,false,l,true
170.299,-40,true,g,true
159.38,-60,false,g,true
147.619,-60,false,b,true
159.347,-40,true,l,true
160,-40,false,l,true
162.464,-40,true,g,true
150.978,-60,false,g,true
144.402,-60,false,b,true
156.371,-40,true,l,true
160,-40,false,l,true
198.826,-40,true,g,true
189.557,-60,false,g,true
136.3,-60,false,b,true
157.779,-60,false,b,true
136.832,-60,false,b,true
186.653,-60,false,b,true
196.06,-40,true,l,true
160,-40,false,l,true
190.508,-40,true,g,true
180.813,-60,false,g,true
135.257,-60,false,b,true
155.827,-60,false,b,true
151.269,-60,false,b,true
162.734,-40,true,l,true
160,-40,false,l,true
163.362,-40,true,g,true
151.944,-60,false,g,true
143.289,-60,false,b,true
178.727,-60,false,b,true
188.53,-40,true,l,true
160,-40,false,l,true
197.502,-40,true,g,true
188.168,-60,false,g,true
136.019,-60,false,b,true
148.665,-40,true,l,true
160,-40,false,l,true
151.935,-40,true,g,true
139.586,-60,false,g,true
137.58,-60,false,b,true
142.721,-60,false,b,true
154.82,-40,true,l,true
160,-40,false,l,true
160.799,-40,true,g,true
149.185,-60,false,g,true
141.744,-60,false,b,true
161.235,-60,false,b,true
172.037,-40,true,l,true
160,-40,false,l,true
158.859,-40,true,g,true
147.092,-60,false,g,true
140.165,-60,false,b,true
152.467,-40,true,l,true
160,-40,false,l,true
164.876,-40,true,g,true
153.572,-60,false,g,true
144.407,-60,false,b,true
156.375,-40,true,l,true
160,-40,false,l,true
167.29,-40,true,g,true
156.16,-60,false,g,true
152.199,-60,false,b,true
163.599,-40,true,l,true
160,-40,false,l,true
171.068,-40,true,g,true
160.201,-60,false,g,true
152.338,-60,false,b,true
163.728,-40,true,l,true
160,-40,false,l,true
156.817,-40,true,g,true
144.885,-60,false,g,true
142.619,-60,false,b,true
152.481,-60,false,b,true
140.088,-60,false,b,true
167.987,-60,false,b,true
178.381,-40,true,l,true
160,-40,false,l,true
188.132,-40,true,g,true
178.308,-60,false,g,true
137.356,-60,false,b,true
158.51,-60,false,b,true
192.141,-60,false,b,true
201.292,-40,true,l,true
160,-40,false,l,true
167.092,-40,true,g,true
155.947,-60,false,g,true
150.515,-60,false,b,true
162.033,-40,true,l,true
160,-40,false,l,true
172.549,-40,true,g,true
161.781,-60,false,g,true
156.218,-60,false,b,true
167.344,-40,true,l,true
160,-40,false,l,true
158.537,-40,true,g,true
146.744,-60,false,g,true
143.598,-60,false,b,true
155.629,-40,true,l,true
160,-40,false,l,true
172.462,-40,true,g,true
161.689,-60,false,g,true
154.978,-60,false,b,true
166.187,-40,true,l,true
160,-40,false,l,true
150.105,-40,true,g,true
137.591,-60,false,g,true
138.399,-60,false,b,true
150.845,-40,true,l,true
160,-40,false,l,true
163.451,-40,true,g,true
152.041,-60,false,g,true
145.405,-60,false,b,true
157.298,-40,true,l,true
160,-40,false,l,true
167.013,-40,true,g,true
155.863,-60,false,g,true
148.521,-60,false,b,true
160.183,-40,true,l,true
160,-40,false,l,true
160.197,-40,true,g,true
148.536,-60,false,g,true
143.076,-60,false,b,true
155.147,-40,true,l,true
160,-40,false,l,true
165.136,-40,true,g,true
153.85,-60,false,g,true
146.209,-60,false,b,true
158.041,-40,true,l,true
160,-40,false,l,true
159.425,-40,true,g,true
147.703,-60,false,g,true
179.13,-60,false,b,true
188.912,-40,true,l,true
160,-40,false,l,true
165.529,-40,true,g,true
154.272,-60,false,g,true
150.164,-60,false,b,true
189.684,-60,false,b,true
198.947,-40,true,l,true
160,-40,false,l,true
162.077,-40,true,g,true
150.562,-60,false,g,true
193.778,-60,false,b,true
168.94,-60,false,b,true
179.279,-40,true,l,true
160,-40,false,l,true
202.938,-40,true,g,true
193.866,-60,false,g,true
192.082,-60,false,b,true
160.204,-60,false,b,true
179.609,-60,false,b,true
181.75,-60,false,b,true
191.398,-40,true,l,true
160,-40,false,l,true
163.957,-40,true,g,true
152.585,-60,false,g,true
143.667,-60,false,b,true
155.692,-40,true,l,true
160,-40,false,l,true
158.558,-40,true,g,true
146.767,-60,false,g,true
185.333,-60,false,b,true
194.804,-40,true,l,true
160,-40,false,l,true
166.046,-40,true,g,true
154.827,-60,false,g,true
147.09,-60,false,b,true
149.285,-60,false,b,true
160.891,-40,true,l,true
160,-40,false,l,true
167.321,-40,true,g,true
156.194,-60,false,g,true
146.274,-60,false,b,true
158.101,-40,true,l,true
160,-40,false,l,true
167.783,-40,true,g,true
156.688,-60,false,g,true
150.861,-60,false,b,true
162.354,-40,true,l,true
160,-40,false,l,true
187.75,-40,true,g,true
177.905,-60,false,g,true
174.488,-60,false,b,true
184.516,-40,true,l,true
160,-40,false,l,true
164.193,-40,true,g,true
152.838,-60,false,g,true
144.867,-60,false,b,true
156.8,-40,true,l,true
160,-40,false,l,true
163.868,-40,true,g,true
152.489,-60,false,g,true
144.586,-60,false,b,true
156.541,-40,true,l,true
160,-40,false,l,true
160.322,-40,true,g,true
148.671,-60,false,g,true
141.329,-60,false,b,true
153.538,-40,true,l,true
160,-40,false,l,true
166.357,-40,true,g,true
155.161,-60,false,g,true
145.618,-60,false,b,true
157.495,-40,true,l,true
160,-40,false,l,true
189.68,-40,true,g,true
179.94,-60,false,g,true
141.039,-60,false,b,true
153.271,-40,true,l,true
160,-40,false,l,true
200.599,-40,true,g,true
191.416,-60,false,g,true
159.19,-60,false,b,true
170.122,-40,true,l,true
160,-40,false,l,true
158.568,-40,true,g,true
146.778,-60,false,g,true
139.872,-60,false,b,true
152.198,-40,true,l,true
160,-40,false,l,true
166.557,-40,true,g,true
155.374,-60,false,g,true
147.083,-60,false,b,true
158.851,-40,true,l,true
160,-40,false,l,true
176.887,-40,true,g,true
166.4,-60,false,g,true
159.436,-60,false,b,true
170.352,-40,true,l,true
160,-40,false,l,true
168.64,-40,true,g,true
157.605,-60,false,g,true
159.772,-60,false,b,true
137.114,-60,false,b,true
149.667,-40,true,l,true
160,-40,false,l,true
160.003,-40,true,g,true
148.327,-60,false,g,true
138.05,-60,false,b,true
166.092,-60,false,b,true
176.597,-40,true,l,true
160,-40,false,l,true
163.923,-40,true,g,true
152.547,-60,false,g,true
144.979,-60,false,b,true
156.904,-40,true,l,true
160,-40,false,l,true
186.85,-40,true,g,true
176.955,-60,false,g,true
174.416,-60,false,b,true
184.448,-40,true,l,true
160,-40,false,l,true
164.005,-40,true,g,true
152.635,-60,false,g,true
145.928,-60,false,b,true
157.782,-40,true,l,true
160,-40,false,l,true
185.502,-40,true,g,true
175.531,-60,false,g,true
143.649,-60,false,b,true
155.676,-40,true,l,true
160,-40,false,l,true
162.153,-40,true,g,true
150.644,-60,false,g,true
143.586,-60,false,b,true
155.618,-40,true,l,true
160,-40,false,l,true
170.173,-40,true,g,true
159.245,-60,false,g,true
151.252,-60,false,b,true
162.718,-40,true,l,true
160,-40,false,l,true
168.18,-40,true,g,true
157.113,-60,false,g,true
147.161,-60,false,b,true
158.922,-40,true,l,true
160,-40,false,l,true
154.927,-40,true,g,true
142.837,-60,false,g,true
137.038,-60,false,b,true
149.597,-40,true,l,true
160,-40,false,l,true
201.958,-40,true,g,true
192.839,-60,false,g,true
190.096,-60,false,b,true
160.741,-60,false,b,true
146.638,-60,false,b,true
158.438,-40,true,l,true
160,-40,false,l,true
205.012,-40,true,g,true
196.036,-60,false,g,true
160.46,-60,false,b,true
171.311,-40,true,l,true
160,-40,false,l,true
176.037,-40,true,g,true
165.496,-60,false,g,true
158.948,-60,false,b,true
169.895,-40,true,l,true
160,-40,false,l,true
161.98,-40,true,g,true
150.457,-60,false,g,true
149.268,-60,false,b,true
160.875,-40,true,l,true
160,-40,false,l,true
163.897,-40,true,g,true
152.52,-60,false,g,true
145.135,-60,false,b,true
157.048,-40,true,l,true
160,-40,false,l,true
167.463,-40,true,g,true
156.345,-60,false,g,true
148.335,-60,false,b,true
160.01,-40,true,l,true
160,-40,false,l,true
157.65,-40,true,g,true
145.786,-60,false,g,true
138.041,-60,false,b,true
150.517,-40,true,l,true
160,-40,false,l,true
163.26,-40,true,g,true
151.834,-60,false,g,true
149.976,-60,false,b,true
170.993,-60,false,b,true
166.646,-60,false,b,true
167.454,-60,false,b,true
177.879,-40,true,l,true
160,-40,false,l,true
158.065,-40,true,g,true
146.235,-60,false,g,true
138.793,-60,false,b,true
151.207,-40,true,l,true
160,-40,false,l,true
175.528,-40,true,g,true
164.955,-60,false,g,true
159.045,-60,false,b,true
169.986,-40,true,l,true
160,-40,false,l,true
172.139,-40,true,g,true
161.343,-60,false,g,true
155.974,-60,false,b,true
167.116,-40,true,l,true
160,-40,false,l,true
155.971,-40,true,g,true
143.968,-60,false,g,true
137.487,-60,false,b,true
150.008,-40,true,l,true
160,-40,false,l,true
160.697,-40,true,g,true
149.075,-60,false,g,true
136.837,-60,false,b,true
141.664,-60,false,b,true
166.211,-60,false,b,true
185.959,-60,false,b,true
