x,z,relay,string,error,index
160,-60,false,f,true
148.081,-60,false,b,true
159.774,-40,true,l,true
160,-40,false,l,true
168.383,-40,true,g,true
157.33,-60,false,g,true
148.681,-60,false,b,true
160.331,-40,true,l,true
160,-40,false,l,true
160.547,-40,true,g,true
148.914,-60,false,g,true
141.014,-60,false,b,true
153.248,-40,true,l,true
160,-40,false,l,true
197.354,-40,true,g,true
188.012,-60,false,g,true
185.992,-60,false,b,true
155.711,-60,false,b,true
179.371,-60,false,b,true
189.14,-40,true,l,true
160,-40,false,l,true
194.94,-40,true,g,true
185.477,-60,false,g,true
136.251,-60,false,b,true
141.561,-60,false,b,true
153.752,-40,true,l,true
160,-40,false,l,true
159.508,-40,true,g,true
147.793,-60,false,g,true
139.989,-60,false,b,true
152.306,-40,true,l,true
160,-40,false,l,true
157.594,-40,true,g,true
145.725,-60,false,g,true
138.358,-60,false,b,true
150.807,-40,true,l,true
160,-40,false,l,true
205.619,-40,true,g,true
196.67,-60,false,g,true
161.247,-60,false,b,true
162.209,-60,false,b,true
135.131,-60,false,b,true
147.852,-40,true,l,true
160,-40,false,l,true
170.605,-40,true,g,true
159.706,-60,false,g,true
148.832,-60,false,b,true
193.829,-60,false,b,true
198.326,-60,false,b,true
207.203,-40,true,l,true
160,-40,false,l,true
158.015,-40,true,g,true
146.181,-60,false,g,true
139.795,-60,false,b,true
152.127,-40,true,l,true
160,-40,false,l,true
161.922,-40,true,g,true
150.395,-60,false,g,true
149.475,-60,false,b,true
169.15,-60,false,b,true
198.333,-60,false,b,true
161.56,-60,false,b,true
172.342,-40,true,l,true
160,-40,false,l,true
204.998,-40,true,g,true
196.021,-60,false,g,true
192.474,-60,false,b,true
148.727,-60,false,b,true
160.374,-40,true,l,true
160,-40,false,l,true
208.801,-40,true,g,true
199.994,-60,false,g,true
147.353,-60,false,b,true
168.074,-60,false,b,true
163.383,-60,false,b,true
174.051,-40,true,l,true
160,-40,false,l,true
204.724,-40,true,g,true
195.734,-60,false,g,true
146.787,-60,false,b,true
158.576,-40,true,l,true
160,-40,false,l,true
171.096,-40,true,g,true
160.23,-60,false,g,true
149.551,-60,false,b,true
161.138,-40,true,l,true
160,-40,false,l,true
204.728,-40,true,g,true
195.738,-60,false,g,true
160.101,-60,false,b,true
170.974,-40,true,l,true
160,-40,false,l,true
175.567,-40,true,g,true
164.996,-60,false,g,true
158.545,-60,false,b,true
169.518,-40,true,l,true
160,-40,false,l,true
187.663,-40,true,g,true
177.812,-60,false,g,true
168.016,-60,false,b,true
168.136,-60,false,b,true
163.96,-60,false,b,true
139.743,-60,false,b,true
152.08,-40,true,l,true
160,-40,false,l,true
167.103,-40,true,g,true
155.96,-60,false,g,true
150.219,-60,false,b,true
161.759,-40,true,l,true
160,-40,false,l,true
156.453,-40,true,g,true
144.491,-60,false,g,true
146.63,-60,false,b,true
188.335,-60,false,b,true
197.661,-40,true,l,true
160,-40,false,l,true
202.402,-40,true,g,true
193.304,-60,false,g,true
192.343,-60,false,b,true
162.262,-60,false,b,true
186.551,-60,false,b,true
184.213,-60,false,b,true
193.738,-40,true,l,true
160,-40,false,l,true
161.625,-40,true,g,true
150.075,-60,false,g,true
146.391,-60,false,b,true
158.209,-40,true,l,true
160,-40,false,l,true
163.494,-40,true,g,true
152.087,-60,false,g,true
142.503,-60,false,b,true
154.619,-40,true,l,true
160,-40,false,l,true
187.769,-40,true,g,true
177.925,-60,false,g,true
142.214,-60,false,b,true
154.353,-40,true,l,true
160,-40,false,l,true
157.912,-40,true,g,true
146.069,-60,false,g,true
147.843,-60,false,b,true
159.554,-40,true,l,true
160,-40,false,l,true
182.903,-40,true,g,true
172.781,-60,false,g,true
137.051,-60,false,b,true
149.609,-40,true,l,true
160,-40,false,l,true
166.784,-40,true,g,true
155.617,-60,false,g,true
137.804,-60,false,b,true
180.417,-60,false,b,true
190.133,-40,true,l,true
160,-40,false,l,true
179.531,-40,true,g,true
169.209,-60,false,g,true
148.902,-60,false,b,true
160.536,-40,true,l,true
160,-40,false,l,true
168.418,-40,true,g,true
157.368,-60,false,g,true
150.264,-60,false,b,true
161.8,-40,true,l,true
160,-40,false,l,true
169.73,-40,true,g,true
158.771,-60,false,g,true
155.144,-60,false,b,true
168.561,-60,false,b,true
159.793,-60,false,b,true
170.687,-40,true,l,true
160,-40,false,l,true
175.063,-40,true,g,true
164.46,-60,false,g,true
158.061,-60,false,b,true
169.066,-40,true,l,true
160,-40,false,l,true
163.277,-40,true,g,true
151.853,-60,false,g,true
146.549,-60,false,b,true
158.356,-40,true,l,true
160,-40,false,l,true
190.063,-40,true,g,true
180.344,-60,false,g,true
152.811,-60,false,b,true
164.168,-40,true,l,true
160,-40,false,l,true
177.941,-40,true,g,true
167.521,-60,false,g,true
161.774,-60,false,b,true
172.542,-40,true,l,true
160,-40,false,l,true
201.242,-40,true,g,true
192.089,-60,false,g,true
156.439,-60,false,b,true
168.443,-60,false,b,true
176.882,-60,false,b,true
186.781,-40,true,l,true
160,-40,false,l,true
172.601,-40,true,g,true
161.836,-60,false,g,true
156.287,-60,false,b,true
167.409,-40,true,l,true
160,-40,false,l,true
155.068,-40,true,g,true
142.989,-60,false,g,true
137.437,-60,false,b,true
149.963,-40,true,l,true
160,-40,false,l,true
201.757,-40,true,g,true
192.629,-60,false,g,true
190.045,-60,false,b,true
160.843,-60,false,b,true
149.057,-60,false,b,true
160.68,-40,true,l,true
160,-40,false,l,true
160.298,-40,true,g,true
148.646,-60,false,g,true
141.661,-60,false,b,true
153.843,-40,true,l,true
160,-40,false,l,true
182.46,-40,true,g,true
172.313,-60,false,g,true
144.386,-60,false,b,true
156.357,-40,true,l,true
160,-40,false,l,true
162.011,-40,true,g,true
150.491,-60,false,g,true
142.62,-60,false,b,true
154.727,-40,true,l,true
160,-40,false,l,true
184.681,-40,true,g,true
174.663,-60,false,g,true
142.968,-60,false,b,true
155.048,-40,true,l,true
160,-40,false,l,true
163.963,-40,true,g,true
152.591,-60,false,g,true
150.15,-60,false,b,true
171.598,-60,false,b,true
138.161,-60,false,b,true
150.627,-40,true,l,true
160,-40,false,l,true
159.675,-40,true,g,true
147.973,-60,false,g,true
144.447,-60,false,b,true
183.868,-60,false,b,true
193.41,-40,true,l,true
160,-40,false,l,true
198.662,-40,true,g,true
189.385,-60,false,g,true
139.313,-60,false,b,true
151.684,-40,true,l,true
160,-40,false,l,true
197.665,-40,true,g,true
188.339,-60,false,g,true
160.666,-60,false,b,true
166.541,-60,false,b,true
177.02,-40,true,l,true
160,-40,false,l,true
172.573,-40,true,g,true
161.807,-60,false,g,true
195.562,-60,false,b,true
204.559,-40,true,l,true
160,-40,false,l,true
163.024,-40,true,g,true
151.581,-60,false,g,true
143.535,-60,false,b,true
155.571,-40,true,l,true
160,-40,false,l,true
155.569,-40,true,g,true
143.533,-60,false,g,true
170.454,-60,false,b,true
180.706,-40,true,l,true
160,-40,false,l,true
183.924,-40,true,g,true
173.862,-60,false,g,true
170.897,-60,false,b,true
170.45,-60,false,b,true
180.702,-40,true,l,true
160,-40,false,l,true
159.577,-40,true,g,true
147.867,-60,false,g,true
141.155,-60,false,b,true
153.378,-40,true,l,true
160,-40,false,l,true
189.418,-40,true,g,true
179.665,-60,false,g,true
143.896,-60,false,b,true
155.904,-40,true,l,true
160,-40,false,l,true
162.834,-40,true,g,true
151.377,-60,false,g,true
142.849,-60,false,b,true
154.939,-40,true,l,true
160,-40,false,l,true
186.036,-40,true,g,true
176.095,-60,false,g,true
172.975,-60,false,b,true
183.086,-40,true,l,true
160,-40,false,l,true
163.336,-40,true,g,true
151.916,-60,false,g,true
144.996,-60,false,b,true
156.919,-40,true,l,true
160,-40,false,l,true
198.53,-40,true,g,true
189.247,-60,false,g,true
160.886,-60,false,b,true
171.71,-40,true,l,true
160,-40,false,l,true
160.577,-40,true,g,true
148.946,-60,false,g,true
140.889,-60,false,b,true
153.133,-40,true,l,true
160,-40,false,l,true
158.668,-40,true,g,true
146.887,-60,false,g,true
139.173,-60,false,b,true
151.556,-40,true,l,true
160,-40,false,l,true
166.646,-40,true,g,true
155.469,-60,false,g,true
146.862,-60,false,b,true
158.645,-40,true,l,true
160,-40,false,l,true
168.445,-40,true,g,true
157.396,-60,false,g,true
144.86,-60,false,b,true
156.794,-40,true,l,true
160,-40,false,l,true
156.858,-40,true,g,true
144.929,-60,false,g,true
136.55,-60,false,b,true
149.15,-40,true,l,true
160,-40,false,l,true
189.761,-40,true,g,true
180.026,-60,false,g,true
176.236,-60,false,b,true
139.189,-60,false,b,true
176.481,-60,false,b,true
180.168,-60,false,b,true
189.896,-40,true,l,true
160,-40,false,l,true
164.874,-40,true,g,true
153.569,-60,false,g,true
144.262,-60,false,b,true
143.68,-60,false,b,true
155.704,-40,true,l,true
160,-40,false,l,true
185.768,-40,true,g,true
175.812,-60,false,g,true
140.547,-60,false,b,true
152.819,-40,true,l,true
160,-40,false,l,true
162.993,-40,true,g,true
151.547,-60,false,g,true
142.85,-60,false,b,true
154.939,-40,true,l,true
160,-40,false,l,true
194.145,-40,true,g,true
184.64,-60,false,g,true
145.051,-60,false,b,true
156.971,-40,true,l,true
160,-40,false,l,true
178.913,-40,true,g,true
168.552,-60,false,g,true
161.746,-60,false,b,true
172.516,-40,true,l,true
160,-40,false,l,true
196.382,-40,true,g,true
186.991,-60,false,g,true
154.805,-60,false,b,true
166.025,-40,true,l,true
160,-40,false,l,true
155.35,-40,true,g,true
143.296,-60,false,g,true
136.685,-60,false,b,true
149.274,-40,true,l,true
160,-40,false,l,true
158.921,-40,true,g,true
147.159,-60,false,g,true
143.907,-60,false,b,true
155.914,-40,true,l,true
160,-40,false,l,true
172.529,-40,true,g,true
161.759,-60,false,g,true
154.816,-60,false,b,true
166.036,-40,true,l,true
160,-40,false,l,true
150.476,-40,true,g,true
137.997,-60,false,g,true
138.615,-60,false,b,true
151.044,-40,true,l,true
160,-40,false,l,true
170.541,-40,true,g,true
159.638,-60,false,g,true
151.771,-60,false,b,true
163.201,-40,true,l,true
160,-40,false,l,true
163.527,-40,true,g,true
152.122,-60,false,g,true
144.74,-60,false,b,true
156.683,-40,true,l,true
160,-40,false,l,true
161.306,-40,true,g,true
149.732,-60,false,g,true
181.311,-60,false,b,true
190.981,-40,true,l,true
160,-40,false,l,true
163.196,-40,true,g,true
151.766,-60,false,g,true
143.495,-60,false,b,true
155.534,-40,true,l,true
160,-40,false,l,true
159.65,-40,true,g,true
147.946,-60,false,g,true
140.23,-60,false,b,true
152.527,-40,true,l,true
160,-40,false,l,true
182.924,-40,true,g,true
172.804,-60,false,g,true
178.419,-60,false,b,true
188.238,-40,true,l,true
160,-40,false,l,true
169.41,-40,true,g,true
158.429,-60,false,g,true
151.131,-60,false,b,true
162.605,-40,true,l,true
160,-40,false,l,true
163.587,-40,true,g,true
152.186,-60,false,g,true
141.192,-60,false,b,true
153.412,-40,true,l,true
160,-40,false,l,true
165.464,-40,true,g,true
154.202,-60,false,g,true
156.352,-60,false,b,true
148.837,-60,false,b,true
160.475,-40,true,l,true
160,-40,false,l,true
192.026,-40,true,g,true
182.411,-60,false,g,true
146.715,-60,false,b,true
158.509,-40,true,l,true
160,-40,false,l,true
198.141,-40,true,g,true
188.839,-60,false,g,true
149.531,-60,false,b,true
161.12,-40,true,l,true
160,-40,false,l,true
201.262,-40,true,g,true
192.11,-60,false,g,true
187.766,-60,false,b,true
197.119,-40,true,l,true
160,-40,false,l,true
171.334,-40,true,g,true
160.485,-60,false,g,true
153.834,-60,false,b,true
165.121,-40,true,l,true
160,-40,false,l,true
170.257,-40,true,g,true
159.335,-60,false,g,true
151.264,-60,false,b,true
162.729,-40,true,l,true
160,-40,false,l,true
167.041,-40,true,g,true
155.893,-60,false,g,true
138.695,-60,false,b,true
