x,z,relay,string,error,index
160,-60,false,f,true
160,-40,false,l,true
175.389,-40,true,g,true
164.807,-60,false,g,true
156.641,-60,false,b,true
196.598,-60,false,b,true
205.55,-40,true,l,true
160,-40,false,l,true
174.174,-40,true,g,true
163.514,-60,false,g,true
198.764,-60,false,b,true
207.623,-40,true,l,true
160,-40,false,l,true
159.125,-40,true,g,true
147.38,-60,false,g,true
189.877,-60,false,b,true
199.132,-40,true,l,true
160,-40,false,l,true
208.546,-40,true,g,true
199.729,-60,false,g,true
196.463,-60,false,b,true
191.464,-60,false,b,true
200.645,-40,true,l,true
160,-40,false,l,true
193.527,-40,true,g,true
183.991,-60,false,g,true
180.71,-60,false,b,true
190.41,-40,true,l,true
160,-40,false,l,true
175.206,-40,true,g,true
164.612,-60,false,g,true
199.78,-60,false,b,true
208.596,-40,true,l,true
160,-40,false,l,true
158.108,-40,true,g,true
146.282,-60,false,g,true
193.397,-60,false,b,true
202.49,-40,true,l,true
160,-40,false,l,true
179.041,-40,true,g,true
168.688,-60,false,g,true
196.892,-60,false,b,true
205.832,-40,true,l,true
160,-40,false,l,true
154.487,-40,true,g,true
142.359,-60,false,g,true
180.631,-60,false,b,true
190.336,-40,true,l,true
160,-40,false,l,true
205.614,-40,true,g,true
196.665,-60,false,g,true
161.273,-60,false,b,true
190.74,-60,false,b,true
199.955,-40,true,l,true
160,-40,false,l,true
158.176,-40,true,g,true
146.354,-60,false,g,true
194.14,-60,false,b,true
203.201,-40,true,l,true
160,-40,false,l,true
196.783,-40,true,g,true
187.413,-60,false,g,true
184.635,-60,false,b,true
198.62,-60,false,b,true
207.485,-40,true,l,true
160,-40,false,l,true
156.572,-40,true,g,true
144.62,-60,false,g,true
198.703,-60,false,b,true
207.564,-40,true,l,true
160,-40,false,l,true
179.602,-40,true,g,true
169.284,-60,false,g,true
165.752,-60,false,b,true
176.278,-40,true,l,true
160,-40,false,l,true
171.003,-40,true,g,true
160.131,-60,false,g,true
188.895,-60,false,b,true
198.195,-40,true,l,true
160,-40,false,l,true
169.352,-40,true,g,true
158.367,-60,false,g,true
197.342,-60,false,b,true
206.261,-40,true,l,true
160,-40,false,l,true
148.266,-40,true,g,true
135.583,-60,false,g,true
199.674,-60,false,b,true
208.494,-40,true,l,true
160,-40,false,l,true
154.236,-40,true,g,true
142.087,-60,false,g,true
196.816,-60,false,b,true
205.759,-40,true,l,true
160,-40,false,l,true
164.116,-40,true,g,true
152.755,-60,false,g,true
196.973,-60,false,b,true
205.909,-40,true,l,true
160,-40,false,l,true
169.303,-40,true,g,true
158.315,-60,false,g,true
196.515,-60,false,b,true
205.47,-40,true,l,true
160,-40,false,l,true
195.703,-40,true,g,true
186.279,-60,false,g,true
196.142,-60,false,b,true
197.401,-60,false,b,true
206.318,-40,true,l,true
160,-40,false,l,true
162.771,-40,true,g,true
151.309,-60,false,g,true
190.8,-60,false,b,true
200.011,-40,true,l,true
160,-40,false,l,true
163.209,-40,true,g,true
151.78,-60,false,g,true
195.416,-60,false,b,true
204.42,-40,true,l,true
160,-40,false,l,true
173.926,-40,true,g,true
163.249,-60,false,g,true
164.82,-60,false,b,true
199.075,-60,false,b,true
207.92,-40,true,l,true
160,-40,false,l,true
167.678,-40,true,g,true
156.576,-60,false,g,true
195.352,-60,false,b,true
204.358,-40,true,l,true
160,-40,false,l,true
174.094,-40,true,g,true
163.428,-60,false,g,true
156.987,-60,false,b,true
168.063,-40,true,l,true
160,-40,false,l,true
172.488,-40,true,g,true
161.717,-60,false,g,true
158.318,-60,false,b,true
192.97,-60,false,b,true
202.083,-40,true,l,true
160,-40,false,l,true
191.905,-40,true,g,true
182.284,-60,false,g,true
198.963,-60,false,b,true
207.813,-40,true,l,true
160,-40,false,l,true
175.597,-40,true,g,true
165.029,-60,false,g,true
197.165,-60,false,b,true
206.092,-40,true,l,true
160,-40,false,l,true
167.814,-40,true,g,true
156.721,-60,false,g,true
159.987,-60,false,b,true
199.224,-60,false,b,true
208.063,-40,true,l,true
160,-40,false,l,true
155.931,-40,true,g,true
143.925,-60,false,g,true
188.249,-60,false,b,true
197.58,-40,true,l,true
160,-40,false,l,true
149.556,-40,true,g,true
136.993,-60,false,g,true
184.998,-60,false,b,true
199.156,-60,false,b,true
207.998,-40,true,l,true
160,-40,false,l,true
177.606,-40,true,g,true
167.164,-60,false,g,true
191.671,-60,false,b,true
200.842,-40,true,l,true
160,-40,false,l,true
185.564,-40,true,g,true
175.596,-60,false,g,true
196.897,-60,false,b,true
205.836,-40,true,l,true
160,-40,false,l,true
172.643,-40,true,g,true
161.881,-60,false,g,true
158.34,-60,false,b,true
171.539,-60,false,b,true
199.614,-60,false,b,true
208.437,-40,true,l,true
160,-40,false,l,true
161.149,-40,true,g,true
149.563,-60,false,g,true
198.68,-60,false,b,true
207.542,-40,true,l,true
160,-40,false,l,true
156.721,-40,true,g,true
144.78,-60,false,g,true
190.98,-60,false,b,true
200.183,-40,true,l,true
160,-40,false,l,true
170.579,-40,true,g,true
159.678,-60,false,g,true
151.116,-60,false,b,true
162.592,-40,true,l,true
160,-40,false,l,true
156.252,-40,true,g,true
144.273,-60,false,g,true
198.584,-60,false,b,true
207.45,-40,true,l,true
160,-40,false,l,true
200.044,-40,true,g,true
190.834,-60,false,g,true
188.676,-60,false,b,true
192.781,-60,false,b,true
201.902,-40,true,l,true
160,-40,false,l,true
164.37,-40,true,g,true
153.028,-60,false,g,true
198.624,-60,false,b,true
207.488,-40,true,l,true
160,-40,false,l,true
161.257,-40,true,g,true
149.679,-60,false,g,true
197.342,-60,false,b,true
206.261,-40,true,l,true
160,-40,false,l,true
200.91,-40,true,g,true
191.741,-60,false,g,true
187.861,-60,false,b,true
197.209,-40,true,l,true
160,-40,false,l,true
169.612,-40,true,g,true
158.645,-60,false,g,true
196.56,-60,false,b,true
205.514,-40,true,l,true
160,-40,false,l,true
155.818,-40,true,g,true
143.803,-60,false,g,true
191.699,-60,false,b,true
200.869,-40,true,l,true
160,-40,false,l,true
173.888,-40,true,g,true
163.208,-60,false,g,true
196.734,-60,false,b,true
205.68,-40,true,l,true
160,-40,false,l,true
153.846,-40,true,g,true
141.664,-60,false,g,true
189.364,-60,false,b,true
198.642,-40,true,l,true
160,-40,false,l,true
171.746,-40,true,g,true
160.924,-60,false,g,true
199.319,-60,false,b,true
208.154,-40,true,l,true
160,-40,false,l,true
195.789,-40,true,g,true
186.369,-60,false,g,true
182.518,-60,false,b,true
197.871,-60,false,b,true
206.768,-40,true,l,true
160,-40,false,l,true
162.138,-40,true,g,true
150.628,-60,false,g,true
196.23,-60,false,b,true
205.198,-40,true,l,true
160,-40,false,l,true
172.771,-40,true,g,true
162.018,-60,false,g,true
153.147,-60,false,b,true
190.079,-60,false,b,true
199.324,-40,true,l,true
160,-40,false,l,true
161.075,-40,true,g,true
149.483,-60,false,g,true
191.044,-60,false,b,true
200.244,-40,true,l,true
160,-40,false,l,true
177.208,-40,true,g,true
166.742,-60,false,g,true
198.867,-60,false,b,true
207.721,-40,true,l,true
160,-40,false,l,true
162.359,-40,true,g,true
150.866,-60,false,g,true
151.09,-60,false,b,true
162.567,-40,true,l,true
160,-40,false,l,true
171.772,-40,true,g,true
160.952,-60,false,g,true
196.449,-60,false,b,true
205.407,-40,true,l,true
160,-40,false,l,true
200.606,-40,true,g,true
191.423,-60,false,g,true
190.215,-60,false,b,true
199.454,-40,true,l,true
160,-40,false,l,true
199.787,-40,true,g,true
190.564,-60,false,g,true
188.209,-60,false,b,true
188.235,-60,false,b,true
197.566,-40,true,l,true
160,-40,false,l,true
156.604,-40,true,g,true
144.654,-60,false,g,true
192.566,-60,false,b,true
201.697,-40,true,l,true
160,-40,false,l,true
167.27,-40,true,g,true
156.139,-60,false,g,true
196.769,-60,false,b,true
205.713,-40,true,l,true
160,-40,false,l,true
152.803,-40,true,g,true
140.53,-60,false,g,true
187.981,-60,false,b,true
197.324,-40,true,l,true
160,-40,false,l,true
197.765,-40,true,g,true
188.444,-60,false,g,true
186.405,-60,false,b,true
195.824,-40,true,l,true
160,-40,false,l,true
149.667,-40,true,g,true
137.114,-60,false,g,true
196.854,-60,false,b,true
205.794,-40,true,l,true
160,-40,false,l,true
186.983,-40,true,g,true
177.096,-60,false,g,true
198.276,-60,false,b,true
207.156,-40,true,l,true
160,-40,false,l,true
174.051,-40,true,g,true
163.383,-60,false,g,true
198.544,-60,false,b,true
207.412,-40,true,l,true
160,-40,false,l,true
156.972,-40,true,g,true
145.052,-60,false,g,true
192.173,-60,false,b,true
201.322,-40,true,l,true
160,-40,false,l,true
167.737,-40,true,g,true
156.639,-60,false,g,true
199.331,-60,false,b,true
208.165,-40,true,l,true
160,-40,false,l,true
185.265,-40,true,g,true
175.28,-60,false,g,true
199.945,-60,false,b,true
208.753,-40,true,l,true
160,-40,false,l,true
173.414,-40,true,g,true
162.704,-60,false,g,true
196.362,-60,false,b,true
205.324,-40,true,l,true
160,-40,false,l,true
166.751,-40,true,g,true
155.583,-60,false,g,true
177.42,-60,false,b,true
187.291,-40,true,l,true
160,-40,false,l,true
170.664,-40,true,g,true
159.769,-60,false,g,true
198.626,-60,false,b,true
207.49,-40,true,l,true
160,-40,false,l,true
169.079,-40,true,g,true
158.075,-60,false,g,true
197.028,-60,false,b,true
205.961,-40,true,l,true
160,-40,false,l,true
149.848,-40,true,g,true
137.311,-60,false,g,true
176.824,-60,false,b,true
186.726,-40,true,l,true
160,-40,false,l,true
179.22,-40,true,g,true
168.878,-60,false,g,true
199.159,-60,false,b,true
208,-40,true,l,true
160,-40,false,l,true
152.585,-40,true,g,true
140.293,-60,false,g,true
187.667,-60,false,b,true
197.025,-40,true,l,true
160,-40,false,l,true
162.617,-40,true,g,true
151.144,-60,false,g,true
196.425,-60,false,b,true
205.385,-40,true,l,true
160,-40,false,l,true
155.305,-40,true,g,true
143.247,-60,false,g,true
197.325,-60,false,b,true
206.245,-40,true,l,true
160,-40,false,l,true
172.805,-40,true,g,true
162.054,-60,false,g,true
199.427,-60,false,b,true
208.257,-40,true,l,true
160,-40,false,l,true
150.594,-40,true,g,true
138.125,-60,false,g,true
198.075,-60,false,b,true
206.963,-40,true,l,true
160,-40,false,l,true
201.091,-40,true,g,true
191.932,-60,false,g,true
188.045,-60,false,b,true
197.385,-40,true,l,true
160,-40,false,l,true
163.395,-40,true,g,true
151.98,-60,false,g,true
196.721,-60,false,b,true
205.668,-40,true,l,true
160,-40,false,l,true
179.054,-40,true,g,true
168.701,-60,false,g,true
198.231,-60,false,b,true
207.113,-40,true,l,true
160,-40,false,l,true
164.576,-40,true,g,true
153.249,-60,false,g,true
197.065,-60,false,b,true
205.997,-40,true,l,true
160,-40,false,l,true
160.397,-40,true,g,true
148.752,-60,false,g,true
196.781,-60,false,b,true
205.725,-40,true,l,true
160,-40,false,l,true
167.052,-40,true,g,true
155.905,-60,false,g,true
191.329,-60,false,b,true
200.516,-40,true,l,true
160,-40,false,l,true
152.586,-40,true,g,true
140.295,-60,false,g,true
187.983,-60,false,b,true
197.326,-40,true,l,true
160,-40,false,l,true
156.07,-40,true,g,true
144.075,-60,false,g,true
191.393,-60,false,b,true
200.577,-40,true,l,true
160,-40,false,l,true
173.019,-40,true,g,true
162.282,-60,false,g,true
159.316,-60,false,b,true
170.24,-40,true,l,true
160,-40,false,l,true
152.9,-40,true,g,true
140.636,-60,false,g,true
195.456,-60,false,b,true
204.458,-40,true,l,true
160,-40,false,l,true
148.736,-40,true,g,true
136.097,-60,false,g,true
189.072,-60,false,b,true
198.364,-40,true,l,true
160,-40,false,l,true
167.572,-40,true,g,true
156.462,-60,false,g,true
199.965,-60,false,b,true
208.772,-40,true,l,true
160,-40,false,l,true
164.44,-40,true,g,true
153.103,-60,false,g,true
196.412,-60,false,b,true
205.372,-40,true,l,true
160,-40,false,l,true
158.888,-40,true,g,true
147.124,-60,false,g,true
195.495,-60,false,b,true
204.496,-40,true,l,true
160,-40,false,l,true
184.324,-40,true,g,true
174.286,-60,false,g,true
170.25,-60,false,b,true
180.513,-40,true,l,true
160,-40,false,l,true
151.967,-40,true,g,true
139.621,-60,false,g,true
195.16,-60,false,b,true
204.175,-40,true,l,true
160,-40,false,l,true
149.623,-40,true,g,true
137.066,-60,false,g,true
192.064,-60,false,b,true
201.218,-40,true,l,true
160,-40,false,l,true
