x,z,relay,string,error,index
160,-60,false,f,true
197.667,-60,false,b,true
206.572,-40,true,l,true
160,-40,false,l,true
149.168,-40,true,g,true
136.569,-60,false,g,true
184.197,-60,false,b,true
193.723,-40,true,l,true
160,-40,false,l,true
167.431,-40,true,g,true
156.311,-60,false,g,true
170.04,-60,false,b,true
180.315,-40,true,l,true
160,-40,false,l,true
205.928,-40,true,g,true
196.993,-60,false,g,true
195.287,-60,false,b,true
204.296,-40,true,l,true
160,-40,false,l,true
168.003,-40,true,g,true
156.923,-60,false,g,true
159.371,-60,false,b,true
186.951,-60,false,b,true
196.344,-40,true,l,true
160,-40,false,l,true
148.155,-40,true,g,true
135.462,-60,false,g,true
183.205,-60,false,b,true
192.78,-40,true,l,true
160,-40,false,l,true
174.56,-40,true,g,true
163.924,-60,false,g,true
197.874,-60,false,b,true
206.77,-40,true,l,true
160,-40,false,l,true
165.675,-40,true,g,true
154.429,-60,false,g,true
198.276,-60,false,b,true
207.155,-40,true,l,true
160,-40,false,l,true
191.532,-40,true,g,true
181.891,-60,false,g,true
196.562,-60,false,b,true
198.444,-60,false,b,true
207.316,-40,true,l,true
160,-40,false,l,true
177.231,-40,true,g,true
166.765,-60,false,g,true
199.853,-60,false,b,true
208.665,-40,true,l,true
160,-40,false,l,true
169.89,-40,true,g,true
158.942,-60,false,g,true
199.154,-60,false,b,true
207.996,-40,true,l,true
160,-40,false,l,true
148.419,-40,true,g,true
135.751,-60,false,g,true
186.185,-60,false,b,true
195.614,-40,true,l,true
160,-40,false,l,true
157.098,-40,true,g,true
145.188,-60,false,g,true
194.964,-60,false,b,true
203.988,-40,true,l,true
160,-40,false,l,true
162.689,-40,true,g,true
151.221,-60,false,g,true
197.966,-60,false,b,true
206.859,-40,true,l,true
160,-40,false,l,true
171.959,-40,true,g,true
161.152,-60,false,g,true
192.016,-60,false,b,true
201.172,-40,true,l,true
160,-40,false,l,true
172.987,-40,true,g,true
162.248,-60,false,g,true
162.941,-60,false,b,true
173.637,-40,true,l,true
160,-40,false,l,true
166.505,-40,true,g,true
155.319,-60,false,g,true
188.312,-60,false,b,true
198.241,-60,false,b,true
207.122,-40,true,l,true
160,-40,false,l,true
157.325,-40,true,g,true
145.434,-60,false,g,true
195.828,-60,false,b,true
204.814,-40,true,l,true
160,-40,false,l,true
166.752,-40,true,g,true
155.584,-60,false,g,true
196.552,-60,false,b,true
205.506,-40,true,l,true
160,-40,false,l,true
159.975,-40,true,g,true
148.297,-60,false,g,true
196.347,-60,false,b,true
205.31,-40,true,l,true
160,-40,false,l,true
175.528,-40,true,g,true
164.955,-60,false,g,true
197.769,-60,false,b,true
206.671,-40,true,l,true
160,-40,false,l,true
171.489,-40,true,g,true
160.65,-60,false,g,true
155.76,-60,false,b,true
166.917,-40,true,l,true
160,-40,false,l,true
204.162,-40,true,g,true
195.147,-60,false,g,true
194.252,-60,false,b,true
203.308,-40,true,l,true
160,-40,false,l,true
148.825,-40,true,g,true
136.195,-60,false,g,true
188.739,-60,false,b,true
198.047,-40,true,l,true
160,-40,false,l,true
149.201,-40,true,g,true
136.605,-60,false,g,true
156.242,-60,false,b,true
167.367,-40,true,l,true
160,-40,false,l,true
193.422,-40,true,g,true
183.881,-60,false,g,true
184.104,-60,false,b,true
193.635,-40,true,l,true
160,-40,false,l,true
147.915,-40,true,g,true
135.2,-60,false,g,true
183.081,-60,false,b,true
192.662,-40,true,l,true
160,-40,false,l,true
194.683,-40,true,g,true
185.207,-60,false,g,true
184.54,-60,false,b,true
194.049,-40,true,l,true
160,-40,false,l,true
151.534,-40,true,g,true
139.149,-60,false,g,true
191.699,-60,false,b,true
200.869,-40,true,l,true
160,-40,false,l,true
192.55,-40,true,g,true
182.963,-60,false,g,true
180.456,-60,false,b,true
170.481,-60,false,b,true
180.731,-40,true,l,true
160,-40,false,l,true
167.667,-40,true,g,true
156.563,-60,false,g,true
195.854,-60,false,b,true
204.838,-40,true,l,true
160,-40,false,l,true
191.773,-40,true,g,true
182.145,-60,false,g,true
179.976,-60,false,b,true
189.714,-40,true,l,true
160,-40,false,l,true
159.38,-40,true,g,true
147.655,-60,false,g,true
147.06,-60,false,b,true
158.829,-40,true,l,true
160,-40,false,l,true
157.15,-40,true,g,true
145.245,-60,false,g,true
192.882,-60,false,b,true
201.998,-40,true,l,true
160,-40,false,l,true
150.664,-40,true,g,true
138.201,-60,false,g,true
185.649,-60,false,b,true
195.104,-40,true,l,true
160,-40,false,l,true
163.811,-40,true,g,true
152.427,-60,false,g,true
199.863,-60,false,b,true
208.675,-40,true,l,true
160,-40,false,l,true
202.573,-40,true,g,true
193.483,-60,false,g,true
191.199,-60,false,b,true
195.977,-60,false,b,true
204.956,-40,true,l,true
160,-40,false,l,true
197.865,-40,true,g,true
188.548,-60,false,g,true
185.906,-60,false,b,true
195.349,-40,true,l,true
160,-40,false,l,true
152.802,-40,true,g,true
140.529,-60,false,g,true
176.644,-60,false,b,true
193.58,-60,false,b,true
202.665,-40,true,l,true
160,-40,false,l,true
182.844,-40,true,g,true
172.72,-60,false,g,true
197.481,-60,false,b,true
206.395,-40,true,l,true
160,-40,false,l,true
148.1,-40,true,g,true
135.401,-60,false,g,true
199.98,-60,false,b,true
208.787,-40,true,l,true
160,-40,false,l,true
201.304,-40,true,g,true
192.154,-60,false,g,true
188.36,-60,false,b,true
197.685,-40,true,l,true
160,-40,false,l,true
163.617,-40,true,g,true
152.219,-60,false,g,true
197.091,-60,false,b,true
206.022,-40,true,l,true
160,-40,false,l,true
179.517,-40,true,g,true
169.193,-60,false,g,true
198.781,-60,false,b,true
207.639,-40,true,l,true
160,-40,false,l,true
150.318,-40,true,g,true
137.825,-60,false,g,true
197.555,-60,false,b,true
206.465,-40,true,l,true
160,-40,false,l,true
158.559,-40,true,g,true
146.769,-60,false,g,true
199.929,-60,false,b,true
208.739,-40,true,l,true
160,-40,false,l,true
154.187,-40,true,g,true
142.034,-60,false,g,true
196.859,-60,false,b,true
205.799,-40,true,l,true
160,-40,false,l,true
158.743,-40,true,g,true
146.967,-60,false,g,true
199.929,-60,false,b,true
208.739,-40,true,l,true
160,-40,false,l,true
168.035,-40,true,g,true
156.958,-60,false,g,true
183.351,-60,false,b,true
192.919,-40,true,l,true
160,-40,false,l,true
199.986,-40,true,g,true
190.773,-60,false,g,true
187.914,-60,false,b,true
197.261,-40,true,l,true
160,-40,false,l,true
164.241,-40,true,g,true
152.889,-60,false,g,true
184.837,-60,false,b,true
194.332,-40,true,l,true
160,-40,false,l,true
170.052,-40,true,g,true
159.115,-60,false,g,true
148.901,-60,false,b,true
197.207,-60,false,b,true
206.133,-40,true,l,true
160,-40,false,l,true
202.854,-40,true,g,true
193.778,-60,false,g,true
189.935,-60,false,b,true
199.186,-40,true,l,true
160,-40,false,l,true
193.653,-40,true,g,true
184.124,-60,false,g,true
192.461,-60,false,b,true
201.597,-40,true,l,true
160,-40,false,l,true
151.608,-40,true,g,true
139.23,-60,false,g,true
186.655,-60,false,b,true
196.062,-40,true,l,true
160,-40,false,l,true
169.225,-40,true,g,true
158.231,-60,false,g,true
199.998,-60,false,b,true
208.804,-40,true,l,true
160,-40,false,l,true
158.139,-40,true,g,true
146.315,-60,false,g,true
199.342,-60,false,b,true
208.176,-40,true,l,true
160,-40,false,l,true
148.117,-40,true,g,true
135.42,-60,false,g,true
182.853,-60,false,b,true
192.445,-40,true,l,true
160,-40,false,l,true
149.889,-40,true,g,true
137.357,-60,false,g,true
187.542,-60,false,b,true
196.906,-40,true,l,true
160,-40,false,l,true
196.453,-40,true,g,true
187.066,-60,false,g,true
184.7,-60,false,b,true
194.201,-40,true,l,true
160,-40,false,l,true
158.491,-40,true,g,true
146.695,-60,false,g,true
199.529,-60,false,b,true
208.355,-40,true,l,true
160,-40,false,l,true
152.149,-40,true,g,true
139.818,-60,false,g,true
187.879,-60,false,b,true
197.227,-40,true,l,true
160,-40,false,l,true
155.626,-40,true,g,true
143.594,-60,false,g,true
191.278,-60,false,b,true
200.467,-40,true,l,true
160,-40,false,l,true
149.152,-40,true,g,true
136.552,-60,false,g,true
184.047,-60,false,b,true
193.58,-40,true,l,true
160,-40,false,l,true
175.545,-40,true,g,true
164.973,-60,false,g,true
198.766,-60,false,b,true
207.625,-40,true,l,true
160,-40,false,l,true
185.153,-40,true,g,true
175.162,-60,false,g,true
199.545,-60,false,b,true
208.37,-40,true,l,true
160,-40,false,l,true
157.425,-40,true,g,true
145.542,-60,false,g,true
193.132,-60,false,b,true
202.238,-40,true,l,true
160,-40,false,l,true
168.191,-40,true,g,true
157.124,-60,false,g,true
196.496,-60,false,b,true
205.452,-40,true,l,true
160,-40,false,l,true
178.458,-40,true,g,true
168.069,-60,false,g,true
197.458,-60,false,b,true
206.372,-40,true,l,true
160,-40,false,l,true
208.484,-40,true,g,true
199.664,-60,false,g,true
196.402,-60,false,b,true
205.362,-40,true,l,true
160,-40,false,l,true
166.512,-40,true,g,true
155.326,-60,false,g,true
180.982,-60,false,b,true
190.669,-40,true,l,true
160,-40,false,l,true
199.913,-40,true,g,true
190.697,-60,false,g,true
187.909,-60,false,b,true
197.255,-40,true,l,true
160,-40,false,l,true
171.255,-40,true,g,true
160.4,-60,false,g,true
196.309,-60,false,b,true
205.274,-40,true,l,true
160,-40,false,l,true
170.547,-40,true,g,true
159.645,-60,false,g,true
185.187,-60,false,b,true
194.664,-40,true,l,true
160,-40,false,l,true
152.646,-40,true,g,true
140.36,-60,false,g,true
189.197,-60,false,b,true
198.483,-40,true,l,true
160,-40,false,l,true
171.177,-40,true,g,true
160.317,-60,false,g,true
196.363,-60,false,b,true
205.325,-40,true,l,true
160,-40,false,l,true
154.111,-40,true,g,true
141.951,-60,false,g,true
190.186,-60,false,b,true
199.426,-40,true,l,true
160,-40,false,l,true
164.835,-40,true,g,true
153.527,-60,false,g,true
197.201,-60,false,b,true
206.126,-40,true,l,true
160,-40,false,l,true
170.056,-40,true,g,true
159.119,-60,false,g,true
198.455,-60,false,b,true
207.327,-40,true,l,true
160,-40,false,l,true
161.264,-40,true,g,true
149.687,-60,false,g,true
197.181,-60,false,b,true
206.107,-40,true,l,true
160,-40,false,l,true
200.927,-40,true,g,true
191.76,-60,false,g,true
187.714,-60,false,b,true
197.07,-40,true,l,true
160,-40,false,l,true
156.416,-40,true,g,true
144.451,-60,false,g,true
199.984,-60,false,b,true
208.791,-40,true,l,true
160,-40,false,l,true
164.204,-40,true,g,true
152.85,-60,false,g,true
197.043,-60,false,b,true
205.975,-40,true,l,true
160,-40,false,l,true
169.931,-40,true,g,true
158.986,-60,false,g,true
199.436,-60,false,b,true
208.266,-40,true,l,true
160,-40,false,l,true
197.833,-40,true,g,true
188.515,-60,false,g,true
185.332,-60,false,b,true
194.802,-40,true,l,true
160,-40,false,l,true
171.187,-40,true,g,true
160.328,-60,false,g,true
199.843,-60,false,b,true
208.655,-40,true,l,true
160,-40,false,l,true
156.94,-40,true,g,true
145.018,-60,false,g,true
198.129,-60,false,b,true
207.015,-40,true,l,true
160,-40,false,l,true
157.898,-40,true,g,true
146.054,-60,false,g,true
192.953,-60,false,b,true
202.066,-40,true,l,true
160,-40,false,l,true
196.47,-40,true,g,true
187.084,-60,false,g,true
183.527,-60,false,b,true
198.603,-60,false,b,true
207.468,-40,true,l,true
160,-40,false,l,true
201.269,-40,true,g,true
192.117,-60,false,g,true
195.117,-60,false,b,true
204.134,-40,true,l,true
160,-40,false,l,true
176.919,-40,true,g,true
166.435,-60,false,g,true
198.169,-60,false,b,true
207.053,-40,true,l,true
160,-40,false,l,true
152.784,-40,true,g,true
140.509,-60,false,g,true
199.585,-60,false,b,true
208.408,-40,true,l,true
160,-40,false,l,true
159.755,-40,true,g,true
148.06,-60,false,g,true
199.23,-60,false,b,true
208.069,-40,true,l,true
160,-40,false,l,true
159.991,-40,true,g,true
148.314,-60,false,g,true
195.626,-60,false,b,true
204.621,-40,true,l,true
160,-40,false,l,true
198.64,-40,true,g,true
189.362,-60,false,g,true
198.086,-60,false,b,true
199.182,-60,false,b,true
208.022,-40,true,l,true
160,-40,false,l,true
181.696,-40,true,g,true
171.503,-60,false,g,true
155.535,-60,false,b,true
