x,z,relay,string,error,index
160,-60,false,f,true
197.667,-60,false,b,true
157.904,-60,false,b,true
168.919,-40,true,l,true
160,-40,false,l,true
166.422,-40,true,g,true
155.23,-60,false,g,true
145.866,-60,false,b,true
157.724,-40,true,l,true
160,-40,false,l,true
189.506,-40,true,g,true
179.757,-60,false,g,true
176.289,-60,false,b,true
136.059,-60,false,b,true
174.133,-60,false,b,true
177.488,-60,false,b,true
187.355,-40,true,l,true
160,-40,false,l,true
160.078,-40,true,g,true
148.409,-60,false,g,true
149.567,-60,false,b,true
161.153,-40,true,l,true
160,-40,false,l,true
165.874,-40,true,g,true
154.642,-60,false,g,true
147.416,-60,false,b,true
197.09,-60,false,b,true
206.021,-40,true,l,true
160,-40,false,l,true
194.11,-40,true,g,true
184.604,-60,false,g,true
136.02,-60,false,b,true
143.409,-60,false,b,true
179.013,-60,false,b,true
182.313,-60,false,b,true
191.932,-40,true,l,true
160,-40,false,l,true
166.869,-40,true,g,true
155.709,-60,false,g,true
147.338,-60,false,b,true
159.474,-60,false,b,true
170.388,-40,true,l,true
160,-40,false,l,true
170.142,-40,true,g,true
159.211,-60,false,g,true
151.828,-60,false,b,true
163.253,-40,true,l,true
160,-40,false,l,true
163.316,-40,true,g,true
151.895,-60,false,g,true
146.008,-60,false,b,true
157.856,-40,true,l,true
160,-40,false,l,true
187.96,-40,true,g,true
178.126,-60,false,g,true
142.622,-60,false,b,true
154.729,-40,true,l,true
160,-40,false,l,true
164.115,-40,true,g,true
152.754,-60,false,g,true
142.234,-60,false,b,true
197.217,-60,false,b,true
206.142,-40,true,l,true
160,-40,false,l,true
180.395,-40,true,g,true
170.124,-60,false,g,true
135.04,-60,false,b,true
147.769,-40,true,l,true
160,-40,false,l,true
162.918,-40,true,g,true
151.467,-60,false,g,true
144.035,-60,false,b,true
156.033,-40,true,l,true
160,-40,false,l,true
166.594,-40,true,g,true
155.414,-60,false,g,true
148.381,-60,false,b,true
160.053,-40,true,l,true
160,-40,false,l,true
188.703,-40,true,g,true
178.91,-60,false,g,true
175.684,-60,false,b,true
191.215,-60,false,b,true
177.78,-60,false,b,true
199.513,-60,false,b,true
208.34,-40,true,l,true
160,-40,false,l,true
160.898,-40,true,g,true
149.292,-60,false,g,true
137.245,-60,false,b,true
176.431,-60,false,b,true
186.354,-40,true,l,true
160,-40,false,l,true
173.346,-40,true,g,true
162.631,-60,false,g,true
154.496,-60,false,b,true
165.737,-40,true,l,true
160,-40,false,l,true
180.471,-40,true,g,true
170.205,-60,false,g,true
171.418,-60,false,b,true
146.607,-60,false,b,true
196.209,-60,false,b,true
205.178,-40,true,l,true
160,-40,false,l,true
161.503,-40,true,g,true
149.944,-60,false,g,true
150.46,-60,false,b,true
161.982,-40,true,l,true
160,-40,false,l,true
166.348,-40,true,g,true
155.15,-60,false,g,true
147.033,-60,false,b,true
196.768,-60,false,b,true
205.713,-40,true,l,true
160,-40,false,l,true
164.667,-40,true,g,true
153.347,-60,false,g,true
176.025,-60,false,b,true
177.707,-60,false,b,true
187.563,-40,true,l,true
160,-40,false,l,true
156.002,-40,true,g,true
144.002,-60,false,g,true
137.827,-60,false,b,true
150.32,-40,true,l,true
160,-40,false,l,true
166.093,-40,true,g,true
154.877,-60,false,g,true
149.985,-60,false,b,true
162.408,-60,false,b,true
173.137,-40,true,l,true
160,-40,false,l,true
200.032,-40,true,g,true
190.822,-60,false,g,true
186.937,-60,false,b,true
146.644,-60,false,b,true
183.21,-60,false,b,true
186.855,-60,false,b,true
196.252,-40,true,l,true
160,-40,false,l,true
161.338,-40,true,g,true
149.766,-60,false,g,true
142.405,-60,false,b,true
154.528,-40,true,l,true
160,-40,false,l,true
173.654,-40,true,g,true
162.959,-60,false,g,true
156.925,-60,false,b,true
168.004,-40,true,l,true
160,-40,false,l,true
171.578,-40,true,g,true
160.745,-60,false,g,true
154.238,-60,false,b,true
165.497,-40,true,l,true
160,-40,false,l,true
186.643,-40,true,g,true
176.736,-60,false,g,true
173.432,-60,false,b,true
183.517,-40,true,l,true
160,-40,false,l,true
163.476,-40,true,g,true
152.068,-60,false,g,true
144.476,-60,false,b,true
156.44,-40,true,l,true
160,-40,false,l,true
164.757,-40,true,g,true
153.443,-60,false,g,true
143.057,-60,false,b,true
178.512,-60,false,b,true
188.326,-40,true,l,true
160,-40,false,l,true
202.649,-40,true,g,true
193.563,-60,false,g,true
158.17,-60,false,b,true
169.168,-40,true,l,true
160,-40,false,l,true
184.283,-40,true,g,true
174.242,-60,false,g,true
138.492,-60,false,b,true
150.93,-40,true,l,true
160,-40,false,l,true
172.579,-40,true,g,true
161.813,-60,false,g,true
163.087,-60,false,b,true
139.834,-60,false,b,true
152.163,-40,true,l,true
160,-40,false,l,true
181.022,-40,true,g,true
170.79,-60,false,g,true
158.449,-60,false,b,true
169.428,-40,true,l,true
160,-40,false,l,true
200.17,-40,true,g,true
190.966,-60,false,g,true
190.895,-60,false,b,true
161.883,-60,false,b,true
199.806,-60,false,b,true
171.784,-60,false,b,true
181.961,-40,true,l,true
160,-40,false,l,true
180.483,-40,true,g,true
170.218,-60,false,g,true
142.191,-60,false,b,true
154.332,-40,true,l,true
160,-40,false,l,true
175.8,-40,true,g,true
165.245,-60,false,g,true
159.155,-60,false,b,true
170.089,-40,true,l,true
160,-40,false,l,true
172.405,-40,true,g,true
161.627,-60,false,g,true
156.09,-60,false,b,true
167.224,-40,true,l,true
160,-40,false,l,true
206.482,-40,true,g,true
197.573,-60,false,g,true
194.12,-60,false,b,true
156.638,-60,false,b,true
194.863,-60,false,b,true
170.578,-60,false,b,true
180.823,-40,true,l,true
160,-40,false,l,true
162.663,-40,true,g,true
151.192,-60,false,g,true
141.309,-60,false,b,true
177.072,-60,false,b,true
186.961,-40,true,l,true
160,-40,false,l,true
200.329,-40,true,g,true
191.133,-60,false,g,true
138.877,-60,false,b,true
151.284,-40,true,l,true
160,-40,false,l,true
170.613,-40,true,g,true
159.714,-60,false,g,true
149.164,-60,false,b,true
194.157,-60,false,b,true
198.807,-60,false,b,true
207.664,-40,true,l,true
160,-40,false,l,true
208.288,-40,true,g,true
199.459,-60,false,g,true
195.754,-60,false,b,true
156.421,-60,false,b,true
192.793,-60,false,b,true
152.415,-60,false,b,true
163.799,-40,true,l,true
160,-40,false,l,true
163.992,-40,true,g,true
152.621,-60,false,g,true
142.285,-60,false,b,true
177.8,-60,false,b,true
187.651,-40,true,l,true
160,-40,false,l,true
201.914,-40,true,g,true
192.794,-60,false,g,true
140.503,-60,false,b,true
152.778,-40,true,l,true
160,-40,false,l,true
181.201,-40,true,g,true
170.979,-60,false,g,true
135.537,-60,false,b,true
173.816,-60,false,b,true
147.209,-60,false,b,true
193.6,-60,false,b,true
184.28,-60,false,b,true
193.802,-40,true,l,true
160,-40,false,l,true
178.647,-40,true,g,true
168.27,-60,false,g,true
136.617,-60,false,b,true
142.004,-60,false,b,true
135.373,-60,false,b,true
148.074,-40,true,l,true
160,-40,false,l,true
162.842,-40,true,g,true
151.386,-60,false,g,true
144.972,-60,false,b,true
156.898,-40,true,l,true
160,-40,false,l,true
163.937,-40,true,g,true
152.563,-60,false,g,true
144.697,-60,false,b,true
156.644,-40,true,l,true
160,-40,false,l,true
176.251,-40,true,g,true
165.724,-60,false,g,true
159.681,-60,false,b,true
170.581,-40,true,l,true
160,-40,false,l,true
172.857,-40,true,g,true
162.11,-60,false,g,true
156.615,-60,false,b,true
167.715,-40,true,l,true
160,-40,false,l,true
208.214,-40,true,g,true
199.382,-60,false,g,true
197.252,-60,false,b,true
165.411,-60,false,b,true
194.183,-60,false,b,true
154.38,-60,false,b,true
165.629,-40,true,l,true
160,-40,false,l,true
157.547,-40,true,g,true
145.674,-60,false,g,true
138.911,-60,false,b,true
151.315,-40,true,l,true
160,-40,false,l,true
165.528,-40,true,g,true
154.27,-60,false,g,true
146.078,-60,false,b,true
157.92,-40,true,l,true
160,-40,false,l,true
165.22,-40,true,g,true
153.941,-60,false,g,true
145.429,-60,false,b,true
157.32,-40,true,l,true
160,-40,false,l,true
187.635,-40,true,g,true
177.784,-60,false,g,true
174.789,-60,false,b,true
190.201,-60,false,b,true
177.003,-60,false,b,true
198.831,-60,false,b,true
207.687,-40,true,l,true
160,-40,false,l,true
189.308,-40,true,g,true
179.548,-60,false,g,true
175.759,-60,false,b,true
136.78,-60,false,b,true
176.018,-60,false,b,true
178.133,-60,false,b,true
187.966,-40,true,l,true
160,-40,false,l,true
191.526,-40,true,g,true
181.885,-60,false,g,true
146.613,-60,false,b,true
158.415,-40,true,l,true
160,-40,false,l,true
189.883,-40,true,g,true
180.154,-60,false,g,true
177.2,-60,false,b,true
136.026,-60,false,b,true
148.671,-40,true,l,true
160,-40,false,l,true
174.466,-40,true,g,true
163.824,-60,false,g,true
159.679,-60,false,b,true
172.063,-60,false,b,true
182.224,-40,true,l,true
160,-40,false,l,true
197.803,-40,true,g,true
188.484,-60,false,g,true
188.033,-60,false,b,true
159.028,-60,false,b,true
197.191,-60,false,b,true
172.18,-60,false,b,true
182.335,-40,true,l,true
160,-40,false,l,true
162.423,-40,true,g,true
150.934,-60,false,g,true
143.357,-60,false,b,true
155.407,-40,true,l,true
160,-40,false,l,true
174.738,-40,true,g,true
164.114,-60,false,g,true
158.303,-60,false,b,true
169.292,-40,true,l,true
160,-40,false,l,true
166.962,-40,true,g,true
155.809,-60,false,g,true
148.021,-60,false,b,true
159.719,-40,true,l,true
160,-40,false,l,true
202.286,-40,true,g,true
193.183,-60,false,g,true
188.987,-60,false,b,true
198.283,-40,true,l,true
160,-40,false,l,true
203.073,-40,true,g,true
194.007,-60,false,g,true
158.591,-60,false,b,true
169.561,-40,true,l,true
160,-40,false,l,true
184.704,-40,true,g,true
174.687,-60,false,g,true
135.279,-60,false,b,true
147.987,-40,true,l,true
160,-40,false,l,true
162.795,-40,true,g,true
151.334,-60,false,g,true
143.824,-60,false,b,true
155.837,-40,true,l,true
160,-40,false,l,true
164.071,-40,true,g,true
152.706,-60,false,g,true
142.398,-60,false,b,true
197.377,-60,false,b,true
206.296,-40,true,l,true
160,-40,false,l,true
180.072,-40,true,g,true
169.782,-60,false,g,true
138.384,-60,false,b,true
150.831,-40,true,l,true
160,-40,false,l,true
173.328,-40,true,g,true
162.612,-60,false,g,true
157.155,-60,false,b,true
168.22,-40,true,l,true
160,-40,false,l,true
166.989,-40,true,g,true
155.837,-60,false,g,true
147.274,-60,false,b,true
159.027,-40,true,l,true
160,-40,false,l,true
200.005,-40,true,g,true
190.793,-60,false,g,true
186.744,-60,false,b,true
146.202,-60,false,b,true
182.565,-60,false,b,true
186.113,-60,false,b,true
195.546,-40,true,l,true
160,-40,false,l,true
155.298,-40,true,g,true
143.239,-60,false,g,true
137.428,-60,false,b,true
149.954,-40,true,l,true
160,-40,false,l,true
181.316,-40,true,g,true
171.1,-60,false,g,true
172.142,-60,false,b,true
147.037,-60,false,b,true
196.607,-60,false,b,true
151.256,-60,false,b,true
162.722,-40,true,l,true
160,-40,false,l,true
161.84,-40,true,g,true
150.307,-60,false,g,true
142.512,-60,false,b,true
154.628,-40,true,l,true
160,-40,false,l,true
194.095,-40,true,g,true
184.588,-60,false,g,true
184.302,-60,false,b,true
155.982,-60,false,b,true
177.25,-60,false,b,true
