x,z,relay,string,error,index
160,-60,false,f,true
160,-40,false,l,true
160.412,-40,true,g,true
148.768,-60,false,g,true
184.436,-60,false,b,true
193.95,-40,true,l,true
160,-40,false,l,true
160.551,-40,true,g,true
148.918,-60,false,g,true
144.435,-60,false,b,true
156.401,-40,true,l,true
160,-40,false,l,true
193.856,-40,true,g,true
184.337,-60,false,g,true
149.984,-60,false,b,true
161.54,-40,true,l,true
160,-40,false,l,true
156.953,-40,true,g,true
145.032,-60,false,g,true
136.524,-60,false,b,true
141.511,-60,false,b,true
153.705,-40,true,l,true
160,-40,false,l,true
170.692,-40,true,g,true
159.799,-60,false,g,true
149.232,-60,false,b,true
160.843,-40,true,l,true
160,-40,false,l,true
199.625,-40,true,g,true
190.394,-60,false,g,true
151.127,-60,false,b,true
162.602,-40,true,l,true
160,-40,false,l,true
194.564,-40,true,g,true
185.082,-60,false,g,true
150.75,-60,false,b,true
162.251,-40,true,l,true
160,-40,false,l,true
169.288,-40,true,g,true
158.299,-60,false,g,true
150.158,-60,false,b,true
161.701,-40,true,l,true
160,-40,false,l,true
190.405,-40,true,g,true
180.705,-60,false,g,true
156.494,-60,false,b,true
136.607,-60,false,b,true
149.202,-40,true,l,true
160,-40,false,l,true
179.152,-40,true,g,true
168.806,-60,false,g,true
161.834,-60,false,b,true
172.599,-40,true,l,true
160,-40,false,l,true
168.39,-40,true,g,true
157.337,-60,false,g,true
149.09,-60,false,b,true
160.711,-40,true,l,true
160,-40,false,l,true
169.218,-40,true,g,true
158.224,-60,false,g,true
151.423,-60,false,b,true
162.877,-40,true,l,true
160,-40,false,l,true
163.351,-40,true,g,true
151.933,-60,false,g,true
145.842,-60,false,b,true
157.702,-40,true,l,true
160,-40,false,l,true
155.598,-40,true,g,true
143.564,-60,false,g,true
136.006,-60,false,b,true
148.652,-40,true,l,true
160,-40,false,l,true
201.322,-40,true,g,true
192.173,-60,false,g,true
153.325,-60,false,b,true
164.647,-40,true,l,true
160,-40,false,l,true
199.1,-40,true,g,true
189.844,-60,false,g,true
146.819,-60,false,b,true
158.606,-40,true,l,true
160,-40,false,l,true
192.955,-40,true,g,true
183.39,-60,false,g,true
144.13,-60,false,b,true
156.12,-40,true,l,true
160,-40,false,l,true
164.484,-40,true,g,true
153.151,-60,false,g,true
147.934,-60,false,b,true
159.639,-40,true,l,true
160,-40,false,l,true
181.473,-40,true,g,true
171.267,-60,false,g,true
145.393,-60,false,b,true
145.582,-60,false,b,true
157.462,-40,true,l,true
160,-40,false,l,true
178.865,-40,true,g,true
168.502,-60,false,g,true
160.63,-60,false,b,true
171.47,-40,true,l,true
160,-40,false,l,true
173.171,-40,true,g,true
162.444,-60,false,g,true
153.82,-60,false,b,true
165.108,-40,true,l,true
160,-40,false,l,true
171.223,-40,true,g,true
160.366,-60,false,g,true
152.794,-60,false,b,true
164.153,-40,true,l,true
160,-40,false,l,true
171.484,-40,true,g,true
160.644,-60,false,g,true
149.236,-60,false,b,true
160.846,-40,true,l,true
160,-40,false,l,true
201.238,-40,true,g,true
192.085,-60,false,g,true
149.024,-60,false,b,true
160.649,-40,true,l,true
160,-40,false,l,true
164.476,-40,true,g,true
153.142,-60,false,g,true
147.718,-60,false,b,true
159.438,-40,true,l,true
160,-40,false,l,true
178.62,-40,true,g,true
168.242,-60,false,g,true
159.632,-60,false,b,true
170.536,-40,true,l,true
160,-40,false,l,true
167.431,-40,true,g,true
156.311,-60,false,g,true
147.849,-60,false,b,true
138.997,-60,false,b,true
151.394,-40,true,l,true
160,-40,false,l,true
179.793,-40,true,g,true
169.486,-60,false,g,true
135.629,-60,false,b,true
148.307,-40,true,l,true
160,-40,false,l,true
165.007,-40,true,g,true
153.711,-60,false,g,true
145.852,-60,false,b,true
157.711,-40,true,l,true
160,-40,false,l,true
175.069,-40,true,g,true
164.466,-60,false,g,true
154.323,-60,false,b,true
165.577,-40,true,l,true
160,-40,false,l,true
173.826,-40,true,g,true
163.142,-60,false,g,true
157.087,-60,false,b,true
168.156,-40,true,l,true
160,-40,false,l,true
176.988,-40,true,g,true
166.508,-60,false,g,true
160.205,-60,false,b,true
145.254,-60,false,b,true
157.158,-40,true,l,true
160,-40,false,l,true
194.675,-40,true,g,true
185.198,-60,false,g,true
136.008,-60,false,b,true
148.655,-40,true,l,true
160,-40,false,l,true
171.416,-40,true,g,true
160.572,-60,false,g,true
150.604,-60,false,b,true
162.116,-40,true,l,true
160,-40,false,l,true
162.57,-40,true,g,true
151.093,-60,false,g,true
145.049,-60,false,b,true
156.969,-40,true,l,true
160,-40,false,l,true
177.828,-40,true,g,true
167.4,-60,false,g,true
159.826,-60,false,b,true
170.717,-40,true,l,true
160,-40,false,l,true
171.835,-40,true,g,true
161.019,-60,false,g,true
155.013,-60,false,b,true
166.22,-40,true,l,true
160,-40,false,l,true
176.788,-40,true,g,true
166.295,-60,false,g,true
160.539,-60,false,b,true
171.385,-40,true,l,true
160,-40,false,l,true
169.806,-40,true,g,true
158.852,-60,false,g,true
146.471,-60,false,b,true
147.337,-60,false,b,true
159.085,-40,true,l,true
160,-40,false,l,true
169.136,-40,true,g,true
158.136,-60,false,g,true
153.6,-60,false,b,true
164.903,-40,true,l,true
160,-40,false,l,true
171.874,-40,true,g,true
161.061,-60,false,g,true
187.251,-60,false,b,true
196.629,-40,true,l,true
160,-40,false,l,true
157.272,-40,true,g,true
145.377,-60,false,g,true
138.066,-60,false,b,true
150.54,-40,true,l,true
160,-40,false,l,true
172.428,-40,true,g,true
161.652,-60,false,g,true
155.391,-60,false,b,true
166.572,-40,true,l,true
160,-40,false,l,true
160.04,-40,true,g,true
148.367,-60,false,g,true
139.294,-60,false,b,true
151.666,-40,true,l,true
160,-40,false,l,true
204.08,-40,true,g,true
195.06,-60,false,g,true
145.904,-60,false,b,true
157.759,-40,true,l,true
160,-40,false,l,true
180.389,-40,true,g,true
170.118,-60,false,g,true
187.774,-60,false,b,true
197.127,-40,true,l,true
160,-40,false,l,true
163.752,-40,true,g,true
152.363,-60,false,g,true
147.015,-60,false,b,true
158.787,-40,true,l,true
160,-40,false,l,true
193.812,-40,true,g,true
184.29,-60,false,g,true
172.438,-60,false,b,true
182.578,-40,true,l,true
160,-40,false,l,true
157.577,-40,true,g,true
145.707,-60,false,g,true
138.784,-60,false,b,true
151.199,-40,true,l,true
160,-40,false,l,true
163.088,-40,true,g,true
151.65,-60,false,g,true
142.773,-60,false,b,true
154.868,-40,true,l,true
160,-40,false,l,true
204.604,-40,true,g,true
195.609,-60,false,g,true
151.43,-60,false,b,true
162.883,-40,true,l,true
160,-40,false,l,true
171.816,-40,true,g,true
160.999,-60,false,g,true
197.351,-60,false,b,true
206.27,-40,true,l,true
160,-40,false,l,true
163.192,-40,true,g,true
151.762,-60,false,g,true
145.853,-60,false,b,true
157.712,-40,true,l,true
160,-40,false,l,true
194.245,-40,true,g,true
184.747,-60,false,g,true
172.811,-60,false,b,true
182.931,-40,true,l,true
160,-40,false,l,true
157.073,-40,true,g,true
145.162,-60,false,g,true
137.119,-60,false,b,true
149.672,-40,true,l,true
160,-40,false,l,true
164.461,-40,true,g,true
153.126,-60,false,g,true
148.668,-60,false,b,true
160.319,-40,true,l,true
160,-40,false,l,true
203.8,-40,true,g,true
194.767,-60,false,g,true
192.366,-60,false,b,true
137.941,-60,false,b,true
150.425,-40,true,l,true
160,-40,false,l,true
169.572,-40,true,g,true
158.602,-60,false,g,true
146.222,-60,false,b,true
158.054,-40,true,l,true
160,-40,false,l,true
198.536,-40,true,g,true
189.252,-60,false,g,true
150.633,-60,false,b,true
162.143,-40,true,l,true
160,-40,false,l,true
173.337,-40,true,g,true
162.622,-60,false,g,true
151.741,-60,false,b,true
163.172,-40,true,l,true
160,-40,false,l,true
171.939,-40,true,g,true
161.131,-60,false,g,true
154.878,-60,false,b,true
166.094,-40,true,l,true
160,-40,false,l,true
159.562,-40,true,g,true
147.852,-60,false,g,true
138.774,-60,false,b,true
151.19,-40,true,l,true
160,-40,false,l,true
170.891,-40,true,g,true
160.012,-60,false,g,true
151.252,-60,false,b,true
162.718,-40,true,l,true
160,-40,false,l,true
155.602,-40,true,g,true
143.568,-60,false,g,true
177.443,-60,false,b,true
187.312,-40,true,l,true
160,-40,false,l,true
177.871,-40,true,g,true
167.445,-60,false,g,true
158.211,-60,false,b,true
169.206,-40,true,l,true
160,-40,false,l,true
170.98,-40,true,g,true
160.106,-60,false,g,true
149.149,-60,false,b,true
160.765,-40,true,l,true
160,-40,false,l,true
160.605,-40,true,g,true
148.976,-60,false,g,true
145.431,-60,false,b,true
157.321,-40,true,l,true
160,-40,false,l,true
192.71,-40,true,g,true
183.132,-60,false,g,true
138.935,-60,false,b,true
151.337,-40,true,l,true
160,-40,false,l,true
164.927,-40,true,g,true
153.626,-60,false,g,true
148.799,-60,false,b,true
160.441,-40,true,l,true
160,-40,false,l,true
195.348,-40,true,g,true
185.906,-60,false,g,true
146.63,-60,false,b,true
158.431,-40,true,l,true
160,-40,false,l,true
154.409,-40,true,g,true
142.275,-60,false,g,true
135.313,-60,false,b,true
148.019,-40,true,l,true
160,-40,false,l,true
194.551,-40,true,g,true
185.068,-60,false,g,true
150.127,-60,false,b,true
161.673,-40,true,l,true
160,-40,false,l,true
191.623,-40,true,g,true
181.988,-60,false,g,true
152.572,-60,false,b,true
163.946,-40,true,l,true
160,-40,false,l,true
172.772,-40,true,g,true
162.019,-60,false,g,true
157.792,-60,false,b,true
168.814,-40,true,l,true
160,-40,false,l,true
201.687,-40,true,g,true
192.556,-60,false,g,true
197.485,-60,false,b,true
206.398,-40,true,l,true
160,-40,false,l,true
171.199,-40,true,g,true
160.34,-60,false,g,true
156.409,-60,false,b,true
167.522,-40,true,l,true
160,-40,false,l,true
172.916,-40,true,g,true
162.172,-60,false,g,true
158.741,-60,false,b,true
169.702,-40,true,l,true
160,-40,false,l,true
174.346,-40,true,g,true
163.696,-60,false,g,true
153.245,-60,false,b,true
164.572,-40,true,l,true
160,-40,false,l,true
173.038,-40,true,g,true
162.302,-60,false,g,true
156.393,-60,false,b,true
167.508,-40,true,l,true
160,-40,false,l,true
169.06,-40,true,g,true
158.055,-60,false,g,true
147.266,-60,false,b,true
159.02,-40,true,l,true
160,-40,false,l,true
180.303,-40,true,g,true
170.027,-60,false,g,true
135.803,-60,false,b,true
148.467,-40,true,l,true
160,-40,false,l,true
177.806,-40,true,g,true
167.376,-60,false,g,true
159.682,-60,false,b,true
170.582,-40,true,l,true
160,-40,false,l,true
171.8,-40,true,g,true
160.982,-60,false,g,true
154.963,-60,false,b,true
166.173,-40,true,l,true
160,-40,false,l,true
171.903,-40,true,g,true
161.092,-60,false,g,true
151.272,-60,false,b,true
162.737,-40,true,l,true
160,-40,false,l,true
163.078,-40,true,g,true
151.639,-60,false,g,true
145.747,-60,false,b,true
157.614,-40,true,l,true
160,-40,false,l,true
155.317,-40,true,g,true
143.26,-60,false,g,true
135.963,-60,false,b,true
148.614,-40,true,l,true
160,-40,false,l,true
173.291,-40,true,g,true
162.573,-60,false,g,true
157.087,-60,false,b,true
168.156,-40,true,l,true
160,-40,false,l,true
170.814,-40,true,g,true
159.93,-60,false,g,true
148.246,-60,false,b,true
159.927,-40,true,l,true
160,-40,false,l,true
180.511,-40,true,g,true
170.248,-60,false,g,true
136.355,-60,false,b,true
148.972,-40,true,l,true
160,-40,false,l,true
165.721,-40,true,g,true
154.478,-60,false,g,true
146.521,-60,false,b,true
158.33,-40,true,l,true
160,-40,false,l,true
178.86,-40,true,g,true
168.496,-60,false,g,true
160.241,-60,false,b,true
171.106,-40,true,l,true
160,-40,false,l,true
173.181,-40,true,g,true
162.456,-60,false,g,true
153.432,-60,false,b,true
164.747,-40,true,l,true
160,-40,false,l,true
171.216,-40,true,g,true
160.359,-60,false,g,true
197.867,-60,false,b,true
206.764,-40,true,l,true
160,-40,false,l,true
173.225,-40,true,g,true
162.502,-60,false,g,true
152.558,-60,false,b,true
163.933,-40,true,l,true
160,-40,false,l,true
158.232,-40,true,g,true
146.415,-60,false,g,true
139.822,-60,false,b,true
152.151,-40,true,l,true
160,-40,false,l,true
