x,z,relay,string,error,index
160,-60,false,f,true
160,-40,false,l,true
175.389,-40,true,g,true
164.807,-60,false,g,true
156.641,-60,false,b,true
196.598,-60,false,b,true
205.55,-40,true,l,true
160,-40,false,l,true
174.174,-40,true,g,true
163.514,-60,false,g,true
198.764,-60,false,b,true
207.623,-40,true,l,true
160,-40,false,l,true
159.125,-40,true,g,true
147.38,-60,false,g,true
189.877,-60,false,b,true
199.132,-40,true,l,true
160,-40,false,l,true
208.546,-40,true,g,true
199.729,-60,false,g,true
196.463,-60,false,b,true
191.464,-60,false,b,true
200.645,-40,true,l,true
160,-40,false,l,true
193.527,-40,true,g,true
183.991,-60,false,g,true
180.642,-60,false,b,true
193.751,-60,false,b,true
202.829,-40,true,l,true
160,-40,false,l,true
198.461,-40,true,g,true
189.174,-60,false,g,true
184.949,-60,false,b,true
199.062,-60,false,b,true
207.908,-40,true,l,true
160,-40,false,l,true
166.156,-40,true,g,true
154.944,-60,false,g,true
182.555,-60,false,b,true
192.162,-40,true,l,true
160,-40,false,l,true
202.04,-40,true,g,true
192.926,-60,false,g,true
190.143,-60,false,b,true
199.385,-40,true,l,true
160,-40,false,l,true
158.944,-40,true,g,true
147.184,-60,false,g,true
194.954,-60,false,b,true
203.978,-40,true,l,true
160,-40,false,l,true
176.464,-40,true,g,true
165.951,-60,false,g,true
199.359,-60,false,b,true
208.192,-40,true,l,true
160,-40,false,l,true
171.888,-40,true,g,true
161.077,-60,false,g,true
199.522,-60,false,b,true
208.349,-40,true,l,true
160,-40,false,l,true
196.436,-40,true,g,true
187.048,-60,false,g,true
184.814,-60,false,b,true
198.364,-60,false,b,true
207.239,-40,true,l,true
160,-40,false,l,true
205.968,-40,true,g,true
197.036,-60,false,g,true
193.812,-60,false,b,true
202.887,-40,true,l,true
160,-40,false,l,true
151.742,-40,true,g,true
139.375,-60,false,g,true
187.481,-60,false,b,true
196.848,-40,true,l,true
160,-40,false,l,true
152.364,-40,true,g,true
140.052,-60,false,g,true
199.058,-60,false,b,true
207.904,-40,true,l,true
160,-40,false,l,true
158.346,-40,true,g,true
146.538,-60,false,g,true
185.832,-60,false,b,true
195.278,-40,true,l,true
160,-40,false,l,true
171.518,-40,true,g,true
160.681,-60,false,g,true
199.064,-60,false,b,true
207.91,-40,true,l,true
160,-40,false,l,true
183.121,-40,true,g,true
173.013,-60,false,g,true
190.879,-60,false,b,true
195.301,-60,false,b,true
204.31,-40,true,l,true
160,-40,false,l,true
191.98,-40,true,g,true
182.363,-60,false,g,true
162.553,-60,false,b,true
173.273,-40,true,l,true
160,-40,false,l,true
168.215,-40,true,g,true
157.15,-60,false,g,true
174.37,-60,false,b,true
184.404,-40,true,l,true
160,-40,false,l,true
161.982,-40,true,g,true
150.46,-60,false,g,true
190.977,-60,false,b,true
200.18,-40,true,l,true
160,-40,false,l,true
164.25,-40,true,g,true
152.899,-60,false,g,true
190.75,-60,false,b,true
199.964,-40,true,l,true
160,-40,false,l,true
193.751,-40,true,g,true
184.227,-60,false,g,true
180.51,-60,false,b,true
192.93,-60,false,b,true
202.044,-40,true,l,true
160,-40,false,l,true
180.056,-40,true,g,true
169.765,-60,false,g,true
167.29,-60,false,b,true
177.725,-40,true,l,true
160,-40,false,l,true
171.705,-40,true,g,true
160.881,-60,false,g,true
196.078,-60,false,b,true
205.052,-40,true,l,true
160,-40,false,l,true
156.771,-40,true,g,true
144.835,-60,false,g,true
186.323,-60,false,b,true
195.745,-40,true,l,true
160,-40,false,l,true
167.588,-40,true,g,true
156.479,-60,false,g,true
196.147,-60,false,b,true
205.118,-40,true,l,true
160,-40,false,l,true
148.135,-40,true,g,true
135.44,-60,false,g,true
199.543,-60,false,b,true
208.369,-40,true,l,true
160,-40,false,l,true
178.888,-40,true,g,true
168.525,-60,false,g,true
168.213,-60,false,b,true
178.594,-40,true,l,true
160,-40,false,l,true
199.203,-40,true,g,true
189.952,-60,false,g,true
187.363,-60,false,b,true
184.166,-60,false,b,true
193.693,-40,true,l,true
160,-40,false,l,true
158.906,-40,true,g,true
147.143,-60,false,g,true
195.336,-60,false,b,true
204.343,-40,true,l,true
160,-40,false,l,true
167.253,-40,true,g,true
156.12,-60,false,g,true
188.239,-60,false,b,true
198.651,-60,false,b,true
207.514,-40,true,l,true
160,-40,false,l,true
162.439,-40,true,g,true
150.951,-60,false,g,true
198.992,-60,false,b,true
207.841,-40,true,l,true
160,-40,false,l,true
152.197,-40,true,g,true
139.871,-60,false,g,true
187.665,-60,false,b,true
197.023,-40,true,l,true
160,-40,false,l,true
197.172,-40,true,g,true
187.821,-60,false,g,true
185.644,-60,false,b,true
199.197,-60,false,b,true
208.038,-40,true,l,true
160,-40,false,l,true
167.65,-40,true,g,true
156.546,-60,false,g,true
190.25,-60,false,b,true
199.487,-40,true,l,true
160,-40,false,l,true
161.017,-40,true,g,true
149.42,-60,false,g,true
197.649,-60,false,b,true
206.556,-40,true,l,true
160,-40,false,l,true
167.731,-40,true,g,true
156.632,-60,false,g,true
173.03,-60,false,b,true
183.138,-40,true,l,true
160,-40,false,l,true
159.482,-40,true,g,true
147.765,-60,false,g,true
191.089,-60,false,b,true
200.287,-40,true,l,true
160,-40,false,l,true
178.329,-40,true,g,true
167.933,-60,false,g,true
174.79,-60,false,b,true
184.801,-40,true,l,true
160,-40,false,l,true
167.11,-40,true,g,true
155.967,-60,false,g,true
198.679,-60,false,b,true
207.541,-40,true,l,true
160,-40,false,l,true
164.942,-40,true,g,true
153.642,-60,false,g,true
147.805,-60,false,b,true
197.797,-60,false,b,true
206.697,-40,true,l,true
160,-40,false,l,true
164.355,-40,true,g,true
153.011,-60,false,g,true
196.284,-60,false,b,true
205.25,-40,true,l,true
160,-40,false,l,true
158.795,-40,true,g,true
147.024,-60,false,g,true
195.356,-60,false,b,true
204.363,-40,true,l,true
160,-40,false,l,true
166.101,-40,true,g,true
154.886,-60,false,g,true
198.492,-60,false,b,true
207.363,-40,true,l,true
160,-40,false,l,true
162.359,-40,true,g,true
150.866,-60,false,g,true
193.863,-60,false,b,true
202.936,-40,true,l,true
160,-40,false,l,true
154.894,-40,true,g,true
142.801,-60,false,g,true
135.084,-60,false,b,true
147.809,-40,true,l,true
160,-40,false,l,true
172.427,-40,true,g,true
161.651,-60,false,g,true
196.788,-60,false,b,true
205.731,-40,true,l,true
160,-40,false,l,true
192.182,-40,true,g,true
182.576,-60,false,g,true
180.706,-60,false,b,true
188.242,-60,false,b,true
197.573,-40,true,l,true
160,-40,false,l,true
206.116,-40,true,g,true
197.19,-60,false,g,true
196.385,-60,false,b,true
205.346,-40,true,l,true
160,-40,false,l,true
170.048,-40,true,g,true
159.111,-60,false,g,true
199.527,-60,false,b,true
208.353,-40,true,l,true
160,-40,false,l,true
158.249,-40,true,g,true
146.433,-60,false,g,true
188.574,-60,false,b,true
197.889,-40,true,l,true
160,-40,false,l,true
164.93,-40,true,g,true
153.629,-60,false,g,true
148.725,-60,false,b,true
160.371,-40,true,l,true
160,-40,false,l,true
172.716,-40,true,g,true
161.959,-60,false,g,true
196.641,-60,false,b,true
205.591,-40,true,l,true
160,-40,false,l,true
193.352,-40,true,g,true
183.807,-60,false,g,true
181.841,-60,false,b,true
188.847,-60,false,b,true
198.149,-40,true,l,true
160,-40,false,l,true
207.294,-40,true,g,true
198.421,-60,false,g,true
195.807,-60,false,b,true
204.793,-40,true,l,true
160,-40,false,l,true
171.863,-40,true,g,true
161.05,-60,false,g,true
199.926,-60,false,b,true
208.735,-40,true,l,true
160,-40,false,l,true
159.098,-40,true,g,true
147.351,-60,false,g,true
135.144,-60,false,b,true
174.087,-60,false,b,true
183.24,-60,false,b,true
192.813,-40,true,l,true
160,-40,false,l,true
171.123,-40,true,g,true
160.26,-60,false,g,true
199.501,-60,false,b,true
208.328,-40,true,l,true
160,-40,false,l,true
170.457,-40,true,g,true
159.548,-60,false,g,true
187.485,-60,false,b,true
196.852,-40,true,l,true
160,-40,false,l,true
160.412,-40,true,g,true
148.768,-60,false,g,true
196.77,-60,false,b,true
205.714,-40,true,l,true
160,-40,false,l,true
159.255,-40,true,g,true
147.52,-60,false,g,true
195.838,-60,false,b,true
204.823,-40,true,l,true
160,-40,false,l,true
185.036,-40,true,g,true
175.038,-60,false,g,true
170.919,-60,false,b,true
181.145,-40,true,l,true
160,-40,false,l,true
164.163,-40,true,g,true
152.805,-60,false,g,true
192.832,-60,false,b,true
201.951,-40,true,l,true
160,-40,false,l,true
167.249,-40,true,g,true
156.116,-60,false,g,true
151.507,-60,false,b,true
196.256,-60,false,b,true
205.223,-40,true,l,true
160,-40,false,l,true
184.233,-40,true,g,true
174.189,-60,false,g,true
198.898,-60,false,b,true
207.751,-40,true,l,true
160,-40,false,l,true
198.171,-40,true,g,true
188.87,-60,false,g,true
187.297,-60,false,b,true
196.673,-40,true,l,true
160,-40,false,l,true
173.202,-40,true,g,true
162.477,-60,false,g,true
198.165,-60,false,b,true
207.05,-40,true,l,true
160,-40,false,l,true
171.261,-40,true,g,true
160.407,-60,false,g,true
199.121,-60,false,b,true
207.964,-40,true,l,true
160,-40,false,l,true
165.11,-40,true,g,true
153.822,-60,false,g,true
183.315,-60,false,b,true
192.884,-40,true,l,true
160,-40,false,l,true
161.898,-40,true,g,true
150.37,-60,false,g,true
193.201,-60,false,b,true
202.303,-40,true,l,true
160,-40,false,l,true
150.8,-40,true,g,true
138.349,-60,false,g,true
135.29,-60,false,b,true
174.481,-60,false,b,true
184.509,-40,true,l,true
160,-40,false,l,true
155.064,-40,true,g,true
142.986,-60,false,g,true
187.259,-60,false,b,true
196.637,-40,true,l,true
160,-40,false,l,true
157.224,-40,true,g,true
145.325,-60,false,g,true
187.405,-60,false,b,true
196.776,-40,true,l,true
160,-40,false,l,true
163.885,-40,true,g,true
152.507,-60,false,g,true
196.133,-60,false,b,true
205.105,-40,true,l,true
160,-40,false,l,true
162.209,-40,true,g,true
150.704,-60,false,g,true
146.344,-60,false,b,true
158.166,-40,true,l,true
160,-40,false,l,true
165.473,-40,true,g,true
154.212,-60,false,g,true
197.731,-60,false,b,true
206.634,-40,true,l,true
160,-40,false,l,true
205.664,-40,true,g,true
196.717,-60,false,g,true
165.26,-60,false,b,true
195.231,-60,false,b,true
204.243,-40,true,l,true
160,-40,false,l,true
159.527,-40,true,g,true
147.813,-60,false,g,true
195.927,-60,false,b,true
204.908,-40,true,l,true
160,-40,false,l,true
170.873,-40,true,g,true
159.993,-60,false,g,true
197.595,-60,false,b,true
206.504,-40,true,l,true
160,-40,false,l,true
159.053,-40,true,g,true
147.302,-60,false,g,true
194.242,-60,false,b,true
203.297,-40,true,l,true
160,-40,false,l,true
161.237,-40,true,g,true
149.657,-60,false,g,true
196.855,-60,false,b,true
205.795,-40,true,l,true
160,-40,false,l,true
160.966,-40,true,g,true
149.366,-60,false,g,true
197.56,-60,false,b,true
206.471,-40,true,l,true
160,-40,false,l,true
151.537,-40,true,g,true
139.153,-60,false,g,true
187.036,-60,false,b,true
196.424,-40,true,l,true
160,-40,false,l,true
196.494,-40,true,g,true
187.109,-60,false,g,true
185,-60,false,b,true
198.691,-60,false,b,true
207.553,-40,true,l,true
160,-40,false,l,true
206.016,-40,true,g,true
197.085,-60,false,g,true
193.994,-60,false,b,true
203.061,-40,true,l,true
160,-40,false,l,true
168.633,-40,true,g,true
157.598,-60,false,g,true
196.324,-60,false,b,true
205.288,-40,true,l,true
160,-40,false,l,true
185.521,-40,true,g,true
175.551,-60,false,g,true
199.951,-60,false,b,true
208.76,-40,true,l,true
160,-40,false,l,true
157.786,-40,true,g,true
145.933,-60,false,g,true
193.545,-60,false,b,true
202.632,-40,true,l,true
160,-40,false,l,true
178.35,-40,true,g,true
167.955,-60,false,g,true
167.472,-60,false,b,true
177.896,-40,true,l,true
160,-40,false,l,true
198.644,-40,true,g,true
189.366,-60,false,g,true
186.659,-60,false,b,true
196.63,-60,false,b,true
205.58,-40,true,l,true
160,-40,false,l,true
168.142,-40,true,g,true
157.072,-60,false,g,true
174.123,-60,false,b,true
184.171,-40,true,l,true
160,-40,false,l,true
161.894,-40,true,g,true
150.365,-60,false,g,true
190.581,-60,false,b,true
199.803,-40,true,l,true
160,-40,false,l,true
164.145,-40,true,g,true
152.786,-60,false,g,true
145.126,-60,false,b,true
199.914,-60,false,b,true
208.724,-40,true,l,true
160,-40,false,l,true
168.702,-40,true,g,true
157.671,-60,false,g,true
179.658,-60,false,b,true
189.412,-40,true,l,true
160,-40,false,l,true
206.418,-40,true,g,true
197.505,-60,false,g,true
197.609,-60,false,b,true
206.517,-40,true,l,true
160,-40,false,l,true
