x,z,relay,string,error,index
160,-60,false,f,true,0
160,-40,false,l,true,0
160.412,-40,true,g,true,0
148.768,-60,false,g,true,0
184.436,-60,false,b,true,0
193.95,-40,true,l,true,0
160,-40,false,l,true,0
160.551,-40,true,g,true,0
148.918,-60,false,g,true,0
144.435,-60,false,b,true,0
156.401,-40,true,l,true,0
160,-40,false,l,true,0
193.856,-40,true,g,true,0
184.337,-60,false,g,true,0
149.984,-60,false,b,true,0
161.54,-40,true,l,true,0
160,-40,false,l,true,0
156.953,-40,true,g,true,0
145.032,-60,false,g,true,0
136.524,-60,false,b,true,0
141.511,-60,false,b,true,0
153.705,-40,true,l,true,0
160,-40,false,l,true,0
170.692,-40,true,g,true,0
159.799,-60,false,g,true,0
149.232,-60,false,b,true,0
160.843,-40,true,l,true,0
160,-40,false,l,true,0
199.625,-40,true,g,true,0
190.394,-60,false,g,true,0
151.127,-60,false,b,true,0
162.602,-40,true,l,true,0
160,-40,false,l,true,0
194.564,-40,true,g,true,0
185.082,-60,false,g,true,0
150.75,-60,false,b,true,0
162.251,-40,true,l,true,0
160,-40,false,l,true,0
169.288,-40,true,g,true,0
158.299,-60,false,g,true,0
150.158,-60,false,b,true,0
161.701,-40,true,l,true,0
160,-40,false,l,true,0
190.405,-40,true,g,true,0
180.705,-60,false,g,true,0
156.494,-60,false,b,true,0
136.607,-60,false,b,true,0
149.202,-40,true,l,true,0
160,-40,false,l,true,0
179.152,-40,true,g,true,0
168.806,-60,false,g,true,0
161.834,-60,false,b,true,0
172.599,-40,true,l,true,0
160,-40,false,l,true,0
168.39,-40,true,g,true,0
157.337,-60,false,g,true,0
149.09,-60,false,b,true,0
160.711,-40,true,l,true,0
160,-40,false,l,true,0
169.218,-40,true,g,true,0
158.224,-60,false,g,true,0
151.423,-60,false,b,true,0
162.877,-40,true,l,true,0
160,-40,false,l,true,0
163.351,-40,true,g,true,0
151.933,-60,false,g,true,0
145.842,-60,false,b,true,0
157.702,-40,true,l,true,0
160,-40,false,l,true,0
155.598,-40,true,g,true,0
143.564,-60,false,g,true,0
136.006,-60,false,b,true,0
148.652,-40,true,l,true,0
160,-40,false,l,true,0
201.322,-40,true,g,true,0
192.173,-60,false,g,true,0
153.325,-60,false,b,true,0
164.647,-40,true,l,true,0
160,-40,false,l,true,0
199.1,-40,true,g,true,0
189.844,-60,false,g,true,0
146.819,-60,false,b,true,0
158.606,-40,true,l,true,0
160,-40,false,l,true,0
192.955,-40,true,g,true,0
183.39,-60,false,g,true,0
144.13,-60,false,b,true,0
156.12,-40,true,l,true,0
160,-40,false,l,true,0
164.484,-40,true,g,true,0
153.151,-60,false,g,true,0
147.934,-60,false,b,true,0
159.639,-40,true,l,true,0
160,-40,false,l,true,0
181.473,-40,true,g,true,0
171.267,-60,false,g,true,0
145.393,-60,false,b,true,0
145.582,-60,false,b,true,0
157.462,-40,true,l,true,0
160,-40,false,l,true,0
178.865,-40,true,g,true,0
168.502,-60,false,g,true,0
160.63,-60,false,b,true,0
171.47,-40,true,l,true,0
160,-40,false,l,true,0
173.171,-40,true,g,true,0
162.444,-60,false,g,true,0
153.82,-60,false,b,true,0
165.108,-40,true,l,true,0
160,-40,false,l,true,0
171.223,-40,true,g,true,0
160.366,-60,false,g,true,0
152.794,-60,false,b,true,0
164.153,-40,true,l,true,0
160,-40,false,l,true,0
171.484,-40,true,g,true,0
160.644,-60,false,g,true,0
149.236,-60,false,b,true,0
160.846,-40,true,l,true,0
160,-40,false,l,true,0
201.238,-40,true,g,true,0
192.085,-60,false,g,true,0
149.024,-60,false,b,true,0
160.649,-40,true,l,true,0
160,-40,false,l,true,0
164.476,-40,true,g,true,0
153.142,-60,false,g,true,0
147.718,-60,false,b,true,0
159.438,-40,true,l,true,0
160,-40,false,l,true,0
178.62,-40,true,g,true,0
168.242,-60,false,g,true,0
159.632,-60,false,b,true,0
170.536,-40,true,l,true,0
160,-40,false,l,true,0
167.431,-40,true,g,true,0
156.311,-60,false,g,true,0
147.849,-60,false,b,true,0
138.997,-60,false,b,true,0
151.394,-40,true,l,true,0
160,-40,false,l,true,0
179.793,-40,true,g,true,0
169.486,-60,false,g,true,0
135.629,-60,false,b,true,0
148.307,-40,true,l,true,0
160,-40,false,l,true,0
165.007,-40,true,g,true,0
153.711,-60,false,g,true,0
145.852,-60,false,b,true,0
157.711,-40,true,l,true,0
160,-40,false,l,true,0
175.069,-40,true,g,true,0
164.466,-60,false,g,true,0
154.323,-60,false,b,true,0
165.577,-40,true,l,true,0
160,-40,false,l,true,0
173.826,-40,true,g,true,0
163.142,-60,false,g,true,0
157.087,-60,false,b,true,0
168.156,-40,true,l,true,0
160,-40,false,l,true,0
176.988,-40,true,g,true,0
166.508,-60,false,g,true,0
160.205,-60,false,b,true,0
145.254,-60,false,b,true,0
157.158,-40,true,l,true,0
160,-40,false,l,true,0
194.675,-40,true,g,true,0
185.198,-60,false,g,true,0
136.008,-60,false,b,true,0
148.655,-40,true,l,true,0
160,-40,false,l,true,0
171.416,-40,true,g,true,0
160.572,-60,false,g,true,0
150.604,-60,false,b,true,0
162.116,-40,true,l,true,0
160,-40,false,l,true,0
162.57,-40,true,g,true,0
151.093,-60,false,g,true,0
145.049,-60,false,b,true,0
156.969,-40,true,l,true,0
160,-40,false,l,true,0
177.828,-40,true,g,true,0
167.4,-60,false,g,true,0
159.826,-60,false,b,true,0
170.717,-40,true,l,true,0
160,-40,false,l,true,0
171.835,-40,true,g,true,0
161.019,-60,false,g,true,0
155.013,-60,false,b,true,0
166.22,-40,true,l,true,0
160,-40,false,l,true,0
176.788,-40,true,g,true,0
166.295,-60,false,g,true,0
160.539,-60,false,b,true,0
171.385,-40,true,l,true,0
160,-40,false,l,true,0
169.806,-40,true,g,true,0
158.852,-60,false,g,true,0
146.471,-60,false,b,true,0
147.337,-60,false,b,true,0
159.085,-40,true,l,true,0
160,-40,false,l,true,0
169.136,-40,true,g,true,0
158.136,-60,false,g,true,0
153.6,-60,false,b,true,0
164.903,-40,true,l,true,0
160,-40,false,l,true,0
171.874,-40,true,g,true,0
161.061,-60,false,g,true,0
187.251,-60,false,b,true,0
196.629,-40,true,l,true,0
160,-40,false,l,true,0
157.272,-40,true,g,true,0
145.377,-60,false,g,true,0
138.066,-60,false,b,true,0
150.54,-40,true,l,true,0
160,-40,false,l,true,0
172.428,-40,true,g,true,0
161.652,-60,false,g,true,0
155.391,-60,false,b,true,0
166.572,-40,true,l,true,0
160,-40,false,l,true,0
160.04,-40,true,g,true,0
148.367,-60,false,g,true,0
139.294,-60,false,b,true,0
151.666,-40,true,l,true,0
160,-40,false,l,true,0
204.08,-40,true,g,true,0
195.06,-60,false,g,true,0
145.904,-60,false,b,true,0
157.759,-40,true,l,true,0
160,-40,false,l,true,0
180.389,-40,true,g,true,0
170.118,-60,false,g,true,0
187.774,-60,false,b,true,0
197.127,-40,true,l,true,0
160,-40,false,l,true,0
163.752,-40,true,g,true,0
152.363,-60,false,g,true,0
147.015,-60,false,b,true,0
158.787,-40,true,l,true,0
160,-40,false,l,true,0
193.812,-40,true,g,true,0
184.29,-60,false,g,true,0
172.438,-60,false,b,true,0
182.578,-40,true,l,true,0
160,-40,false,l,true,0
157.577,-40,true,g,true,0
145.707,-60,false,g,true,0
138.784,-60,false,b,true,0
151.199,-40,true,l,true,0
160,-40,false,l,true,0
163.088,-40,true,g,true,0
151.65,-60,false,g,true,0
142.773,-60,false,b,true,0
154.868,-40,true,l,true,0
160,-40,false,l,true,0
204.604,-40,true,g,true,0
195.609,-60,false,g,true,0
151.43,-60,false,b,true,0
162.883,-40,true,l,true,0
160,-40,false,l,true,0
171.816,-40,true,g,true,0
160.999,-60,false,g,true,0
197.351,-60,false,b,true,0
206.27,-40,true,l,true,0
160,-40,false,l,true,0
163.192,-40,true,g,true,0
151.762,-60,false,g,true,0
145.853,-60,false,b,true,0
157.712,-40,true,l,true,0
160,-40,false,l,true,0
194.245,-40,true,g,true,0
184.747,-60,false,g,true,0
172.811,-60,false,b,true,0
182.931,-40,true,l,true,0
160,-40,false,l,true,0
157.073,-40,true,g,true,0
145.162,-60,false,g,true,0
137.119,-60,false,b,true,0
149.672,-40,true,l,true,0
160,-40,false,l,true,0
164.461,-40,true,g,true,0
153.126,-60,false,g,true,0
148.668,-60,false,b,true,0
160.319,-40,true,l,true,0
160,-40,false,l,true,0
203.8,-40,true,g,true,0
194.767,-60,false,g,true,0
192.366,-60,false,b,true,0
137.941,-60,false,b,true,0
150.425,-40,true,l,true,0
160,-40,false,l,true,0
169.572,-40,true,g,true,0
158.602,-60,false,g,true,0
146.222,-60,false,b,true,0
158.054,-40,true,l,true,0
160,-40,false,l,true,0
198.536,-40,true,g,true,0
189.252,-60,false,g,true,0
150.633,-60,false,b,true,0
162.143,-40,true,l,true,0
160,-40,false,l,true,0
173.337,-40,true,g,true,0
162.622,-60,false,g,true,0
151.741,-60,false,b,true,0
163.172,-40,true,l,true,0
160,-40,false,l,true,0
171.939,-40,true,g,true,0
161.131,-60,false,g,true,0
154.878,-60,false,b,true,0
166.094,-40,true,l,true,0
160,-40,false,l,true,0
159.562,-40,true,g,true,0
147.852,-60,false,g,true,0
138.774,-60,false,b,true,0
151.19,-40,true,l,true,0
160,-40,false,l,true,0
170.891,-40,true,g,true,0
160.012,-60,false,g,true,0
151.252,-60,false,b,true,0
162.718,-40,true,l,true,0
160,-40,false,l,true,0
155.602,-40,true,g,true,0
143.568,-60,false,g,true,0
177.443,-60,false,b,true,0
187.312,-40,true,l,true,0
160,-40,false,l,true,0
177.871,-40,true,g,true,0
167.445,-60,false,g,true,0
158.211,-60,false,b,true,0
169.206,-40,true,l,true,0
160,-40,false,l,true,0
170.98,-40,true,g,true,0
160.106,-60,false,g,true,0
149.149,-60,false,b,true,0
160.765,-40,true,l,true,0
160,-40,false,l,true,0
160.605,-40,true,g,true,0
148.976,-60,false,g,true,0
145.431,-60,false,b,true,0
157.321,-40,true,l,true,0
160,-40,false,l,true,0
192.71,-40,true,g,true,0
183.132,-60,false,g,true,0
138.935,-60,false,b,true,0
151.337,-40,true,l,true,0
160,-40,false,l,true,0
164.927,-40,true,g,true,0
153.626,-60,false,g,true,0
148.799,-60,false,b,true,0
160.441,-40,true,l,true,0
160,-40,false,l,true,0
195.348,-40,true,g,true,0
185.906,-60,false,g,true,0
146.63,-60,false,b,true,0
158.431,-40,true,l,true,0
160,-40,false,l,true,0
154.409,-40,true,g,true,0
142.275,-60,false,g,true,0
135.313,-60,false,b,true,0
148.019,-40,true,l,true,0
160,-40,false,l,true,0
194.551,-40,true,g,true,0
185.068,-60,false,g,true,0
150.127,-60,false,b,true,0
161.673,-40,true,l,true,0
160,-40,false,l,true,0
191.623,-40,true,g,true,0
181.988,-60,false,g,true,0
152.572,-60,false,b,true,0
163.946,-40,true,l,true,0
160,-40,false,l,true,0
172.772,-40,true,g,true,0
162.019,-60,false,g,true,0
157.792,-60,false,b,true,0
168.814,-40,true,l,true,0
160,-40,false,l,true,0
201.687,-40,true,g,true,0
192.556,-60,false,g,true,0
197.485,-60,false,b,true,0
206.398,-40,true,l,true,0
160,-40,false,l,true,0
171.199,-40,true,g,true,0
160.34,-60,false,g,true,0
156.409,-60,false,b,true,0
167.522,-40,true,l,true,0
160,-40,false,l,true,0
172.916,-40,true,g,true,0
162.172,-60,false,g,true,0
158.741,-60,false,b,true,0
169.702,-40,true,l,true,0
160,-40,false,l,true,0
174.346,-40,true,g,true,0
163.696,-60,false,g,true,0
153.245,-60,false,b,true,0
164.572,-40,true,l,true,0
160,-40,false,l,true,0
173.038,-40,true,g,true,0
162.302,-60,false,g,true,0
156.393,-60,false,b,true,0
167.508,-40,true,l,true,0
160,-40,false,l,true,0
169.06,-40,true,g,true,0
158.055,-60,false,g,true,0
147.266,-60,false,b,true,0
159.02,-40,true,l,true,0
160,-40,false,l,true,0
180.303,-40,true,g,true,0
170.027,-60,false,g,true,0
135.803,-60,false,b,true,0
148.467,-40,true,l,true,0
160,-40,false,l,true,0
177.806,-40,true,g,true,0
167.376,-60,false,g,true,0
159.682,-60,false,b,true,0
170.582,-40,true,l,true,0
160,-40,false,l,true,0
171.8,-40,true,g,true,0
160.982,-60,false,g,true,0
154.963,-60,false,b,true,0
166.173,-40,true,l,true,0
160,-40,false,l,true,0
171.903,-40,true,g,true,0
161.092,-60,false,g,true,0
151.272,-60,false,b,true,0
162.737,-40,true,l,true,0
160,-40,false,l,true,0
163.078,-40,true,g,true,0
151.639,-60,false,g,true,0
145.747,-60,false,b,true,0
157.614,-40,true,l,true,0
160,-40,false,l,true,0
155.317,-40,true,g,true,0
143.26,-60,false,g,true,0
135.963,-60,false,b,true,0
148.614,-40,true,l,true,0
160,-40,false,l,true,0
173.291,-40,true,g,true,0
162.573,-60,false,g,true,0
157.087,-60,false,b,true,0
168.156,-40,true,l,true,0
160,-40,false,l,true,0
170.814,-40,true,g,true,0
159.93,-60,false,g,true,0
148.246,-60,false,b,true,0
159.927,-40,true,l,true,0
160,-40,false,l,true,0
180.511,-40,true,g,true,0
170.248,-60,false,g,true,0
136.355,-60,false,b,true,0
148.972,-40,true,l,true,0
160,-40,false,l,true,0
165.721,-40,true,g,true,0
154.478,-60,false,g,true,0
146.521,-60,false,b,true,0
158.33,-40,true,l,true,0
160,-40,false,l,true,0
178.86,-40,true,g,true,0
168.496,-60,false,g,true,0
160.241,-60,false,b,true,0
171.106,-40,true,l,true,0
160,-40,false,l,true,0
173.181,-40,true,g,true,0
162.456,-60,false,g,true,0
153.432,-60,false,b,true,0
164.747,-40,true,l,true,0
160,-40,false,l,true,0
171.216,-40,true,g,true,0
160.359,-60,false,g,true,0
197.867,-60,false,b,true,0
206.764,-40,true,l,true,0
160,-40,false,l,true,0
173.225,-40,true,g,true,0
162.502,-60,false,g,true,0
152.558,-60,false,b,true,0
163.933,-40,true,l,true,0
160,-40,false,l,true,0
158.232,-40,true,g,true,0
146.415,-60,false,g,true,0
139.822,-60,false,b,true,0
152.151,-40,true,l,true,0
160,-40,false,l,true,0
160,-60,false,f,true,1
148.081,-60,false,b,true,1
159.774,-40,true,l,true,1
160,-40,false,l,true,1
168.383,-40,true,g,true,1
157.33,-60,false,g,true,1
148.681,-60,false,b,true,1
160.331,-40,true,l,true,1
160,-40,false,l,true,1
160.547,-40,true,g,true,1
148.914,-60,false,g,true,1
141.014,-60,false,b,true,1
153.248,-40,true,l,true,1
160,-40,false,l,true,1
197.354,-40,true,g,true,1
188.012,-60,false,g,true,1
185.992,-60,false,b,true,1
155.711,-60,false,b,true,1
179.371,-60,false,b,true,1
189.14,-40,true,l,true,1
160,-40,false,l,true,1
194.94,-40,true,g,true,1
185.477,-60,false,g,true,1
136.251,-60,false,b,true,1
143.04,-60,false,b,true,1
177.771,-60,false,b,true,1
143.218,-60,false,b,true,1
155.278,-40,true,l,true,1
160,-40,false,l,true,1
158.44,-40,true,g,true,1
146.64,-60,false,g,true,1
148.69,-60,false,b,true,1
160.34,-40,true,l,true,1
160,-40,false,l,true,1
165.53,-40,true,g,true,1
154.273,-60,false,g,true,1
148.171,-60,false,b,true,1
159.858,-40,true,l,true,1
160,-40,false,l,true,1
158.038,-40,true,g,true,1
146.206,-60,false,g,true,1
136.458,-60,false,b,true,1
160.531,-60,false,b,true,1
171.377,-40,true,l,true,1
160,-40,false,l,true,1
157.29,-40,true,g,true,1
145.397,-60,false,g,true,1
139.238,-60,false,b,true,1
151.615,-40,true,l,true,1
160,-40,false,l,true,1
179.488,-40,true,g,true,1
169.162,-60,false,g,true,1
141.099,-60,false,b,true,1
153.326,-40,true,l,true,1
160,-40,false,l,true,1
184.752,-40,true,g,true,1
174.737,-60,false,g,true,1
143.171,-60,false,b,true,1
155.235,-40,true,l,true,1
160,-40,false,l,true,1
187.031,-40,true,g,true,1
177.145,-60,false,g,true,1
173.946,-60,false,b,true,1
187.241,-60,false,b,true,1
137.775,-60,false,b,true,1
168.772,-60,false,b,true,1
179.12,-40,true,l,true,1
160,-40,false,l,true,1
164.286,-40,true,g,true,1
152.937,-60,false,g,true,1
144.97,-60,false,b,true,1
156.896,-40,true,l,true,1
160,-40,false,l,true,1
176.595,-40,true,g,true,1
166.09,-60,false,g,true,1
159.966,-60,false,b,true,1
170.848,-40,true,l,true,1
160,-40,false,l,true,1
182.465,-40,true,g,true,1
172.318,-60,false,g,true,1
140.804,-60,false,b,true,1
153.055,-40,true,l,true,1
160,-40,false,l,true,1
164.958,-40,true,g,true,1
153.659,-60,false,g,true,1
150.576,-60,false,b,true,1
162.09,-40,true,l,true,1
160,-40,false,l,true,1
189.085,-40,true,g,true,1
179.313,-60,false,g,true,1
155.58,-60,false,b,true,1
166.748,-40,true,l,true,1
160,-40,false,l,true,1
189.152,-40,true,g,true,1
179.383,-60,false,g,true,1
176.858,-60,false,b,true,1
151.545,-60,false,b,true,1
174.896,-60,false,b,true,1
184.902,-40,true,l,true,1
160,-40,false,l,true,1
202.178,-40,true,g,true,1
193.07,-60,false,g,true,1
189.674,-60,false,b,true,1
148.303,-60,false,b,true,1
183.505,-60,false,b,true,1
148.851,-60,false,b,true,1
160.489,-40,true,l,true,1
160,-40,false,l,true,1
195.442,-40,true,g,true,1
186.004,-60,false,g,true,1
136.271,-60,false,b,true,1
142.587,-60,false,b,true,1
176.645,-60,false,b,true,1
141.767,-60,false,b,true,1
153.941,-40,true,l,true,1
160,-40,false,l,true,1
183.985,-40,true,g,true,1
173.927,-60,false,g,true,1
138.477,-60,false,b,true,1
150.917,-40,true,l,true,1
160,-40,false,l,true,1
161.007,-40,true,g,true,1
149.409,-60,false,g,true,1
153.453,-60,false,b,true,1
164.766,-40,true,l,true,1
160,-40,false,l,true,1
201.694,-40,true,g,true,1
192.563,-60,false,g,true,1
157.122,-60,false,b,true,1
169.59,-60,false,b,true,1
179.891,-40,true,l,true,1
160,-40,false,l,true,1
174.97,-40,true,g,true,1
164.361,-60,false,g,true,1
156.998,-60,false,b,true,1
168.072,-40,true,l,true,1
160,-40,false,l,true,1
206.125,-40,true,g,true,1
197.199,-60,false,g,true,1
195.774,-60,false,b,true,1
164.804,-60,false,b,true,1
194.191,-60,false,b,true,1
199.186,-60,false,b,true,1
208.026,-40,true,l,true,1
160,-40,false,l,true,1
197.531,-40,true,g,true,1
188.198,-60,false,g,true,1
148.493,-60,false,b,true,1
160.157,-40,true,l,true,1
160,-40,false,l,true,1
167.502,-40,true,g,true,1
156.387,-60,false,g,true,1
147.734,-60,false,b,true,1
194.549,-60,false,b,true,1
203.591,-40,true,l,true,1
160,-40,false,l,true,1
162.499,-40,true,g,true,1
151.017,-60,false,g,true,1
144.329,-60,false,b,true,1
156.303,-40,true,l,true,1
160,-40,false,l,true,1
163.637,-40,true,g,true,1
152.24,-60,false,g,true,1
143.994,-60,false,b,true,1
155.994,-40,true,l,true,1
160,-40,false,l,true,1
186.234,-40,true,g,true,1
176.304,-60,false,g,true,1
173.141,-60,false,b,true,1
186.558,-60,false,b,true,1
174.063,-60,false,b,true,1
172.028,-60,false,b,true,1
182.191,-40,true,l,true,1
160,-40,false,l,true,1
165.106,-40,true,g,true,1
153.818,-60,false,g,true,1
147.01,-60,false,b,true,1
158.783,-40,true,l,true,1
160,-40,false,l,true,1
189.955,-40,true,g,true,1
180.23,-60,false,g,true,1
177.263,-60,false,b,true,1
136.055,-60,false,b,true,1
148.698,-40,true,l,true,1
160,-40,false,l,true,1
174.478,-40,true,g,true,1
163.837,-60,false,g,true,1
159.648,-60,false,b,true,1
172.027,-60,false,b,true,1
182.191,-40,true,l,true,1
160,-40,false,l,true,1
197.876,-40,true,g,true,1
188.56,-60,false,g,true,1
136.178,-60,false,b,true,1
148.81,-40,true,l,true,1
160,-40,false,l,true,1
168.205,-40,true,g,true,1
157.14,-60,false,g,true,1
147.088,-60,false,b,true,1
158.855,-40,true,l,true,1
160,-40,false,l,true,1
167.768,-40,true,g,true,1
156.671,-60,false,g,true,1
150.73,-60,false,b,true,1
162.233,-40,true,l,true,1
160,-40,false,l,true,1
191.983,-40,true,g,true,1
182.366,-60,false,g,true,1
146.583,-60,false,b,true,1
158.387,-40,true,l,true,1
160,-40,false,l,true,1
198.096,-40,true,g,true,1
188.791,-60,false,g,true,1
149.389,-60,false,b,true,1
160.988,-40,true,l,true,1
160,-40,false,l,true,1
168.931,-40,true,g,true,1
157.917,-60,false,g,true,1
150.16,-60,false,b,true,1
161.703,-40,true,l,true,1
160,-40,false,l,true,1
194.704,-40,true,g,true,1
185.229,-60,false,g,true,1
184.51,-60,false,b,true,1
155.729,-60,false,b,true,1
189.998,-60,false,b,true,1
141.225,-60,false,b,true,1
153.442,-40,true,l,true,1
160,-40,false,l,true,1
189.343,-40,true,g,true,1
179.585,-60,false,g,true,1
144.196,-60,false,b,true,1
156.181,-40,true,l,true,1
160,-40,false,l,true,1
198.489,-40,true,g,true,1
189.203,-60,false,g,true,1
188.512,-60,false,b,true,1
159.203,-60,false,b,true,1
197.133,-60,false,b,true,1
169.231,-60,false,b,true,1
179.552,-40,true,l,true,1
160,-40,false,l,true,1
165.891,-40,true,g,true,1
154.66,-60,false,g,true,1
148.271,-60,false,b,true,1
159.95,-40,true,l,true,1
160,-40,false,l,true,1
171.637,-40,true,g,true,1
160.808,-60,false,g,true,1
162.492,-60,false,b,true,1
139.768,-60,false,b,true,1
152.102,-40,true,l,true,1
160,-40,false,l,true,1
160.925,-40,true,g,true,1
149.321,-60,false,g,true,1
139.562,-60,false,b,true,1
151.913,-40,true,l,true,1
160,-40,false,l,true,1
188.645,-40,true,g,true,1
178.849,-60,false,g,true,1
143.215,-60,false,b,true,1
155.276,-40,true,l,true,1
160,-40,false,l,true,1
197.78,-40,true,g,true,1
188.46,-60,false,g,true,1
187.275,-60,false,b,true,1
157.647,-60,false,b,true,1
184.922,-60,false,b,true,1
152.285,-60,false,b,true,1
163.679,-40,true,l,true,1
160,-40,false,l,true,1
163.277,-40,true,g,true,1
151.853,-60,false,g,true,1
142.727,-60,false,b,true,1
157.644,-60,false,b,true,1
168.676,-40,true,l,true,1
160,-40,false,l,true,1
177.586,-40,true,g,true,1
167.143,-60,false,g,true,1
163.605,-60,false,b,true,1
136.847,-60,false,b,true,1
149.423,-40,true,l,true,1
160,-40,false,l,true,1
173.339,-40,true,g,true,1
162.624,-60,false,g,true,1
156.253,-60,false,b,true,1
167.377,-40,true,l,true,1
160,-40,false,l,true,1
185.927,-40,true,g,true,1
175.98,-60,false,g,true,1
172.878,-60,false,b,true,1
182.994,-40,true,l,true,1
160,-40,false,l,true,1
163.279,-40,true,g,true,1
151.855,-60,false,g,true,1
144.429,-60,false,b,true,1
156.396,-40,true,l,true,1
160,-40,false,l,true,1
197.595,-40,true,g,true,1
188.266,-60,false,g,true,1
148.866,-60,false,b,true,1
160.502,-40,true,l,true,1
160,-40,false,l,true,1
200.719,-40,true,g,true,1
191.542,-60,false,g,true,1
187.092,-60,false,b,true,1
145.868,-60,false,b,true,1
181.544,-60,false,b,true,1
184.672,-60,false,b,true,1
194.175,-40,true,l,true,1
160,-40,false,l,true,1
185.942,-40,true,g,true,1
175.995,-60,false,g,true,1
141.612,-60,false,b,true,1
153.798,-40,true,l,true,1
160,-40,false,l,true,1
200.721,-40,true,g,true,1
191.544,-60,false,g,true,1
159.601,-60,false,b,true,1
170.507,-40,true,l,true,1
160,-40,false,l,true,1
184.43,-40,true,g,true,1
174.397,-60,false,g,true,1
171.843,-60,false,b,true,1
182.017,-40,true,l,true,1
160,-40,false,l,true,1
161.887,-40,true,g,true,1
150.358,-60,false,g,true,1
142.888,-60,false,b,true,1
154.974,-40,true,l,true,1
160,-40,false,l,true,1
163.166,-40,true,g,true,1
151.734,-60,false,g,true,1
141.719,-60,false,b,true,1
153.897,-40,true,l,true,1
160,-40,false,l,true,1
163.169,-40,true,g,true,1
151.737,-60,false,g,true,1
143.608,-60,false,b,true,1
141.502,-60,false,b,true,1
153.697,-40,true,l,true,1
160,-40,false,l,true,1
194.997,-40,true,g,true,1
185.537,-60,false,g,true,1
184.53,-60,false,b,true,1
155.46,-60,false,b,true,1
173.141,-60,false,b,true,1
176.18,-60,false,b,true,1
186.117,-40,true,l,true,1
160,-40,false,l,true,1
184.248,-40,true,g,true,1
174.205,-60,false,g,true,1
138.473,-60,false,b,true,1
150.913,-40,true,l,true,1
160,-40,false,l,true,1
172.546,-40,true,g,true,1
161.778,-60,false,g,true,1
163.097,-60,false,b,true,1
139.886,-60,false,b,true,1
152.211,-40,true,l,true,1
160,-40,false,l,true,1
180.989,-40,true,g,true,1
170.755,-60,false,g,true,1
158.418,-60,false,b,true,1
169.4,-40,true,l,true,1
160,-40,false,l,true,1
200.138,-40,true,g,true,1
190.932,-60,false,g,true,1
138.932,-60,false,b,true,1
151.334,-40,true,l,true,1
160,-40,false,l,true,1
170.924,-40,true,g,true,1
160.047,-60,false,g,true,1
149.782,-60,false,b,true,1
189.773,-60,false,b,true,1
170.33,-60,false,b,true,1
180.588,-40,true,l,true,1
160,-40,false,l,true,1
164.81,-40,true,g,true,1
153.5,-60,false,g,true,1
145.994,-60,false,b,true,1
157.842,-40,true,l,true,1
160,-40,false,l,true,1
198.799,-40,true,g,true,1
189.529,-60,false,g,true,1
157.659,-60,false,b,true,1
168.69,-40,true,l,true,1
160,-40,false,l,true,1
156.588,-40,true,g,true,1
144.637,-60,false,g,true,1
137.312,-60,false,b,true,1
149.848,-40,true,l,true,1
160,-40,false,l,true,1
206.41,-40,true,g,true,1
197.497,-60,false,g,true,1
143.77,-60,false,b,true,1
155.788,-40,true,l,true,1
160,-40,false,l,true,1
164.79,-40,true,g,true,1
153.479,-60,false,g,true,1
146.591,-60,false,b,true,1
158.395,-40,true,l,true,1
160,-40,false,l,true,1
164.324,-40,true,g,true,1
152.978,-60,false,g,true,1
144.652,-60,false,b,true,1
156.602,-40,true,l,true,1
160,-40,false,l,true,1
186.797,-40,true,g,true,1
176.899,-60,false,g,true,1
173.827,-60,false,b,true,1
187.295,-60,false,b,true,1
137.908,-60,false,b,true,1
169.031,-60,false,b,true,1
179.364,-40,true,l,true,1
160,-40,false,l,true,1
162.436,-40,true,g,true,1
150.948,-60,false,g,true,1
141.364,-60,false,b,true,1
153.57,-40,true,l,true,1
160,-40,false,l,true,1
200.207,-40,true,g,true,1
191.004,-60,false,g,true,1
158.777,-60,false,b,true,1
169.736,-40,true,l,true,1
160,-40,false,l,true,1
158.247,-40,true,g,true,1
146.431,-60,false,g,true,1
139.672,-60,false,b,true,1
152.014,-40,true,l,true,1
160,-40,false,l,true,1
206.833,-40,true,g,true,1
197.94,-60,false,g,true,1
196.375,-60,false,b,true,1
165.194,-60,false,b,true,1
194.418,-60,false,b,true,1
187.106,-60,false,b,true,1
196.491,-40,true,l,true,1
160,-40,false,l,true,1
202.053,-40,true,g,true,1
192.939,-60,false,g,true,1
189.378,-60,false,b,true,1
147.733,-60,false,b,true,1
182.708,-60,false,b,true,1
147.97,-60,false,b,true,1
159.672,-40,true,l,true,1
160,-40,false,l,true,1
188.964,-40,true,g,true,1
179.186,-60,false,g,true,1
136.543,-60,false,b,true,1
149.144,-40,true,l,true,1
160,-40,false,l,true,1
188.1,-40,true,g,true,1
178.274,-60,false,g,true,1
174.861,-60,false,b,true,1
136.606,-60,false,b,true,1
176.583,-60,false,b,true,1
179.9,-60,false,b,true,1
160,-60,false,f,true,2
197.667,-60,false,b,true,2
206.572,-40,true,l,true,2
160,-40,false,l,true,2
149.168,-40,true,g,true,2
136.569,-60,false,g,true,2
184.197,-60,false,b,true,2
193.723,-40,true,l,true,2
160,-40,false,l,true,2
167.431,-40,true,g,true,2
156.311,-60,false,g,true,2
170.04,-60,false,b,true,2
180.315,-40,true,l,true,2
160,-40,false,l,true,2
205.928,-40,true,g,true,2
196.993,-60,false,g,true,2
195.287,-60,false,b,true,2
204.296,-40,true,l,true,2
160,-40,false,l,true,2
168.003,-40,true,g,true,2
156.923,-60,false,g,true,2
159.371,-60,false,b,true,2
186.951,-60,false,b,true,2
196.344,-40,true,l,true,2
160,-40,false,l,true,2
194.526,-40,true,g,true,2
185.041,-60,false,g,true,2
145.701,-60,false,b,true,2
183.897,-60,false,b,true,2
193.437,-40,true,l,true,2
160,-40,false,l,true,2
193.502,-40,true,g,true,2
183.965,-60,false,g,true,2
181.082,-60,false,b,true,2
195.028,-60,false,b,true,2
204.049,-40,true,l,true,2
160,-40,false,l,true,2
168.312,-40,true,g,true,2
157.255,-60,false,g,true,2
196.849,-60,false,b,true,2
205.79,-40,true,l,true,2
160,-40,false,l,true,2
178.419,-40,true,g,true,2
168.028,-60,false,g,true,2
164.983,-60,false,b,true,2
175.555,-40,true,l,true,2
160,-40,false,l,true,2
156.851,-40,true,g,true,2
144.922,-60,false,g,true,2
195.399,-60,false,b,true,2
204.403,-40,true,l,true,2
160,-40,false,l,true,2
164.182,-40,true,g,true,2
152.825,-60,false,g,true,2
198.258,-60,false,b,true,2
207.138,-40,true,l,true,2
160,-40,false,l,true,2
168.805,-40,true,g,true,2
157.781,-60,false,g,true,2
198.542,-60,false,b,true,2
207.41,-40,true,l,true,2
160,-40,false,l,true,2
193.302,-40,true,g,true,2
183.754,-60,false,g,true,2
141.896,-60,false,b,true,2
154.06,-40,true,l,true,2
160,-40,false,l,true,2
159.843,-40,true,g,true,2
148.154,-60,false,g,true,2
192.45,-60,false,b,true,2
201.586,-40,true,l,true,2
160,-40,false,l,true,2
160.565,-40,true,g,true,2
148.933,-60,false,g,true,2
196.905,-60,false,b,true,2
205.844,-40,true,l,true,2
160,-40,false,l,true,2
159.564,-40,true,g,true,2
147.853,-60,false,g,true,2
197.987,-60,false,b,true,2
206.879,-40,true,l,true,2
160,-40,false,l,true,2
194.511,-40,true,g,true,2
185.026,-60,false,g,true,2
182.622,-60,false,b,true,2
198.755,-60,false,b,true,2
207.614,-40,true,l,true,2
160,-40,false,l,true,2
171.289,-40,true,g,true,2
160.437,-60,false,g,true,2
171.784,-60,false,b,true,2
187.296,-60,false,b,true,2
196.671,-40,true,l,true,2
160,-40,false,l,true,2
195.672,-40,true,g,true,2
186.246,-60,false,g,true,2
182.449,-60,false,b,true,2
192.061,-40,true,l,true,2
160,-40,false,l,true,2
161.606,-40,true,g,true,2
150.055,-60,false,g,true,2
197.75,-60,false,b,true,2
206.652,-40,true,l,true,2
160,-40,false,l,true,2
176.461,-40,true,g,true,2
165.947,-60,false,g,true,2
198.451,-60,false,b,true,2
207.323,-40,true,l,true,2
160,-40,false,l,true,2
199.925,-40,true,g,true,2
190.709,-60,false,g,true,2
151.434,-60,false,b,true,2
162.888,-40,true,l,true,2
160,-40,false,l,true,2
154.448,-40,true,g,true,2
142.317,-60,false,g,true,2
174.958,-60,false,b,true,2
184.96,-40,true,l,true,2
160,-40,false,l,true,2
193.647,-40,true,g,true,2
184.117,-60,false,g,true,2
144.476,-60,false,b,true,2
186.506,-60,false,b,true,2
199.774,-60,false,b,true,2
208.589,-40,true,l,true,2
160,-40,false,l,true,2
168.097,-40,true,g,true,2
157.025,-60,false,g,true,2
165.887,-60,false,b,true,2
176.404,-40,true,l,true,2
160,-40,false,l,true,2
184.171,-40,true,g,true,2
174.123,-60,false,g,true,2
198.791,-60,false,b,true,2
207.648,-40,true,l,true,2
160,-40,false,l,true,2
193.543,-40,true,g,true,2
184.008,-60,false,g,true,2
196.381,-60,false,b,true,2
205.342,-40,true,l,true,2
160,-40,false,l,true,2
184.647,-40,true,g,true,2
174.627,-60,false,g,true,2
171.135,-60,false,b,true,2
181.348,-40,true,l,true,2
160,-40,false,l,true,2
195.637,-40,true,g,true,2
186.209,-60,false,g,true,2
185.083,-60,false,b,true,2
194.566,-40,true,l,true,2
160,-40,false,l,true,2
154.695,-40,true,g,true,2
142.586,-60,false,g,true,2
190.465,-60,false,b,true,2
199.692,-40,true,l,true,2
160,-40,false,l,true,2
153.266,-40,true,g,true,2
141.033,-60,false,g,true,2
195.275,-60,false,b,true,2
204.285,-40,true,l,true,2
160,-40,false,l,true,2
182.594,-40,true,g,true,2
172.454,-60,false,g,true,2
185.078,-60,false,b,true,2
194.561,-40,true,l,true,2
160,-40,false,l,true,2
197.398,-40,true,g,true,2
188.059,-60,false,g,true,2
185.833,-60,false,b,true,2
195.279,-40,true,l,true,2
160,-40,false,l,true,2
171.65,-40,true,g,true,2
160.822,-60,false,g,true,2
196.656,-60,false,b,true,2
205.606,-40,true,l,true,2
160,-40,false,l,true,2
192.77,-40,true,g,true,2
183.194,-60,false,g,true,2
180.662,-60,false,b,true,2
190.365,-40,true,l,true,2
160,-40,false,l,true,2
166.457,-40,true,g,true,2
155.267,-60,false,g,true,2
199.51,-60,false,b,true,2
208.337,-40,true,l,true,2
160,-40,false,l,true,2
154.978,-40,true,g,true,2
142.892,-60,false,g,true,2
187.167,-60,false,b,true,2
196.549,-40,true,l,true,2
160,-40,false,l,true,2
157.169,-40,true,g,true,2
145.266,-60,false,g,true,2
187.321,-60,false,b,true,2
196.696,-40,true,l,true,2
160,-40,false,l,true,2
163.827,-40,true,g,true,2
152.444,-60,false,g,true,2
196.048,-60,false,b,true,2
205.024,-40,true,l,true,2
160,-40,false,l,true,2
162.151,-40,true,g,true,2
150.642,-60,false,g,true,2
146.281,-60,false,b,true,2
190.944,-60,false,b,true,2
200.149,-40,true,l,true,2
160,-40,false,l,true,2
203.858,-40,true,g,true,2
194.828,-60,false,g,true,2
194.531,-60,false,b,true,2
203.574,-40,true,l,true,2
160,-40,false,l,true,2
176.17,-40,true,g,true,2
165.638,-60,false,g,true,2
197.062,-60,false,b,true,2
205.994,-40,true,l,true,2
160,-40,false,l,true,2
152.36,-40,true,g,true,2
140.048,-60,false,g,true,2
199.108,-60,false,b,true,2
207.952,-40,true,l,true,2
160,-40,false,l,true,2
159.271,-40,true,g,true,2
147.537,-60,false,g,true,2
198.702,-60,false,b,true,2
207.563,-40,true,l,true,2
160,-40,false,l,true,2
177.863,-40,true,g,true,2
167.437,-60,false,g,true,2
196.323,-60,false,b,true,2
205.287,-40,true,l,true,2
160,-40,false,l,true,2
206.126,-40,true,g,true,2
197.2,-60,false,g,true,2
196.909,-60,false,b,true,2
205.848,-40,true,l,true,2
160,-40,false,l,true,2
165.801,-40,true,g,true,2
154.563,-60,false,g,true,2
149.078,-60,false,b,true,2
160.699,-40,true,l,true,2
160,-40,false,l,true,2
195.032,-40,true,g,true,2
185.573,-60,false,g,true,2
183.033,-60,false,b,true,2
194.568,-60,false,b,true,2
203.61,-40,true,l,true,2
160,-40,false,l,true,2
165.046,-40,true,g,true,2
153.754,-60,false,g,true,2
197.058,-60,false,b,true,2
205.99,-40,true,l,true,2
160,-40,false,l,true,2
205.789,-40,true,g,true,2
196.848,-60,false,g,true,2
161.586,-60,false,b,true,2
191.172,-60,false,b,true,2
200.366,-40,true,l,true,2
160,-40,false,l,true,2
176.68,-40,true,g,true,2
166.18,-60,false,g,true,2
162.616,-60,false,b,true,2
173.332,-40,true,l,true,2
160,-40,false,l,true,2
172.493,-40,true,g,true,2
161.721,-60,false,g,true,2
199.845,-60,false,b,true,2
208.657,-40,true,l,true,2
160,-40,false,l,true,2
170.691,-40,true,g,true,2
159.798,-60,false,g,true,2
198.725,-60,false,b,true,2
207.585,-40,true,l,true,2
160,-40,false,l,true,2
193.52,-40,true,g,true,2
183.984,-60,false,g,true,2
181.371,-60,false,b,true,2
192.904,-60,false,b,true,2
202.019,-40,true,l,true,2
160,-40,false,l,true,2
163.606,-40,true,g,true,2
152.207,-60,false,g,true,2
195.781,-60,false,b,true,2
204.768,-40,true,l,true,2
160,-40,false,l,true,2
200.199,-40,true,g,true,2
190.996,-60,false,g,true,2
153.473,-60,false,b,true,2
164.784,-40,true,l,true,2
160,-40,false,l,true,2
172.94,-40,true,g,true,2
162.198,-60,false,g,true,2
195.007,-60,false,b,true,2
204.028,-40,true,l,true,2
160,-40,false,l,true,2
203.517,-40,true,g,true,2
194.471,-60,false,g,true,2
190.543,-60,false,b,true,2
199.767,-40,true,l,true,2
160,-40,false,l,true,2
199.633,-40,true,g,true,2
190.403,-60,false,g,true,2
188.174,-60,false,b,true,2
199.738,-60,false,b,true,2
208.555,-40,true,l,true,2
160,-40,false,l,true,2
163.416,-40,true,g,true,2
152.002,-60,false,g,true,2
197.252,-60,false,b,true,2
206.176,-40,true,l,true,2
160,-40,false,l,true,2
152.104,-40,true,g,true,2
139.77,-60,false,g,true,2
187.869,-60,false,b,true,2
197.217,-40,true,l,true,2
160,-40,false,l,true,2
152.528,-40,true,g,true,2
140.231,-60,false,g,true,2
199.26,-60,false,b,true,2
208.097,-40,true,l,true,2
160,-40,false,l,true,2
159.129,-40,true,g,true,2
147.384,-60,false,g,true,2
198.609,-60,false,b,true,2
207.474,-40,true,l,true,2
160,-40,false,l,true,2
159.248,-40,true,g,true,2
147.513,-60,false,g,true,2
149.805,-60,false,b,true,2
161.374,-40,true,l,true,2
160,-40,false,l,true,2
197.876,-40,true,g,true,2
188.56,-60,false,g,true,2
185.403,-60,false,b,true,2
194.87,-40,true,l,true,2
160,-40,false,l,true,2
158.422,-40,true,g,true,2
146.62,-60,false,g,true,2
194.087,-60,false,b,true,2
203.15,-40,true,l,true,2
160,-40,false,l,true,2
169.199,-40,true,g,true,2
158.203,-60,false,g,true,2
197.478,-60,false,b,true,2
206.392,-40,true,l,true,2
160,-40,false,l,true,2
150.639,-40,true,g,true,2
138.174,-60,false,g,true,2
186.121,-60,false,b,true,2
195.553,-40,true,l,true,2
160,-40,false,l,true,2
195.565,-40,true,g,true,2
186.133,-60,false,g,true,2
184.071,-60,false,b,true,2
199.825,-60,false,b,true,2
208.638,-40,true,l,true,2
160,-40,false,l,true,2
198.505,-40,true,g,true,2
189.22,-60,false,g,true,2
186.748,-60,false,b,true,2
196.15,-40,true,l,true,2
160,-40,false,l,true,2
167.469,-40,true,g,true,2
156.352,-60,false,g,true,2
172.137,-60,false,b,true,2
182.294,-40,true,l,true,2
160,-40,false,l,true,2
205.838,-40,true,g,true,2
196.9,-60,false,g,true,2
196.376,-60,false,b,true,2
205.338,-40,true,l,true,2
160,-40,false,l,true,2
165.542,-40,true,g,true,2
154.286,-60,false,g,true,2
197.745,-60,false,b,true,2
206.648,-40,true,l,true,2
160,-40,false,l,true,2
167.819,-40,true,g,true,2
156.726,-60,false,g,true,2
173.13,-60,false,b,true,2
183.232,-40,true,l,true,2
160,-40,false,l,true,2
159.568,-40,true,g,true,2
147.858,-60,false,g,true,2
191.191,-60,false,b,true,2
200.385,-40,true,l,true,2
160,-40,false,l,true,2
178.415,-40,true,g,true,2
168.023,-60,false,g,true,2
174.884,-60,false,b,true,2
184.89,-40,true,l,true,2
160,-40,false,l,true,2
159.431,-40,true,g,true,2
147.71,-60,false,g,true,2
181.875,-60,false,b,true,2
191.516,-40,true,l,true,2
160,-40,false,l,true,2
206.584,-40,true,g,true,2
197.679,-60,false,g,true,2
197.076,-60,false,b,true,2
206.007,-40,true,l,true,2
160,-40,false,l,true,2
153.611,-40,true,g,true,2
141.408,-60,false,g,true,2
189.376,-60,false,b,true,2
198.654,-40,true,l,true,2
160,-40,false,l,true,2
152.946,-40,true,g,true,2
140.686,-60,false,g,true,2
199.812,-60,false,b,true,2
208.626,-40,true,l,true,2
160,-40,false,l,true,2
168.126,-40,true,g,true,2
157.056,-60,false,g,true,2
196.801,-60,false,b,true,2
205.744,-40,true,l,true,2
160,-40,false,l,true,2
183.078,-40,true,g,true,2
172.967,-60,false,g,true,2
169.037,-60,false,b,true,2
179.37,-40,true,l,true,2
160,-40,false,l,true,2
166.098,-40,true,g,true,2
154.882,-60,false,g,true,2
199.114,-60,false,b,true,2
207.958,-40,true,l,true,2
160,-40,false,l,true,2
154.623,-40,true,g,true,2
142.507,-60,false,g,true,2
191.711,-60,false,b,true,2
200.88,-40,true,l,true,2
160,-40,false,l,true,2
172.335,-40,true,g,true,2
161.552,-60,false,g,true,2
197.341,-60,false,b,true,2
206.26,-40,true,l,true,2
160,-40,false,l,true,2
193.461,-40,true,g,true,2
183.922,-60,false,g,true,2
142.17,-60,false,b,true,2
154.313,-40,true,l,true,2
160,-40,false,l,true,2
160.335,-40,true,g,true,2
148.686,-60,false,g,true,2
188.04,-60,false,b,true,2
197.381,-40,true,l,true,2
160,-40,false,l,true,2
154.81,-40,true,g,true,2
142.71,-60,false,g,true,2
196.961,-60,false,b,true,2
205.897,-40,true,l,true,2
160,-40,false,l,true,2
167.442,-40,true,g,true,2
156.323,-60,false,g,true,2
199.099,-60,false,b,true,2
207.944,-40,true,l,true,2
160,-40,false,l,true,2
184.968,-40,true,g,true,2
174.966,-60,false,g,true,2
171.302,-60,false,b,true,2
181.506,-40,true,l,true,2
160,-40,false,l,true,2
195.961,-40,true,g,true,2
186.55,-60,false,g,true,2
185.138,-60,false,b,true,2
194.618,-40,true,l,true,2
160,-40,false,l,true,2
160.92,-40,true,g,true,2
149.316,-60,false,g,true,2
196.879,-60,false,b,true,2
205.819,-40,true,l,true,2
160,-40,false,l,true,2
175.599,-40,true,g,true,2
165.03,-60,false,g,true,2
197.541,-60,false,b,true,2
206.452,-40,true,l,true,2
160,-40,false,l,true,2
199.225,-40,true,g,true,2
189.975,-60,false,g,true,2
150.61,-60,false,b,true,2
162.121,-40,true,l,true,2
160,-40,false,l,true,2
173.033,-40,true,g,true,2
162.297,-60,false,g,true,2
197.785,-60,false,b,true,2
206.686,-40,true,l,true,2
160,-40,false,l,true,2
163.21,-40,true,g,true,2
151.781,-60,false,g,true,2
194.989,-60,false,b,true,2
204.012,-40,true,l,true,2
160,-40,false,l,true,2
150.968,-40,true,g,true,2
138.533,-60,false,g,true,2
136.101,-60,false,b,true,2
160,-60,false,f,true,3
160,-40,false,l,true,3
175.389,-40,true,g,true,3
164.807,-60,false,g,true,3
156.641,-60,false,b,true,3
196.598,-60,false,b,true,3
205.55,-40,true,l,true,3
160,-40,false,l,true,3
174.174,-40,true,g,true,3
163.514,-60,false,g,true,3
198.764,-60,false,b,true,3
207.623,-40,true,l,true,3
160,-40,false,l,true,3
159.125,-40,true,g,true,3
147.38,-60,false,g,true,3
189.877,-60,false,b,true,3
199.132,-40,true,l,true,3
160,-40,false,l,true,3
208.546,-40,true,g,true,3
199.729,-60,false,g,true,3
196.463,-60,false,b,true,3
191.464,-60,false,b,true,3
200.645,-40,true,l,true,3
160,-40,false,l,true,3
193.527,-40,true,g,true,3
183.991,-60,false,g,true,3
180.642,-60,false,b,true,3
193.751,-60,false,b,true,3
202.829,-40,true,l,true,3
160,-40,false,l,true,3
198.461,-40,true,g,true,3
189.174,-60,false,g,true,3
184.949,-60,false,b,true,3
199.062,-60,false,b,true,3
207.908,-40,true,l,true,3
160,-40,false,l,true,3
166.156,-40,true,g,true,3
154.944,-60,false,g,true,3
182.555,-60,false,b,true,3
192.162,-40,true,l,true,3
160,-40,false,l,true,3
202.04,-40,true,g,true,3
192.926,-60,false,g,true,3
190.143,-60,false,b,true,3
199.385,-40,true,l,true,3
160,-40,false,l,true,3
158.944,-40,true,g,true,3
147.184,-60,false,g,true,3
194.954,-60,false,b,true,3
203.978,-40,true,l,true,3
160,-40,false,l,true,3
176.464,-40,true,g,true,3
165.951,-60,false,g,true,3
199.359,-60,false,b,true,3
208.192,-40,true,l,true,3
160,-40,false,l,true,3
171.888,-40,true,g,true,3
161.077,-60,false,g,true,3
199.522,-60,false,b,true,3
208.349,-40,true,l,true,3
160,-40,false,l,true,3
196.436,-40,true,g,true,3
187.048,-60,false,g,true,3
184.814,-60,false,b,true,3
198.364,-60,false,b,true,3
207.239,-40,true,l,true,3
160,-40,false,l,true,3
205.968,-40,true,g,true,3
197.036,-60,false,g,true,3
193.812,-60,false,b,true,3
202.887,-40,true,l,true,3
160,-40,false,l,true,3
151.742,-40,true,g,true,3
139.375,-60,false,g,true,3
187.481,-60,false,b,true,3
196.848,-40,true,l,true,3
160,-40,false,l,true,3
152.364,-40,true,g,true,3
140.052,-60,false,g,true,3
199.058,-60,false,b,true,3
207.904,-40,true,l,true,3
160,-40,false,l,true,3
158.346,-40,true,g,true,3
146.538,-60,false,g,true,3
185.832,-60,false,b,true,3
195.278,-40,true,l,true,3
160,-40,false,l,true,3
171.518,-40,true,g,true,3
160.681,-60,false,g,true,3
199.064,-60,false,b,true,3
207.91,-40,true,l,true,3
160,-40,false,l,true,3
183.121,-40,true,g,true,3
173.013,-60,false,g,true,3
190.879,-60,false,b,true,3
195.301,-60,false,b,true,3
204.31,-40,true,l,true,3
160,-40,false,l,true,3
191.98,-40,true,g,true,3
182.363,-60,false,g,true,3
162.553,-60,false,b,true,3
173.273,-40,true,l,true,3
160,-40,false,l,true,3
168.215,-40,true,g,true,3
157.15,-60,false,g,true,3
174.37,-60,false,b,true,3
184.404,-40,true,l,true,3
160,-40,false,l,true,3
161.982,-40,true,g,true,3
150.46,-60,false,g,true,3
190.977,-60,false,b,true,3
200.18,-40,true,l,true,3
160,-40,false,l,true,3
164.25,-40,true,g,true,3
152.899,-60,false,g,true,3
190.75,-60,false,b,true,3
199.964,-40,true,l,true,3
160,-40,false,l,true,3
193.751,-40,true,g,true,3
184.227,-60,false,g,true,3
180.51,-60,false,b,true,3
192.93,-60,false,b,true,3
202.044,-40,true,l,true,3
160,-40,false,l,true,3
180.056,-40,true,g,true,3
169.765,-60,false,g,true,3
167.29,-60,false,b,true,3
177.725,-40,true,l,true,3
160,-40,false,l,true,3
171.705,-40,true,g,true,3
160.881,-60,false,g,true,3
196.078,-60,false,b,true,3
205.052,-40,true,l,true,3
160,-40,false,l,true,3
156.771,-40,true,g,true,3
144.835,-60,false,g,true,3
186.323,-60,false,b,true,3
195.745,-40,true,l,true,3
160,-40,false,l,true,3
167.588,-40,true,g,true,3
156.479,-60,false,g,true,3
196.147,-60,false,b,true,3
205.118,-40,true,l,true,3
160,-40,false,l,true,3
148.135,-40,true,g,true,3
135.44,-60,false,g,true,3
199.543,-60,false,b,true,3
208.369,-40,true,l,true,3
160,-40,false,l,true,3
178.888,-40,true,g,true,3
168.525,-60,false,g,true,3
168.213,-60,false,b,true,3
178.594,-40,true,l,true,3
160,-40,false,l,true,3
199.203,-40,true,g,true,3
189.952,-60,false,g,true,3
187.363,-60,false,b,true,3
184.166,-60,false,b,true,3
193.693,-40,true,l,true,3
160,-40,false,l,true,3
158.906,-40,true,g,true,3
147.143,-60,false,g,true,3
195.336,-60,false,b,true,3
204.343,-40,true,l,true,3
160,-40,false,l,true,3
167.253,-40,true,g,true,3
156.12,-60,false,g,true,3
188.239,-60,false,b,true,3
198.651,-60,false,b,true,3
207.514,-40,true,l,true,3
160,-40,false,l,true,3
162.439,-40,true,g,true,3
150.951,-60,false,g,true,3
198.992,-60,false,b,true,3
207.841,-40,true,l,true,3
160,-40,false,l,true,3
152.197,-40,true,g,true,3
139.871,-60,false,g,true,3
187.665,-60,false,b,true,3
197.023,-40,true,l,true,3
160,-40,false,l,true,3
197.172,-40,true,g,true,3
187.821,-60,false,g,true,3
185.644,-60,false,b,true,3
199.197,-60,false,b,true,3
208.038,-40,true,l,true,3
160,-40,false,l,true,3
167.65,-40,true,g,true,3
156.546,-60,false,g,true,3
190.25,-60,false,b,true,3
199.487,-40,true,l,true,3
160,-40,false,l,true,3
161.017,-40,true,g,true,3
149.42,-60,false,g,true,3
197.649,-60,false,b,true,3
206.556,-40,true,l,true,3
160,-40,false,l,true,3
167.731,-40,true,g,true,3
156.632,-60,false,g,true,3
173.03,-60,false,b,true,3
183.138,-40,true,l,true,3
160,-40,false,l,true,3
159.482,-40,true,g,true,3
147.765,-60,false,g,true,3
191.089,-60,false,b,true,3
200.287,-40,true,l,true,3
160,-40,false,l,true,3
178.329,-40,true,g,true,3
167.933,-60,false,g,true,3
174.79,-60,false,b,true,3
184.801,-40,true,l,true,3
160,-40,false,l,true,3
167.11,-40,true,g,true,3
155.967,-60,false,g,true,3
198.679,-60,false,b,true,3
207.541,-40,true,l,true,3
160,-40,false,l,true,3
164.942,-40,true,g,true,3
153.642,-60,false,g,true,3
147.805,-60,false,b,true,3
197.797,-60,false,b,true,3
206.697,-40,true,l,true,3
160,-40,false,l,true,3
164.355,-40,true,g,true,3
153.011,-60,false,g,true,3
196.284,-60,false,b,true,3
205.25,-40,true,l,true,3
160,-40,false,l,true,3
158.795,-40,true,g,true,3
147.024,-60,false,g,true,3
195.356,-60,false,b,true,3
204.363,-40,true,l,true,3
160,-40,false,l,true,3
166.101,-40,true,g,true,3
154.886,-60,false,g,true,3
198.492,-60,false,b,true,3
207.363,-40,true,l,true,3
160,-40,false,l,true,3
162.359,-40,true,g,true,3
150.866,-60,false,g,true,3
193.863,-60,false,b,true,3
202.936,-40,true,l,true,3
160,-40,false,l,true,3
154.894,-40,true,g,true,3
142.801,-60,false,g,true,3
135.084,-60,false,b,true,3
147.809,-40,true,l,true,3
160,-40,false,l,true,3
172.427,-40,true,g,true,3
161.651,-60,false,g,true,3
196.788,-60,false,b,true,3
205.731,-40,true,l,true,3
160,-40,false,l,true,3
192.182,-40,true,g,true,3
182.576,-60,false,g,true,3
180.706,-60,false,b,true,3
188.242,-60,false,b,true,3
197.573,-40,true,l,true,3
160,-40,false,l,true,3
206.116,-40,true,g,true,3
197.19,-60,false,g,true,3
196.385,-60,false,b,true,3
205.346,-40,true,l,true,3
160,-40,false,l,true,3
170.048,-40,true,g,true,3
159.111,-60,false,g,true,3
199.527,-60,false,b,true,3
208.353,-40,true,l,true,3
160,-40,false,l,true,3
158.249,-40,true,g,true,3
146.433,-60,false,g,true,3
188.574,-60,false,b,true,3
197.889,-40,true,l,true,3
160,-40,false,l,true,3
164.93,-40,true,g,true,3
153.629,-60,false,g,true,3
148.725,-60,false,b,true,3
160.371,-40,true,l,true,3
160,-40,false,l,true,3
172.716,-40,true,g,true,3
161.959,-60,false,g,true,3
196.641,-60,false,b,true,3
205.591,-40,true,l,true,3
160,-40,false,l,true,3
193.352,-40,true,g,true,3
183.807,-60,false,g,true,3
181.841,-60,false,b,true,3
188.847,-60,false,b,true,3
198.149,-40,true,l,true,3
160,-40,false,l,true,3
207.294,-40,true,g,true,3
198.421,-60,false,g,true,3
195.807,-60,false,b,true,3
204.793,-40,true,l,true,3
160,-40,false,l,true,3
171.863,-40,true,g,true,3
161.05,-60,false,g,true,3
199.926,-60,false,b,true,3
208.735,-40,true,l,true,3
160,-40,false,l,true,3
159.098,-40,true,g,true,3
147.351,-60,false,g,true,3
135.144,-60,false,b,true,3
174.087,-60,false,b,true,3
183.24,-60,false,b,true,3
192.813,-40,true,l,true,3
160,-40,false,l,true,3
171.123,-40,true,g,true,3
160.26,-60,false,g,true,3
199.501,-60,false,b,true,3
208.328,-40,true,l,true,3
160,-40,false,l,true,3
170.457,-40,true,g,true,3
159.548,-60,false,g,true,3
187.485,-60,false,b,true,3
196.852,-40,true,l,true,3
160,-40,false,l,true,3
160.412,-40,true,g,true,3
148.768,-60,false,g,true,3
196.77,-60,false,b,true,3
205.714,-40,true,l,true,3
160,-40,false,l,true,3
159.255,-40,true,g,true,3
147.52,-60,false,g,true,3
195.838,-60,false,b,true,3
204.823,-40,true,l,true,3
160,-40,false,l,true,3
185.036,-40,true,g,true,3
175.038,-60,false,g,true,3
170.919,-60,false,b,true,3
181.145,-40,true,l,true,3
160,-40,false,l,true,3
164.163,-40,true,g,true,3
152.805,-60,false,g,true,3
192.832,-60,false,b,true,3
201.951,-40,true,l,true,3
160,-40,false,l,true,3
167.249,-40,true,g,true,3
156.116,-60,false,g,true,3
151.507,-60,false,b,true,3
196.256,-60,false,b,true,3
205.223,-40,true,l,true,3
160,-40,false,l,true,3
184.233,-40,true,g,true,3
174.189,-60,false,g,true,3
198.898,-60,false,b,true,3
207.751,-40,true,l,true,3
160,-40,false,l,true,3
198.171,-40,true,g,true,3
188.87,-60,false,g,true,3
187.297,-60,false,b,true,3
196.673,-40,true,l,true,3
160,-40,false,l,true,3
173.202,-40,true,g,true,3
162.477,-60,false,g,true,3
198.165,-60,false,b,true,3
207.05,-40,true,l,true,3
160,-40,false,l,true,3
171.261,-40,true,g,true,3
160.407,-60,false,g,true,3
199.121,-60,false,b,true,3
207.964,-40,true,l,true,3
160,-40,false,l,true,3
165.11,-40,true,g,true,3
153.822,-60,false,g,true,3
183.315,-60,false,b,true,3
192.884,-40,true,l,true,3
160,-40,false,l,true,3
161.898,-40,true,g,true,3
150.37,-60,false,g,true,3
193.201,-60,false,b,true,3
202.303,-40,true,l,true,3
160,-40,false,l,true,3
150.8,-40,true,g,true,3
138.349,-60,false,g,true,3
135.29,-60,false,b,true,3
174.481,-60,false,b,true,3
184.509,-40,true,l,true,3
160,-40,false,l,true,3
155.064,-40,true,g,true,3
142.986,-60,false,g,true,3
187.259,-60,false,b,true,3
196.637,-40,true,l,true,3
160,-40,false,l,true,3
157.224,-40,true,g,true,3
145.325,-60,false,g,true,3
187.405,-60,false,b,true,3
196.776,-40,true,l,true,3
160,-40,false,l,true,3
163.885,-40,true,g,true,3
152.507,-60,false,g,true,3
196.133,-60,false,b,true,3
205.105,-40,true,l,true,3
160,-40,false,l,true,3
162.209,-40,true,g,true,3
150.704,-60,false,g,true,3
146.344,-60,false,b,true,3
158.166,-40,true,l,true,3
160,-40,false,l,true,3
165.473,-40,true,g,true,3
154.212,-60,false,g,true,3
197.731,-60,false,b,true,3
206.634,-40,true,l,true,3
160,-40,false,l,true,3
205.664,-40,true,g,true,3
196.717,-60,false,g,true,3
165.26,-60,false,b,true,3
195.231,-60,false,b,true,3
204.243,-40,true,l,true,3
160,-40,false,l,true,3
159.527,-40,true,g,true,3
147.813,-60,false,g,true,3
195.927,-60,false,b,true,3
204.908,-40,true,l,true,3
160,-40,false,l,true,3
170.873,-40,true,g,true,3
159.993,-60,false,g,true,3
197.595,-60,false,b,true,3
206.504,-40,true,l,true,3
160,-40,false,l,true,3
159.053,-40,true,g,true,3
147.302,-60,false,g,true,3
194.242,-60,false,b,true,3
203.297,-40,true,l,true,3
160,-40,false,l,true,3
161.237,-40,true,g,true,3
149.657,-60,false,g,true,3
196.855,-60,false,b,true,3
205.795,-40,true,l,true,3
160,-40,false,l,true,3
160.966,-40,true,g,true,3
149.366,-60,false,g,true,3
197.56,-60,false,b,true,3
206.471,-40,true,l,true,3
160,-40,false,l,true,3
151.537,-40,true,g,true,3
139.153,-60,false,g,true,3
187.036,-60,false,b,true,3
196.424,-40,true,l,true,3
160,-40,false,l,true,3
196.494,-40,true,g,true,3
187.109,-60,false,g,true,3
185,-60,false,b,true,3
198.691,-60,false,b,true,3
207.553,-40,true,l,true,3
160,-40,false,l,true,3
206.016,-40,true,g,true,3
197.085,-60,false,g,true,3
193.994,-60,false,b,true,3
203.061,-40,true,l,true,3
160,-40,false,l,true,3
168.633,-40,true,g,true,3
157.598,-60,false,g,true,3
196.324,-60,false,b,true,3
205.288,-40,true,l,true,3
160,-40,false,l,true,3
185.521,-40,true,g,true,3
175.551,-60,false,g,true,3
199.951,-60,false,b,true,3
208.76,-40,true,l,true,3
160,-40,false,l,true,3
157.786,-40,true,g,true,3
145.933,-60,false,g,true,3
193.545,-60,false,b,true,3
202.632,-40,true,l,true,3
160,-40,false,l,true,3
178.35,-40,true,g,true,3
167.955,-60,false,g,true,3
167.472,-60,false,b,true,3
177.896,-40,true,l,true,3
160,-40,false,l,true,3
198.644,-40,true,g,true,3
189.366,-60,false,g,true,3
186.659,-60,false,b,true,3
196.63,-60,false,b,true,3
205.58,-40,true,l,true,3
160,-40,false,l,true,3
168.142,-40,true,g,true,3
157.072,-60,false,g,true,3
174.123,-60,false,b,true,3
184.171,-40,true,l,true,3
160,-40,false,l,true,3
161.894,-40,true,g,true,3
150.365,-60,false,g,true,3
190.581,-60,false,b,true,3
199.803,-40,true,l,true,3
160,-40,false,l,true,3
164.145,-40,true,g,true,3
152.786,-60,false,g,true,3
145.126,-60,false,b,true,3
199.914,-60,false,b,true,3
208.724,-40,true,l,true,3
160,-40,false,l,true,3
168.702,-40,true,g,true,3
157.671,-60,false,g,true,3
179.658,-60,false,b,true,3
189.412,-40,true,l,true,3
160,-40,false,l,true,3
206.418,-40,true,g,true,3
197.505,-60,false,g,true,3
197.609,-60,false,b,true,3
206.517,-40,true,l,true,3
160,-40,false,l,true,3
160,-60,false,f,true,4
197.667,-60,false,b,true,4
157.904,-60,false,b,true,4
168.919,-40,true,l,true,4
160,-40,false,l,true,4
166.422,-40,true,g,true,4
155.23,-60,false,g,true,4
145.866,-60,false,b,true,4
157.724,-40,true,l,true,4
160,-40,false,l,true,4
189.506,-40,true,g,true,4
179.757,-60,false,g,true,4
176.289,-60,false,b,true,4
136.059,-60,false,b,true,4
174.133,-60,false,b,true,4
177.488,-60,false,b,true,4
187.355,-40,true,l,true,4
160,-40,false,l,true,4
160.078,-40,true,g,true,4
148.409,-60,false,g,true,4
149.567,-60,false,b,true,4
161.153,-40,true,l,true,4
160,-40,false,l,true,4
165.874,-40,true,g,true,4
154.642,-60,false,g,true,4
147.416,-60,false,b,true,4
197.09,-60,false,b,true,4
206.021,-40,true,l,true,4
160,-40,false,l,true,4
194.11,-40,true,g,true,4
184.604,-60,false,g,true,4
136.02,-60,false,b,true,4
143.409,-60,false,b,true,4
179.013,-60,false,b,true,4
182.313,-60,false,b,true,4
191.932,-40,true,l,true,4
160,-40,false,l,true,4
166.869,-40,true,g,true,4
155.709,-60,false,g,true,4
147.338,-60,false,b,true,4
159.474,-60,false,b,true,4
170.388,-40,true,l,true,4
160,-40,false,l,true,4
170.142,-40,true,g,true,4
159.211,-60,false,g,true,4
151.828,-60,false,b,true,4
163.253,-40,true,l,true,4
160,-40,false,l,true,4
163.316,-40,true,g,true,4
151.895,-60,false,g,true,4
146.008,-60,false,b,true,4
157.856,-40,true,l,true,4
160,-40,false,l,true,4
187.96,-40,true,g,true,4
178.126,-60,false,g,true,4
142.622,-60,false,b,true,4
154.729,-40,true,l,true,4
160,-40,false,l,true,4
164.115,-40,true,g,true,4
152.754,-60,false,g,true,4
142.234,-60,false,b,true,4
197.217,-60,false,b,true,4
206.142,-40,true,l,true,4
160,-40,false,l,true,4
180.395,-40,true,g,true,4
170.124,-60,false,g,true,4
135.04,-60,false,b,true,4
147.769,-40,true,l,true,4
160,-40,false,l,true,4
162.918,-40,true,g,true,4
151.467,-60,false,g,true,4
144.035,-60,false,b,true,4
156.033,-40,true,l,true,4
160,-40,false,l,true,4
166.594,-40,true,g,true,4
155.414,-60,false,g,true,4
148.381,-60,false,b,true,4
160.053,-40,true,l,true,4
160,-40,false,l,true,4
188.703,-40,true,g,true,4
178.91,-60,false,g,true,4
175.684,-60,false,b,true,4
191.215,-60,false,b,true,4
177.78,-60,false,b,true,4
199.513,-60,false,b,true,4
208.34,-40,true,l,true,4
160,-40,false,l,true,4
160.898,-40,true,g,true,4
149.292,-60,false,g,true,4
137.245,-60,false,b,true,4
176.431,-60,false,b,true,4
186.354,-40,true,l,true,4
160,-40,false,l,true,4
173.346,-40,true,g,true,4
162.631,-60,false,g,true,4
154.496,-60,false,b,true,4
165.737,-40,true,l,true,4
160,-40,false,l,true,4
180.471,-40,true,g,true,4
170.205,-60,false,g,true,4
171.418,-60,false,b,true,4
146.607,-60,false,b,true,4
196.209,-60,false,b,true,4
205.178,-40,true,l,true,4
160,-40,false,l,true,4
161.503,-40,true,g,true,4
149.944,-60,false,g,true,4
150.46,-60,false,b,true,4
161.982,-40,true,l,true,4
160,-40,false,l,true,4
166.348,-40,true,g,true,4
155.15,-60,false,g,true,4
147.033,-60,false,b,true,4
196.768,-60,false,b,true,4
205.713,-40,true,l,true,4
160,-40,false,l,true,4
164.667,-40,true,g,true,4
153.347,-60,false,g,true,4
176.025,-60,false,b,true,4
177.707,-60,false,b,true,4
187.563,-40,true,l,true,4
160,-40,false,l,true,4
156.002,-40,true,g,true,4
144.002,-60,false,g,true,4
137.827,-60,false,b,true,4
150.32,-40,true,l,true,4
160,-40,false,l,true,4
166.093,-40,true,g,true,4
154.877,-60,false,g,true,4
149.985,-60,false,b,true,4
162.408,-60,false,b,true,4
173.137,-40,true,l,true,4
160,-40,false,l,true,4
200.032,-40,true,g,true,4
190.822,-60,false,g,true,4
186.937,-60,false,b,true,4
146.644,-60,false,b,true,4
183.21,-60,false,b,true,4
186.855,-60,false,b,true,4
196.252,-40,true,l,true,4
160,-40,false,l,true,4
161.338,-40,true,g,true,4
149.766,-60,false,g,true,4
142.405,-60,false,b,true,4
154.528,-40,true,l,true,4
160,-40,false,l,true,4
173.654,-40,true,g,true,4
162.959,-60,false,g,true,4
156.925,-60,false,b,true,4
168.004,-40,true,l,true,4
160,-40,false,l,true,4
171.578,-40,true,g,true,4
160.745,-60,false,g,true,4
154.238,-60,false,b,true,4
165.497,-40,true,l,true,4
160,-40,false,l,true,4
186.643,-40,true,g,true,4
176.736,-60,false,g,true,4
173.432,-60,false,b,true,4
183.517,-40,true,l,true,4
160,-40,false,l,true,4
163.476,-40,true,g,true,4
152.068,-60,false,g,true,4
144.476,-60,false,b,true,4
156.44,-40,true,l,true,4
160,-40,false,l,true,4
164.757,-40,true,g,true,4
153.443,-60,false,g,true,4
143.057,-60,false,b,true,4
178.512,-60,false,b,true,4
188.326,-40,true,l,true,4
160,-40,false,l,true,4
202.649,-40,true,g,true,4
193.563,-60,false,g,true,4
158.17,-60,false,b,true,4
169.168,-40,true,l,true,4
160,-40,false,l,true,4
184.283,-40,true,g,true,4
174.242,-60,false,g,true,4
138.492,-60,false,b,true,4
150.93,-40,true,l,true,4
160,-40,false,l,true,4
172.579,-40,true,g,true,4
161.813,-60,false,g,true,4
163.087,-60,false,b,true,4
139.834,-60,false,b,true,4
152.163,-40,true,l,true,4
160,-40,false,l,true,4
181.022,-40,true,g,true,4
170.79,-60,false,g,true,4
158.449,-60,false,b,true,4
169.428,-40,true,l,true,4
160,-40,false,l,true,4
200.17,-40,true,g,true,4
190.966,-60,false,g,true,4
190.895,-60,false,b,true,4
161.883,-60,false,b,true,4
199.806,-60,false,b,true,4
171.784,-60,false,b,true,4
181.961,-40,true,l,true,4
160,-40,false,l,true,4
180.483,-40,true,g,true,4
170.218,-60,false,g,true,4
142.191,-60,false,b,true,4
154.332,-40,true,l,true,4
160,-40,false,l,true,4
175.8,-40,true,g,true,4
165.245,-60,false,g,true,4
159.155,-60,false,b,true,4
170.089,-40,true,l,true,4
160,-40,false,l,true,4
172.405,-40,true,g,true,4
161.627,-60,false,g,true,4
156.09,-60,false,b,true,4
167.224,-40,true,l,true,4
160,-40,false,l,true,4
206.482,-40,true,g,true,4
197.573,-60,false,g,true,4
194.12,-60,false,b,true,4
156.638,-60,false,b,true,4
194.863,-60,false,b,true,4
170.578,-60,false,b,true,4
180.823,-40,true,l,true,4
160,-40,false,l,true,4
162.663,-40,true,g,true,4
151.192,-60,false,g,true,4
141.309,-60,false,b,true,4
177.072,-60,false,b,true,4
186.961,-40,true,l,true,4
160,-40,false,l,true,4
200.329,-40,true,g,true,4
191.133,-60,false,g,true,4
138.877,-60,false,b,true,4
151.284,-40,true,l,true,4
160,-40,false,l,true,4
170.613,-40,true,g,true,4
159.714,-60,false,g,true,4
149.164,-60,false,b,true,4
194.157,-60,false,b,true,4
198.807,-60,false,b,true,4
207.664,-40,true,l,true,4
160,-40,false,l,true,4
208.288,-40,true,g,true,4
199.459,-60,false,g,true,4
195.754,-60,false,b,true,4
156.421,-60,false,b,true,4
192.793,-60,false,b,true,4
152.415,-60,false,b,true,4
163.799,-40,true,l,true,4
160,-40,false,l,true,4
163.992,-40,true,g,true,4
152.621,-60,false,g,true,4
142.285,-60,false,b,true,4
177.8,-60,false,b,true,4
187.651,-40,true,l,true,4
160,-40,false,l,true,4
201.914,-40,true,g,true,4
192.794,-60,false,g,true,4
140.503,-60,false,b,true,4
152.778,-40,true,l,true,4
160,-40,false,l,true,4
181.201,-40,true,g,true,4
170.979,-60,false,g,true,4
135.537,-60,false,b,true,4
173.816,-60,false,b,true,4
147.209,-60,false,b,true,4
193.6,-60,false,b,true,4
184.28,-60,false,b,true,4
193.802,-40,true,l,true,4
160,-40,false,l,true,4
178.647,-40,true,g,true,4
168.27,-60,false,g,true,4
136.617,-60,false,b,true,4
142.004,-60,false,b,true,4
135.373,-60,false,b,true,4
148.074,-40,true,l,true,4
160,-40,false,l,true,4
162.842,-40,true,g,true,4
151.386,-60,false,g,true,4
144.972,-60,false,b,true,4
156.898,-40,true,l,true,4
160,-40,false,l,true,4
163.937,-40,true,g,true,4
152.563,-60,false,g,true,4
144.697,-60,false,b,true,4
156.644,-40,true,l,true,4
160,-40,false,l,true,4
176.251,-40,true,g,true,4
165.724,-60,false,g,true,4
159.681,-60,false,b,true,4
170.581,-40,true,l,true,4
160,-40,false,l,true,4
172.857,-40,true,g,true,4
162.11,-60,false,g,true,4
156.615,-60,false,b,true,4
167.715,-40,true,l,true,4
160,-40,false,l,true,4
208.214,-40,true,g,true,4
199.382,-60,false,g,true,4
197.252,-60,false,b,true,4
165.411,-60,false,b,true,4
194.183,-60,false,b,true,4
154.38,-60,false,b,true,4
165.629,-40,true,l,true,4
160,-40,false,l,true,4
157.547,-40,true,g,true,4
145.674,-60,false,g,true,4
138.911,-60,false,b,true,4
151.315,-40,true,l,true,4
160,-40,false,l,true,4
165.528,-40,true,g,true,4
154.27,-60,false,g,true,4
146.078,-60,false,b,true,4
157.92,-40,true,l,true,4
160,-40,false,l,true,4
165.22,-40,true,g,true,4
153.941,-60,false,g,true,4
145.429,-60,false,b,true,4
157.32,-40,true,l,true,4
160,-40,false,l,true,4
187.635,-40,true,g,true,4
177.784,-60,false,g,true,4
174.789,-60,false,b,true,4
190.201,-60,false,b,true,4
177.003,-60,false,b,true,4
198.831,-60,false,b,true,4
207.687,-40,true,l,true,4
160,-40,false,l,true,4
189.308,-40,true,g,true,4
179.548,-60,false,g,true,4
175.759,-60,false,b,true,4
136.78,-60,false,b,true,4
176.018,-60,false,b,true,4
178.133,-60,false,b,true,4
187.966,-40,true,l,true,4
160,-40,false,l,true,4
191.526,-40,true,g,true,4
181.885,-60,false,g,true,4
146.613,-60,false,b,true,4
158.415,-40,true,l,true,4
160,-40,false,l,true,4
189.883,-40,true,g,true,4
180.154,-60,false,g,true,4
177.2,-60,false,b,true,4
136.026,-60,false,b,true,4
148.671,-40,true,l,true,4
160,-40,false,l,true,4
174.466,-40,true,g,true,4
163.824,-60,false,g,true,4
159.679,-60,false,b,true,4
172.063,-60,false,b,true,4
182.224,-40,true,l,true,4
160,-40,false,l,true,4
197.803,-40,true,g,true,4
188.484,-60,false,g,true,4
188.033,-60,false,b,true,4
159.028,-60,false,b,true,4
197.191,-60,false,b,true,4
172.18,-60,false,b,true,4
182.335,-40,true,l,true,4
160,-40,false,l,true,4
162.423,-40,true,g,true,4
150.934,-60,false,g,true,4
143.357,-60,false,b,true,4
155.407,-40,true,l,true,4
160,-40,false,l,true,4
174.738,-40,true,g,true,4
164.114,-60,false,g,true,4
158.303,-60,false,b,true,4
169.292,-40,true,l,true,4
160,-40,false,l,true,4
166.962,-40,true,g,true,4
155.809,-60,false,g,true,4
148.021,-60,false,b,true,4
159.719,-40,true,l,true,4
160,-40,false,l,true,4
202.286,-40,true,g,true,4
193.183,-60,false,g,true,4
188.987,-60,false,b,true,4
198.283,-40,true,l,true,4
160,-40,false,l,true,4
203.073,-40,true,g,true,4
194.007,-60,false,g,true,4
158.591,-60,false,b,true,4
169.561,-40,true,l,true,4
160,-40,false,l,true,4
184.704,-40,true,g,true,4
174.687,-60,false,g,true,4
135.279,-60,false,b,true,4
147.987,-40,true,l,true,4
160,-40,false,l,true,4
162.795,-40,true,g,true,4
151.334,-60,false,g,true,4
143.824,-60,false,b,true,4
155.837,-40,true,l,true,4
160,-40,false,l,true,4
164.071,-40,true,g,true,4
152.706,-60,false,g,true,4
142.398,-60,false,b,true,4
197.377,-60,false,b,true,4
206.296,-40,true,l,true,4
160,-40,false,l,true,4
180.072,-40,true,g,true,4
169.782,-60,false,g,true,4
138.384,-60,false,b,true,4
150.831,-40,true,l,true,4
160,-40,false,l,true,4
173.328,-40,true,g,true,4
162.612,-60,false,g,true,4
157.155,-60,false,b,true,4
168.22,-40,true,l,true,4
160,-40,false,l,true,4
166.989,-40,true,g,true,4
155.837,-60,false,g,true,4
147.274,-60,false,b,true,4
159.027,-40,true,l,true,4
160,-40,false,l,true,4
200.005,-40,true,g,true,4
190.793,-60,false,g,true,4
186.744,-60,false,b,true,4
146.202,-60,false,b,true,4
182.565,-60,false,b,true,4
186.113,-60,false,b,true,4
195.546,-40,true,l,true,4
160,-40,false,l,true,4
155.298,-40,true,g,true,4
143.239,-60,false,g,true,4
137.428,-60,false,b,true,4
149.954,-40,true,l,true,4
160,-40,false,l,true,4
181.316,-40,true,g,true,4
171.1,-60,false,g,true,4
172.142,-60,false,b,true,4
147.037,-60,false,b,true,4
196.607,-60,false,b,true,4
151.256,-60,false,b,true,4
162.722,-40,true,l,true,4
160,-40,false,l,true,4
161.84,-40,true,g,true,4
150.307,-60,false,g,true,4
142.512,-60,false,b,true,4
154.628,-40,true,l,true,4
160,-40,false,l,true,4
194.095,-40,true,g,true,4
184.588,-60,false,g,true,4
184.302,-60,false,b,true,4
155.982,-60,false,b,true,4
177.25,-60,false,b,true,4
160,-60,false,f,true,5
148.081,-60,false,b,true,5
159.774,-40,true,l,true,5
160,-40,false,l,true,5
185.357,-40,true,g,true,5
175.378,-60,false,g,true,5
143.555,-60,false,b,true,5
155.59,-40,true,l,true,5
160,-40,false,l,true,5
204.09,-40,true,g,true,5
195.071,-60,false,g,true,5
153.016,-60,false,b,true,5
164.359,-40,true,l,true,5
160,-40,false,l,true,5
175.248,-40,true,g,true,5
164.657,-60,false,g,true,5
159.956,-60,false,b,true,5
170.839,-40,true,l,true,5
160,-40,false,l,true,5
195.11,-40,true,g,true,5
185.655,-60,false,g,true,5
186.593,-60,false,b,true,5
196.003,-40,true,l,true,5
160,-40,false,l,true,5
196.893,-40,true,g,true,5
187.528,-60,false,g,true,5
153.194,-60,false,b,true,5
164.524,-40,true,l,true,5
160,-40,false,l,true,5
199.643,-40,true,g,true,5
190.413,-60,false,g,true,5
187.981,-60,false,b,true,5
138.222,-60,false,b,true,5
150.683,-40,true,l,true,5
160,-40,false,l,true,5
200.943,-40,true,g,true,5
191.776,-60,false,g,true,5
138.623,-60,false,b,true,5
151.051,-40,true,l,true,5
160,-40,false,l,true,5
168.302,-40,true,g,true,5
157.244,-60,false,g,true,5
152.864,-60,false,b,true,5
164.217,-40,true,l,true,5
160,-40,false,l,true,5
163.962,-40,true,g,true,5
152.589,-60,false,g,true,5
139.199,-60,false,b,true,5
151.58,-40,true,l,true,5
160,-40,false,l,true,5
157.819,-40,true,g,true,5
145.968,-60,false,g,true,5
138.865,-60,false,b,true,5
151.273,-40,true,l,true,5
160,-40,false,l,true,5
168.921,-40,true,g,true,5
157.906,-60,false,g,true,5
152.15,-60,false,b,true,5
163.553,-40,true,l,true,5
160,-40,false,l,true,5
193.293,-40,true,g,true,5
183.745,-60,false,g,true,5
139.5,-60,false,b,true,5
151.856,-40,true,l,true,5
160,-40,false,l,true,5
196.025,-40,true,g,true,5
186.617,-60,false,g,true,5
185.728,-60,false,b,true,5
136.324,-60,false,b,true,5
148.944,-40,true,l,true,5
160,-40,false,l,true,5
205.375,-40,true,g,true,5
196.415,-60,false,g,true,5
143.142,-60,false,b,true,5
155.208,-40,true,l,true,5
160,-40,false,l,true,5
171.731,-40,true,g,true,5
160.909,-60,false,g,true,5
154.55,-60,false,b,true,5
165.788,-40,true,l,true,5
160,-40,false,l,true,5
155.188,-40,true,g,true,5
143.12,-60,false,g,true,5
135.107,-60,false,b,true,5
147.831,-40,true,l,true,5
160,-40,false,l,true,5
166.906,-40,true,g,true,5
155.749,-60,false,g,true,5
136.304,-60,false,b,true,5
148.926,-40,true,l,true,5
160,-40,false,l,true,5
191.073,-40,true,g,true,5
181.408,-60,false,g,true,5
157.725,-60,false,b,true,5
136.549,-60,false,b,true,5
149.149,-40,true,l,true,5
160,-40,false,l,true,5
199.573,-40,true,g,true,5
190.341,-60,false,g,true,5
151.656,-60,false,b,true,5
135.151,-60,false,b,true,5
147.871,-40,true,l,true,5
160,-40,false,l,true,5
176.687,-40,true,g,true,5
166.187,-60,false,g,true,5
136.247,-60,false,b,true,5
148.874,-40,true,l,true,5
160,-40,false,l,true,5
166.175,-40,true,g,true,5
154.965,-60,false,g,true,5
181.989,-60,false,b,true,5
138.282,-60,false,b,true,5
150.738,-40,true,l,true,5
160,-40,false,l,true,5
198.725,-40,true,g,true,5
189.45,-60,false,g,true,5
155.107,-60,false,b,true,5
166.307,-40,true,l,true,5
160,-40,false,l,true,5
201.477,-40,true,g,true,5
192.335,-60,false,g,true,5
189.89,-60,false,b,true,5
135.153,-60,false,b,true,5
147.873,-40,true,l,true,5
160,-40,false,l,true,5
194.209,-40,true,g,true,5
184.708,-60,false,g,true,5
179.111,-60,false,b,true,5
188.893,-40,true,l,true,5
160,-40,false,l,true,5
178.435,-40,true,g,true,5
168.044,-60,false,g,true,5
160.676,-60,false,b,true,5
171.513,-40,true,l,true,5
160,-40,false,l,true,5
175.768,-40,true,g,true,5
165.211,-60,false,g,true,5
146.7,-60,false,b,true,5
158.496,-40,true,l,true,5
160,-40,false,l,true,5
170.642,-40,true,g,true,5
159.745,-60,false,g,true,5
139.693,-60,false,b,true,5
152.033,-40,true,l,true,5
160,-40,false,l,true,5
154.625,-40,true,g,true,5
142.51,-60,false,g,true,5
137.792,-60,false,b,true,5
150.289,-40,true,l,true,5
160,-40,false,l,true,5
200.363,-40,true,g,true,5
191.168,-60,false,g,true,5
151.782,-60,false,b,true,5
163.211,-40,true,l,true,5
160,-40,false,l,true,5
184.153,-40,true,g,true,5
174.104,-60,false,g,true,5
135.288,-60,false,b,true,5
147.996,-40,true,l,true,5
160,-40,false,l,true,5
179.775,-40,true,g,true,5
169.467,-60,false,g,true,5
163.635,-60,false,b,true,5
163.22,-60,false,b,true,5
173.899,-40,true,l,true,5
160,-40,false,l,true,5
161.776,-40,true,g,true,5
150.238,-60,false,g,true,5
147.081,-60,false,b,true,5
158.849,-40,true,l,true,5
160,-40,false,l,true,5
192.984,-40,true,g,true,5
183.42,-60,false,g,true,5
139.136,-60,false,b,true,5
151.522,-40,true,l,true,5
160,-40,false,l,true,5
170.21,-40,true,g,true,5
159.284,-60,false,g,true,5
152.35,-60,false,b,true,5
155.979,-60,false,b,true,5
167.122,-40,true,l,true,5
160,-40,false,l,true,5
198.587,-40,true,g,true,5
189.306,-60,false,g,true,5
150.21,-60,false,b,true,5
161.75,-40,true,l,true,5
160,-40,false,l,true,5
191.712,-40,true,g,true,5
182.081,-60,false,g,true,5
152.666,-60,false,b,true,5
164.034,-40,true,l,true,5
160,-40,false,l,true,5
172.811,-40,true,g,true,5
162.061,-60,false,g,true,5
157.79,-60,false,b,true,5
168.812,-40,true,l,true,5
160,-40,false,l,true,5
201.685,-40,true,g,true,5
192.553,-60,false,g,true,5
197.482,-60,false,b,true,5
206.396,-40,true,l,true,5
160,-40,false,l,true,5
158.957,-40,true,g,true,5
147.199,-60,false,g,true,5
141.063,-60,false,b,true,5
153.293,-40,true,l,true,5
160,-40,false,l,true,5
194.92,-40,true,g,true,5
185.456,-60,false,g,true,5
146.089,-60,false,b,true,5
157.93,-40,true,l,true,5
160,-40,false,l,true,5
197.366,-40,true,g,true,5
188.025,-60,false,g,true,5
153.157,-60,false,b,true,5
164.49,-40,true,l,true,5
160,-40,false,l,true,5
199.101,-40,true,g,true,5
189.846,-60,false,g,true,5
150.257,-60,false,b,true,5
161.793,-40,true,l,true,5
160,-40,false,l,true,5
181.816,-40,true,g,true,5
171.631,-60,false,g,true,5
164.491,-60,false,b,true,5
175.092,-40,true,l,true,5
160,-40,false,l,true,5
159.022,-40,true,g,true,5
147.268,-60,false,g,true,5
140.161,-60,false,b,true,5
152.463,-40,true,l,true,5
160,-40,false,l,true,5
170.404,-40,true,g,true,5
159.492,-60,false,g,true,5
198.721,-60,false,b,true,5
207.582,-40,true,l,true,5
160,-40,false,l,true,5
194.521,-40,true,g,true,5
185.037,-60,false,g,true,5
150.517,-60,false,b,true,5
135.516,-60,false,b,true,5
148.205,-40,true,l,true,5
160,-40,false,l,true,5
171.461,-40,true,g,true,5
160.62,-60,false,g,true,5
156.297,-60,false,b,true,5
167.418,-40,true,l,true,5
160,-40,false,l,true,5
173.635,-40,true,g,true,5
162.939,-60,false,g,true,5
159.627,-60,false,b,true,5
170.531,-40,true,l,true,5
160,-40,false,l,true,5
198.747,-40,true,g,true,5
189.474,-60,false,g,true,5
143.158,-60,false,b,true,5
155.223,-40,true,l,true,5
160,-40,false,l,true,5
176.39,-40,true,g,true,5
165.872,-60,false,g,true,5
160.647,-60,false,b,true,5
171.486,-40,true,l,true,5
160,-40,false,l,true,5
165.602,-40,true,g,true,5
154.351,-60,false,g,true,5
149.672,-60,false,b,true,5
161.25,-40,true,l,true,5
160,-40,false,l,true,5
195.589,-40,true,g,true,5
186.159,-60,false,g,true,5
151.834,-60,false,b,true,5
136.835,-60,false,b,true,5
149.411,-40,true,l,true,5
160,-40,false,l,true,5
173.002,-40,true,g,true,5
162.264,-60,false,g,true,5
157.896,-60,false,b,true,5
168.912,-40,true,l,true,5
160,-40,false,l,true,5
207.222,-40,true,g,true,5
198.345,-60,false,g,true,5
194.27,-60,false,b,true,5
203.325,-40,true,l,true,5
160,-40,false,l,true,5
163.189,-40,true,g,true,5
151.759,-60,false,g,true,5
147.807,-60,false,b,true,5
159.52,-40,true,l,true,5
160,-40,false,l,true,5
178.243,-40,true,g,true,5
167.841,-60,false,g,true,5
161.199,-60,false,b,true,5
172.003,-40,true,l,true,5
160,-40,false,l,true,5
174.321,-40,true,g,true,5
163.669,-60,false,g,true,5
157.321,-60,false,b,true,5
168.374,-40,true,l,true,5
160,-40,false,l,true,5
193.883,-40,true,g,true,5
184.365,-60,false,g,true,5
135.149,-60,false,b,true,5
147.869,-40,true,l,true,5
160,-40,false,l,true,5
201.143,-40,true,g,true,5
191.985,-60,false,g,true,5
153.077,-60,false,b,true,5
164.416,-40,true,l,true,5
160,-40,false,l,true,5
198.927,-40,true,g,true,5
189.663,-60,false,g,true,5
150.166,-60,false,b,true,5
161.709,-40,true,l,true,5
160,-40,false,l,true,5
181.984,-40,true,g,true,5
171.808,-60,false,g,true,5
137.732,-60,false,b,true,5
150.234,-40,true,l,true,5
160,-40,false,l,true,5
196.337,-40,true,g,true,5
186.944,-60,false,g,true,5
148.114,-60,false,b,true,5
159.805,-40,true,l,true,5
160,-40,false,l,true,5
207.191,-40,true,g,true,5
198.313,-60,false,g,true,5
163.154,-60,false,b,true,5
173.837,-40,true,l,true,5
160,-40,false,l,true,5
180.945,-40,true,g,true,5
170.707,-60,false,g,true,5
138.893,-60,false,b,true,5
151.299,-40,true,l,true,5
160,-40,false,l,true,5
190.465,-40,true,g,true,5
180.767,-60,false,g,true,5
136.433,-60,false,b,true,5
149.044,-40,true,l,true,5
160,-40,false,l,true,5
202.383,-40,true,g,true,5
193.285,-60,false,g,true,5
151.064,-60,false,b,true,5
162.543,-40,true,l,true,5
160,-40,false,l,true,5
163.857,-40,true,g,true,5
152.476,-60,false,g,true,5
147.333,-60,false,b,true,5
159.082,-40,true,l,true,5
160,-40,false,l,true,5
190.405,-40,true,g,true,5
180.704,-60,false,g,true,5
156.929,-60,false,b,true,5
135.644,-60,false,b,true,5
148.321,-40,true,l,true,5
160,-40,false,l,true,5
159.598,-40,true,g,true,5
147.891,-60,false,g,true,5
140.491,-60,false,b,true,5
152.767,-40,true,l,true,5
160,-40,false,l,true,5
201.629,-40,true,g,true,5
192.495,-60,false,g,true,5
154.79,-60,false,b,true,5
166.012,-40,true,l,true,5
160,-40,false,l,true,5
171.758,-40,true,g,true,5
160.937,-60,false,g,true,5
154.952,-60,false,b,true,5
166.163,-40,true,l,true,5
160,-40,false,l,true,5
176.71,-40,true,g,true,5
166.212,-60,false,g,true,5
160.489,-60,false,b,true,5
171.338,-40,true,l,true,5
160,-40,false,l,true,5
169.71,-40,true,g,true,5
158.75,-60,false,g,true,5
146.368,-60,false,b,true,5
147.234,-60,false,b,true,5
158.99,-40,true,l,true,5
160,-40,false,l,true,5
156.855,-40,true,g,true,5
144.926,-60,false,g,true,5
138.248,-60,false,b,true,5
150.707,-40,true,l,true,5
160,-40,false,l,true,5
196.92,-40,true,g,true,5
187.557,-60,false,g,true,5
183.9,-60,false,b,true,5
193.44,-40,true,l,true,5
160,-40,false,l,true,5
200.69,-40,true,g,true,5
191.511,-60,false,g,true,5
152.324,-60,false,b,true,5
163.715,-40,true,l,true,5
160,-40,false,l,true,5
179.855,-40,true,g,true,5
169.552,-60,false,g,true,5
138.021,-60,false,b,true,5
150.499,-40,true,l,true,5
160,-40,false,l,true,5
166.183,-40,true,g,true,5
154.973,-60,false,g,true,5
140.703,-60,false,b,true,5
152.962,-40,true,l,true,5
160,-40,false,l,true,5
166.412,-40,true,g,true,5
155.219,-60,false,g,true,5
142.113,-60,false,b,true,5
154.26,-40,true,l,true,5
160,-40,false,l,true,5
198.956,-40,true,g,true,5
189.693,-60,false,g,true,5
150.635,-60,false,b,true,5
162.145,-40,true,l,true,5
160,-40,false,l,true,5
161.223,-40,true,g,true,5
149.642,-60,false,g,true,5
146.352,-60,false,b,true,5
158.174,-40,true,l,true,5
160,-40,false,l,true,5
192.791,-40,true,g,true,5
183.217,-60,false,g,true,5
138.969,-60,false,b,true,5
151.369,-40,true,l,true,5
160,-40,false,l,true,5
195.522,-40,true,g,true,5
186.088,-60,false,g,true,5
185.241,-60,false,b,true,5
135.848,-60,false,b,true,5
148.508,-40,true,l,true,5
160,-40,false,l,true,5
190.872,-40,true,g,true,5
181.196,-60,false,g,true,5
150.093,-60,false,b,true,5
161.642,-40,true,l,true,5
160,-40,false,l,true,5
182.57,-40,true,g,true,5
172.429,-60,false,g,true,5
140.805,-60,false,b,true,5
153.056,-40,true,l,true,5
160,-40,false,l,true,5
163.918,-40,true,g,true,5
152.542,-60,false,g,true,5
138.496,-60,false,b,true,5
150.934,-40,true,l,true,5
160,-40,false,l,true,5
170.838,-40,true,g,true,5
159.956,-60,false,g,true,5
139.55,-60,false,b,true,5
151.902,-40,true,l,true,5
160,-40,false,l,true,5
154.693,-40,true,g,true,5
142.583,-60,false,g,true,5
147.19,-60,false,b,true,5
158.949,-40,true,l,true,5
160,-40,false,l,true,5
177.549,-40,true,g,true,5
167.104,-60,false,g,true,5
137.14,-60,false,b,true,5
149.691,-40,true,l,true,5
160,-40,false,l,true,5
197.589,-40,true,g,true,5
188.259,-60,false,g,true,5
184.731,-60,false,b,true,5
194.231,-40,true,l,true,5
160,-40,false,l,true,5
168.907,-40,true,g,true,5
157.891,-60,false,g,true,5
151.033,-60,false,b,true,5
162.514,-40,true,l,true,5
160,-40,false,l,true,5
193.547,-40,true,g,true,5
184.012,-60,false,g,true,5
144.71,-60,false,b,true,5
156.656,-40,true,l,true,5
160,-40,false,l,true,5
166.22,-40,true,g,true,5
155.013,-60,false,g,true,5
144.186,-60,false,b,true,5
