x,z,relay,string,error,index
160,-60,false,f,true
197.667,-60,false,b,true
206.572,-40,true,l,true
160,-40,false,l,true
149.168,-40,true,g,true
136.569,-60,false,g,true
184.197,-60,false,b,true
193.723,-40,true,l,true
160,-40,false,l,true
167.431,-40,true,g,true
156.311,-60,false,g,true
170.04,-60,false,b,true
180.315,-40,true,l,true
160,-40,false,l,true
205.928,-40,true,g,true
196.993,-60,false,g,true
195.287,-60,false,b,true
204.296,-40,true,l,true
160,-40,false,l,true
168.003,-40,true,g,true
156.923,-60,false,g,true
159.371,-60,false,b,true
186.951,-60,false,b,true
196.344,-40,true,l,true
160,-40,false,l,true
194.526,-40,true,g,true
185.041,-60,false,g,true
145.701,-60,false,b,true
183.897,-60,false,b,true
193.437,-40,true,l,true
160,-40,false,l,true
193.502,-40,true,g,true
183.965,-60,false,g,true
181.082,-60,false,b,true
195.028,-60,false,b,true
204.049,-40,true,l,true
160,-40,false,l,true
168.312,-40,true,g,true
157.255,-60,false,g,true
196.849,-60,false,b,true
205.79,-40,true,l,true
160,-40,false,l,true
178.419,-40,true,g,true
168.028,-60,false,g,true
164.983,-60,false,b,true
175.555,-40,true,l,true
160,-40,false,l,true
156.851,-40,true,g,true
144.922,-60,false,g,true
195.399,-60,false,b,true
204.403,-40,true,l,true
160,-40,false,l,true
164.182,-40,true,g,true
152.825,-60,false,g,true
198.258,-60,false,b,true
207.138,-40,true,l,true
160,-40,false,l,true
168.805,-40,true,g,true
157.781,-60,false,g,true
198.542,-60,false,b,true
207.41,-40,true,l,true
160,-40,false,l,true
193.302,-40,true,g,true
183.754,-60,false,g,true
141.896,-60,false,b,true
154.06,-40,true,l,true
160,-40,false,l,true
159.843,-40,true,g,true
148.154,-60,false,g,true
192.45,-60,false,b,true
201.586,-40,true,l,true
160,-40,false,l,true
160.565,-40,true,g,true
148.933,-60,false,g,true
196.905,-60,false,b,true
205.844,-40,true,l,true
160,-40,false,l,true
159.564,-40,true,g,true
147.853,-60,false,g,true
197.987,-60,false,b,true
206.879,-40,true,l,true
160,-40,false,l,true
194.511,-40,true,g,true
185.026,-60,false,g,true
182.622,-60,false,b,true
198.755,-60,false,b,true
207.614,-40,true,l,true
160,-40,false,l,true
171.289,-40,true,g,true
160.437,-60,false,g,true
171.784,-60,false,b,true
187.296,-60,false,b,true
196.671,-40,true,l,true
160,-40,false,l,true
195.672,-40,true,g,true
186.246,-60,false,g,true
182.449,-60,false,b,true
192.061,-40,true,l,true
160,-40,false,l,true
161.606,-40,true,g,true
150.055,-60,false,g,true
197.75,-60,false,b,true
206.652,-40,true,l,true
160,-40,false,l,true
176.461,-40,true,g,true
165.947,-60,false,g,true
198.451,-60,false,b,true
207.323,-40,true,l,true
160,-40,false,l,true
199.925,-40,true,g,true
190.709,-60,false,g,true
151.434,-60,false,b,true
162.888,-40,true,l,true
160,-40,false,l,true
154.448,-40,true,g,true
142.317,-60,false,g,true
174.958,-60,false,b,true
184.96,-40,true,l,true
160,-40,false,l,true
193.647,-40,true,g,true
184.117,-60,false,g,true
144.476,-60,false,b,true
186.506,-60,false,b,true
199.774,-60,false,b,true
208.589,-40,true,l,true
160,-40,false,l,true
168.097,-40,true,g,true
157.025,-60,false,g,true
165.887,-60,false,b,true
176.404,-40,true,l,true
160,-40,false,l,true
184.171,-40,true,g,true
174.123,-60,false,g,true
198.791,-60,false,b,true
207.648,-40,true,l,true
160,-40,false,l,true
193.543,-40,true,g,true
184.008,-60,false,g,true
196.381,-60,false,b,true
205.342,-40,true,l,true
160,-40,false,l,true
184.647,-40,true,g,true
174.627,-60,false,g,true
171.135,-60,false,b,true
181.348,-40,true,l,true
160,-40,false,l,true
195.637,-40,true,g,true
186.209,-60,false,g,true
185.083,-60,false,b,true
194.566,-40,true,l,true
160,-40,false,l,true
154.695,-40,true,g,true
142.586,-60,false,g,true
190.465,-60,false,b,true
199.692,-40,true,l,true
160,-40,false,l,true
153.266,-40,true,g,true
141.033,-60,false,g,true
195.275,-60,false,b,true
204.285,-40,true,l,true
160,-40,false,l,true
182.594,-40,true,g,true
172.454,-60,false,g,true
185.078,-60,false,b,true
194.561,-40,true,l,true
160,-40,false,l,true
197.398,-40,true,g,true
188.059,-60,false,g,true
185.833,-60,false,b,true
195.279,-40,true,l,true
160,-40,false,l,true
171.65,-40,true,g,true
160.822,-60,false,g,true
196.656,-60,false,b,true
205.606,-40,true,l,true
160,-40,false,l,true
192.77,-40,true,g,true
183.194,-60,false,g,true
180.662,-60,false,b,true
190.365,-40,true,l,true
160,-40,false,l,true
166.457,-40,true,g,true
155.267,-60,false,g,true
199.51,-60,false,b,true
208.337,-40,true,l,true
160,-40,false,l,true
154.978,-40,true,g,true
142.892,-60,false,g,true
187.167,-60,false,b,true
196.549,-40,true,l,true
160,-40,false,l,true
157.169,-40,true,g,true
145.266,-60,false,g,true
187.321,-60,false,b,true
196.696,-40,true,l,true
160,-40,false,l,true
163.827,-40,true,g,true
152.444,-60,false,g,true
196.048,-60,false,b,true
205.024,-40,true,l,true
160,-40,false,l,true
162.151,-40,true,g,true
150.642,-60,false,g,true
146.281,-60,false,b,true
190.944,-60,false,b,true
200.149,-40,true,l,true
160,-40,false,l,true
203.858,-40,true,g,true
194.828,-60,false,g,true
194.531,-60,false,b,true
203.574,-40,true,l,true
160,-40,false,l,true
176.17,-40,true,g,true
165.638,-60,false,g,true
197.062,-60,false,b,true
205.994,-40,true,l,true
160,-40,false,l,true
152.36,-40,true,g,true
140.048,-60,false,g,true
199.108,-60,false,b,true
207.952,-40,true,l,true
160,-40,false,l,true
159.271,-40,true,g,true
147.537,-60,false,g,true
198.702,-60,false,b,true
207.563,-40,true,l,true
160,-40,false,l,true
177.863,-40,true,g,true
167.437,-60,false,g,true
196.323,-60,false,b,true
205.287,-40,true,l,true
160,-40,false,l,true
206.126,-40,true,g,true
197.2,-60,false,g,true
196.909,-60,false,b,true
205.848,-40,true,l,true
160,-40,false,l,true
165.801,-40,true,g,true
154.563,-60,false,g,true
149.078,-60,false,b,true
160.699,-40,true,l,true
160,-40,false,l,true
195.032,-40,true,g,true
185.573,-60,false,g,true
183.033,-60,false,b,true
194.568,-60,false,b,true
203.61,-40,true,l,true
160,-40,false,l,true
165.046,-40,true,g,true
153.754,-60,false,g,true
197.058,-60,false,b,true
205.99,-40,true,l,true
160,-40,false,l,true
205.789,-40,true,g,true
196.848,-60,false,g,true
161.586,-60,false,b,true
191.172,-60,false,b,true
200.366,-40,true,l,true
160,-40,false,l,true
176.68,-40,true,g,true
166.18,-60,false,g,true
162.616,-60,false,b,true
173.332,-40,true,l,true
160,-40,false,l,true
172.493,-40,true,g,true
161.721,-60,false,g,true
199.845,-60,false,b,true
208.657,-40,true,l,true
160,-40,false,l,true
170.691,-40,true,g,true
159.798,-60,false,g,true
198.725,-60,false,b,true
207.585,-40,true,l,true
160,-40,false,l,true
193.52,-40,true,g,true
183.984,-60,false,g,true
181.371,-60,false,b,true
192.904,-60,false,b,true
202.019,-40,true,l,true
160,-40,false,l,true
163.606,-40,true,g,true
152.207,-60,false,g,true
195.781,-60,false,b,true
204.768,-40,true,l,true
160,-40,false,l,true
200.199,-40,true,g,true
190.996,-60,false,g,true
153.473,-60,false,b,true
164.784,-40,true,l,true
160,-40,false,l,true
172.94,-40,true,g,true
162.198,-60,false,g,true
195.007,-60,false,b,true
204.028,-40,true,l,true
160,-40,false,l,true
203.517,-40,true,g,true
194.471,-60,false,g,true
190.543,-60,false,b,true
199.767,-40,true,l,true
160,-40,false,l,true
199.633,-40,true,g,true
190.403,-60,false,g,true
188.174,-60,false,b,true
199.738,-60,false,b,true
208.555,-40,true,l,true
160,-40,false,l,true
163.416,-40,true,g,true
152.002,-60,false,g,true
197.252,-60,false,b,true
206.176,-40,true,l,true
160,-40,false,l,true
152.104,-40,true,g,true
139.77,-60,false,g,true
187.869,-60,false,b,true
197.217,-40,true,l,true
160,-40,false,l,true
152.528,-40,true,g,true
140.231,-60,false,g,true
199.26,-60,false,b,true
208.097,-40,true,l,true
160,-40,false,l,true
159.129,-40,true,g,true
147.384,-60,false,g,true
198.609,-60,false,b,true
207.474,-40,true,l,true
160,-40,false,l,true
159.248,-40,true,g,true
147.513,-60,false,g,true
149.805,-60,false,b,true
161.374,-40,true,l,true
160,-40,false,l,true
197.876,-40,true,g,true
188.56,-60,false,g,true
185.403,-60,false,b,true
194.87,-40,true,l,true
160,-40,false,l,true
158.422,-40,true,g,true
146.62,-60,false,g,true
194.087,-60,false,b,true
203.15,-40,true,l,true
160,-40,false,l,true
169.199,-40,true,g,true
158.203,-60,false,g,true
197.478,-60,false,b,true
206.392,-40,true,l,true
160,-40,false,l,true
150.639,-40,true,g,true
138.174,-60,false,g,true
186.121,-60,false,b,true
195.553,-40,true,l,true
160,-40,false,l,true
195.565,-40,true,g,true
186.133,-60,false,g,true
184.071,-60,false,b,true
199.825,-60,false,b,true
208.638,-40,true,l,true
160,-40,false,l,true
198.505,-40,true,g,true
189.22,-60,false,g,true
186.748,-60,false,b,true
196.15,-40,true,l,true
160,-40,false,l,true
167.469,-40,true,g,true
156.352,-60,false,g,true
172.137,-60,false,b,true
182.294,-40,true,l,true
160,-40,false,l,true
205.838,-40,true,g,true
196.9,-60,false,g,true
196.376,-60,false,b,true
205.338,-40,true,l,true
160,-40,false,l,true
165.542,-40,true,g,true
154.286,-60,false,g,true
197.745,-60,false,b,true
206.648,-40,true,l,true
160,-40,false,l,true
167.819,-40,true,g,true
156.726,-60,false,g,true
173.13,-60,false,b,true
183.232,-40,true,l,true
160,-40,false,l,true
159.568,-40,true,g,true
147.858,-60,false,g,true
191.191,-60,false,b,true
200.385,-40,true,l,true
160,-40,false,l,true
178.415,-40,true,g,true
168.023,-60,false,g,true
174.884,-60,false,b,true
184.89,-40,true,l,true
160,-40,false,l,true
159.431,-40,true,g,true
147.71,-60,false,g,true
181.875,-60,false,b,true
191.516,-40,true,l,true
160,-40,false,l,true
206.584,-40,true,g,true
197.679,-60,false,g,true
197.076,-60,false,b,true
206.007,-40,true,l,true
160,-40,false,l,true
153.611,-40,true,g,true
141.408,-60,false,g,true
189.376,-60,false,b,true
198.654,-40,true,l,true
160,-40,false,l,true
152.946,-40,true,g,true
140.686,-60,false,g,true
199.812,-60,false,b,true
208.626,-40,true,l,true
160,-40,false,l,true
168.126,-40,true,g,true
157.056,-60,false,g,true
196.801,-60,false,b,true
205.744,-40,true,l,true
160,-40,false,l,true
183.078,-40,true,g,true
172.967,-60,false,g,true
169.037,-60,false,b,true
179.37,-40,true,l,true
160,-40,false,l,true
166.098,-40,true,g,true
154.882,-60,false,g,true
199.114,-60,false,b,true
207.958,-40,true,l,true
160,-40,false,l,true
154.623,-40,true,g,true
142.507,-60,false,g,true
191.711,-60,false,b,true
200.88,-40,true,l,true
160,-40,false,l,true
172.335,-40,true,g,true
161.552,-60,false,g,true
197.341,-60,false,b,true
206.26,-40,true,l,true
160,-40,false,l,true
193.461,-40,true,g,true
183.922,-60,false,g,true
142.17,-60,false,b,true
154.313,-40,true,l,true
160,-40,false,l,true
160.335,-40,true,g,true
148.686,-60,false,g,true
188.04,-60,false,b,true
197.381,-40,true,l,true
160,-40,false,l,true
154.81,-40,true,g,true
142.71,-60,false,g,true
196.961,-60,false,b,true
205.897,-40,true,l,true
160,-40,false,l,true
167.442,-40,true,g,true
156.323,-60,false,g,true
199.099,-60,false,b,true
207.944,-40,true,l,true
160,-40,false,l,true
184.968,-40,true,g,true
174.966,-60,false,g,true
171.302,-60,false,b,true
181.506,-40,true,l,true
160,-40,false,l,true
195.961,-40,true,g,true
186.55,-60,false,g,true
185.138,-60,false,b,true
194.618,-40,true,l,true
160,-40,false,l,true
160.92,-40,true,g,true
149.316,-60,false,g,true
196.879,-60,false,b,true
205.819,-40,true,l,true
160,-40,false,l,true
175.599,-40,true,g,true
165.03,-60,false,g,true
197.541,-60,false,b,true
206.452,-40,true,l,true
160,-40,false,l,true
199.225,-40,true,g,true
189.975,-60,false,g,true
150.61,-60,false,b,true
162.121,-40,true,l,true
160,-40,false,l,true
173.033,-40,true,g,true
162.297,-60,false,g,true
197.785,-60,false,b,true
206.686,-40,true,l,true
160,-40,false,l,true
163.21,-40,true,g,true
151.781,-60,false,g,true
194.989,-60,false,b,true
204.012,-40,true,l,true
160,-40,false,l,true
150.968,-40,true,g,true
138.533,-60,false,g,true
136.101,-60,false,b,true
