x,z,relay,string,error,index
160,-60,false,f,true
148.081,-60,false,b,true
159.774,-40,true,l,true
160,-40,false,l,true
185.357,-40,true,g,true
175.378,-60,false,g,true
143.555,-60,false,b,true
155.59,-40,true,l,true
160,-40,false,l,true
204.09,-40,true,g,true
195.071,-60,false,g,true
153.016,-60,false,b,true
164.359,-40,true,l,true
160,-40,false,l,true
175.248,-40,true,g,true
164.657,-60,false,g,true
159.956,-60,false,b,true
170.839,-40,true,l,true
160,-40,false,l,true
195.11,-40,true,g,true
185.655,-60,false,g,true
186.593,-60,false,b,true
196.003,-40,true,l,true
160,-40,false,l,true
196.893,-40,true,g,true
187.528,-60,false,g,true
153.194,-60,false,b,true
164.524,-40,true,l,true
160,-40,false,l,true
199.643,-40,true,g,true
190.413,-60,false,g,true
187.981,-60,false,b,true
138.222,-60,false,b,true
150.683,-40,true,l,true
160,-40,false,l,true
200.943,-40,true,g,true
191.776,-60,false,g,true
138.623,-60,false,b,true
151.051,-40,true,l,true
160,-40,false,l,true
168.302,-40,true,g,true
157.244,-60,false,g,true
152.864,-60,false,b,true
164.217,-40,true,l,true
160,-40,false,l,true
163.962,-40,true,g,true
152.589,-60,false,g,true
139.199,-60,false,b,true
151.58,-40,true,l,true
160,-40,false,l,true
157.819,-40,true,g,true
145.968,-60,false,g,true
138.865,-60,false,b,true
151.273,-40,true,l,true
160,-40,false,l,true
168.921,-40,true,g,true
157.906,-60,false,g,true
152.15,-60,false,b,true
163.553,-40,true,l,true
160,-40,false,l,true
193.293,-40,true,g,true
183.745,-60,false,g,true
139.5,-60,false,b,true
151.856,-40,true,l,true
160,-40,false,l,true
196.025,-40,true,g,true
186.617,-60,false,g,true
185.728,-60,false,b,true
136.324,-60,false,b,true
148.944,-40,true,l,true
160,-40,false,l,true
205.375,-40,true,g,true
196.415,-60,false,g,true
143.142,-60,false,b,true
155.208,-40,true,l,true
160,-40,false,l,true
171.731,-40,true,g,true
160.909,-60,false,g,true
154.55,-60,false,b,true
165.788,-40,true,l,true
160,-40,false,l,true
155.188,-40,true,g,true
143.12,-60,false,g,true
135.107,-60,false,b,true
147.831,-40,true,l,true
160,-40,false,l,true
166.906,-40,true,g,true
155.749,-60,false,g,true
136.304,-60,false,b,true
148.926,-40,true,l,true
160,-40,false,l,true
191.073,-40,true,g,true
181.408,-60,false,g,true
157.725,-60,false,b,true
136.549,-60,false,b,true
149.149,-40,true,l,true
160,-40,false,l,true
199.573,-40,true,g,true
190.341,-60,false,g,true
151.656,-60,false,b,true
135.151,-60,false,b,true
147.871,-40,true,l,true
160,-40,false,l,true
176.687,-40,true,g,true
166.187,-60,false,g,true
136.247,-60,false,b,true
148.874,-40,true,l,true
160,-40,false,l,true
166.175,-40,true,g,true
154.965,-60,false,g,true
181.989,-60,false,b,true
138.282,-60,false,b,true
150.738,-40,true,l,true
160,-40,false,l,true
198.725,-40,true,g,true
189.45,-60,false,g,true
155.107,-60,false,b,true
166.307,-40,true,l,true
160,-40,false,l,true
201.477,-40,true,g,true
192.335,-60,false,g,true
189.89,-60,false,b,true
135.153,-60,false,b,true
147.873,-40,true,l,true
160,-40,false,l,true
194.209,-40,true,g,true
184.708,-60,false,g,true
179.111,-60,false,b,true
188.893,-40,true,l,true
160,-40,false,l,true
178.435,-40,true,g,true
168.044,-60,false,g,true
160.676,-60,false,b,true
171.513,-40,true,l,true
160,-40,false,l,true
175.768,-40,true,g,true
165.211,-60,false,g,true
146.7,-60,false,b,true
158.496,-40,true,l,true
160,-40,false,l,true
170.642,-40,true,g,true
159.745,-60,false,g,true
139.693,-60,false,b,true
152.033,-40,true,l,true
160,-40,false,l,true
154.625,-40,true,g,true
142.51,-60,false,g,true
137.792,-60,false,b,true
150.289,-40,true,l,true
160,-40,false,l,true
200.363,-40,true,g,true
191.168,-60,false,g,true
151.782,-60,false,b,true
163.211,-40,true,l,true
160,-40,false,l,true
184.153,-40,true,g,true
174.104,-60,false,g,true
135.288,-60,false,b,true
147.996,-40,true,l,true
160,-40,false,l,true
179.775,-40,true,g,true
169.467,-60,false,g,true
163.635,-60,false,b,true
163.22,-60,false,b,true
173.899,-40,true,l,true
160,-40,false,l,true
161.776,-40,true,g,true
150.238,-60,false,g,true
147.081,-60,false,b,true
158.849,-40,true,l,true
160,-40,false,l,true
192.984,-40,true,g,true
183.42,-60,false,g,true
139.136,-60,false,b,true
151.522,-40,true,l,true
160,-40,false,l,true
170.21,-40,true,g,true
159.284,-60,false,g,true
152.35,-60,false,b,true
155.979,-60,false,b,true
167.122,-40,true,l,true
160,-40,false,l,true
198.587,-40,true,g,true
189.306,-60,false,g,true
150.21,-60,false,b,true
161.75,-40,true,l,true
160,-40,false,l,true
191.712,-40,true,g,true
182.081,-60,false,g,true
152.666,-60,false,b,true
164.034,-40,true,l,true
160,-40,false,l,true
172.811,-40,true,g,true
162.061,-60,false,g,true
157.79,-60,false,b,true
168.812,-40,true,l,true
160,-40,false,l,true
201.685,-40,true,g,true
192.553,-60,false,g,true
197.482,-60,false,b,true
206.396,-40,true,l,true
160,-40,false,l,true
158.957,-40,true,g,true
147.199,-60,false,g,true
141.063,-60,false,b,true
153.293,-40,true,l,true
160,-40,false,l,true
194.92,-40,true,g,true
185.456,-60,false,g,true
146.089,-60,false,b,true
157.93,-40,true,l,true
160,-40,false,l,true
197.366,-40,true,g,true
188.025,-60,false,g,true
153.157,-60,false,b,true
164.49,-40,true,l,true
160,-40,false,l,true
199.101,-40,true,g,true
189.846,-60,false,g,true
150.257,-60,false,b,true
161.793,-40,true,l,true
160,-40,false,l,true
181.816,-40,true,g,true
171.631,-60,false,g,true
164.491,-60,false,b,true
175.092,-40,true,l,true
160,-40,false,l,true
159.022,-40,true,g,true
147.268,-60,false,g,true
140.161,-60,false,b,true
152.463,-40,true,l,true
160,-40,false,l,true
170.404,-40,true,g,true
159.492,-60,false,g,true
198.721,-60,false,b,true
207.582,-40,true,l,true
160,-40,false,l,true
194.521,-40,true,g,true
185.037,-60,false,g,true
150.517,-60,false,b,true
135.516,-60,false,b,true
148.205,-40,true,l,true
160,-40,false,l,true
171.461,-40,true,g,true
160.62,-60,false,g,true
156.297,-60,false,b,true
167.418,-40,true,l,true
160,-40,false,l,true
173.635,-40,true,g,true
162.939,-60,false,g,true
159.627,-60,false,b,true
170.531,-40,true,l,true
160,-40,false,l,true
198.747,-40,true,g,true
189.474,-60,false,g,true
143.158,-60,false,b,true
155.223,-40,true,l,true
160,-40,false,l,true
176.39,-40,true,g,true
165.872,-60,false,g,true
160.647,-60,false,b,true
171.486,-40,true,l,true
160,-40,false,l,true
165.602,-40,true,g,true
154.351,-60,false,g,true
149.672,-60,false,b,true
161.25,-40,true,l,true
160,-40,false,l,true
195.589,-40,true,g,true
186.159,-60,false,g,true
151.834,-60,false,b,true
136.835,-60,false,b,true
149.411,-40,true,l,true
160,-40,false,l,true
173.002,-40,true,g,true
162.264,-60,false,g,true
157.896,-60,false,b,true
168.912,-40,true,l,true
160,-40,false,l,true
207.222,-40,true,g,true
198.345,-60,false,g,true
194.27,-60,false,b,true
203.325,-40,true,l,true
160,-40,false,l,true
163.189,-40,true,g,true
151.759,-60,false,g,true
147.807,-60,false,b,true
159.52,-40,true,l,true
160,-40,false,l,true
178.243,-40,true,g,true
167.841,-60,false,g,true
161.199,-60,false,b,true
172.003,-40,true,l,true
160,-40,false,l,true
174.321,-40,true,g,true
163.669,-60,false,g,true
157.321,-60,false,b,true
168.374,-40,true,l,true
160,-40,false,l,true
193.883,-40,true,g,true
184.365,-60,false,g,true
135.149,-60,false,b,true
147.869,-40,true,l,true
160,-40,false,l,true
201.143,-40,true,g,true
191.985,-60,false,g,true
153.077,-60,false,b,true
164.416,-40,true,l,true
160,-40,false,l,true
198.927,-40,true,g,true
189.663,-60,false,g,true
150.166,-60,false,b,true
161.709,-40,true,l,true
160,-40,false,l,true
181.984,-40,true,g,true
171.808,-60,false,g,true
137.732,-60,false,b,true
150.234,-40,true,l,true
160,-40,false,l,true
196.337,-40,true,g,true
186.944,-60,false,g,true
148.114,-60,false,b,true
159.805,-40,true,l,true
160,-40,false,l,true
207.191,-40,true,g,true
198.313,-60,false,g,true
163.154,-60,false,b,true
173.837,-40,true,l,true
160,-40,false,l,true
180.945,-40,true,g,true
170.707,-60,false,g,true
138.893,-60,false,b,true
151.299,-40,true,l,true
160,-40,false,l,true
190.465,-40,true,g,true
180.767,-60,false,g,true
136.433,-60,false,b,true
149.044,-40,true,l,true
160,-40,false,l,true
202.383,-40,true,g,true
193.285,-60,false,g,true
151.064,-60,false,b,true
162.543,-40,true,l,true
160,-40,false,l,true
163.857,-40,true,g,true
152.476,-60,false,g,true
147.333,-60,false,b,true
159.082,-40,true,l,true
160,-40,false,l,true
190.405,-40,true,g,true
180.704,-60,false,g,true
156.929,-60,false,b,true
135.644,-60,false,b,true
148.321,-40,true,l,true
160,-40,false,l,true
159.598,-40,true,g,true
147.891,-60,false,g,true
140.491,-60,false,b,true
152.767,-40,true,l,true
160,-40,false,l,true
201.629,-40,true,g,true
192.495,-60,false,g,true
154.79,-60,false,b,true
166.012,-40,true,l,true
160,-40,false,l,true
171.758,-40,true,g,true
160.937,-60,false,g,true
154.952,-60,false,b,true
166.163,-40,true,l,true
160,-40,false,l,true
176.71,-40,true,g,true
166.212,-60,false,g,true
160.489,-60,false,b,true
171.338,-40,true,l,true
160,-40,false,l,true
169.71,-40,true,g,true
158.75,-60,false,g,true
146.368,-60,false,b,true
147.234,-60,false,b,true
158.99,-40,true,l,true
160,-40,false,l,true
156.855,-40,true,g,true
144.926,-60,false,g,true
138.248,-60,false,b,true
150.707,-40,true,l,true
160,-40,false,l,true
196.92,-40,true,g,true
187.557,-60,false,g,true
183.9,-60,false,b,true
193.44,-40,true,l,true
160,-40,false,l,true
200.69,-40,true,g,true
191.511,-60,false,g,true
152.324,-60,false,b,true
163.715,-40,true,l,true
160,-40,false,l,true
179.855,-40,true,g,true
169.552,-60,false,g,true
138.021,-60,false,b,true
150.499,-40,true,l,true
160,-40,false,l,true
166.183,-40,true,g,true
154.973,-60,false,g,true
140.703,-60,false,b,true
152.962,-40,true,l,true
160,-40,false,l,true
166.412,-40,true,g,true
155.219,-60,false,g,true
142.113,-60,false,b,true
154.26,-40,true,l,true
160,-40,false,l,true
198.956,-40,true,g,true
189.693,-60,false,g,true
150.635,-60,false,b,true
162.145,-40,true,l,true
160,-40,false,l,true
161.223,-40,true,g,true
149.642,-60,false,g,true
146.352,-60,false,b,true
158.174,-40,true,l,true
160,-40,false,l,true
192.791,-40,true,g,true
183.217,-60,false,g,true
138.969,-60,false,b,true
151.369,-40,true,l,true
160,-40,false,l,true
195.522,-40,true,g,true
186.088,-60,false,g,true
185.241,-60,false,b,true
135.848,-60,false,b,true
148.508,-40,true,l,true
160,-40,false,l,true
190.872,-40,true,g,true
181.196,-60,false,g,true
150.093,-60,false,b,true
161.642,-40,true,l,true
160,-40,false,l,true
182.57,-40,true,g,true
172.429,-60,false,g,true
140.805,-60,false,b,true
153.056,-40,true,l,true
160,-40,false,l,true
163.918,-40,true,g,true
152.542,-60,false,g,true
138.496,-60,false,b,true
150.934,-40,true,l,true
160,-40,false,l,true
170.838,-40,true,g,true
159.956,-60,false,g,true
139.55,-60,false,b,true
151.902,-40,true,l,true
160,-40,false,l,true
154.693,-40,true,g,true
142.583,-60,false,g,true
147.19,-60,false,b,true
158.949,-40,true,l,true
160,-40,false,l,true
177.549,-40,true,g,true
167.104,-60,false,g,true
137.14,-60,false,b,true
149.691,-40,true,l,true
160,-40,false,l,true
197.589,-40,true,g,true
188.259,-60,false,g,true
184.731,-60,false,b,true
194.231,-40,true,l,true
160,-40,false,l,true
168.907,-40,true,g,true
157.891,-60,false,g,true
151.033,-60,false,b,true
162.514,-40,true,l,true
160,-40,false,l,true
193.547,-40,true,g,true
184.012,-60,false,g,true
144.71,-60,false,b,true
156.656,-40,true,l,true
160,-40,false,l,true
166.22,-40,true,g,true
155.013,-60,false,g,true
144.186,-60,false,b,true
