x,z,relay,string,error,index
160,-60,false,f,true
148.081,-60,false,b,true
159.774,-40,true,l,true
160,-40,false,l,true
168.383,-40,true,g,true
157.33,-60,false,g,true
148.681,-60,false,b,true
160.331,-40,true,l,true
160,-40,false,l,true
160.547,-40,true,g,true
148.914,-60,false,g,true
141.014,-60,false,b,true
153.248,-40,true,l,true
160,-40,false,l,true
197.354,-40,true,g,true
188.012,-60,false,g,true
185.992,-60,false,b,true
155.711,-60,false,b,true
179.371,-60,false,b,true
189.14,-40,true,l,true
160,-40,false,l,true
194.94,-40,true,g,true
185.477,-60,false,g,true
136.251,-60,false,b,true
143.04,-60,false,b,true
177.771,-60,false,b,true
143.218,-60,false,b,true
155.278,-40,true,l,true
160,-40,false,l,true
158.44,-40,true,g,true
146.64,-60,false,g,true
148.69,-60,false,b,true
160.34,-40,true,l,true
160,-40,false,l,true
165.53,-40,true,g,true
154.273,-60,false,g,true
148.171,-60,false,b,true
159.858,-40,true,l,true
160,-40,false,l,true
158.038,-40,true,g,true
146.206,-60,false,g,true
136.458,-60,false,b,true
160.531,-60,false,b,true
171.377,-40,true,l,true
160,-40,false,l,true
157.29,-40,true,g,true
145.397,-60,false,g,true
139.238,-60,false,b,true
151.615,-40,true,l,true
160,-40,false,l,true
179.488,-40,true,g,true
169.162,-60,false,g,true
141.099,-60,false,b,true
153.326,-40,true,l,true
160,-40,false,l,true
184.752,-40,true,g,true
174.737,-60,false,g,true
143.171,-60,false,b,true
155.235,-40,true,l,true
160,-40,false,l,true
187.031,-40,true,g,true
177.145,-60,false,g,true
173.946,-60,false,b,true
187.241,-60,false,b,true
137.775,-60,false,b,true
168.772,-60,false,b,true
179.12,-40,true,l,true
160,-40,false,l,true
164.286,-40,true,g,true
152.937,-60,false,g,true
144.97,-60,false,b,true
156.896,-40,true,l,true
160,-40,false,l,true
176.595,-40,true,g,true
166.09,-60,false,g,true
159.966,-60,false,b,true
170.848,-40,true,l,true
160,-40,false,l,true
182.465,-40,true,g,true
172.318,-60,false,g,true
140.804,-60,false,b,true
153.055,-40,true,l,true
160,-40,false,l,true
164.958,-40,true,g,true
153.659,-60,false,g,true
150.576,-60,false,b,true
162.09,-40,true,l,true
160,-40,false,l,true
189.085,-40,true,g,true
179.313,-60,false,g,true
155.58,-60,false,b,true
166.748,-40,true,l,true
160,-40,false,l,true
189.152,-40,true,g,true
179.383,-60,false,g,true
176.858,-60,false,b,true
151.545,-60,false,b,true
174.896,-60,false,b,true
184.902,-40,true,l,true
160,-40,false,l,true
202.178,-40,true,g,true
193.07,-60,false,g,true
189.674,-60,false,b,true
148.303,-60,false,b,true
183.505,-60,false,b,true
148.851,-60,false,b,true
160.489,-40,true,l,true
160,-40,false,l,true
195.442,-40,true,g,true
186.004,-60,false,g,true
136.271,-60,false,b,true
142.587,-60,false,b,true
176.645,-60,false,b,true
141.767,-60,false,b,true
153.941,-40,true,l,true
160,-40,false,l,true
183.985,-40,true,g,true
173.927,-60,false,g,true
138.477,-60,false,b,true
150.917,-40,true,l,true
160,-40,false,l,true
161.007,-40,true,g,true
149.409,-60,false,g,true
153.453,-60,false,b,true
164.766,-40,true,l,true
160,-40,false,l,true
201.694,-40,true,g,true
192.563,-60,false,g,true
157.122,-60,false,b,true
169.59,-60,false,b,true
179.891,-40,true,l,true
160,-40,false,l,true
174.97,-40,true,g,true
164.361,-60,false,g,true
156.998,-60,false,b,true
168.072,-40,true,l,true
160,-40,false,l,true
206.125,-40,true,g,true
197.199,-60,false,g,true
195.774,-60,false,b,true
164.804,-60,false,b,true
194.191,-60,false,b,true
199.186,-60,false,b,true
208.026,-40,true,l,true
160,-40,false,l,true
197.531,-40,true,g,true
188.198,-60,false,g,true
148.493,-60,false,b,true
160.157,-40,true,l,true
160,-40,false,l,true
167.502,-40,true,g,true
156.387,-60,false,g,true
147.734,-60,false,b,true
194.549,-60,false,b,true
203.591,-40,true,l,true
160,-40,false,l,true
162.499,-40,true,g,true
151.017,-60,false,g,true
144.329,-60,false,b,true
156.303,-40,true,l,true
160,-40,false,l,true
163.637,-40,true,g,true
152.24,-60,false,g,true
143.994,-60,false,b,true
155.994,-40,true,l,true
160,-40,false,l,true
186.234,-40,true,g,true
176.304,-60,false,g,true
173.141,-60,false,b,true
186.558,-60,false,b,true
174.063,-60,false,b,true
172.028,-60,false,b,true
182.191,-40,true,l,true
160,-40,false,l,true
165.106,-40,true,g,true
153.818,-60,false,g,true
147.01,-60,false,b,true
158.783,-40,true,l,true
160,-40,false,l,true
189.955,-40,true,g,true
180.23,-60,false,g,true
177.263,-60,false,b,true
136.055,-60,false,b,true
148.698,-40,true,l,true
160,-40,false,l,true
174.478,-40,true,g,true
163.837,-60,false,g,true
159.648,-60,false,b,true
172.027,-60,false,b,true
182.191,-40,true,l,true
160,-40,false,l,true
197.876,-40,true,g,true
188.56,-60,false,g,true
136.178,-60,false,b,true
148.81,-40,true,l,true
160,-40,false,l,true
168.205,-40,true,g,true
157.14,-60,false,g,true
147.088,-60,false,b,true
158.855,-40,true,l,true
160,-40,false,l,true
167.768,-40,true,g,true
156.671,-60,false,g,true
150.73,-60,false,b,true
162.233,-40,true,l,true
160,-40,false,l,true
191.983,-40,true,g,true
182.366,-60,false,g,true
146.583,-60,false,b,true
158.387,-40,true,l,true
160,-40,false,l,true
198.096,-40,true,g,true
188.791,-60,false,g,true
149.389,-60,false,b,true
160.988,-40,true,l,true
160,-40,false,l,true
168.931,-40,true,g,true
157.917,-60,false,g,true
150.16,-60,false,b,true
161.703,-40,true,l,true
160,-40,false,l,true
194.704,-40,true,g,true
185.229,-60,false,g,true
184.51,-60,false,b,true
155.729,-60,false,b,true
189.998,-60,false,b,true
141.225,-60,false,b,true
153.442,-40,true,l,true
160,-40,false,l,true
189.343,-40,true,g,true
179.585,-60,false,g,true
144.196,-60,false,b,true
156.181,-40,true,l,true
160,-40,false,l,true
198.489,-40,true,g,true
189.203,-60,false,g,true
188.512,-60,false,b,true
159.203,-60,false,b,true
197.133,-60,false,b,true
169.231,-60,false,b,true
179.552,-40,true,l,true
160,-40,false,l,true
165.891,-40,true,g,true
154.66,-60,false,g,true
148.271,-60,false,b,true
159.95,-40,true,l,true
160,-40,false,l,true
171.637,-40,true,g,true
160.808,-60,false,g,true
162.492,-60,false,b,true
139.768,-60,false,b,true
152.102,-40,true,l,true
160,-40,false,l,true
160.925,-40,true,g,true
149.321,-60,false,g,true
139.562,-60,false,b,true
151.913,-40,true,l,true
160,-40,false,l,true
188.645,-40,true,g,true
178.849,-60,false,g,true
143.215,-60,false,b,true
155.276,-40,true,l,true
160,-40,false,l,true
197.78,-40,true,g,true
188.46,-60,false,g,true
187.275,-60,false,b,true
157.647,-60,false,b,true
184.922,-60,false,b,true
152.285,-60,false,b,true
163.679,-40,true,l,true
160,-40,false,l,true
163.277,-40,true,g,true
151.853,-60,false,g,true
142.727,-60,false,b,true
157.644,-60,false,b,true
168.676,-40,true,l,true
160,-40,false,l,true
177.586,-40,true,g,true
167.143,-60,false,g,true
163.605,-60,false,b,true
136.847,-60,false,b,true
149.423,-40,true,l,true
160,-40,false,l,true
173.339,-40,true,g,true
162.624,-60,false,g,true
156.253,-60,false,b,true
167.377,-40,true,l,true
160,-40,false,l,true
185.927,-40,true,g,true
175.98,-60,false,g,true
172.878,-60,false,b,true
182.994,-40,true,l,true
160,-40,false,l,true
163.279,-40,true,g,true
151.855,-60,false,g,true
144.429,-60,false,b,true
156.396,-40,true,l,true
160,-40,false,l,true
197.595,-40,true,g,true
188.266,-60,false,g,true
148.866,-60,false,b,true
160.502,-40,true,l,true
160,-40,false,l,true
200.719,-40,true,g,true
191.542,-60,false,g,true
187.092,-60,false,b,true
145.868,-60,false,b,true
181.544,-60,false,b,true
184.672,-60,false,b,true
194.175,-40,true,l,true
160,-40,false,l,true
185.942,-40,true,g,true
175.995,-60,false,g,true
141.612,-60,false,b,true
153.798,-40,true,l,true
160,-40,false,l,true
200.721,-40,true,g,true
191.544,-60,false,g,true
159.601,-60,false,b,true
170.507,-40,true,l,true
160,-40,false,l,true
184.43,-40,true,g,true
174.397,-60,false,g,true
171.843,-60,false,b,true
182.017,-40,true,l,true
160,-40,false,l,true
161.887,-40,true,g,true
150.358,-60,false,g,true
142.888,-60,false,b,true
154.974,-40,true,l,true
160,-40,false,l,true
163.166,-40,true,g,true
151.734,-60,false,g,true
141.719,-60,false,b,true
153.897,-40,true,l,true
160,-40,false,l,true
163.169,-40,true,g,true
151.737,-60,false,g,true
143.608,-60,false,b,true
141.502,-60,false,b,true
153.697,-40,true,l,true
160,-40,false,l,true
194.997,-40,true,g,true
185.537,-60,false,g,true
184.53,-60,false,b,true
155.46,-60,false,b,true
173.141,-60,false,b,true
176.18,-60,false,b,true
186.117,-40,true,l,true
160,-40,false,l,true
184.248,-40,true,g,true
174.205,-60,false,g,true
138.473,-60,false,b,true
150.913,-40,true,l,true
160,-40,false,l,true
172.546,-40,true,g,true
161.778,-60,false,g,true
163.097,-60,false,b,true
139.886,-60,false,b,true
152.211,-40,true,l,true
160,-40,false,l,true
180.989,-40,true,g,true
170.755,-60,false,g,true
158.418,-60,false,b,true
169.4,-40,true,l,true
160,-40,false,l,true
200.138,-40,true,g,true
190.932,-60,false,g,true
138.932,-60,false,b,true
151.334,-40,true,l,true
160,-40,false,l,true
170.924,-40,true,g,true
160.047,-60,false,g,true
149.782,-60,false,b,true
189.773,-60,false,b,true
170.33,-60,false,b,true
180.588,-40,true,l,true
160,-40,false,l,true
164.81,-40,true,g,true
153.5,-60,false,g,true
145.994,-60,false,b,true
157.842,-40,true,l,true
160,-40,false,l,true
198.799,-40,true,g,true
189.529,-60,false,g,true
157.659,-60,false,b,true
168.69,-40,true,l,true
160,-40,false,l,true
156.588,-40,true,g,true
144.637,-60,false,g,true
137.312,-60,false,b,true
149.848,-40,true,l,true
160,-40,false,l,true
206.41,-40,true,g,true
197.497,-60,false,g,true
143.77,-60,false,b,true
155.788,-40,true,l,true
160,-40,false,l,true
164.79,-40,true,g,true
153.479,-60,false,g,true
146.591,-60,false,b,true
158.395,-40,true,l,true
160,-40,false,l,true
164.324,-40,true,g,true
152.978,-60,false,g,true
144.652,-60,false,b,true
156.602,-40,true,l,true
160,-40,false,l,true
186.797,-40,true,g,true
176.899,-60,false,g,true
173.827,-60,false,b,true
187.295,-60,false,b,true
137.908,-60,false,b,true
169.031,-60,false,b,true
179.364,-40,true,l,true
160,-40,false,l,true
162.436,-40,true,g,true
150.948,-60,false,g,true
141.364,-60,false,b,true
153.57,-40,true,l,true
160,-40,false,l,true
200.207,-40,true,g,true
191.004,-60,false,g,true
158.777,-60,false,b,true
169.736,-40,true,l,true
160,-40,false,l,true
158.247,-40,true,g,true
146.431,-60,false,g,true
139.672,-60,false,b,true
152.014,-40,true,l,true
160,-40,false,l,true
206.833,-40,true,g,true
197.94,-60,false,g,true
196.375,-60,false,b,true
165.194,-60,false,b,true
194.418,-60,false,b,true
187.106,-60,false,b,true
196.491,-40,true,l,true
160,-40,false,l,true
202.053,-40,true,g,true
192.939,-60,false,g,true
189.378,-60,false,b,true
147.733,-60,false,b,true
182.708,-60,false,b,true
147.97,-60,false,b,true
159.672,-40,true,l,true
160,-40,false,l,true
188.964,-40,true,g,true
179.186,-60,false,g,true
136.543,-60,false,b,true
149.144,-40,true,l,true
160,-40,false,l,true
188.1,-40,true,g,true
178.274,-60,false,g,true
174.861,-60,false,b,true
136.606,-60,false,b,true
176.583,-60,false,b,true
179.9,-60,false,b,true
