x,z,relay,string,error,index
160,-60,false,f,true
197.667,-60,false,b,true
206.572,-40,true,l,true
160,-40,false,l,true
174.913,-40,true,g,true
164.3,-60,false,g,true
178.992,-60,false,b,true
188.781,-40,true,l,true
160,-40,false,l,true
194.485,-40,true,g,true
184.998,-60,false,g,true
197.383,-60,false,b,true
206.301,-40,true,l,true
160,-40,false,l,true
193.355,-40,true,g,true
183.81,-60,false,g,true
196.135,-60,false,b,true
205.107,-40,true,l,true
160,-40,false,l,true
165.367,-40,true,g,true
154.098,-60,false,g,true
197.553,-60,false,b,true
206.463,-40,true,l,true
160,-40,false,l,true
167.642,-40,true,g,true
156.537,-60,false,g,true
195.243,-60,false,b,true
204.254,-40,true,l,true
160,-40,false,l,true
163.565,-40,true,g,true
152.163,-60,false,g,true
197.555,-60,false,b,true
206.466,-40,true,l,true
160,-40,false,l,true
195.597,-40,true,g,true
186.167,-60,false,g,true
183.444,-60,false,b,true
193.007,-40,true,l,true
160,-40,false,l,true
205.812,-40,true,g,true
196.872,-60,false,g,true
198.086,-60,false,b,true
206.974,-40,true,l,true
160,-40,false,l,true
167.87,-40,true,g,true
156.781,-60,false,g,true
182.711,-60,false,b,true
192.311,-40,true,l,true
160,-40,false,l,true
200.175,-40,true,g,true
190.972,-60,false,g,true
188.499,-60,false,b,true
197.818,-40,true,l,true
160,-40,false,l,true
173.567,-40,true,g,true
162.866,-60,false,g,true
195.46,-60,false,b,true
204.462,-40,true,l,true
160,-40,false,l,true
168.906,-40,true,g,true
157.89,-60,false,g,true
180.121,-60,false,b,true
199.803,-60,false,b,true
208.617,-40,true,l,true
160,-40,false,l,true
177.581,-40,true,g,true
167.138,-60,false,g,true
196.088,-60,false,b,true
205.062,-40,true,l,true
160,-40,false,l,true
205.751,-40,true,g,true
196.808,-60,false,g,true
196.545,-60,false,b,true
205.499,-40,true,l,true
160,-40,false,l,true
178.287,-40,true,g,true
167.887,-60,false,g,true
164.716,-60,false,b,true
169.622,-60,false,b,true
179.921,-40,true,l,true
160,-40,false,l,true
168.689,-40,true,g,true
157.658,-60,false,g,true
166.201,-60,false,b,true
170.976,-60,false,b,true
181.198,-40,true,l,true
160,-40,false,l,true
161.346,-40,true,g,true
149.775,-60,false,g,true
190.331,-60,false,b,true
199.565,-40,true,l,true
160,-40,false,l,true
198.854,-40,true,g,true
189.586,-60,false,g,true
186.922,-60,false,b,true
196.315,-40,true,l,true
160,-40,false,l,true
201.498,-40,true,g,true
192.358,-60,false,g,true
190.293,-60,false,b,true
199.528,-40,true,l,true
160,-40,false,l,true
162.26,-40,true,g,true
150.76,-60,false,g,true
170.214,-60,false,b,true
180.48,-40,true,l,true
160,-40,false,l,true
165.296,-40,true,g,true
154.022,-60,false,g,true
185.757,-60,false,b,true
195.207,-40,true,l,true
160,-40,false,l,true
171.339,-40,true,g,true
160.49,-60,false,g,true
173.843,-60,false,b,true
183.906,-40,true,l,true
160,-40,false,l,true
202.519,-40,true,g,true
193.426,-60,false,g,true
190.448,-60,false,b,true
199.676,-40,true,l,true
160,-40,false,l,true
158.048,-40,true,g,true
146.216,-60,false,g,true
199.445,-60,false,b,true
208.275,-40,true,l,true
160,-40,false,l,true
151.644,-40,true,g,true
139.269,-60,false,g,true
186.76,-60,false,b,true
196.161,-40,true,l,true
160,-40,false,l,true
196.562,-40,true,g,true
187.181,-60,false,g,true
185.18,-60,false,b,true
194.657,-40,true,l,true
160,-40,false,l,true
159.339,-40,true,g,true
147.611,-60,false,g,true
195.675,-60,false,b,true
204.667,-40,true,l,true
160,-40,false,l,true
186.054,-40,true,g,true
176.114,-60,false,g,true
197.517,-60,false,b,true
206.429,-40,true,l,true
160,-40,false,l,true
173.126,-40,true,g,true
162.397,-60,false,g,true
197.917,-60,false,b,true
206.812,-40,true,l,true
160,-40,false,l,true
196.972,-40,true,g,true
187.611,-60,false,g,true
153.273,-60,false,b,true
164.599,-40,true,l,true
160,-40,false,l,true
196.814,-40,true,g,true
187.446,-60,false,g,true
184.436,-60,false,b,true
190.788,-60,false,b,true
200,-40,true,l,true
160,-40,false,l,true
167.895,-40,true,g,true
156.807,-60,false,g,true
179.224,-60,false,b,true
189,-40,true,l,true
160,-40,false,l,true
204.251,-40,true,g,true
195.239,-60,false,g,true
191.91,-60,false,b,true
196.908,-60,false,b,true
205.846,-40,true,l,true
160,-40,false,l,true
167.335,-40,true,g,true
156.208,-60,false,g,true
198.835,-60,false,b,true
207.691,-40,true,l,true
160,-40,false,l,true
160.699,-40,true,g,true
149.078,-60,false,g,true
192.568,-60,false,b,true
201.699,-40,true,l,true
160,-40,false,l,true
171.649,-40,true,g,true
160.821,-60,false,g,true
193.163,-60,false,b,true
202.267,-40,true,l,true
160,-40,false,l,true
156.196,-40,true,g,true
144.213,-60,false,g,true
190.252,-60,false,b,true
199.489,-40,true,l,true
160,-40,false,l,true
159.181,-40,true,g,true
147.44,-60,false,g,true
195.712,-60,false,b,true
204.703,-40,true,l,true
160,-40,false,l,true
197.539,-40,true,g,true
188.206,-60,false,g,true
186.14,-60,false,b,true
195.571,-40,true,l,true
160,-40,false,l,true
160.239,-40,true,g,true
148.582,-60,false,g,true
183.366,-60,false,b,true
192.933,-40,true,l,true
160,-40,false,l,true
180.375,-40,true,g,true
170.103,-60,false,g,true
189.731,-60,false,b,true
198.992,-40,true,l,true
160,-40,false,l,true
179.406,-40,true,g,true
169.075,-60,false,g,true
166.377,-60,false,b,true
199.298,-60,false,b,true
208.134,-40,true,l,true
160,-40,false,l,true
196.972,-40,true,g,true
187.611,-60,false,g,true
185.3,-60,false,b,true
194.772,-40,true,l,true
160,-40,false,l,true
171.238,-40,true,g,true
160.383,-60,false,g,true
199.822,-60,false,b,true
208.635,-40,true,l,true
160,-40,false,l,true
167.745,-40,true,g,true
156.647,-60,false,g,true
196.419,-60,false,b,true
205.378,-40,true,l,true
160,-40,false,l,true
164.876,-40,true,g,true
153.571,-60,false,g,true
197.894,-60,false,b,true
206.79,-40,true,l,true
160,-40,false,l,true
153.42,-40,true,g,true
141.201,-60,false,g,true
195.459,-60,false,b,true
204.461,-40,true,l,true
160,-40,false,l,true
177.137,-40,true,g,true
166.666,-60,false,g,true
198.146,-60,false,b,true
207.031,-40,true,l,true
160,-40,false,l,true
151.85,-40,true,g,true
139.494,-60,false,g,true
198.611,-60,false,b,true
207.476,-40,true,l,true
160,-40,false,l,true
150.303,-40,true,g,true
137.808,-60,false,g,true
185.374,-60,false,b,true
194.843,-40,true,l,true
160,-40,false,l,true
168.444,-40,true,g,true
157.396,-60,false,g,true
198.283,-60,false,b,true
207.163,-40,true,l,true
160,-40,false,l,true
153.193,-40,true,g,true
140.955,-60,false,g,true
198.328,-60,false,b,true
207.205,-40,true,l,true
160,-40,false,l,true
152.402,-40,true,g,true
140.094,-60,false,g,true
187.496,-60,false,b,true
196.863,-40,true,l,true
160,-40,false,l,true
155.889,-40,true,g,true
143.879,-60,false,g,true
190.914,-60,false,b,true
200.12,-40,true,l,true
160,-40,false,l,true
176.777,-40,true,g,true
166.283,-60,false,g,true
197.921,-60,false,b,true
206.816,-40,true,l,true
160,-40,false,l,true
152.33,-40,true,g,true
140.016,-60,false,g,true
199.094,-60,false,b,true
207.938,-40,true,l,true
160,-40,false,l,true
159.406,-40,true,g,true
147.683,-60,false,g,true
198.818,-60,false,b,true
207.674,-40,true,l,true
160,-40,false,l,true
177.964,-40,true,g,true
167.544,-60,false,g,true
196.368,-60,false,b,true
205.33,-40,true,l,true
160,-40,false,l,true
206.365,-40,true,g,true
197.45,-60,false,g,true
197.095,-60,false,b,true
206.025,-40,true,l,true
160,-40,false,l,true
178.893,-40,true,g,true
168.531,-60,false,g,true
165.333,-60,false,b,true
170.145,-60,false,b,true
180.414,-40,true,l,true
160,-40,false,l,true
151.075,-40,true,g,true
138.649,-60,false,g,true
147.54,-60,false,b,true
198.977,-60,false,b,true
207.827,-40,true,l,true
160,-40,false,l,true
175.125,-40,true,g,true
164.526,-60,false,g,true
196.42,-60,false,b,true
205.38,-40,true,l,true
160,-40,false,l,true
196.9,-40,true,g,true
187.536,-60,false,g,true
184.9,-60,false,b,true
194.392,-40,true,l,true
160,-40,false,l,true
171.193,-40,true,g,true
160.335,-60,false,g,true
199.465,-60,false,b,true
208.294,-40,true,l,true
160,-40,false,l,true
155.862,-40,true,g,true
143.85,-60,false,g,true
192.987,-60,false,b,true
202.099,-40,true,l,true
160,-40,false,l,true
170.541,-40,true,g,true
159.637,-60,false,g,true
185.097,-60,false,b,true
194.579,-40,true,l,true
160,-40,false,l,true
171.071,-40,true,g,true
160.204,-60,false,g,true
199.411,-60,false,b,true
208.242,-40,true,l,true
160,-40,false,l,true
156.069,-40,true,g,true
144.075,-60,false,g,true
193.199,-60,false,b,true
202.301,-40,true,l,true
160,-40,false,l,true
170.621,-40,true,g,true
159.723,-60,false,g,true
185.246,-60,false,b,true
194.721,-40,true,l,true
160,-40,false,l,true
170.949,-40,true,g,true
160.073,-60,false,g,true
199.358,-60,false,b,true
208.191,-40,true,l,true
160,-40,false,l,true
167.453,-40,true,g,true
156.335,-60,false,g,true
199.711,-60,false,b,true
208.529,-40,true,l,true
160,-40,false,l,true
164.444,-40,true,g,true
153.108,-60,false,g,true
198.447,-60,false,b,true
207.319,-40,true,l,true
160,-40,false,l,true
153.354,-40,true,g,true
141.129,-60,false,g,true
198.544,-60,false,b,true
207.412,-40,true,l,true
160,-40,false,l,true
167.463,-40,true,g,true
156.345,-60,false,g,true
196.761,-60,false,b,true
205.706,-40,true,l,true
160,-40,false,l,true
196.767,-40,true,g,true
187.396,-60,false,g,true
185.057,-60,false,b,true
194.54,-40,true,l,true
160,-40,false,l,true
171.04,-40,true,g,true
160.171,-60,false,g,true
199.581,-60,false,b,true
208.405,-40,true,l,true
160,-40,false,l,true
167.547,-40,true,g,true
156.435,-60,false,g,true
199.946,-60,false,b,true
208.754,-40,true,l,true
160,-40,false,l,true
164.749,-40,true,g,true
153.435,-60,false,g,true
198.821,-60,false,b,true
207.677,-40,true,l,true
160,-40,false,l,true
150.231,-40,true,g,true
137.73,-60,false,g,true
185.163,-60,false,b,true
194.641,-40,true,l,true
160,-40,false,l,true
168.183,-40,true,g,true
157.116,-60,false,g,true
197.969,-60,false,b,true
206.862,-40,true,l,true
160,-40,false,l,true
192.382,-40,true,g,true
182.787,-60,false,g,true
180.623,-60,false,b,true
190.327,-40,true,l,true
160,-40,false,l,true
166.137,-40,true,g,true
154.924,-60,false,g,true
199.153,-60,false,b,true
207.995,-40,true,l,true
160,-40,false,l,true
154.661,-40,true,g,true
142.549,-60,false,g,true
191.749,-60,false,b,true
200.917,-40,true,l,true
160,-40,false,l,true
172.302,-40,true,g,true
161.517,-60,false,g,true
197.32,-60,false,b,true
206.241,-40,true,l,true
160,-40,false,l,true
193.429,-40,true,g,true
183.888,-60,false,g,true
181.318,-60,false,b,true
190.988,-40,true,l,true
160,-40,false,l,true
147.747,-40,true,g,true
135.015,-60,false,g,true
153.244,-60,false,b,true
165.13,-60,false,b,true
153.301,-60,false,b,true
199.816,-60,false,b,true
208.63,-40,true,l,true
160,-40,false,l,true
199.979,-40,true,g,true
190.766,-60,false,g,true
199.955,-60,false,b,true
208.763,-40,true,l,true
160,-40,false,l,true
165.308,-40,true,g,true
154.035,-60,false,g,true
185.602,-60,false,b,true
195.059,-40,true,l,true
160,-40,false,l,true
183.206,-40,true,g,true
173.102,-60,false,g,true
197.563,-60,false,b,true
206.473,-40,true,l,true
160,-40,false,l,true
192.192,-40,true,g,true
182.587,-60,false,g,true
199.135,-60,false,b,true
207.978,-40,true,l,true
160,-40,false,l,true
192.685,-40,true,g,true
183.106,-60,false,g,true
179.751,-60,false,b,true
189.5,-40,true,l,true
160,-40,false,l,true
198.921,-40,true,g,true
189.656,-60,false,g,true
197.977,-60,false,b,true
206.869,-40,true,l,true
160,-40,false,l,true
156.94,-40,true,g,true
145.018,-60,false,g,true
179.431,-60,false,b,true
189.197,-40,true,l,true
160,-40,false,l,true
167.618,-40,true,g,true
156.511,-60,false,g,true
196.928,-60,false,b,true
205.866,-40,true,l,true
160,-40,false,l,true
196.902,-40,true,g,true
187.537,-60,false,g,true
185.216,-60,false,b,true
194.692,-40,true,l,true
160,-40,false,l,true
171.171,-40,true,g,true
160.311,-60,false,g,true
199.739,-60,false,b,true
208.556,-40,true,l,true
160,-40,false,l,true
167.677,-40,true,g,true
156.575,-60,false,g,true
196.336,-60,false,b,true
205.299,-40,true,l,true
160,-40,false,l,true
164.808,-40,true,g,true
153.498,-60,false,g,true
197.819,-60,false,b,true
206.718,-40,true,l,true
160,-40,false,l,true
153.353,-40,true,g,true
141.128,-60,false,g,true
195.384,-60,false,b,true
