x,z,relay,string,error,index
160,-60,false,f,true
160,-40,false,l,true
160.412,-40,true,g,true
148.768,-60,false,g,true
142.066,-60,false,b,true
154.217,-40,true,l,true
160,-40,false,l,true
166.758,-40,true,g,true
155.59,-60,false,g,true
147.53,-60,false,b,true
159.264,-40,true,l,true
160,-40,false,l,true
168.405,-40,true,g,true
157.354,-60,false,g,true
148.94,-60,false,b,true
140.072,-60,false,b,true
152.382,-40,true,l,true
160,-40,false,l,true
194.722,-40,true,g,true
185.247,-60,false,g,true
150.287,-60,false,b,true
161.822,-40,true,l,true
160,-40,false,l,true
191.794,-40,true,g,true
182.167,-60,false,g,true
150.966,-60,false,b,true
162.452,-40,true,l,true
160,-40,false,l,true
197.462,-40,true,g,true
188.126,-60,false,g,true
149.452,-60,false,b,true
161.046,-40,true,l,true
160,-40,false,l,true
195.315,-40,true,g,true
185.871,-60,false,g,true
141.671,-60,false,b,true
153.852,-40,true,l,true
160,-40,false,l,true
204.355,-40,true,g,true
195.348,-60,false,g,true
168.197,-60,false,b,true
178.579,-40,true,l,true
160,-40,false,l,true
165.832,-40,true,g,true
154.597,-60,false,g,true
150.293,-60,false,b,true
161.827,-40,true,l,true
160,-40,false,l,true
199.766,-40,true,g,true
190.543,-60,false,g,true
162.608,-60,false,b,true
137.936,-60,false,b,true
150.421,-40,true,l,true
160,-40,false,l,true
204.063,-40,true,g,true
195.043,-60,false,g,true
145.908,-60,false,b,true
157.763,-40,true,l,true
160,-40,false,l,true
180.166,-40,true,g,true
169.882,-60,false,g,true
160.035,-60,false,b,true
142.547,-60,false,b,true
154.66,-40,true,l,true
160,-40,false,l,true
163.849,-40,true,g,true
152.469,-60,false,g,true
145.13,-60,false,b,true
157.044,-40,true,l,true
160,-40,false,l,true
159.671,-40,true,g,true
147.969,-60,false,g,true
144.034,-60,false,b,true
156.031,-40,true,l,true
160,-40,false,l,true
166.173,-40,true,g,true
154.963,-60,false,g,true
137.094,-60,false,b,true
149.649,-40,true,l,true
160,-40,false,l,true
172.297,-40,true,g,true
161.512,-60,false,g,true
154.172,-60,false,b,true
165.436,-40,true,l,true
160,-40,false,l,true
200.759,-40,true,g,true
191.583,-60,false,g,true
172.056,-60,false,b,true
137.154,-60,false,b,true
149.704,-40,true,l,true
160,-40,false,l,true
162.982,-40,true,g,true
151.536,-60,false,g,true
145.134,-60,false,b,true
157.048,-40,true,l,true
160,-40,false,l,true
182.697,-40,true,g,true
172.564,-60,false,g,true
164.166,-60,false,b,true
174.787,-40,true,l,true
160,-40,false,l,true
200.469,-40,true,g,true
191.279,-60,false,g,true
175.552,-60,false,b,true
138.125,-60,false,b,true
150.594,-40,true,l,true
160,-40,false,l,true
162.163,-40,true,g,true
150.655,-60,false,g,true
146.927,-60,false,b,true
158.706,-40,true,l,true
160,-40,false,l,true
193.966,-40,true,g,true
184.453,-60,false,g,true
135.315,-60,false,b,true
148.02,-40,true,l,true
160,-40,false,l,true
201.279,-40,true,g,true
192.129,-60,false,g,true
152.972,-60,false,b,true
164.318,-40,true,l,true
160,-40,false,l,true
199.086,-40,true,g,true
189.83,-60,false,g,true
161.413,-60,false,b,true
172.204,-40,true,l,true
160,-40,false,l,true
173.169,-40,true,g,true
162.442,-60,false,g,true
152.559,-60,false,b,true
163.934,-40,true,l,true
160,-40,false,l,true
165.774,-40,true,g,true
154.535,-60,false,g,true
147.575,-60,false,b,true
159.306,-40,true,l,true
160,-40,false,l,true
168.327,-40,true,g,true
157.271,-60,false,g,true
150.934,-60,false,b,true
138.988,-60,false,b,true
151.386,-40,true,l,true
160,-40,false,l,true
175,-40,true,g,true
164.393,-60,false,g,true
144.044,-60,false,b,true
143.299,-60,false,b,true
155.353,-40,true,l,true
160,-40,false,l,true
193.953,-40,true,g,true
184.439,-60,false,g,true
148.768,-60,false,b,true
160.412,-40,true,l,true
160,-40,false,l,true
171.179,-40,true,g,true
160.319,-60,false,g,true
151.769,-60,false,b,true
163.198,-40,true,l,true
160,-40,false,l,true
159.172,-40,true,g,true
147.43,-60,false,g,true
140.916,-60,false,b,true
153.158,-40,true,l,true
160,-40,false,l,true
172.143,-40,true,g,true
161.348,-60,false,g,true
155.442,-60,false,b,true
166.62,-40,true,l,true
160,-40,false,l,true
205.771,-40,true,g,true
196.829,-60,false,g,true
172.6,-60,false,b,true
137.376,-60,false,b,true
149.908,-40,true,l,true
160,-40,false,l,true
199.415,-40,true,g,true
190.174,-60,false,g,true
150.727,-60,false,b,true
162.23,-40,true,l,true
160,-40,false,l,true
192.503,-40,true,g,true
182.914,-60,false,g,true
138.611,-60,false,b,true
151.04,-40,true,l,true
160,-40,false,l,true
169.643,-40,true,g,true
158.678,-60,false,g,true
155.434,-60,false,b,true
166.613,-40,true,l,true
160,-40,false,l,true
163.75,-40,true,g,true
152.361,-60,false,g,true
149.347,-60,false,b,true
160.949,-40,true,l,true
160,-40,false,l,true
170.566,-40,true,g,true
159.664,-60,false,g,true
153.672,-60,false,b,true
164.97,-40,true,l,true
160,-40,false,l,true
195.027,-40,true,g,true
185.568,-60,false,g,true
136.404,-60,false,b,true
149.017,-40,true,l,true
160,-40,false,l,true
171.469,-40,true,g,true
160.629,-60,false,g,true
150.498,-60,false,b,true
162.018,-40,true,l,true
160,-40,false,l,true
168.803,-40,true,g,true
157.78,-60,false,g,true
146.896,-60,false,b,true
158.677,-40,true,l,true
160,-40,false,l,true
180.026,-40,true,g,true
169.733,-60,false,g,true
161.904,-60,false,b,true
172.664,-40,true,l,true
160,-40,false,l,true
174.004,-40,true,g,true
163.332,-60,false,g,true
157.363,-60,false,b,true
168.413,-40,true,l,true
160,-40,false,l,true
204.732,-40,true,g,true
195.743,-60,false,g,true
157.741,-60,false,b,true
168.766,-40,true,l,true
160,-40,false,l,true
173.41,-40,true,g,true
162.699,-60,false,g,true
156.343,-60,false,b,true
167.461,-40,true,l,true
160,-40,false,l,true
161.282,-40,true,g,true
149.706,-60,false,g,true
145.575,-60,false,b,true
157.455,-40,true,l,true
160,-40,false,l,true
168.081,-40,true,g,true
157.008,-60,false,g,true
150.214,-60,false,b,true
161.754,-40,true,l,true
160,-40,false,l,true
162.221,-40,true,g,true
150.718,-60,false,g,true
144.662,-60,false,b,true
156.611,-40,true,l,true
160,-40,false,l,true
162.769,-40,true,g,true
151.307,-60,false,g,true
147.748,-60,false,b,true
159.466,-40,true,l,true
160,-40,false,l,true
177.716,-40,true,g,true
167.282,-60,false,g,true
156.686,-60,false,b,true
167.781,-40,true,l,true
160,-40,false,l,true
204.042,-40,true,g,true
195.021,-60,false,g,true
156.966,-60,false,b,true
168.043,-40,true,l,true
160,-40,false,l,true
172.674,-40,true,g,true
161.915,-60,false,g,true
155.675,-60,false,b,true
166.838,-40,true,l,true
160,-40,false,l,true
160.277,-40,true,g,true
148.623,-60,false,g,true
139.577,-60,false,b,true
151.927,-40,true,l,true
160,-40,false,l,true
204.217,-40,true,g,true
195.204,-60,false,g,true
146.034,-60,false,b,true
157.879,-40,true,l,true
160,-40,false,l,true
180.631,-40,true,g,true
170.375,-60,false,g,true
160.635,-60,false,b,true
143.174,-60,false,b,true
155.238,-40,true,l,true
160,-40,false,l,true
164.322,-40,true,g,true
152.976,-60,false,g,true
145.746,-60,false,b,true
157.614,-40,true,l,true
160,-40,false,l,true
167.79,-40,true,g,true
156.696,-60,false,g,true
152.309,-60,false,b,true
163.701,-40,true,l,true
160,-40,false,l,true
203.01,-40,true,g,true
193.941,-60,false,g,true
155.588,-60,false,b,true
166.757,-40,true,l,true
160,-40,false,l,true
196.198,-40,true,g,true
186.798,-60,false,g,true
137.638,-60,false,b,true
150.148,-40,true,l,true
160,-40,false,l,true
172.377,-40,true,g,true
161.597,-60,false,g,true
151.112,-60,false,b,true
162.588,-40,true,l,true
160,-40,false,l,true
170.241,-40,true,g,true
159.317,-60,false,g,true
153.58,-60,false,b,true
164.885,-40,true,l,true
160,-40,false,l,true
191.224,-40,true,g,true
181.567,-60,false,g,true
137.35,-60,false,b,true
149.883,-40,true,l,true
160,-40,false,l,true
172.085,-40,true,g,true
161.287,-60,false,g,true
150.847,-60,false,b,true
162.342,-40,true,l,true
160,-40,false,l,true
169.957,-40,true,g,true
159.014,-60,false,g,true
153.321,-60,false,b,true
164.643,-40,true,l,true
160,-40,false,l,true
190.944,-40,true,g,true
181.272,-60,false,g,true
137.062,-60,false,b,true
149.619,-40,true,l,true
160,-40,false,l,true
171.794,-40,true,g,true
160.976,-60,false,g,true
150.583,-60,false,b,true
162.097,-40,true,l,true
160,-40,false,l,true
169.137,-40,true,g,true
158.137,-60,false,g,true
147.128,-60,false,b,true
158.892,-40,true,l,true
160,-40,false,l,true
169.132,-40,true,g,true
158.132,-60,false,g,true
149.891,-60,false,b,true
161.454,-40,true,l,true
160,-40,false,l,true
161.852,-40,true,g,true
150.32,-60,false,g,true
144.374,-60,false,b,true
156.345,-40,true,l,true
160,-40,false,l,true
198.071,-40,true,g,true
188.765,-60,false,g,true
154.488,-60,false,b,true
165.73,-40,true,l,true
160,-40,false,l,true
195.153,-40,true,g,true
185.701,-60,false,g,true
136.549,-60,false,b,true
149.15,-40,true,l,true
160,-40,false,l,true
171.46,-40,true,g,true
160.62,-60,false,g,true
150.395,-60,false,b,true
161.921,-40,true,l,true
160,-40,false,l,true
168.798,-40,true,g,true
157.775,-60,false,g,true
146.951,-60,false,b,true
158.729,-40,true,l,true
160,-40,false,l,true
168.813,-40,true,g,true
157.79,-60,false,g,true
149.692,-60,false,b,true
161.269,-40,true,l,true
160,-40,false,l,true
161.543,-40,true,g,true
149.987,-60,false,g,true
145.668,-60,false,b,true
157.541,-40,true,l,true
160,-40,false,l,true
194.304,-40,true,g,true
184.808,-60,false,g,true
150.41,-60,false,b,true
161.936,-40,true,l,true
160,-40,false,l,true
162.485,-40,true,g,true
151.001,-60,false,g,true
144.788,-60,false,b,true
156.728,-40,true,l,true
160,-40,false,l,true
177.742,-40,true,g,true
167.309,-60,false,g,true
159.619,-60,false,b,true
170.523,-40,true,l,true
160,-40,false,l,true
171.737,-40,true,g,true
160.915,-60,false,g,true
154.902,-60,false,b,true
166.117,-40,true,l,true
160,-40,false,l,true
171.839,-40,true,g,true
161.024,-60,false,g,true
151.21,-60,false,b,true
162.679,-40,true,l,true
160,-40,false,l,true
163.015,-40,true,g,true
151.572,-60,false,g,true
145.689,-60,false,b,true
157.56,-40,true,l,true
160,-40,false,l,true
194.086,-40,true,g,true
184.579,-60,false,g,true
159.949,-60,false,b,true
136.25,-60,false,b,true
148.876,-40,true,l,true
160,-40,false,l,true
192.631,-40,true,g,true
183.049,-60,false,g,true
138.71,-60,false,b,true
151.131,-40,true,l,true
160,-40,false,l,true
180.04,-40,true,g,true
169.748,-60,false,g,true
141.719,-60,false,b,true
141.425,-60,false,b,true
153.626,-40,true,l,true
160,-40,false,l,true
196.172,-40,true,g,true
186.771,-60,false,g,true
159.228,-60,false,b,true
170.157,-40,true,l,true
160,-40,false,l,true
161.111,-40,true,g,true
149.521,-60,false,g,true
141.34,-60,false,b,true
153.548,-40,true,l,true
160,-40,false,l,true
168.516,-40,true,g,true
157.473,-60,false,g,true
148.457,-60,false,b,true
136.731,-60,false,b,true
149.317,-40,true,l,true
160,-40,false,l,true
197.383,-40,true,g,true
188.042,-60,false,g,true
158.624,-60,false,b,true
169.593,-40,true,l,true
160,-40,false,l,true
161.678,-40,true,g,true
150.133,-60,false,g,true
143.705,-60,false,b,true
138.006,-60,false,b,true
150.485,-40,true,l,true
160,-40,false,l,true
156.836,-40,true,g,true
144.905,-60,false,g,true
137.056,-60,false,b,true
149.614,-40,true,l,true
160,-40,false,l,true
197.989,-40,true,g,true
188.679,-60,false,g,true
154.428,-60,false,b,true
165.674,-40,true,l,true
160,-40,false,l,true
195.073,-40,true,g,true
185.616,-60,false,g,true
136.456,-60,false,b,true
149.064,-40,true,l,true
160,-40,false,l,true
171.468,-40,true,g,true
160.627,-60,false,g,true
150.464,-60,false,b,true
161.986,-40,true,l,true
160,-40,false,l,true
168.803,-40,true,g,true
157.779,-60,false,g,true
146.862,-60,false,b,true
158.646,-40,true,l,true
160,-40,false,l,true
180.019,-40,true,g,true
169.726,-60,false,g,true
161.874,-60,false,b,true
172.636,-40,true,l,true
160,-40,false,l,true
173.995,-40,true,g,true
163.323,-60,false,g,true
157.325,-60,false,b,true
