x,z,relay,string,error,index
160,-60,false,f,true
160,-40,false,l,true
175.389,-40,true,g,true
164.807,-60,false,g,true
186.215,-60,false,b,true
195.642,-40,true,l,true
160,-40,false,l,true
168.316,-40,true,g,true
157.259,-60,false,g,true
197.101,-60,false,b,true
206.031,-40,true,l,true
160,-40,false,l,true
166.644,-40,true,g,true
155.468,-60,false,g,true
195.332,-60,false,b,true
204.34,-40,true,l,true
160,-40,false,l,true
178.233,-40,true,g,true
167.831,-60,false,g,true
199.936,-60,false,b,true
208.745,-40,true,l,true
160,-40,false,l,true
154.897,-40,true,g,true
142.804,-60,false,g,true
187.082,-60,false,b,true
196.468,-40,true,l,true
160,-40,false,l,true
171.726,-40,true,g,true
160.903,-60,false,g,true
198.983,-60,false,b,true
207.832,-40,true,l,true
160,-40,false,l,true
171.559,-40,true,g,true
160.725,-60,false,g,true
199.13,-60,false,b,true
207.973,-40,true,l,true
160,-40,false,l,true
166.036,-40,true,g,true
154.816,-60,false,g,true
198.118,-60,false,b,true
207.004,-40,true,l,true
160,-40,false,l,true
170.866,-40,true,g,true
159.985,-60,false,g,true
156.657,-60,false,b,true
167.754,-40,true,l,true
160,-40,false,l,true
170.65,-40,true,g,true
159.754,-60,false,g,true
198.966,-60,false,b,true
207.816,-40,true,l,true
160,-40,false,l,true
165.311,-40,true,g,true
154.038,-60,false,g,true
198.253,-60,false,b,true
207.133,-40,true,l,true
160,-40,false,l,true
205.7,-40,true,g,true
196.755,-60,false,g,true
194.291,-60,false,b,true
196.369,-60,false,b,true
205.331,-40,true,l,true
160,-40,false,l,true
156.702,-40,true,g,true
144.76,-60,false,g,true
174.191,-60,false,b,true
184.235,-40,true,l,true
160,-40,false,l,true
162.535,-40,true,g,true
151.055,-60,false,g,true
193.932,-60,false,b,true
203.002,-40,true,l,true
160,-40,false,l,true
155.083,-40,true,g,true
143.006,-60,false,g,true
170.388,-60,false,b,true
195.323,-60,false,b,true
204.33,-40,true,l,true
160,-40,false,l,true
171.752,-40,true,g,true
160.931,-60,false,g,true
188.533,-60,false,b,true
198.528,-60,false,b,true
207.396,-40,true,l,true
160,-40,false,l,true
202.418,-40,true,g,true
193.321,-60,false,g,true
195.326,-60,false,b,true
204.333,-40,true,l,true
160,-40,false,l,true
168.76,-40,true,g,true
157.734,-60,false,g,true
177.322,-60,false,b,true
187.198,-40,true,l,true
160,-40,false,l,true
163.135,-40,true,g,true
151.7,-60,false,g,true
193.021,-60,false,b,true
202.132,-40,true,l,true
160,-40,false,l,true
189.466,-40,true,g,true
179.715,-60,false,g,true
176.385,-60,false,b,true
186.31,-40,true,l,true
160,-40,false,l,true
160.053,-40,true,g,true
148.381,-60,false,g,true
175.44,-60,false,b,true
185.416,-40,true,l,true
160,-40,false,l,true
201.366,-40,true,g,true
192.22,-60,false,g,true
192.295,-60,false,b,true
201.438,-40,true,l,true
160,-40,false,l,true
179.558,-40,true,g,true
169.236,-60,false,g,true
196.788,-60,false,b,true
205.732,-40,true,l,true
160,-40,false,l,true
171.053,-40,true,g,true
160.185,-60,false,g,true
157.887,-60,false,b,true
168.903,-40,true,l,true
160,-40,false,l,true
158.006,-40,true,g,true
146.171,-60,false,g,true
190.474,-60,false,b,true
199.7,-40,true,l,true
160,-40,false,l,true
171.81,-40,true,g,true
160.993,-60,false,g,true
196.539,-60,false,b,true
205.494,-40,true,l,true
160,-40,false,l,true
153.203,-40,true,g,true
140.965,-60,false,g,true
188.805,-60,false,b,true
198.109,-40,true,l,true
160,-40,false,l,true
152.379,-40,true,g,true
140.069,-60,false,g,true
199.183,-60,false,b,true
208.024,-40,true,l,true
160,-40,false,l,true
150.46,-40,true,g,true
137.979,-60,false,g,true
185.712,-60,false,b,true
195.164,-40,true,l,true
160,-40,false,l,true
195.355,-40,true,g,true
185.913,-60,false,g,true
183.392,-60,false,b,true
199.257,-60,false,b,true
208.094,-40,true,l,true
160,-40,false,l,true
167.641,-40,true,g,true
156.536,-60,false,g,true
191.693,-60,false,b,true
200.863,-40,true,l,true
160,-40,false,l,true
205.074,-40,true,g,true
196.101,-60,false,g,true
192.796,-60,false,b,true
201.916,-40,true,l,true
160,-40,false,l,true
173.35,-40,true,g,true
162.635,-60,false,g,true
159.377,-60,false,b,true
164.932,-60,false,b,true
196.009,-60,false,b,true
204.987,-40,true,l,true
160,-40,false,l,true
164.172,-40,true,g,true
152.815,-60,false,g,true
180.315,-60,false,b,true
190.036,-40,true,l,true
160,-40,false,l,true
176.536,-40,true,g,true
166.027,-60,false,g,true
196.722,-60,false,b,true
205.668,-40,true,l,true
160,-40,false,l,true
164.756,-40,true,g,true
153.442,-60,false,g,true
179.778,-60,false,b,true
189.526,-40,true,l,true
160,-40,false,l,true
158.765,-40,true,g,true
146.991,-60,false,g,true
143.777,-60,false,b,true
155.794,-40,true,l,true
160,-40,false,l,true
176.468,-40,true,g,true
165.955,-60,false,g,true
199.054,-60,false,b,true
207.9,-40,true,l,true
160,-40,false,l,true
201.366,-40,true,g,true
192.22,-60,false,g,true
189.167,-60,false,b,true
198.454,-40,true,l,true
160,-40,false,l,true
190.899,-40,true,g,true
181.225,-60,false,g,true
179.624,-60,false,b,true
189.38,-40,true,l,true
160,-40,false,l,true
167.243,-40,true,g,true
156.109,-60,false,g,true
199.782,-60,false,b,true
208.598,-40,true,l,true
160,-40,false,l,true
156.658,-40,true,g,true
144.713,-60,false,g,true
146.686,-60,false,b,true
196.418,-60,false,b,true
205.378,-40,true,l,true
160,-40,false,l,true
166.746,-40,true,g,true
155.577,-60,false,g,true
198.829,-60,false,b,true
207.685,-40,true,l,true
160,-40,false,l,true
152.439,-40,true,g,true
140.135,-60,false,g,true
187.751,-60,false,b,true
197.106,-40,true,l,true
160,-40,false,l,true
155.923,-40,true,g,true
143.917,-60,false,g,true
191.163,-60,false,b,true
200.358,-40,true,l,true
160,-40,false,l,true
159.423,-40,true,g,true
147.701,-60,false,g,true
194.59,-60,false,b,true
203.63,-40,true,l,true
160,-40,false,l,true
158.785,-40,true,g,true
147.012,-60,false,g,true
195.23,-60,false,b,true
204.242,-40,true,l,true
160,-40,false,l,true
166.971,-40,true,g,true
155.818,-60,false,g,true
199.071,-60,false,b,true
207.917,-40,true,l,true
160,-40,false,l,true
163.386,-40,true,g,true
151.97,-60,false,g,true
195.254,-60,false,b,true
204.265,-40,true,l,true
160,-40,false,l,true
186.017,-40,true,g,true
176.075,-60,false,g,true
197.392,-60,false,b,true
206.31,-40,true,l,true
160,-40,false,l,true
173.091,-40,true,g,true
162.359,-60,false,g,true
197.746,-60,false,b,true
206.648,-40,true,l,true
160,-40,false,l,true
197.536,-40,true,g,true
188.204,-60,false,g,true
186.033,-60,false,b,true
195.47,-40,true,l,true
160,-40,false,l,true
168.54,-40,true,g,true
157.498,-60,false,g,true
185.3,-60,false,b,true
194.772,-40,true,l,true
160,-40,false,l,true
171.038,-40,true,g,true
160.169,-60,false,g,true
199.449,-60,false,b,true
208.278,-40,true,l,true
160,-40,false,l,true
167.542,-40,true,g,true
156.43,-60,false,g,true
199.801,-60,false,b,true
208.615,-40,true,l,true
160,-40,false,l,true
164.132,-40,true,g,true
152.772,-60,false,g,true
196.056,-60,false,b,true
205.031,-40,true,l,true
160,-40,false,l,true
158.576,-40,true,g,true
146.786,-60,false,g,true
195.132,-60,false,b,true
204.148,-40,true,l,true
160,-40,false,l,true
165.837,-40,true,g,true
154.603,-60,false,g,true
198.212,-60,false,b,true
207.095,-40,true,l,true
160,-40,false,l,true
162.139,-40,true,g,true
150.629,-60,false,g,true
193.689,-60,false,b,true
202.769,-40,true,l,true
160,-40,false,l,true
154.669,-40,true,g,true
142.557,-60,false,g,true
170.083,-60,false,b,true
195.023,-60,false,b,true
204.044,-40,true,l,true
160,-40,false,l,true
171.341,-40,true,g,true
160.492,-60,false,g,true
188.223,-60,false,b,true
198.252,-60,false,b,true
207.133,-40,true,l,true
160,-40,false,l,true
148.688,-40,true,g,true
136.045,-60,false,g,true
184.161,-60,false,b,true
193.689,-40,true,l,true
160,-40,false,l,true
165.772,-40,true,g,true
154.533,-60,false,g,true
197.741,-60,false,b,true
206.643,-40,true,l,true
160,-40,false,l,true
152.073,-40,true,g,true
139.736,-60,false,g,true
187.006,-60,false,b,true
196.396,-40,true,l,true
160,-40,false,l,true
171.517,-40,true,g,true
160.68,-60,false,g,true
199.337,-60,false,b,true
208.171,-40,true,l,true
160,-40,false,l,true
170.877,-40,true,g,true
159.996,-60,false,g,true
198.788,-60,false,b,true
207.645,-40,true,l,true
160,-40,false,l,true
152.279,-40,true,g,true
139.961,-60,false,g,true
187.29,-60,false,b,true
196.666,-40,true,l,true
160,-40,false,l,true
171.813,-40,true,g,true
160.996,-60,false,g,true
199.654,-60,false,b,true
208.475,-40,true,l,true
160,-40,false,l,true
171.087,-40,true,g,true
160.221,-60,false,g,true
199.062,-60,false,b,true
207.908,-40,true,l,true
160,-40,false,l,true
152.486,-40,true,g,true
140.186,-60,false,g,true
187.574,-60,false,b,true
196.936,-40,true,l,true
160,-40,false,l,true
155.973,-40,true,g,true
143.97,-60,false,g,true
190.992,-60,false,b,true
200.195,-40,true,l,true
160,-40,false,l,true
176.863,-40,true,g,true
166.374,-60,false,g,true
198.004,-60,false,b,true
206.895,-40,true,l,true
160,-40,false,l,true
197.791,-40,true,g,true
188.471,-60,false,g,true
186.377,-60,false,b,true
195.797,-40,true,l,true
160,-40,false,l,true
168.936,-40,true,g,true
157.922,-60,false,g,true
196.276,-60,false,b,true
205.242,-40,true,l,true
160,-40,false,l,true
166.729,-40,true,g,true
155.559,-60,false,g,true
198.793,-60,false,b,true
207.65,-40,true,l,true
160,-40,false,l,true
152.572,-40,true,g,true
140.28,-60,false,g,true
187.824,-60,false,b,true
197.174,-40,true,l,true
160,-40,false,l,true
156.058,-40,true,g,true
144.062,-60,false,g,true
191.237,-60,false,b,true
200.429,-40,true,l,true
160,-40,false,l,true
176.951,-40,true,g,true
166.469,-60,false,g,true
198.205,-60,false,b,true
207.087,-40,true,l,true
160,-40,false,l,true
197.903,-40,true,g,true
188.588,-60,false,g,true
186.612,-60,false,b,true
196.02,-40,true,l,true
160,-40,false,l,true
173.016,-40,true,g,true
162.279,-60,false,g,true
197.567,-60,false,b,true
206.477,-40,true,l,true
160,-40,false,l,true
197.443,-40,true,g,true
188.105,-60,false,g,true
185.836,-60,false,b,true
199.256,-60,false,b,true
208.094,-40,true,l,true
160,-40,false,l,true
172.129,-40,true,g,true
161.334,-60,false,g,true
190.236,-60,false,b,true
199.474,-40,true,l,true
160,-40,false,l,true
161.03,-40,true,g,true
149.434,-60,false,g,true
197.628,-60,false,b,true
206.536,-40,true,l,true
160,-40,false,l,true
151.587,-40,true,g,true
139.207,-60,false,g,true
187.101,-60,false,b,true
196.486,-40,true,l,true
160,-40,false,l,true
196.547,-40,true,g,true
187.165,-60,false,g,true
185.063,-60,false,b,true
198.759,-60,false,b,true
207.618,-40,true,l,true
160,-40,false,l,true
193.501,-40,true,g,true
183.963,-60,false,g,true
199.417,-60,false,b,true
208.248,-40,true,l,true
160,-40,false,l,true
150.513,-40,true,g,true
138.037,-60,false,g,true
166.684,-60,false,b,true
177.154,-40,true,l,true
160,-40,false,l,true
184.04,-40,true,g,true
173.985,-60,false,g,true
170.482,-60,false,b,true
180.732,-40,true,l,true
160,-40,false,l,true
176.981,-40,true,g,true
166.5,-60,false,g,true
198.407,-60,false,b,true
207.281,-40,true,l,true
160,-40,false,l,true
163.621,-40,true,g,true
152.223,-60,false,g,true
188.426,-60,false,b,true
198.864,-60,false,b,true
207.718,-40,true,l,true
160,-40,false,l,true
166.439,-40,true,g,true
155.248,-60,false,g,true
194.693,-60,false,b,true
203.729,-40,true,l,true
160,-40,false,l,true
169.141,-40,true,g,true
158.141,-60,false,g,true
194.515,-60,false,b,true
203.559,-40,true,l,true
160,-40,false,l,true
148.729,-40,true,g,true
136.089,-60,false,g,true
161.203,-60,false,b,true
175.372,-60,false,b,true
184.695,-60,false,b,true
198.948,-60,false,b,true
207.799,-40,true,l,true
160,-40,false,l,true
164.526,-40,true,g,true
153.196,-60,false,g,true
196.297,-60,false,b,true
205.262,-40,true,l,true
160,-40,false,l,true
166.738,-40,true,g,true
155.569,-60,false,g,true
198.814,-60,false,b,true
207.671,-40,true,l,true
160,-40,false,l,true
152.484,-40,true,g,true
140.183,-60,false,g,true
187.775,-60,false,b,true
197.128,-40,true,l,true
160,-40,false,l,true
155.968,-40,true,g,true
143.966,-60,false,g,true
191.188,-60,false,b,true
200.381,-40,true,l,true
160,-40,false,l,true
159.468,-40,true,g,true
147.75,-60,false,g,true
194.616,-60,false,b,true
203.655,-40,true,l,true
160,-40,false,l,true
158.777,-40,true,g,true
147.004,-60,false,g,true
195.216,-60,false,b,true
204.228,-40,true,l,true
160,-40,false,l,true
