x,z,relay,string,error,index
160,-60,false,f,true
148.081,-60,false,b,true
159.774,-40,true,l,true
160,-40,false,l,true
161.025,-40,true,g,true
149.429,-60,false,g,true
136.148,-60,false,b,true
148.783,-40,true,l,true
160,-40,false,l,true
167.204,-40,true,g,true
156.068,-60,false,g,true
152.29,-60,false,b,true
163.683,-40,true,l,true
160,-40,false,l,true
167.628,-40,true,g,true
156.522,-60,false,g,true
149.991,-60,false,b,true
138.11,-60,false,b,true
150.58,-40,true,l,true
160,-40,false,l,true
171.914,-40,true,g,true
161.104,-60,false,g,true
155.079,-60,false,b,true
166.281,-40,true,l,true
160,-40,false,l,true
174.177,-40,true,g,true
163.517,-60,false,g,true
157.462,-60,false,b,true
168.506,-40,true,l,true
160,-40,false,l,true
169.534,-40,true,g,true
158.562,-60,false,g,true
152.69,-60,false,b,true
164.055,-40,true,l,true
160,-40,false,l,true
157.395,-40,true,g,true
145.51,-60,false,g,true
140.444,-60,false,b,true
152.724,-40,true,l,true
160,-40,false,l,true
168.778,-40,true,g,true
157.753,-60,false,g,true
151.796,-60,false,b,true
163.224,-40,true,l,true
160,-40,false,l,true
208.3,-40,true,g,true
199.471,-60,false,g,true
175.054,-60,false,b,true
142.483,-60,false,b,true
154.601,-40,true,l,true
160,-40,false,l,true
195.57,-40,true,g,true
186.138,-60,false,g,true
161.64,-60,false,b,true
172.417,-40,true,l,true
160,-40,false,l,true
155.835,-40,true,g,true
143.822,-60,false,g,true
136.399,-60,false,b,true
149.012,-40,true,l,true
160,-40,false,l,true
159.333,-40,true,g,true
147.604,-60,false,g,true
140.553,-60,false,b,true
152.824,-40,true,l,true
160,-40,false,l,true
200.898,-40,true,g,true
191.729,-60,false,g,true
171.486,-60,false,b,true
135.841,-60,false,b,true
148.502,-40,true,l,true
160,-40,false,l,true
166.354,-40,true,g,true
155.156,-60,false,g,true
141.252,-60,false,b,true
153.467,-40,true,l,true
160,-40,false,l,true
160.531,-40,true,g,true
148.897,-60,false,g,true
135.391,-60,false,b,true
137.962,-60,false,b,true
150.445,-40,true,l,true
160,-40,false,l,true
163.699,-40,true,g,true
152.306,-60,false,g,true
144.063,-60,false,b,true
156.059,-40,true,l,true
160,-40,false,l,true
174.122,-40,true,g,true
163.458,-60,false,g,true
157.106,-60,false,b,true
168.173,-40,true,l,true
160,-40,false,l,true
171.263,-40,true,g,true
160.409,-60,false,g,true
141.252,-60,false,b,true
153.467,-40,true,l,true
160,-40,false,l,true
165.331,-40,true,g,true
154.06,-60,false,g,true
149.277,-60,false,b,true
160.884,-40,true,l,true
160,-40,false,l,true
179.232,-40,true,g,true
168.89,-60,false,g,true
163.049,-60,false,b,true
151.319,-60,false,b,true
162.781,-40,true,l,true
160,-40,false,l,true
156.618,-40,true,g,true
144.67,-60,false,g,true
136.54,-60,false,b,true
149.142,-40,true,l,true
160,-40,false,l,true
203.114,-40,true,g,true
194.05,-60,false,g,true
151.508,-60,false,b,true
162.956,-40,true,l,true
160,-40,false,l,true
205.953,-40,true,g,true
197.02,-60,false,g,true
144.152,-60,false,b,true
156.14,-40,true,l,true
160,-40,false,l,true
173.12,-40,true,g,true
162.391,-60,false,g,true
156.235,-60,false,b,true
167.36,-40,true,l,true
160,-40,false,l,true
160.994,-40,true,g,true
149.395,-60,false,g,true
145.523,-60,false,b,true
157.407,-40,true,l,true
160,-40,false,l,true
193.379,-40,true,g,true
183.835,-60,false,g,true
144.534,-60,false,b,true
156.493,-40,true,l,true
160,-40,false,l,true
165.318,-40,true,g,true
154.045,-60,false,g,true
179.761,-60,false,b,true
140.101,-60,false,b,true
152.408,-40,true,l,true
160,-40,false,l,true
175.23,-40,true,g,true
164.637,-60,false,g,true
145.997,-60,false,b,true
157.845,-40,true,l,true
160,-40,false,l,true
196.187,-40,true,g,true
186.786,-60,false,g,true
162.276,-60,false,b,true
173.013,-40,true,l,true
160,-40,false,l,true
160.808,-40,true,g,true
149.195,-60,false,g,true
141.443,-60,false,b,true
143.909,-60,false,b,true
155.916,-40,true,l,true
160,-40,false,l,true
168.872,-40,true,g,true
157.853,-60,false,g,true
153.266,-60,false,b,true
164.592,-40,true,l,true
160,-40,false,l,true
175.717,-40,true,g,true
165.156,-60,false,g,true
159.915,-60,false,b,true
170.8,-40,true,l,true
160,-40,false,l,true
164.465,-40,true,g,true
153.129,-60,false,g,true
148.304,-60,false,b,true
159.981,-40,true,l,true
160,-40,false,l,true
192.109,-40,true,g,true
182.499,-60,false,g,true
154.411,-60,false,b,true
165.658,-40,true,l,true
160,-40,false,l,true
173.747,-40,true,g,true
163.059,-60,false,g,true
141.791,-60,false,b,true
140.552,-60,false,b,true
152.823,-40,true,l,true
160,-40,false,l,true
161.794,-40,true,g,true
150.257,-60,false,g,true
141.946,-60,false,b,true
154.106,-40,true,l,true
160,-40,false,l,true
168.731,-40,true,g,true
157.703,-60,false,g,true
139.328,-60,false,b,true
151.698,-40,true,l,true
160,-40,false,l,true
202.195,-40,true,g,true
193.087,-60,false,g,true
150.076,-60,false,b,true
161.626,-40,true,l,true
160,-40,false,l,true
196.053,-40,true,g,true
186.646,-60,false,g,true
152.165,-60,false,b,true
163.567,-40,true,l,true
160,-40,false,l,true
162.306,-40,true,g,true
150.809,-60,false,g,true
147.524,-60,false,b,true
159.259,-40,true,l,true
160,-40,false,l,true
164.139,-40,true,g,true
152.78,-60,false,g,true
137.557,-60,false,b,true
150.073,-40,true,l,true
160,-40,false,l,true
166.463,-40,true,g,true
155.274,-60,false,g,true
141.098,-60,false,b,true
153.326,-40,true,l,true
160,-40,false,l,true
200.206,-40,true,g,true
191.004,-60,false,g,true
151.566,-60,false,b,true
163.01,-40,true,l,true
160,-40,false,l,true
169.265,-40,true,g,true
158.274,-60,false,g,true
146.955,-60,false,b,true
158.732,-40,true,l,true
160,-40,false,l,true
197.873,-40,true,g,true
188.557,-60,false,g,true
153.531,-60,false,b,true
164.838,-40,true,l,true
160,-40,false,l,true
180.98,-40,true,g,true
170.745,-60,false,g,true
142.936,-60,false,b,true
155.019,-40,true,l,true
160,-40,false,l,true
203.632,-40,true,g,true
194.592,-60,false,g,true
152.315,-60,false,b,true
163.707,-40,true,l,true
160,-40,false,l,true
192.919,-40,true,g,true
183.351,-60,false,g,true
139.048,-60,false,b,true
151.441,-40,true,l,true
160,-40,false,l,true
195.645,-40,true,g,true
186.218,-60,false,g,true
137.067,-60,false,b,true
149.624,-40,true,l,true
160,-40,false,l,true
202.957,-40,true,g,true
193.885,-60,false,g,true
147.703,-60,false,b,true
159.425,-40,true,l,true
160,-40,false,l,true
202.189,-40,true,g,true
193.081,-60,false,g,true
142.61,-60,false,b,true
154.718,-40,true,l,true
160,-40,false,l,true
197.389,-40,true,g,true
188.049,-60,false,g,true
153.133,-60,false,b,true
164.468,-40,true,l,true
160,-40,false,l,true
199.133,-40,true,g,true
189.878,-60,false,g,true
150.238,-60,false,b,true
161.776,-40,true,l,true
160,-40,false,l,true
181.669,-40,true,g,true
171.475,-60,false,g,true
164.256,-60,false,b,true
174.872,-40,true,l,true
160,-40,false,l,true
158.887,-40,true,g,true
147.122,-60,false,g,true
139.917,-60,false,b,true
152.239,-40,true,l,true
160,-40,false,l,true
200.786,-40,true,g,true
191.612,-60,false,g,true
171.317,-60,false,b,true
135.531,-60,false,b,true
148.219,-40,true,l,true
160,-40,false,l,true
165.939,-40,true,g,true
154.711,-60,false,g,true
140.789,-60,false,b,true
153.041,-40,true,l,true
160,-40,false,l,true
159.206,-40,true,g,true
147.467,-60,false,g,true
143.391,-60,false,b,true
155.438,-40,true,l,true
160,-40,false,l,true
197.149,-40,true,g,true
187.797,-60,false,g,true
153.223,-60,false,b,true
164.552,-40,true,l,true
160,-40,false,l,true
162.886,-40,true,g,true
151.433,-60,false,g,true
147.596,-60,false,b,true
159.325,-40,true,l,true
160,-40,false,l,true
208.504,-40,true,g,true
199.684,-60,false,g,true
168.234,-60,false,b,true
178.613,-40,true,l,true
160,-40,false,l,true
204.82,-40,true,g,true
195.835,-60,false,g,true
149.56,-60,false,b,true
161.146,-40,true,l,true
160,-40,false,l,true
162.865,-40,true,g,true
151.41,-60,false,g,true
147.719,-60,false,b,true
159.44,-40,true,l,true
160,-40,false,l,true
208.296,-40,true,g,true
199.467,-60,false,g,true
168.051,-60,false,b,true
178.44,-40,true,l,true
160,-40,false,l,true
204.609,-40,true,g,true
195.614,-60,false,g,true
149.395,-60,false,b,true
160.994,-40,true,l,true
160,-40,false,l,true
162.845,-40,true,g,true
151.388,-60,false,g,true
147.844,-60,false,b,true
159.555,-40,true,l,true
160,-40,false,l,true
164.739,-40,true,g,true
153.424,-60,false,g,true
137.979,-60,false,b,true
150.46,-40,true,l,true
160,-40,false,l,true
204.074,-40,true,g,true
195.054,-60,false,g,true
157.015,-60,false,b,true
168.089,-40,true,l,true
160,-40,false,l,true
192.587,-40,true,g,true
183.002,-60,false,g,true
138.686,-60,false,b,true
151.108,-40,true,l,true
160,-40,false,l,true
195.311,-40,true,g,true
185.867,-60,false,g,true
155.311,-60,false,b,true
166.498,-40,true,l,true
160,-40,false,l,true
196.258,-40,true,g,true
186.861,-60,false,g,true
152.401,-60,false,b,true
163.786,-40,true,l,true
160,-40,false,l,true
162.542,-40,true,g,true
151.062,-60,false,g,true
147.738,-60,false,b,true
159.457,-40,true,l,true
160,-40,false,l,true
164.376,-40,true,g,true
153.034,-60,false,g,true
137.791,-60,false,b,true
150.287,-40,true,l,true
160,-40,false,l,true
203.588,-40,true,g,true
194.546,-60,false,g,true
156.538,-60,false,b,true
167.643,-40,true,l,true
160,-40,false,l,true
192.106,-40,true,g,true
182.496,-60,false,g,true
138.174,-60,false,b,true
150.639,-40,true,l,true
160,-40,false,l,true
204.044,-40,true,g,true
195.023,-60,false,g,true
152.719,-60,false,b,true
164.082,-40,true,l,true
160,-40,false,l,true
193.325,-40,true,g,true
183.779,-60,false,g,true
139.481,-60,false,b,true
151.838,-40,true,l,true
160,-40,false,l,true
170.636,-40,true,g,true
159.739,-60,false,g,true
152.816,-60,false,b,true
156.38,-60,false,b,true
167.495,-40,true,l,true
160,-40,false,l,true
198.917,-40,true,g,true
189.652,-60,false,g,true
150.605,-60,false,b,true
162.117,-40,true,l,true
160,-40,false,l,true
161.226,-40,true,g,true
149.646,-60,false,g,true
146.387,-60,false,b,true
158.206,-40,true,l,true
160,-40,false,l,true
192.754,-40,true,g,true
183.178,-60,false,g,true
138.928,-60,false,b,true
151.33,-40,true,l,true
160,-40,false,l,true
195.485,-40,true,g,true
186.049,-60,false,g,true
151.754,-60,false,b,true
135.436,-60,false,b,true
148.132,-40,true,l,true
160,-40,false,l,true
201.634,-40,true,g,true
192.5,-60,false,g,true
139.816,-60,false,b,true
150.496,-60,false,b,true
138.938,-60,false,b,true
151.34,-40,true,l,true
160,-40,false,l,true
162.228,-40,true,g,true
150.724,-60,false,g,true
136.395,-60,false,b,true
149.009,-40,true,l,true
160,-40,false,l,true
196.873,-40,true,g,true
187.507,-60,false,g,true
153.077,-60,false,b,true
164.416,-40,true,l,true
160,-40,false,l,true
179.203,-40,true,g,true
168.86,-60,false,g,true
161.121,-60,false,b,true
171.93,-40,true,l,true
160,-40,false,l,true
168.878,-40,true,g,true
157.86,-60,false,g,true
149.412,-60,false,b,true
161.009,-40,true,l,true
160,-40,false,l,true
198.004,-40,true,g,true
188.695,-60,false,g,true
165.198,-60,false,b,true
137.852,-60,false,b,true
150.344,-40,true,l,true
160,-40,false,l,true
207.936,-40,true,g,true
199.092,-60,false,g,true
190.968,-60,false,b,true
200.172,-40,true,l,true
160,-40,false,l,true
199.051,-40,true,g,true
189.793,-60,false,g,true
155.158,-60,false,b,true
166.355,-40,true,l,true
160,-40,false,l,true
196.125,-40,true,g,true
186.722,-60,false,g,true
152.248,-60,false,b,true
163.644,-40,true,l,true
160,-40,false,l,true
162.387,-40,true,g,true
150.896,-60,false,g,true
147.597,-60,false,b,true
159.326,-40,true,l,true
160,-40,false,l,true
164.221,-40,true,g,true
152.868,-60,false,g,true
137.637,-60,false,b,true
150.146,-40,true,l,true
160,-40,false,l,true
166.545,-40,true,g,true
155.361,-60,false,g,true
141.178,-60,false,b,true
153.398,-40,true,l,true
160,-40,false,l,true
200.276,-40,true,g,true
191.077,-60,false,g,true
151.646,-60,false,b,true
163.085,-40,true,l,true
160,-40,false,l,true
