x,z,relay,string,error,index
160,-60,false,f,true
197.667,-60,false,b,true
157.904,-60,false,b,true
168.919,-40,true,l,true
160,-40,false,l,true
166.422,-40,true,g,true
155.23,-60,false,g,true
145.866,-60,false,b,true
157.724,-40,true,l,true
160,-40,false,l,true
189.506,-40,true,g,true
179.757,-60,false,g,true
176.289,-60,false,b,true
136.059,-60,false,b,true
161.084,-60,false,b,true
171.895,-40,true,l,true
160,-40,false,l,true
160.244,-40,true,g,true
148.587,-60,false,g,true
141.621,-60,false,b,true
153.807,-40,true,l,true
160,-40,false,l,true
167.123,-40,true,g,true
155.981,-60,false,g,true
147.37,-60,false,b,true
159.116,-40,true,l,true
160,-40,false,l,true
190,-40,true,g,true
180.277,-60,false,g,true
176.208,-60,false,b,true
190.291,-60,false,b,true
153.996,-60,false,b,true
147.431,-60,false,b,true
159.172,-40,true,l,true
160,-40,false,l,true
202.625,-40,true,g,true
193.538,-60,false,g,true
169.097,-60,false,b,true
136.651,-60,false,b,true
158.94,-60,false,b,true
157.513,-60,false,b,true
168.553,-40,true,l,true
160,-40,false,l,true
193.314,-40,true,g,true
183.767,-60,false,g,true
170.057,-60,false,b,true
196.415,-60,false,b,true
205.375,-40,true,l,true
160,-40,false,l,true
196.889,-40,true,g,true
187.524,-60,false,g,true
137.047,-60,false,b,true
149.606,-40,true,l,true
160,-40,false,l,true
159.775,-40,true,g,true
148.082,-60,false,g,true
140.41,-60,false,b,true
152.692,-40,true,l,true
160,-40,false,l,true
166.669,-40,true,g,true
155.495,-60,false,g,true
146.202,-60,false,b,true
181.053,-60,false,b,true
190.736,-40,true,l,true
160,-40,false,l,true
154.299,-40,true,g,true
142.155,-60,false,g,true
178.609,-60,false,b,true
188.418,-40,true,l,true
160,-40,false,l,true
179.164,-40,true,g,true
168.819,-60,false,g,true
137.345,-60,false,b,true
147.945,-60,false,b,true
176.026,-60,false,b,true
176.884,-60,false,b,true
186.783,-40,true,l,true
160,-40,false,l,true
157.156,-40,true,g,true
145.251,-60,false,g,true
144.608,-60,false,b,true
156.562,-40,true,l,true
160,-40,false,l,true
172.023,-40,true,g,true
161.22,-60,false,g,true
154.76,-60,false,b,true
165.984,-40,true,l,true
160,-40,false,l,true
195.326,-40,true,g,true
185.882,-60,false,g,true
182.243,-60,false,b,true
136.789,-60,false,b,true
168.935,-60,false,b,true
171.654,-60,false,b,true
181.838,-40,true,l,true
160,-40,false,l,true
171.279,-40,true,g,true
160.426,-60,false,g,true
140.615,-60,false,b,true
166.046,-60,false,b,true
176.554,-40,true,l,true
160,-40,false,l,true
206.282,-40,true,g,true
197.363,-60,false,g,true
195.382,-60,false,b,true
163.913,-60,false,b,true
193.032,-60,false,b,true
194.315,-60,false,b,true
203.367,-40,true,l,true
160,-40,false,l,true
187.816,-40,true,g,true
177.974,-60,false,g,true
174.589,-60,false,b,true
184.611,-40,true,l,true
160,-40,false,l,true
177.218,-40,true,g,true
166.752,-60,false,g,true
159.532,-60,false,b,true
170.442,-40,true,l,true
160,-40,false,l,true
192.503,-40,true,g,true
182.914,-60,false,g,true
179.188,-60,false,b,true
185.608,-60,false,b,true
163.311,-60,false,b,true
197.919,-60,false,b,true
206.813,-40,true,l,true
160,-40,false,l,true
184.366,-40,true,g,true
174.33,-60,false,g,true
192.632,-60,false,b,true
187.493,-60,false,b,true
189.763,-60,false,b,true
199.023,-40,true,l,true
160,-40,false,l,true
163.253,-40,true,g,true
151.827,-60,false,g,true
143.665,-60,false,b,true
155.69,-40,true,l,true
160,-40,false,l,true
151.583,-40,true,g,true
139.203,-60,false,g,true
142.963,-60,false,b,true
155.044,-40,true,l,true
160,-40,false,l,true
183.346,-40,true,g,true
173.251,-60,false,g,true
170.62,-60,false,b,true
180.863,-40,true,l,true
160,-40,false,l,true
160.945,-40,true,g,true
149.343,-60,false,g,true
178.907,-60,false,b,true
188.7,-40,true,l,true
160,-40,false,l,true
172.549,-40,true,g,true
161.782,-60,false,g,true
137.067,-60,false,b,true
143.345,-60,false,b,true
179.188,-60,false,b,true
188.966,-40,true,l,true
160,-40,false,l,true
192.948,-40,true,g,true
183.382,-60,false,g,true
181.613,-60,false,b,true
142.086,-60,false,b,true
168.923,-60,false,b,true
197.676,-60,false,b,true
206.581,-40,true,l,true
160,-40,false,l,true
199.462,-40,true,g,true
190.224,-60,false,g,true
151.823,-60,false,b,true
163.767,-60,false,b,true
174.413,-40,true,l,true
160,-40,false,l,true
204.471,-40,true,g,true
195.47,-60,false,g,true
199.288,-60,false,b,true
208.124,-40,true,l,true
160,-40,false,l,true
163.541,-40,true,g,true
152.137,-60,false,g,true
141.894,-60,false,b,true
154.058,-40,true,l,true
160,-40,false,l,true
183.578,-40,true,g,true
173.497,-60,false,g,true
174.587,-60,false,b,true
147.293,-60,false,b,true
186.728,-60,false,b,true
188.373,-60,false,b,true
197.698,-40,true,l,true
160,-40,false,l,true
197.173,-40,true,g,true
187.822,-60,false,g,true
171.936,-60,false,b,true
137.016,-60,false,b,true
162.078,-60,false,b,true
161.723,-60,false,b,true
172.494,-40,true,l,true
160,-40,false,l,true
178.619,-40,true,g,true
168.24,-60,false,g,true
138.079,-60,false,b,true
150.552,-40,true,l,true
160,-40,false,l,true
169.196,-40,true,g,true
158.201,-60,false,g,true
154.241,-60,false,b,true
198.736,-60,false,b,true
207.595,-40,true,l,true
160,-40,false,l,true
181.977,-40,true,g,true
171.801,-60,false,g,true
136.276,-60,false,b,true
148.9,-40,true,l,true
160,-40,false,l,true
190.113,-40,true,g,true
180.397,-60,false,g,true
181.741,-60,false,b,true
159.687,-60,false,b,true
198.052,-60,false,b,true
193.222,-60,false,b,true
193.144,-60,false,b,true
202.249,-40,true,l,true
160,-40,false,l,true
158.474,-40,true,g,true
146.677,-60,false,g,true
169.656,-60,false,b,true
196.582,-60,false,b,true
205.535,-40,true,l,true
160,-40,false,l,true
195.678,-40,true,g,true
186.253,-60,false,g,true
182.484,-60,false,b,true
136.693,-60,false,b,true
168.445,-60,false,b,true
170.909,-60,false,b,true
181.135,-40,true,l,true
160,-40,false,l,true
171.17,-40,true,g,true
160.309,-60,false,g,true
140.074,-60,false,b,true
165.035,-60,false,b,true
175.604,-40,true,l,true
160,-40,false,l,true
174.618,-40,true,g,true
163.986,-60,false,g,true
135.805,-60,false,b,true
139.711,-60,false,b,true
156.988,-60,false,b,true
152.282,-60,false,b,true
180.144,-60,false,b,true
189.873,-40,true,l,true
160,-40,false,l,true
186.721,-40,true,g,true
176.818,-60,false,g,true
138.053,-60,false,b,true
155.14,-60,false,b,true
197.175,-60,false,b,true
206.102,-40,true,l,true
160,-40,false,l,true
205.089,-40,true,g,true
196.117,-60,false,g,true
172.911,-60,false,b,true
143.16,-60,false,b,true
187.253,-60,false,b,true
165.864,-60,false,b,true
176.383,-40,true,l,true
160,-40,false,l,true
193.85,-40,true,g,true
184.331,-60,false,g,true
161.159,-60,false,b,true
137.503,-60,false,b,true
150.024,-40,true,l,true
160,-40,false,l,true
208.79,-40,true,g,true
199.983,-60,false,g,true
173.684,-60,false,b,true
178.54,-60,false,b,true
173.956,-60,false,b,true
184.012,-40,true,l,true
160,-40,false,l,true
162.046,-40,true,g,true
150.529,-60,false,g,true
159.089,-60,false,b,true
135.834,-60,false,b,true
175.787,-60,false,b,true
147.329,-60,false,b,true
159.078,-40,true,l,true
160,-40,false,l,true
150.47,-40,true,g,true
137.99,-60,false,g,true
147.042,-60,false,b,true
158.812,-40,true,l,true
160,-40,false,l,true
183.802,-40,true,g,true
173.733,-60,false,g,true
142.638,-60,false,b,true
153.571,-60,false,b,true
143.426,-60,false,b,true
155.47,-40,true,l,true
160,-40,false,l,true
208.481,-40,true,g,true
199.66,-60,false,g,true
197.556,-60,false,b,true
165.702,-60,false,b,true
194.447,-60,false,b,true
195.382,-60,false,b,true
204.387,-40,true,l,true
160,-40,false,l,true
175.975,-40,true,g,true
165.43,-60,false,g,true
165.279,-60,false,b,true
175.833,-40,true,l,true
160,-40,false,l,true
204.983,-40,true,g,true
196.006,-60,false,g,true
199.773,-60,false,b,true
181.03,-60,false,b,true
199.798,-60,false,b,true
208.612,-40,true,l,true
160,-40,false,l,true
204.967,-40,true,g,true
195.988,-60,false,g,true
194.475,-60,false,b,true
156.161,-60,false,b,true
193.609,-60,false,b,true
162.728,-60,false,b,true
173.437,-40,true,l,true
160,-40,false,l,true
202.752,-40,true,g,true
193.671,-60,false,g,true
192.85,-60,false,b,true
164.347,-60,false,b,true
197.808,-60,false,b,true
206.708,-40,true,l,true
160,-40,false,l,true
158.243,-40,true,g,true
146.427,-60,false,g,true
171.691,-60,false,b,true
181.873,-40,true,l,true
160,-40,false,l,true
186.772,-40,true,g,true
176.872,-60,false,g,true
175.216,-60,false,b,true
137.063,-60,false,b,true
177.076,-60,false,b,true
186.965,-40,true,l,true
160,-40,false,l,true
202.939,-40,true,g,true
193.866,-60,false,g,true
191.355,-60,false,b,true
152.147,-60,false,b,true
182.216,-60,false,b,true
197.083,-60,false,b,true
197.741,-60,false,b,true
206.643,-40,true,l,true
160,-40,false,l,true
178.942,-40,true,g,true
168.583,-60,false,g,true
166.484,-60,false,b,true
135.492,-60,false,b,true
184.466,-60,false,b,true
185.658,-60,false,b,true
195.113,-40,true,l,true
160,-40,false,l,true
205.665,-40,true,g,true
196.718,-60,false,g,true
144.453,-60,false,b,true
156.419,-40,true,l,true
160,-40,false,l,true
163.987,-40,true,g,true
152.616,-60,false,g,true
146.502,-60,false,b,true
196.081,-60,false,b,true
205.056,-40,true,l,true
160,-40,false,l,true
180.933,-40,true,g,true
170.694,-60,false,g,true
168.429,-60,false,b,true
140.784,-60,false,b,true
184.292,-60,false,b,true
193.813,-40,true,l,true
160,-40,false,l,true
197.914,-40,true,g,true
188.6,-60,false,g,true
135.743,-60,false,b,true
157.943,-60,false,b,true
163.333,-60,false,b,true
174.004,-40,true,l,true
160,-40,false,l,true
188.809,-40,true,g,true
179.022,-60,false,g,true
174.951,-60,false,b,true
141.15,-60,false,b,true
197.253,-60,false,b,true
188.53,-60,false,b,true
178.91,-60,false,b,true
188.703,-40,true,l,true
160,-40,false,l,true
160.161,-40,true,g,true
148.498,-60,false,g,true
169.317,-60,false,b,true
179.634,-40,true,l,true
160,-40,false,l,true
197.739,-40,true,g,true
188.416,-60,false,g,true
139.738,-60,false,b,true
180.789,-60,false,b,true
157.899,-60,false,b,true
168.915,-40,true,l,true
160,-40,false,l,true
205.259,-40,true,g,true
196.294,-60,false,g,true
161.233,-60,false,b,true
152.517,-60,false,b,true
