x,z,relay,string,error,index
160,-60,false,f,true
148.081,-60,false,b,true
159.774,-40,true,l,true
160,-40,false,l,true
168.383,-40,true,g,true
157.33,-60,false,g,true
148.681,-60,false,b,true
160.331,-40,true,l,true
160,-40,false,l,true
160.547,-40,true,g,true
148.914,-60,false,g,true
141.014,-60,false,b,true
153.248,-40,true,l,true
160,-40,false,l,true
197.354,-40,true,g,true
188.012,-60,false,g,true
185.992,-60,false,b,true
195.43,-40,true,l,true
160,-40,false,l,true
154.041,-40,true,g,true
141.875,-60,false,g,true
181.8,-60,false,b,true
191.445,-40,true,l,true
160,-40,false,l,true
198.203,-40,true,g,true
188.903,-60,false,g,true
186.326,-60,false,b,true
190.143,-60,false,b,true
169.696,-60,false,b,true
179.991,-40,true,l,true
160,-40,false,l,true
165.429,-40,true,g,true
154.164,-60,false,g,true
149.305,-60,false,b,true
188.878,-60,false,b,true
198.179,-40,true,l,true
160,-40,false,l,true
156.743,-40,true,g,true
144.804,-60,false,g,true
137.016,-60,false,b,true
149.577,-40,true,l,true
160,-40,false,l,true
190.876,-40,true,g,true
181.201,-60,false,g,true
177.426,-60,false,b,true
139.89,-60,false,b,true
180.119,-60,false,b,true
183.378,-60,false,b,true
192.944,-40,true,l,true
160,-40,false,l,true
179.319,-40,true,g,true
168.983,-60,false,g,true
141.108,-60,false,b,true
153.334,-40,true,l,true
160,-40,false,l,true
153.403,-40,true,g,true
141.183,-60,false,g,true
144.833,-60,false,b,true
175.274,-60,false,b,true
185.26,-40,true,l,true
160,-40,false,l,true
199.439,-40,true,g,true
190.2,-60,false,g,true
187.531,-60,false,b,true
196.896,-40,true,l,true
160,-40,false,l,true
183.862,-40,true,g,true
173.797,-60,false,g,true
139.322,-60,false,b,true
151.692,-40,true,l,true
160,-40,false,l,true
166.757,-40,true,g,true
155.589,-60,false,g,true
150.253,-60,false,b,true
161.79,-40,true,l,true
160,-40,false,l,true
150.62,-40,true,g,true
138.153,-60,false,g,true
137.1,-60,false,b,true
149.654,-40,true,l,true
160,-40,false,l,true
190.073,-40,true,g,true
180.354,-60,false,g,true
137.695,-60,false,b,true
145.523,-60,false,b,true
157.813,-60,false,b,true
168.834,-40,true,l,true
160,-40,false,l,true
167.096,-40,true,g,true
155.952,-60,false,g,true
147.415,-60,false,b,true
194.328,-60,false,b,true
203.38,-40,true,l,true
160,-40,false,l,true
161.304,-40,true,g,true
149.729,-60,false,g,true
144.649,-60,false,b,true
156.599,-40,true,l,true
160,-40,false,l,true
195.097,-40,true,g,true
185.641,-60,false,g,true
185.36,-60,false,b,true
156.894,-60,false,b,true
167.975,-40,true,l,true
160,-40,false,l,true
167.739,-40,true,g,true
156.64,-60,false,g,true
159.116,-60,false,b,true
170.053,-40,true,l,true
160,-40,false,l,true
208.452,-40,true,g,true
199.63,-60,false,g,true
171.311,-60,false,b,true
188.142,-60,false,b,true
147.438,-60,false,b,true
183.468,-60,false,b,true
186.691,-60,false,b,true
196.095,-40,true,l,true
160,-40,false,l,true
180.492,-40,true,g,true
170.227,-60,false,g,true
137.656,-60,false,b,true
150.164,-40,true,l,true
160,-40,false,l,true
161.858,-40,true,g,true
150.327,-60,false,g,true
142.04,-60,false,b,true
154.193,-40,true,l,true
160,-40,false,l,true
165.447,-40,true,g,true
154.184,-60,false,g,true
138.562,-60,false,b,true
150.995,-40,true,l,true
160,-40,false,l,true
204.448,-40,true,g,true
195.446,-60,false,g,true
154.194,-60,false,b,true
184.529,-60,false,b,true
183.455,-60,false,b,true
193.017,-40,true,l,true
160,-40,false,l,true
182.41,-40,true,g,true
172.26,-60,false,g,true
137.185,-60,false,b,true
153.305,-60,false,b,true
164.628,-40,true,l,true
160,-40,false,l,true
169.696,-40,true,g,true
158.735,-60,false,g,true
197.971,-60,false,b,true
206.863,-40,true,l,true
160,-40,false,l,true
187.207,-40,true,g,true
177.331,-60,false,g,true
173.7,-60,false,b,true
136.06,-60,false,b,true
154.252,-60,false,b,true
165.51,-40,true,l,true
160,-40,false,l,true
166.352,-40,true,g,true
155.154,-60,false,g,true
145.814,-60,false,b,true
157.676,-40,true,l,true
160,-40,false,l,true
175.46,-40,true,g,true
164.883,-60,false,g,true
158.118,-60,false,b,true
169.119,-40,true,l,true
160,-40,false,l,true
205.081,-40,true,g,true
196.108,-60,false,g,true
142.143,-60,false,b,true
154.287,-40,true,l,true
160,-40,false,l,true
205.303,-40,true,g,true
196.34,-60,false,g,true
194.305,-60,false,b,true
161.455,-60,false,b,true
198.507,-60,false,b,true
186.736,-60,false,b,true
196.139,-40,true,l,true
160,-40,false,l,true
195.798,-40,true,g,true
186.378,-60,false,g,true
150.844,-60,false,b,true
157.099,-60,false,b,true
168.167,-40,true,l,true
160,-40,false,l,true
165.618,-40,true,g,true
154.368,-60,false,g,true
187.615,-60,false,b,true
196.976,-40,true,l,true
160,-40,false,l,true
163.327,-40,true,g,true
151.907,-60,false,g,true
170.507,-60,false,b,true
180.756,-40,true,l,true
160,-40,false,l,true
188.957,-40,true,g,true
179.178,-60,false,g,true
176.265,-60,false,b,true
146.035,-60,false,b,true
186.274,-60,false,b,true
160.204,-60,false,b,true
171.071,-40,true,l,true
160,-40,false,l,true
154.96,-40,true,g,true
142.873,-60,false,g,true
142.595,-60,false,b,true
154.704,-40,true,l,true
160,-40,false,l,true
186.896,-40,true,g,true
177.003,-60,false,g,true
173.377,-60,false,b,true
138.046,-60,false,b,true
176.96,-60,false,b,true
179.049,-60,false,b,true
188.834,-40,true,l,true
160,-40,false,l,true
183.586,-40,true,g,true
173.504,-60,false,g,true
171.516,-60,false,b,true
186.592,-60,false,b,true
146.316,-60,false,b,true
141.995,-60,false,b,true
154.152,-40,true,l,true
160,-40,false,l,true
148.431,-40,true,g,true
135.764,-60,false,g,true
172.384,-60,false,b,true
138.698,-60,false,b,true
165.933,-60,false,b,true
138.034,-60,false,b,true
158.356,-60,false,b,true
169.342,-40,true,l,true
160,-40,false,l,true
161.873,-40,true,g,true
150.343,-60,false,g,true
144.474,-60,false,b,true
156.438,-40,true,l,true
160,-40,false,l,true
164.503,-40,true,g,true
153.17,-60,false,g,true
143.74,-60,false,b,true
144.348,-60,false,b,true
156.321,-40,true,l,true
160,-40,false,l,true
195.797,-40,true,g,true
186.377,-60,false,g,true
185.79,-60,false,b,true
156.958,-60,false,b,true
168.036,-40,true,l,true
160,-40,false,l,true
167.854,-40,true,g,true
156.764,-60,false,g,true
159.212,-60,false,b,true
170.143,-40,true,l,true
160,-40,false,l,true
182.746,-40,true,g,true
172.616,-60,false,g,true
148.114,-60,false,b,true
146.525,-60,false,b,true
155.954,-60,false,b,true
144.383,-60,false,b,true
146.36,-60,false,b,true
158.181,-40,true,l,true
160,-40,false,l,true
204.929,-40,true,g,true
195.948,-60,false,g,true
167.514,-60,false,b,true
135.547,-60,false,b,true
149.367,-60,false,b,true
142.268,-60,false,b,true
154.403,-40,true,l,true
160,-40,false,l,true
167.64,-40,true,g,true
156.534,-60,false,g,true
150.471,-60,false,b,true
161.993,-40,true,l,true
160,-40,false,l,true
192.138,-40,true,g,true
182.53,-60,false,g,true
180.216,-60,false,b,true
149.341,-60,false,b,true
183.422,-60,false,b,true
180.344,-60,false,b,true
190.063,-40,true,l,true
160,-40,false,l,true
168.384,-40,true,g,true
157.331,-60,false,g,true
154.321,-60,false,b,true
165.574,-40,true,l,true
160,-40,false,l,true
198.808,-40,true,g,true
189.538,-60,false,g,true
189.314,-60,false,b,true
198.595,-40,true,l,true
160,-40,false,l,true
179.798,-40,true,g,true
169.491,-60,false,g,true
166.233,-60,false,b,true
176.73,-40,true,l,true
160,-40,false,l,true
208.218,-40,true,g,true
199.385,-60,false,g,true
146.011,-60,false,b,true
157.858,-40,true,l,true
160,-40,false,l,true
172.915,-40,true,g,true
162.172,-60,false,g,true
142.306,-60,false,b,true
187.249,-60,false,b,true
196.627,-40,true,l,true
160,-40,false,l,true
192.675,-40,true,g,true
183.095,-60,false,g,true
137.654,-60,false,b,true
151.202,-60,false,b,true
171.779,-60,false,b,true
173.765,-60,false,b,true
183.832,-40,true,l,true
160,-40,false,l,true
200.517,-40,true,g,true
191.33,-60,false,g,true
186.839,-60,false,b,true
145.573,-60,false,b,true
181.243,-60,false,b,true
184.393,-60,false,b,true
193.909,-40,true,l,true
160,-40,false,l,true
179.494,-40,true,g,true
169.169,-60,false,g,true
168.176,-60,false,b,true
135.137,-60,false,b,true
147.858,-40,true,l,true
160,-40,false,l,true
203.346,-40,true,g,true
194.293,-60,false,g,true
151.73,-60,false,b,true
157.238,-60,false,b,true
168.297,-40,true,l,true
160,-40,false,l,true
158.255,-40,true,g,true
146.44,-60,false,g,true
148.582,-60,false,b,true
160.24,-40,true,l,true
160,-40,false,l,true
196.375,-40,true,g,true
186.984,-60,false,g,true
185.5,-60,false,b,true
155.819,-60,false,b,true
199.798,-60,false,b,true
198.21,-60,false,b,true
207.092,-40,true,l,true
160,-40,false,l,true
162.102,-40,true,g,true
150.589,-60,false,g,true
154.297,-60,false,b,true
165.552,-40,true,l,true
160,-40,false,l,true
189.494,-40,true,g,true
179.744,-60,false,g,true
144.003,-60,false,b,true
156.002,-40,true,l,true
160,-40,false,l,true
162.985,-40,true,g,true
151.54,-60,false,g,true
143.033,-60,false,b,true
155.108,-40,true,l,true
160,-40,false,l,true
193.634,-40,true,g,true
184.103,-60,false,g,true
183.819,-60,false,b,true
193.364,-40,true,l,true
160,-40,false,l,true
164.662,-40,true,g,true
153.342,-60,false,g,true
144.302,-60,false,b,true
156.279,-40,true,l,true
160,-40,false,l,true
153.852,-40,true,g,true
141.67,-60,false,g,true
146.211,-60,false,b,true
158.043,-40,true,l,true
160,-40,false,l,true
179.575,-40,true,g,true
169.255,-60,false,g,true
154.574,-60,false,b,true
165.81,-40,true,l,true
160,-40,false,l,true
177.42,-40,true,g,true
166.966,-60,false,g,true
166.573,-60,false,b,true
136.403,-60,false,b,true
174.164,-60,false,b,true
141.753,-60,false,b,true
153.929,-40,true,l,true
160,-40,false,l,true
155.829,-40,true,g,true
143.814,-60,false,g,true
136.189,-60,false,b,true
148.82,-40,true,l,true
160,-40,false,l,true
198.667,-40,true,g,true
189.39,-60,false,g,true
187.268,-60,false,b,true
193.106,-60,false,b,true
145.468,-60,false,b,true
158.47,-60,false,b,true
169.448,-40,true,l,true
160,-40,false,l,true
194.143,-40,true,g,true
184.639,-60,false,g,true
182.89,-60,false,b,true
151.155,-60,false,b,true
162.628,-40,true,l,true
160,-40,false,l,true
150.073,-40,true,g,true
137.556,-60,false,g,true
147.622,-60,false,b,true
136.548,-60,false,b,true
149.149,-40,true,l,true
160,-40,false,l,true
199.331,-40,true,g,true
190.086,-60,false,g,true
136.971,-60,false,b,true
149.536,-40,true,l,true
160,-40,false,l,true
200.185,-40,true,g,true
190.981,-60,false,g,true
197.606,-60,false,b,true
140.546,-60,false,b,true
178.483,-60,false,b,true
188.298,-40,true,l,true
160,-40,false,l,true
172.157,-40,true,g,true
161.363,-60,false,g,true
152.723,-60,false,b,true
154.977,-60,false,b,true
166.186,-40,true,l,true
160,-40,false,l,true
164.69,-40,true,g,true
153.371,-60,false,g,true
160.005,-60,false,b,true
199.527,-60,false,b,true
168.148,-60,false,b,true
178.533,-40,true,l,true
160,-40,false,l,true
185.134,-40,true,g,true
175.142,-60,false,g,true
177.923,-60,false,b,true
178.893,-60,false,b,true
188.687,-40,true,l,true
160,-40,false,l,true
