x,z,relay,string,error,index
160,-60,false,f,true
160,-40,false,l,true
175.389,-40,true,g,true
164.807,-60,false,g,true
156.641,-60,false,b,true
196.598,-60,false,b,true
205.55,-40,true,l,true
160,-40,false,l,true
174.174,-40,true,g,true
163.514,-60,false,g,true
198.764,-60,false,b,true
207.623,-40,true,l,true
160,-40,false,l,true
159.125,-40,true,g,true
147.38,-60,false,g,true
189.877,-60,false,b,true
199.132,-40,true,l,true
160,-40,false,l,true
201.717,-40,true,g,true
192.587,-60,false,g,true
193.734,-60,false,b,true
202.812,-40,true,l,true
160,-40,false,l,true
187.003,-40,true,g,true
177.116,-60,false,g,true
174.644,-60,false,b,true
184.663,-40,true,l,true
160,-40,false,l,true
162.073,-40,true,g,true
150.558,-60,false,g,true
198.3,-60,false,b,true
207.178,-40,true,l,true
160,-40,false,l,true
198.585,-40,true,g,true
189.304,-60,false,g,true
186.295,-60,false,b,true
195.718,-40,true,l,true
160,-40,false,l,true
152.996,-40,true,g,true
140.74,-60,false,g,true
199.529,-60,false,b,true
208.355,-40,true,l,true
160,-40,false,l,true
165.587,-40,true,g,true
154.335,-60,false,g,true
179.346,-60,false,b,true
189.116,-40,true,l,true
160,-40,false,l,true
167.062,-40,true,g,true
155.915,-60,false,g,true
163.85,-60,false,b,true
195.891,-60,false,b,true
204.874,-40,true,l,true
160,-40,false,l,true
177.409,-40,true,g,true
166.955,-60,false,g,true
198.454,-60,false,b,true
207.325,-40,true,l,true
160,-40,false,l,true
150.933,-40,true,g,true
138.494,-60,false,g,true
149.595,-60,false,b,true
184.725,-60,false,b,true
194.225,-40,true,l,true
160,-40,false,l,true
157.112,-40,true,g,true
145.204,-60,false,g,true
152.674,-60,false,b,true
199.106,-60,false,b,true
207.95,-40,true,l,true
160,-40,false,l,true
170.268,-40,true,g,true
159.347,-60,false,g,true
198.077,-60,false,b,true
206.965,-40,true,l,true
160,-40,false,l,true
153.175,-40,true,g,true
140.935,-60,false,g,true
162.674,-60,false,b,true
173.386,-40,true,l,true
160,-40,false,l,true
156.447,-40,true,g,true
144.484,-60,false,g,true
143.048,-60,false,b,true
149.791,-60,false,b,true
161.361,-40,true,l,true
160,-40,false,l,true
167.713,-40,true,g,true
156.614,-60,false,g,true
188.759,-60,false,b,true
199.165,-60,false,b,true
208.006,-40,true,l,true
160,-40,false,l,true
153.616,-40,true,g,true
141.414,-60,false,g,true
197.778,-60,false,b,true
206.678,-40,true,l,true
160,-40,false,l,true
162.335,-40,true,g,true
150.839,-60,false,g,true
194.259,-60,false,b,true
203.314,-40,true,l,true
160,-40,false,l,true
154.812,-40,true,g,true
142.712,-60,false,g,true
173.873,-60,false,b,true
177.282,-60,false,b,true
187.16,-40,true,l,true
160,-40,false,l,true
204.252,-40,true,g,true
195.241,-60,false,g,true
178.913,-60,false,b,true
188.706,-40,true,l,true
160,-40,false,l,true
163.955,-40,true,g,true
152.582,-60,false,g,true
193.281,-60,false,b,true
202.38,-40,true,l,true
160,-40,false,l,true
166.106,-40,true,g,true
154.89,-60,false,g,true
195.479,-60,false,b,true
204.48,-40,true,l,true
160,-40,false,l,true
172.781,-40,true,g,true
162.029,-60,false,g,true
193.707,-60,false,b,true
202.786,-40,true,l,true
160,-40,false,l,true
151.394,-40,true,g,true
138.996,-60,false,g,true
188.23,-60,false,b,true
197.561,-40,true,l,true
160,-40,false,l,true
153.311,-40,true,g,true
141.082,-60,false,g,true
189.715,-60,false,b,true
198.977,-40,true,l,true
160,-40,false,l,true
163.428,-40,true,g,true
152.016,-60,false,g,true
177.294,-60,false,b,true
187.171,-40,true,l,true
160,-40,false,l,true
157.581,-40,true,g,true
145.711,-60,false,g,true
147.726,-60,false,b,true
159.446,-40,true,l,true
160,-40,false,l,true
204.954,-40,true,g,true
195.974,-60,false,g,true
197.106,-60,false,b,true
206.036,-40,true,l,true
160,-40,false,l,true
169.2,-40,true,g,true
158.204,-60,false,g,true
173.84,-60,false,b,true
183.903,-40,true,l,true
160,-40,false,l,true
189.503,-40,true,g,true
179.754,-60,false,g,true
178.667,-60,false,b,true
188.473,-40,true,l,true
160,-40,false,l,true
154.413,-40,true,g,true
142.279,-60,false,g,true
199.94,-60,false,b,true
208.749,-40,true,l,true
160,-40,false,l,true
148.675,-40,true,g,true
136.03,-60,false,g,true
192.361,-60,false,b,true
201.502,-40,true,l,true
160,-40,false,l,true
162.828,-40,true,g,true
151.371,-60,false,g,true
198.366,-60,false,b,true
207.242,-40,true,l,true
160,-40,false,l,true
166.585,-40,true,g,true
155.405,-60,false,g,true
179.907,-60,false,b,true
189.648,-40,true,l,true
160,-40,false,l,true
197.433,-40,true,g,true
188.095,-60,false,g,true
183.566,-60,false,b,true
193.123,-40,true,l,true
160,-40,false,l,true
186.632,-40,true,g,true
176.724,-60,false,g,true
198.681,-60,false,b,true
207.543,-40,true,l,true
160,-40,false,l,true
164.14,-40,true,g,true
152.781,-60,false,g,true
185.397,-60,false,b,true
194.864,-40,true,l,true
160,-40,false,l,true
159.782,-40,true,g,true
148.089,-60,false,g,true
166.465,-60,false,b,true
176.948,-40,true,l,true
160,-40,false,l,true
158.64,-40,true,g,true
146.856,-60,false,g,true
150.241,-60,false,b,true
161.779,-40,true,l,true
160,-40,false,l,true
198.293,-40,true,g,true
188.998,-60,false,g,true
191.344,-60,false,b,true
200.53,-40,true,l,true
160,-40,false,l,true
149.106,-40,true,g,true
136.502,-60,false,g,true
182.062,-60,false,b,true
191.694,-40,true,l,true
160,-40,false,l,true
169.13,-40,true,g,true
158.13,-60,false,g,true
185.774,-60,false,b,true
195.223,-40,true,l,true
160,-40,false,l,true
165.94,-40,true,g,true
154.713,-60,false,g,true
155.544,-60,false,b,true
177.202,-60,false,b,true
187.085,-40,true,l,true
160,-40,false,l,true
174.585,-40,true,g,true
163.951,-60,false,g,true
160.434,-60,false,b,true
173.429,-60,false,b,true
183.515,-40,true,l,true
160,-40,false,l,true
148.51,-40,true,g,true
135.85,-60,false,g,true
160.74,-60,false,b,true
171.573,-40,true,l,true
160,-40,false,l,true
168.562,-40,true,g,true
157.521,-60,false,g,true
152.4,-60,false,b,true
163.786,-40,true,l,true
160,-40,false,l,true
177.788,-40,true,g,true
167.358,-60,false,g,true
194.535,-60,false,b,true
203.577,-40,true,l,true
160,-40,false,l,true
148.531,-40,true,g,true
135.873,-60,false,g,true
154.962,-60,false,b,true
166.172,-40,true,l,true
160,-40,false,l,true
165.064,-40,true,g,true
153.773,-60,false,g,true
199.048,-60,false,b,true
207.895,-40,true,l,true
160,-40,false,l,true
174.576,-40,true,g,true
163.941,-60,false,g,true
198.376,-60,false,b,true
207.251,-40,true,l,true
160,-40,false,l,true
161.493,-40,true,g,true
149.933,-60,false,g,true
193.26,-60,false,b,true
202.36,-40,true,l,true
160,-40,false,l,true
153.997,-40,true,g,true
141.827,-60,false,g,true
172.888,-60,false,b,true
176.292,-60,false,b,true
186.223,-40,true,l,true
160,-40,false,l,true
204.939,-40,true,g,true
195.96,-60,false,g,true
197.816,-60,false,b,true
206.715,-40,true,l,true
160,-40,false,l,true
151.789,-40,true,g,true
139.427,-60,false,g,true
183.975,-60,false,b,true
193.512,-40,true,l,true
160,-40,false,l,true
178.393,-40,true,g,true
168,-60,false,g,true
199.679,-60,false,b,true
208.499,-40,true,l,true
160,-40,false,l,true
168.246,-40,true,g,true
157.183,-60,false,g,true
186.127,-60,false,b,true
195.559,-40,true,l,true
160,-40,false,l,true
161.345,-40,true,g,true
149.774,-60,false,g,true
195.641,-60,false,b,true
204.634,-40,true,l,true
160,-40,false,l,true
164.115,-40,true,g,true
152.754,-60,false,g,true
191.063,-60,false,b,true
200.262,-40,true,l,true
160,-40,false,l,true
195.468,-40,true,g,true
186.031,-60,false,g,true
158.666,-60,false,b,true
199.895,-60,false,b,true
208.706,-40,true,l,true
160,-40,false,l,true
191.366,-40,true,g,true
181.717,-60,false,g,true
177.63,-60,false,b,true
151.359,-60,false,b,true
171.716,-60,false,b,true
181.896,-40,true,l,true
160,-40,false,l,true
176.375,-40,true,g,true
165.855,-60,false,g,true
178.334,-60,false,b,true
188.157,-40,true,l,true
160,-40,false,l,true
159.041,-40,true,g,true
147.289,-60,false,g,true
194.803,-60,false,b,true
203.834,-40,true,l,true
160,-40,false,l,true
155.076,-40,true,g,true
142.999,-60,false,g,true
135.069,-60,false,b,true
195.065,-60,false,b,true
204.084,-40,true,l,true
160,-40,false,l,true
155.766,-40,true,g,true
143.747,-60,false,g,true
146.158,-60,false,b,true
160.22,-60,false,b,true
171.086,-40,true,l,true
160,-40,false,l,true
207.993,-40,true,g,true
199.151,-60,false,g,true
197.708,-60,false,b,true
206.612,-40,true,l,true
160,-40,false,l,true
164.313,-40,true,g,true
152.966,-60,false,g,true
192.899,-60,false,b,true
202.015,-40,true,l,true
160,-40,false,l,true
198.17,-40,true,g,true
188.868,-60,false,g,true
196.689,-60,false,b,true
205.637,-40,true,l,true
160,-40,false,l,true
155.334,-40,true,g,true
143.278,-60,false,g,true
185.155,-60,false,b,true
194.634,-40,true,l,true
160,-40,false,l,true
175.588,-40,true,g,true
165.019,-60,false,g,true
180.299,-60,false,b,true
190.021,-40,true,l,true
160,-40,false,l,true
170.704,-40,true,g,true
159.812,-60,false,g,true
199.361,-60,false,b,true
208.194,-40,true,l,true
160,-40,false,l,true
160.527,-40,true,g,true
148.892,-60,false,g,true
181.785,-60,false,b,true
191.431,-40,true,l,true
160,-40,false,l,true
190.425,-40,true,g,true
180.725,-60,false,g,true
146.944,-60,false,b,true
199.386,-60,false,b,true
208.218,-40,true,l,true
160,-40,false,l,true
156.827,-40,true,g,true
144.895,-60,false,g,true
175.377,-60,false,b,true
185.357,-40,true,l,true
160,-40,false,l,true
167.207,-40,true,g,true
156.071,-60,false,g,true
196.72,-60,false,b,true
205.667,-40,true,l,true
160,-40,false,l,true
152.674,-40,true,g,true
140.39,-60,false,g,true
187.885,-60,false,b,true
197.232,-40,true,l,true
160,-40,false,l,true
163.616,-40,true,g,true
152.218,-60,false,g,true
195.331,-60,false,b,true
204.338,-40,true,l,true
160,-40,false,l,true
156.115,-40,true,g,true
144.125,-60,false,g,true
196.842,-60,false,b,true
205.783,-40,true,l,true
160,-40,false,l,true
150.583,-40,true,g,true
138.113,-60,false,g,true
177.705,-60,false,b,true
187.561,-40,true,l,true
160,-40,false,l,true
160.317,-40,true,g,true
148.666,-60,false,g,true
157.482,-60,false,b,true
168.525,-40,true,l,true
160,-40,false,l,true
196.668,-40,true,g,true
187.292,-60,false,g,true
199.882,-60,false,b,true
208.693,-40,true,l,true
160,-40,false,l,true
205.484,-40,true,g,true
196.529,-60,false,g,true
194.605,-60,false,b,true
203.645,-40,true,l,true
160,-40,false,l,true
148.103,-40,true,g,true
135.405,-60,false,g,true
164.354,-60,false,b,true
174.963,-40,true,l,true
160,-40,false,l,true
158.88,-40,true,g,true
147.115,-60,false,g,true
152.62,-60,false,b,true
192.206,-60,false,b,true
201.353,-40,true,l,true
160,-40,false,l,true
193.799,-40,true,g,true
184.278,-60,false,g,true
194.717,-60,false,b,true
203.751,-40,true,l,true
160,-40,false,l,true
163.279,-40,true,g,true
151.855,-60,false,g,true
188.015,-60,false,b,true
197.357,-40,true,l,true
160,-40,false,l,true
154.794,-40,true,g,true
142.693,-60,false,g,true
148.561,-60,false,b,true
172.284,-60,false,b,true
182.433,-40,true,l,true
160,-40,false,l,true
149.111,-40,true,g,true
136.506,-60,false,g,true
186.763,-60,false,b,true
196.165,-40,true,l,true
160,-40,false,l,true
164.607,-40,true,g,true
153.282,-60,false,g,true
189.384,-60,false,b,true
198.662,-40,true,l,true
160,-40,false,l,true
148.862,-40,true,g,true
136.235,-60,false,g,true
186.976,-60,false,b,true
196.367,-40,true,l,true
160,-40,false,l,true
162.419,-40,true,g,true
150.931,-60,false,g,true
198.078,-60,false,b,true
206.966,-40,true,l,true
160,-40,false,l,true
153.412,-40,true,g,true
141.192,-60,false,g,true
148.06,-60,false,b,true
189.02,-60,false,b,true
198.315,-40,true,l,true
160,-40,false,l,true
171.565,-40,true,g,true
160.732,-60,false,g,true
158.405,-60,false,b,true
192.012,-60,false,b,true
201.168,-40,true,l,true
160,-40,false,l,true
