x,z,relay,string,error,index
160,-60,false,f,true
148.081,-60,false,b,true
159.774,-40,true,l,true
160,-40,false,l,true
185.357,-40,true,g,true
175.378,-60,false,g,true
143.555,-60,false,b,true
155.59,-40,true,l,true
160,-40,false,l,true
204.09,-40,true,g,true
195.071,-60,false,g,true
153.016,-60,false,b,true
164.359,-40,true,l,true
160,-40,false,l,true
202.649,-40,true,g,true
193.563,-60,false,g,true
144.475,-60,false,b,true
156.439,-40,true,l,true
160,-40,false,l,true
162.738,-40,true,g,true
151.273,-60,false,g,true
136.5,-60,false,b,true
149.105,-40,true,l,true
160,-40,false,l,true
183.952,-40,true,g,true
173.892,-60,false,g,true
136.853,-60,false,b,true
149.428,-40,true,l,true
160,-40,false,l,true
198.449,-40,true,g,true
189.161,-60,false,g,true
136.349,-60,false,b,true
148.967,-40,true,l,true
160,-40,false,l,true
166.687,-40,true,g,true
155.514,-60,false,g,true
140.838,-60,false,b,true
153.086,-40,true,l,true
160,-40,false,l,true
195.398,-40,true,g,true
185.958,-60,false,g,true
135.547,-60,false,b,true
148.233,-40,true,l,true
160,-40,false,l,true
154.353,-40,true,g,true
142.214,-60,false,g,true
141.811,-60,false,b,true
153.982,-40,true,l,true
160,-40,false,l,true
169.464,-40,true,g,true
158.487,-60,false,g,true
147.867,-60,false,b,true
153.64,-60,false,b,true
164.94,-40,true,l,true
160,-40,false,l,true
207.242,-40,true,g,true
198.366,-60,false,g,true
137.375,-60,false,b,true
149.906,-40,true,l,true
160,-40,false,l,true
182.504,-40,true,g,true
172.36,-60,false,g,true
157.674,-60,false,b,true
168.704,-40,true,l,true
160,-40,false,l,true
203.927,-40,true,g,true
194.901,-60,false,g,true
191.75,-60,false,b,true
157.753,-60,false,b,true
136.063,-60,false,b,true
137.047,-60,false,b,true
149.606,-40,true,l,true
160,-40,false,l,true
195.416,-40,true,g,true
185.977,-60,false,g,true
144.453,-60,false,b,true
156.418,-40,true,l,true
160,-40,false,l,true
176.488,-40,true,g,true
165.976,-60,false,g,true
137.461,-60,false,b,true
149.985,-40,true,l,true
160,-40,false,l,true
183.99,-40,true,g,true
173.932,-60,false,g,true
135.221,-60,false,b,true
147.935,-40,true,l,true
160,-40,false,l,true
179.94,-40,true,g,true
169.642,-60,false,g,true
147.924,-60,false,b,true
147.59,-60,false,b,true
159.32,-40,true,l,true
160,-40,false,l,true
170.948,-40,true,g,true
160.072,-60,false,g,true
145.063,-60,false,b,true
156.982,-40,true,l,true
160,-40,false,l,true
195.142,-40,true,g,true
185.688,-60,false,g,true
180.801,-60,false,b,true
190.497,-40,true,l,true
160,-40,false,l,true
179.142,-40,true,g,true
168.796,-60,false,g,true
160.444,-60,false,b,true
135.718,-60,false,b,true
148.389,-40,true,l,true
160,-40,false,l,true
194.923,-40,true,g,true
185.459,-60,false,g,true
146.397,-60,false,b,true
158.215,-40,true,l,true
160,-40,false,l,true
178.973,-40,true,g,true
168.616,-60,false,g,true
135.197,-60,false,b,true
147.913,-40,true,l,true
160,-40,false,l,true
185.578,-40,true,g,true
175.611,-60,false,g,true
137.979,-60,false,b,true
150.46,-40,true,l,true
160,-40,false,l,true
201.935,-40,true,g,true
192.815,-60,false,g,true
139.553,-60,false,b,true
151.905,-40,true,l,true
160,-40,false,l,true
158.497,-40,true,g,true
146.701,-60,false,g,true
138.818,-60,false,b,true
169.891,-60,false,b,true
180.174,-40,true,l,true
160,-40,false,l,true
204.658,-40,true,g,true
195.665,-60,false,g,true
147.285,-60,false,b,true
159.037,-40,true,l,true
160,-40,false,l,true
176.129,-40,true,g,true
165.594,-60,false,g,true
135.903,-60,false,b,true
148.559,-40,true,l,true
160,-40,false,l,true
192.617,-40,true,g,true
183.034,-60,false,g,true
138.7,-60,false,b,true
151.121,-40,true,l,true
160,-40,false,l,true
159.59,-40,true,g,true
147.882,-60,false,g,true
142.644,-60,false,b,true
154.749,-40,true,l,true
160,-40,false,l,true
175.246,-40,true,g,true
164.655,-60,false,g,true
145.797,-60,false,b,true
157.66,-40,true,l,true
160,-40,false,l,true
197.314,-40,true,g,true
187.971,-60,false,g,true
143.773,-60,false,b,true
155.79,-40,true,l,true
160,-40,false,l,true
181.871,-40,true,g,true
171.689,-60,false,g,true
153.023,-60,false,b,true
164.366,-40,true,l,true
160,-40,false,l,true
166.755,-40,true,g,true
155.587,-60,false,g,true
146.65,-60,false,b,true
158.449,-40,true,l,true
160,-40,false,l,true
203.193,-40,true,g,true
194.133,-60,false,g,true
158.191,-60,false,b,true
169.188,-40,true,l,true
160,-40,false,l,true
183.288,-40,true,g,true
173.189,-60,false,g,true
138.832,-60,false,b,true
151.242,-40,true,l,true
160,-40,false,l,true
200.583,-40,true,g,true
191.399,-60,false,g,true
136.561,-60,false,b,true
149.16,-40,true,l,true
160,-40,false,l,true
202.879,-40,true,g,true
193.804,-60,false,g,true
189.873,-60,false,b,true
199.127,-40,true,l,true
160,-40,false,l,true
156.391,-40,true,g,true
144.423,-60,false,g,true
137.595,-60,false,b,true
150.108,-40,true,l,true
160,-40,false,l,true
208.763,-40,true,g,true
199.955,-60,false,g,true
148.644,-60,false,b,true
160.297,-40,true,l,true
160,-40,false,l,true
149.068,-40,true,g,true
136.46,-60,false,g,true
139.143,-60,false,b,true
151.528,-40,true,l,true
160,-40,false,l,true
203.504,-40,true,g,true
194.458,-60,false,g,true
165.026,-60,false,b,true
175.595,-40,true,l,true
160,-40,false,l,true
156.179,-40,true,g,true
144.194,-60,false,g,true
147.122,-60,false,b,true
135.363,-60,false,b,true
148.065,-40,true,l,true
160,-40,false,l,true
201.529,-40,true,g,true
192.39,-60,false,g,true
137.396,-60,false,b,true
149.926,-40,true,l,true
160,-40,false,l,true
150.948,-40,true,g,true
138.51,-60,false,g,true
143.8,-60,false,b,true
155.815,-40,true,l,true
160,-40,false,l,true
197.513,-40,true,g,true
188.179,-60,false,g,true
149.851,-60,false,b,true
161.417,-40,true,l,true
160,-40,false,l,true
162.42,-40,true,g,true
150.931,-60,false,g,true
144.361,-60,false,b,true
147.538,-60,false,b,true
159.271,-40,true,l,true
160,-40,false,l,true
171.48,-40,true,g,true
160.641,-60,false,g,true
145.212,-60,false,b,true
157.119,-40,true,l,true
160,-40,false,l,true
196.019,-40,true,g,true
186.61,-60,false,g,true
181.725,-60,false,b,true
191.374,-40,true,l,true
160,-40,false,l,true
179.603,-40,true,g,true
169.284,-60,false,g,true
181.288,-60,false,b,true
137.912,-60,false,b,true
150.399,-40,true,l,true
160,-40,false,l,true
206.784,-40,true,g,true
197.888,-60,false,g,true
196.859,-60,false,b,true
205.799,-40,true,l,true
160,-40,false,l,true
181.467,-40,true,g,true
171.261,-60,false,g,true
157.865,-60,false,b,true
151.17,-60,false,b,true
162.642,-40,true,l,true
160,-40,false,l,true
205.261,-40,true,g,true
196.296,-60,false,g,true
144.034,-60,false,b,true
156.032,-40,true,l,true
160,-40,false,l,true
195.327,-40,true,g,true
185.883,-60,false,g,true
146.511,-60,false,b,true
158.321,-40,true,l,true
160,-40,false,l,true
179.433,-40,true,g,true
169.104,-60,false,g,true
153.57,-60,false,b,true
164.875,-40,true,l,true
160,-40,false,l,true
177.658,-40,true,g,true
167.219,-60,false,g,true
160.135,-60,false,b,true
171.007,-40,true,l,true
160,-40,false,l,true
196.445,-40,true,g,true
187.058,-60,false,g,true
162.454,-60,false,b,true
173.18,-40,true,l,true
160,-40,false,l,true
201.496,-40,true,g,true
192.355,-60,false,g,true
179.732,-60,false,b,true
189.482,-40,true,l,true
160,-40,false,l,true
157.841,-40,true,g,true
145.992,-60,false,g,true
139.127,-60,false,b,true
151.514,-40,true,l,true
160,-40,false,l,true
201.558,-40,true,g,true
192.42,-60,false,g,true
186.592,-60,false,b,true
196.002,-40,true,l,true
160,-40,false,l,true
203.485,-40,true,g,true
194.438,-60,false,g,true
139.695,-60,false,b,true
152.035,-40,true,l,true
160,-40,false,l,true
194.55,-40,true,g,true
185.067,-60,false,g,true
177.229,-60,false,b,true
187.11,-40,true,l,true
160,-40,false,l,true
182.235,-40,true,g,true
172.074,-60,false,g,true
138.016,-60,false,b,true
150.494,-40,true,l,true
160,-40,false,l,true
196.446,-40,true,g,true
187.059,-60,false,g,true
148.28,-60,false,b,true
159.959,-40,true,l,true
160,-40,false,l,true
180.565,-40,true,g,true
170.305,-60,false,g,true
135.716,-60,false,b,true
148.387,-40,true,l,true
160,-40,false,l,true
206.422,-40,true,g,true
197.51,-60,false,g,true
150.364,-60,false,b,true
161.893,-40,true,l,true
160,-40,false,l,true
206.665,-40,true,g,true
197.764,-60,false,g,true
147.124,-60,false,b,true
158.888,-40,true,l,true
160,-40,false,l,true
193.591,-40,true,g,true
184.058,-60,false,g,true
150.546,-60,false,b,true
162.062,-40,true,l,true
160,-40,false,l,true
162.628,-40,true,g,true
151.155,-60,false,g,true
144.217,-60,false,b,true
156.2,-40,true,l,true
160,-40,false,l,true
196.395,-40,true,g,true
187.005,-60,false,g,true
152.56,-60,false,b,true
163.934,-40,true,l,true
160,-40,false,l,true
162.706,-40,true,g,true
151.239,-60,false,g,true
147.892,-60,false,b,true
159.6,-40,true,l,true
160,-40,false,l,true
205.157,-40,true,g,true
196.188,-60,false,g,true
153.136,-60,false,b,true
164.471,-40,true,l,true
160,-40,false,l,true
198.408,-40,true,g,true
189.119,-60,false,g,true
191.92,-60,false,b,true
201.081,-40,true,l,true
160,-40,false,l,true
173.713,-40,true,g,true
163.022,-60,false,g,true
138.288,-60,false,b,true
150.743,-40,true,l,true
160,-40,false,l,true
171.384,-40,true,g,true
160.538,-60,false,g,true
190.15,-60,false,b,true
199.392,-40,true,l,true
160,-40,false,l,true
154.444,-40,true,g,true
142.313,-60,false,g,true
135.289,-60,false,b,true
147.997,-40,true,l,true
160,-40,false,l,true
162.404,-40,true,g,true
150.914,-60,false,g,true
137.411,-60,false,b,true
149.94,-40,true,l,true
160,-40,false,l,true
178.979,-40,true,g,true
168.622,-60,false,g,true
167.78,-60,false,b,true
138.1,-60,false,b,true
150.571,-40,true,l,true
160,-40,false,l,true
166.279,-40,true,g,true
155.077,-60,false,g,true
145.594,-60,false,b,true
155.547,-60,false,b,true
166.718,-40,true,l,true
160,-40,false,l,true
200.051,-40,true,g,true
190.842,-60,false,g,true
192.148,-60,false,b,true
201.298,-40,true,l,true
160,-40,false,l,true
180.068,-40,true,g,true
169.777,-60,false,g,true
152.658,-60,false,b,true
164.026,-40,true,l,true
160,-40,false,l,true
160.901,-40,true,g,true
149.296,-60,false,g,true
151.418,-60,false,b,true
162.872,-40,true,l,true
160,-40,false,l,true
181.073,-40,true,g,true
170.843,-60,false,g,true
151.011,-60,false,b,true
150.703,-60,false,b,true
162.208,-40,true,l,true
160,-40,false,l,true
162.573,-40,true,g,true
151.096,-60,false,g,true
137.998,-60,false,b,true
150.477,-40,true,l,true
160,-40,false,l,true
172.952,-40,true,g,true
162.211,-60,false,g,true
191.001,-60,false,b,true
200.204,-40,true,l,true
160,-40,false,l,true
156.199,-40,true,g,true
144.216,-60,false,g,true
139.553,-60,false,b,true
151.905,-40,true,l,true
160,-40,false,l,true
