x,z,relay,string,error,index
160,-60,false,f,true
160,-40,false,l,true
160.412,-40,true,g,true
148.768,-60,false,g,true
184.436,-60,false,b,true
193.95,-40,true,l,true
160,-40,false,l,true
160.551,-40,true,g,true
148.918,-60,false,g,true
144.435,-60,false,b,true
156.401,-40,true,l,true
160,-40,false,l,true
193.856,-40,true,g,true
184.337,-60,false,g,true
149.984,-60,false,b,true
161.54,-40,true,l,true
160,-40,false,l,true
197.18,-40,true,g,true
187.829,-60,false,g,true
138.387,-60,false,b,true
150.834,-40,true,l,true
160,-40,false,l,true
175.578,-40,true,g,true
165.008,-60,false,g,true
155.317,-60,false,b,true
166.504,-40,true,l,true
160,-40,false,l,true
158.947,-40,true,g,true
147.187,-60,false,g,true
143.375,-60,false,b,true
155.423,-40,true,l,true
160,-40,false,l,true
196.648,-40,true,g,true
187.272,-60,false,g,true
148.005,-60,false,b,true
159.705,-40,true,l,true
160,-40,false,l,true
198.43,-40,true,g,true
189.141,-60,false,g,true
199.443,-60,false,b,true
183.643,-60,false,b,true
193.196,-40,true,l,true
160,-40,false,l,true
183.051,-40,true,g,true
172.938,-60,false,g,true
148.557,-60,false,b,true
160.216,-40,true,l,true
160,-40,false,l,true
186.103,-40,true,g,true
176.166,-60,false,g,true
167.287,-60,false,b,true
177.722,-40,true,l,true
160,-40,false,l,true
171.066,-40,true,g,true
160.199,-60,false,g,true
156.397,-60,false,b,true
167.512,-40,true,l,true
160,-40,false,l,true
177.37,-40,true,g,true
166.914,-60,false,g,true
161.231,-60,false,b,true
172.033,-40,true,l,true
160,-40,false,l,true
176.933,-40,true,g,true
166.449,-60,false,g,true
156.236,-60,false,b,true
167.361,-40,true,l,true
160,-40,false,l,true
160.231,-40,true,g,true
148.573,-60,false,g,true
144.134,-60,false,b,true
156.124,-40,true,l,true
160,-40,false,l,true
203.556,-40,true,g,true
194.512,-60,false,g,true
154.583,-60,false,b,true
165.818,-40,true,l,true
160,-40,false,l,true
177.147,-40,true,g,true
166.677,-60,false,g,true
137.066,-60,false,b,true
149.623,-40,true,l,true
160,-40,false,l,true
205.084,-40,true,g,true
196.11,-60,false,g,true
136.231,-60,false,b,true
148.859,-40,true,l,true
160,-40,false,l,true
152.067,-40,true,g,true
139.73,-60,false,g,true
140.785,-60,false,b,true
153.037,-40,true,l,true
160,-40,false,l,true
203.237,-40,true,g,true
194.179,-60,false,g,true
139.209,-60,false,b,true
151.589,-40,true,l,true
160,-40,false,l,true
162.454,-40,true,g,true
150.968,-60,false,g,true
140.791,-60,false,b,true
143.91,-60,false,b,true
155.917,-40,true,l,true
160,-40,false,l,true
168.574,-40,true,g,true
157.534,-60,false,g,true
135.353,-60,false,b,true
148.055,-40,true,l,true
160,-40,false,l,true
180.605,-40,true,g,true
170.347,-60,false,g,true
160.843,-60,false,b,true
171.669,-40,true,l,true
160,-40,false,l,true
159.105,-40,true,g,true
147.358,-60,false,g,true
140.86,-60,false,b,true
153.107,-40,true,l,true
160,-40,false,l,true
172.087,-40,true,g,true
161.288,-60,false,g,true
140.962,-60,false,b,true
153.2,-40,true,l,true
160,-40,false,l,true
155.982,-40,true,g,true
143.98,-60,false,g,true
136.509,-60,false,b,true
149.113,-40,true,l,true
160,-40,false,l,true
201.862,-40,true,g,true
192.739,-60,false,g,true
137.861,-60,false,b,true
150.352,-40,true,l,true
160,-40,false,l,true
172.933,-40,true,g,true
162.19,-60,false,g,true
144.239,-60,false,b,true
156.221,-40,true,l,true
160,-40,false,l,true
169.982,-40,true,g,true
159.04,-60,false,g,true
137.069,-60,false,b,true
149.626,-40,true,l,true
160,-40,false,l,true
192.334,-40,true,g,true
182.736,-60,false,g,true
148.132,-60,false,b,true
159.822,-40,true,l,true
160,-40,false,l,true
183.083,-40,true,g,true
172.972,-60,false,g,true
135.316,-60,false,b,true
148.022,-40,true,l,true
160,-40,false,l,true
206.644,-40,true,g,true
197.742,-60,false,g,true
144.874,-60,false,b,true
135.581,-60,false,b,true
148.264,-40,true,l,true
160,-40,false,l,true
203.514,-40,true,g,true
194.469,-60,false,g,true
151.847,-60,false,b,true
163.272,-40,true,l,true
160,-40,false,l,true
190.51,-40,true,g,true
180.815,-60,false,g,true
136.422,-60,false,b,true
149.033,-40,true,l,true
160,-40,false,l,true
179.273,-40,true,g,true
168.934,-60,false,g,true
139.427,-60,false,b,true
151.789,-40,true,l,true
160,-40,false,l,true
175.379,-40,true,g,true
164.796,-60,false,g,true
161.465,-60,false,b,true
172.252,-40,true,l,true
160,-40,false,l,true
207.117,-40,true,g,true
198.236,-60,false,g,true
146.088,-60,false,b,true
157.93,-40,true,l,true
160,-40,false,l,true
200.457,-40,true,g,true
191.266,-60,false,g,true
147.021,-60,false,b,true
158.793,-40,true,l,true
160,-40,false,l,true
206.695,-40,true,g,true
197.795,-60,false,g,true
138.02,-60,false,b,true
150.497,-40,true,l,true
160,-40,false,l,true
178.591,-40,true,g,true
168.211,-60,false,g,true
159.671,-60,false,b,true
170.572,-40,true,l,true
160,-40,false,l,true
163.372,-40,true,g,true
151.956,-60,false,g,true
135.028,-60,false,b,true
147.759,-40,true,l,true
160,-40,false,l,true
163.238,-40,true,g,true
151.811,-60,false,g,true
148.36,-60,false,b,true
160.033,-40,true,l,true
160,-40,false,l,true
196.995,-40,true,g,true
187.635,-60,false,g,true
181.658,-60,false,b,true
191.31,-40,true,l,true
160,-40,false,l,true
173.06,-40,true,g,true
162.326,-60,false,g,true
146.006,-60,false,b,true
157.854,-40,true,l,true
160,-40,false,l,true
180.786,-40,true,g,true
170.539,-60,false,g,true
162.96,-60,false,b,true
173.655,-40,true,l,true
160,-40,false,l,true
183.193,-40,true,g,true
173.088,-60,false,g,true
143.56,-60,false,b,true
155.594,-40,true,l,true
160,-40,false,l,true
163.341,-40,true,g,true
151.922,-60,false,g,true
144.085,-60,false,b,true
156.079,-40,true,l,true
160,-40,false,l,true
193.254,-40,true,g,true
183.704,-60,false,g,true
150.591,-60,false,b,true
162.103,-40,true,l,true
160,-40,false,l,true
187.283,-40,true,g,true
177.412,-60,false,g,true
137.942,-60,false,b,true
150.426,-40,true,l,true
160,-40,false,l,true
197.37,-40,true,g,true
188.029,-60,false,g,true
171.414,-60,false,b,true
145.564,-60,false,b,true
157.444,-40,true,l,true
160,-40,false,l,true
192.368,-40,true,g,true
182.772,-60,false,g,true
138.495,-60,false,b,true
150.934,-40,true,l,true
160,-40,false,l,true
169.35,-40,true,g,true
158.365,-60,false,g,true
136.136,-60,false,b,true
148.772,-40,true,l,true
160,-40,false,l,true
181.384,-40,true,g,true
171.173,-60,false,g,true
161.439,-60,false,b,true
172.228,-40,true,l,true
160,-40,false,l,true
159.87,-40,true,g,true
148.184,-60,false,g,true
141.319,-60,false,b,true
153.529,-40,true,l,true
160,-40,false,l,true
193.706,-40,true,g,true
184.18,-60,false,g,true
139.527,-60,false,b,true
151.881,-40,true,l,true
160,-40,false,l,true
162.112,-40,true,g,true
150.6,-60,false,g,true
143.01,-60,false,b,true
155.086,-40,true,l,true
160,-40,false,l,true
208.631,-40,true,g,true
199.817,-60,false,g,true
136.13,-60,false,b,true
148.767,-40,true,l,true
160,-40,false,l,true
157.465,-40,true,g,true
145.586,-60,false,g,true
138.179,-60,false,b,true
150.644,-40,true,l,true
160,-40,false,l,true
193.541,-40,true,g,true
184.006,-60,false,g,true
181.353,-60,false,b,true
191.021,-40,true,l,true
160,-40,false,l,true
187.981,-40,true,g,true
178.148,-60,false,g,true
153.777,-60,false,b,true
165.068,-40,true,l,true
160,-40,false,l,true
151.182,-40,true,g,true
138.766,-60,false,g,true
164.832,-60,false,b,true
175.413,-40,true,l,true
160,-40,false,l,true
160.673,-40,true,g,true
149.05,-60,false,g,true
139.163,-60,false,b,true
151.546,-40,true,l,true
160,-40,false,l,true
203.235,-40,true,g,true
194.176,-60,false,g,true
137.761,-60,false,b,true
150.26,-40,true,l,true
160,-40,false,l,true
180.486,-40,true,g,true
170.221,-60,false,g,true
166.76,-60,false,b,true
177.226,-40,true,l,true
160,-40,false,l,true
207.678,-40,true,g,true
198.821,-60,false,g,true
196.977,-60,false,b,true
137.207,-60,false,b,true
149.752,-40,true,l,true
160,-40,false,l,true
194.906,-40,true,g,true
185.441,-60,false,g,true
157.514,-60,false,b,true
168.555,-40,true,l,true
160,-40,false,l,true
184.022,-40,true,g,true
173.966,-60,false,g,true
157.884,-60,false,b,true
168.9,-40,true,l,true
160,-40,false,l,true
155.435,-40,true,g,true
143.387,-60,false,g,true
135.395,-60,false,b,true
148.094,-40,true,l,true
160,-40,false,l,true
180.178,-40,true,g,true
169.894,-60,false,g,true
161.419,-60,false,b,true
172.21,-40,true,l,true
160,-40,false,l,true
192.368,-40,true,g,true
182.772,-60,false,g,true
143.096,-60,false,b,true
155.165,-40,true,l,true
160,-40,false,l,true
192.326,-40,true,g,true
182.727,-60,false,g,true
148.367,-60,false,b,true
160.04,-40,true,l,true
160,-40,false,l,true
155.856,-40,true,g,true
143.844,-60,false,g,true
168.072,-60,false,b,true
178.461,-40,true,l,true
160,-40,false,l,true
194.009,-40,true,g,true
184.498,-60,false,g,true
135.328,-60,false,b,true
148.033,-40,true,l,true
160,-40,false,l,true
203.362,-40,true,g,true
194.309,-60,false,g,true
146.532,-60,false,b,true
158.341,-40,true,l,true
160,-40,false,l,true
195.232,-40,true,g,true
185.783,-60,false,g,true
136.641,-60,false,b,true
149.233,-40,true,l,true
160,-40,false,l,true
183.933,-40,true,g,true
173.871,-60,false,g,true
144.438,-60,false,b,true
156.405,-40,true,l,true
160,-40,false,l,true
206.984,-40,true,g,true
198.097,-60,false,g,true
149.318,-60,false,b,true
160.922,-40,true,l,true
160,-40,false,l,true
178.408,-40,true,g,true
168.016,-60,false,g,true
138.295,-60,false,b,true
150.75,-40,true,l,true
160,-40,false,l,true
193.51,-40,true,g,true
183.973,-60,false,g,true
137.457,-60,false,b,true
149.981,-40,true,l,true
160,-40,false,l,true
172.001,-40,true,g,true
161.196,-60,false,g,true
151.698,-60,false,b,true
163.132,-40,true,l,true
160,-40,false,l,true
175.944,-40,true,g,true
165.397,-60,false,g,true
160.459,-60,false,b,true
171.31,-40,true,l,true
160,-40,false,l,true
159.866,-40,true,g,true
148.179,-60,false,g,true
140.714,-60,false,b,true
152.972,-40,true,l,true
160,-40,false,l,true
175.586,-40,true,g,true
165.017,-60,false,g,true
145.778,-60,false,b,true
157.642,-40,true,l,true
160,-40,false,l,true
170.969,-40,true,g,true
160.094,-60,false,g,true
150.728,-60,false,b,true
162.231,-40,true,l,true
160,-40,false,l,true
207.541,-40,true,g,true
198.679,-60,false,g,true
138.913,-60,false,b,true
151.317,-40,true,l,true
160,-40,false,l,true
160.258,-40,true,g,true
148.602,-60,false,g,true
140.958,-60,false,b,true
153.196,-40,true,l,true
160,-40,false,l,true
189.279,-40,true,g,true
179.518,-60,false,g,true
169.741,-60,false,b,true
180.033,-40,true,l,true
160,-40,false,l,true
196.788,-40,true,g,true
187.418,-60,false,g,true
143.199,-60,false,b,true
155.261,-40,true,l,true
160,-40,false,l,true
205.536,-40,true,g,true
196.583,-60,false,g,true
154.434,-60,false,b,true
159.651,-60,false,b,true
170.553,-40,true,l,true
160,-40,false,l,true
188.205,-40,true,g,true
178.384,-60,false,g,true
139.041,-60,false,b,true
151.435,-40,true,l,true
160,-40,false,l,true
205.243,-40,true,g,true
196.277,-60,false,g,true
156.077,-60,false,b,true
167.213,-40,true,l,true
160,-40,false,l,true
176.902,-40,true,g,true
166.416,-60,false,g,true
161.79,-60,false,b,true
172.557,-40,true,l,true
160,-40,false,l,true
207.715,-40,true,g,true
198.861,-60,false,g,true
187.841,-60,false,b,true
