x,z,relay,string,error,index
160,-60,false,f,true,0
160,-40,false,l,true,0
160.412,-40,true,g,true,0
148.768,-60,false,g,true,0
184.436,-60,false,b,true,0
193.95,-40,true,l,true,0
160,-40,false,l,true,0
160.551,-40,true,g,true,0
148.918,-60,false,g,true,0
144.435,-60,false,b,true,0
156.401,-40,true,l,true,0
160,-40,false,l,true,0
193.856,-40,true,g,true,0
184.337,-60,false,g,true,0
149.984,-60,false,b,true,0
161.54,-40,true,l,true,0
160,-40,false,l,true,0
197.18,-40,true,g,true,0
187.829,-60,false,g,true,0
138.387,-60,false,b,true,0
150.834,-40,true,l,true,0
160,-40,false,l,true,0
175.578,-40,true,g,true,0
165.008,-60,false,g,true,0
155.317,-60,false,b,true,0
166.504,-40,true,l,true,0
160,-40,false,l,true,0
158.947,-40,true,g,true,0
147.187,-60,false,g,true,0
143.375,-60,false,b,true,0
155.423,-40,true,l,true,0
160,-40,false,l,true,0
196.648,-40,true,g,true,0
187.272,-60,false,g,true,0
148.005,-60,false,b,true,0
159.705,-40,true,l,true,0
160,-40,false,l,true,0
198.43,-40,true,g,true,0
189.141,-60,false,g,true,0
199.443,-60,false,b,true,0
183.643,-60,false,b,true,0
193.196,-40,true,l,true,0
160,-40,false,l,true,0
183.051,-40,true,g,true,0
172.938,-60,false,g,true,0
148.557,-60,false,b,true,0
160.216,-40,true,l,true,0
160,-40,false,l,true,0
186.103,-40,true,g,true,0
176.166,-60,false,g,true,0
167.287,-60,false,b,true,0
177.722,-40,true,l,true,0
160,-40,false,l,true,0
171.066,-40,true,g,true,0
160.199,-60,false,g,true,0
156.397,-60,false,b,true,0
167.512,-40,true,l,true,0
160,-40,false,l,true,0
177.37,-40,true,g,true,0
166.914,-60,false,g,true,0
161.231,-60,false,b,true,0
172.033,-40,true,l,true,0
160,-40,false,l,true,0
176.933,-40,true,g,true,0
166.449,-60,false,g,true,0
156.236,-60,false,b,true,0
167.361,-40,true,l,true,0
160,-40,false,l,true,0
160.231,-40,true,g,true,0
148.573,-60,false,g,true,0
144.134,-60,false,b,true,0
156.124,-40,true,l,true,0
160,-40,false,l,true,0
203.556,-40,true,g,true,0
194.512,-60,false,g,true,0
154.583,-60,false,b,true,0
165.818,-40,true,l,true,0
160,-40,false,l,true,0
177.147,-40,true,g,true,0
166.677,-60,false,g,true,0
137.066,-60,false,b,true,0
149.623,-40,true,l,true,0
160,-40,false,l,true,0
205.084,-40,true,g,true,0
196.11,-60,false,g,true,0
136.231,-60,false,b,true,0
148.859,-40,true,l,true,0
160,-40,false,l,true,0
152.067,-40,true,g,true,0
139.73,-60,false,g,true,0
140.785,-60,false,b,true,0
153.037,-40,true,l,true,0
160,-40,false,l,true,0
203.237,-40,true,g,true,0
194.179,-60,false,g,true,0
139.209,-60,false,b,true,0
151.589,-40,true,l,true,0
160,-40,false,l,true,0
162.454,-40,true,g,true,0
150.968,-60,false,g,true,0
140.791,-60,false,b,true,0
143.91,-60,false,b,true,0
155.917,-40,true,l,true,0
160,-40,false,l,true,0
168.574,-40,true,g,true,0
157.534,-60,false,g,true,0
135.353,-60,false,b,true,0
148.055,-40,true,l,true,0
160,-40,false,l,true,0
180.605,-40,true,g,true,0
170.347,-60,false,g,true,0
160.843,-60,false,b,true,0
171.669,-40,true,l,true,0
160,-40,false,l,true,0
159.105,-40,true,g,true,0
147.358,-60,false,g,true,0
140.86,-60,false,b,true,0
153.107,-40,true,l,true,0
160,-40,false,l,true,0
172.087,-40,true,g,true,0
161.288,-60,false,g,true,0
140.962,-60,false,b,true,0
153.2,-40,true,l,true,0
160,-40,false,l,true,0
155.982,-40,true,g,true,0
143.98,-60,false,g,true,0
136.509,-60,false,b,true,0
149.113,-40,true,l,true,0
160,-40,false,l,true,0
201.862,-40,true,g,true,0
192.739,-60,false,g,true,0
137.861,-60,false,b,true,0
150.352,-40,true,l,true,0
160,-40,false,l,true,0
172.933,-40,true,g,true,0
162.19,-60,false,g,true,0
144.239,-60,false,b,true,0
156.221,-40,true,l,true,0
160,-40,false,l,true,0
169.982,-40,true,g,true,0
159.04,-60,false,g,true,0
137.069,-60,false,b,true,0
149.626,-40,true,l,true,0
160,-40,false,l,true,0
192.334,-40,true,g,true,0
182.736,-60,false,g,true,0
148.132,-60,false,b,true,0
159.822,-40,true,l,true,0
160,-40,false,l,true,0
183.083,-40,true,g,true,0
172.972,-60,false,g,true,0
135.316,-60,false,b,true,0
148.022,-40,true,l,true,0
160,-40,false,l,true,0
206.644,-40,true,g,true,0
197.742,-60,false,g,true,0
144.874,-60,false,b,true,0
135.581,-60,false,b,true,0
148.264,-40,true,l,true,0
160,-40,false,l,true,0
203.514,-40,true,g,true,0
194.469,-60,false,g,true,0
151.847,-60,false,b,true,0
163.272,-40,true,l,true,0
160,-40,false,l,true,0
190.51,-40,true,g,true,0
180.815,-60,false,g,true,0
136.422,-60,false,b,true,0
149.033,-40,true,l,true,0
160,-40,false,l,true,0
179.273,-40,true,g,true,0
168.934,-60,false,g,true,0
139.427,-60,false,b,true,0
151.789,-40,true,l,true,0
160,-40,false,l,true,0
175.379,-40,true,g,true,0
164.796,-60,false,g,true,0
161.465,-60,false,b,true,0
172.252,-40,true,l,true,0
160,-40,false,l,true,0
207.117,-40,true,g,true,0
198.236,-60,false,g,true,0
146.088,-60,false,b,true,0
157.93,-40,true,l,true,0
160,-40,false,l,true,0
200.457,-40,true,g,true,0
191.266,-60,false,g,true,0
147.021,-60,false,b,true,0
158.793,-40,true,l,true,0
160,-40,false,l,true,0
206.695,-40,true,g,true,0
197.795,-60,false,g,true,0
138.02,-60,false,b,true,0
150.497,-40,true,l,true,0
160,-40,false,l,true,0
178.591,-40,true,g,true,0
168.211,-60,false,g,true,0
159.671,-60,false,b,true,0
170.572,-40,true,l,true,0
160,-40,false,l,true,0
163.372,-40,true,g,true,0
151.956,-60,false,g,true,0
135.028,-60,false,b,true,0
147.759,-40,true,l,true,0
160,-40,false,l,true,0
163.238,-40,true,g,true,0
151.811,-60,false,g,true,0
148.36,-60,false,b,true,0
160.033,-40,true,l,true,0
160,-40,false,l,true,0
196.995,-40,true,g,true,0
187.635,-60,false,g,true,0
181.658,-60,false,b,true,0
191.31,-40,true,l,true,0
160,-40,false,l,true,0
173.06,-40,true,g,true,0
162.326,-60,false,g,true,0
146.006,-60,false,b,true,0
157.854,-40,true,l,true,0
160,-40,false,l,true,0
180.786,-40,true,g,true,0
170.539,-60,false,g,true,0
162.96,-60,false,b,true,0
173.655,-40,true,l,true,0
160,-40,false,l,true,0
183.193,-40,true,g,true,0
173.088,-60,false,g,true,0
143.56,-60,false,b,true,0
155.594,-40,true,l,true,0
160,-40,false,l,true,0
163.341,-40,true,g,true,0
151.922,-60,false,g,true,0
144.085,-60,false,b,true,0
156.079,-40,true,l,true,0
160,-40,false,l,true,0
193.254,-40,true,g,true,0
183.704,-60,false,g,true,0
150.591,-60,false,b,true,0
162.103,-40,true,l,true,0
160,-40,false,l,true,0
187.283,-40,true,g,true,0
177.412,-60,false,g,true,0
137.942,-60,false,b,true,0
150.426,-40,true,l,true,0
160,-40,false,l,true,0
197.37,-40,true,g,true,0
188.029,-60,false,g,true,0
171.414,-60,false,b,true,0
145.564,-60,false,b,true,0
157.444,-40,true,l,true,0
160,-40,false,l,true,0
192.368,-40,true,g,true,0
182.772,-60,false,g,true,0
138.495,-60,false,b,true,0
150.934,-40,true,l,true,0
160,-40,false,l,true,0
169.35,-40,true,g,true,0
158.365,-60,false,g,true,0
136.136,-60,false,b,true,0
148.772,-40,true,l,true,0
160,-40,false,l,true,0
181.384,-40,true,g,true,0
171.173,-60,false,g,true,0
161.439,-60,false,b,true,0
172.228,-40,true,l,true,0
160,-40,false,l,true,0
159.87,-40,true,g,true,0
148.184,-60,false,g,true,0
141.319,-60,false,b,true,0
153.529,-40,true,l,true,0
160,-40,false,l,true,0
193.706,-40,true,g,true,0
184.18,-60,false,g,true,0
139.527,-60,false,b,true,0
151.881,-40,true,l,true,0
160,-40,false,l,true,0
162.112,-40,true,g,true,0
150.6,-60,false,g,true,0
143.01,-60,false,b,true,0
155.086,-40,true,l,true,0
160,-40,false,l,true,0
208.631,-40,true,g,true,0
199.817,-60,false,g,true,0
136.13,-60,false,b,true,0
148.767,-40,true,l,true,0
160,-40,false,l,true,0
157.465,-40,true,g,true,0
145.586,-60,false,g,true,0
138.179,-60,false,b,true,0
150.644,-40,true,l,true,0
160,-40,false,l,true,0
193.541,-40,true,g,true,0
184.006,-60,false,g,true,0
181.353,-60,false,b,true,0
191.021,-40,true,l,true,0
160,-40,false,l,true,0
187.981,-40,true,g,true,0
178.148,-60,false,g,true,0
153.777,-60,false,b,true,0
165.068,-40,true,l,true,0
160,-40,false,l,true,0
151.182,-40,true,g,true,0
138.766,-60,false,g,true,0
164.832,-60,false,b,true,0
175.413,-40,true,l,true,0
160,-40,false,l,true,0
160.673,-40,true,g,true,0
149.05,-60,false,g,true,0
139.163,-60,false,b,true,0
151.546,-40,true,l,true,0
160,-40,false,l,true,0
203.235,-40,true,g,true,0
194.176,-60,false,g,true,0
137.761,-60,false,b,true,0
150.26,-40,true,l,true,0
160,-40,false,l,true,0
180.486,-40,true,g,true,0
170.221,-60,false,g,true,0
166.76,-60,false,b,true,0
177.226,-40,true,l,true,0
160,-40,false,l,true,0
207.678,-40,true,g,true,0
198.821,-60,false,g,true,0
196.977,-60,false,b,true,0
137.207,-60,false,b,true,0
149.752,-40,true,l,true,0
160,-40,false,l,true,0
194.906,-40,true,g,true,0
185.441,-60,false,g,true,0
157.514,-60,false,b,true,0
168.555,-40,true,l,true,0
160,-40,false,l,true,0
184.022,-40,true,g,true,0
173.966,-60,false,g,true,0
157.884,-60,false,b,true,0
168.9,-40,true,l,true,0
160,-40,false,l,true,0
155.435,-40,true,g,true,0
143.387,-60,false,g,true,0
135.395,-60,false,b,true,0
148.094,-40,true,l,true,0
160,-40,false,l,true,0
180.178,-40,true,g,true,0
169.894,-60,false,g,true,0
161.419,-60,false,b,true,0
172.21,-40,true,l,true,0
160,-40,false,l,true,0
192.368,-40,true,g,true,0
182.772,-60,false,g,true,0
143.096,-60,false,b,true,0
155.165,-40,true,l,true,0
160,-40,false,l,true,0
192.326,-40,true,g,true,0
182.727,-60,false,g,true,0
148.367,-60,false,b,true,0
160.04,-40,true,l,true,0
160,-40,false,l,true,0
155.856,-40,true,g,true,0
143.844,-60,false,g,true,0
168.072,-60,false,b,true,0
178.461,-40,true,l,true,0
160,-40,false,l,true,0
194.009,-40,true,g,true,0
184.498,-60,false,g,true,0
135.328,-60,false,b,true,0
148.033,-40,true,l,true,0
160,-40,false,l,true,0
203.362,-40,true,g,true,0
194.309,-60,false,g,true,0
146.532,-60,false,b,true,0
158.341,-40,true,l,true,0
160,-40,false,l,true,0
195.232,-40,true,g,true,0
185.783,-60,false,g,true,0
136.641,-60,false,b,true,0
149.233,-40,true,l,true,0
160,-40,false,l,true,0
183.933,-40,true,g,true,0
173.871,-60,false,g,true,0
144.438,-60,false,b,true,0
156.405,-40,true,l,true,0
160,-40,false,l,true,0
206.984,-40,true,g,true,0
198.097,-60,false,g,true,0
149.318,-60,false,b,true,0
160.922,-40,true,l,true,0
160,-40,false,l,true,0
178.408,-40,true,g,true,0
168.016,-60,false,g,true,0
138.295,-60,false,b,true,0
150.75,-40,true,l,true,0
160,-40,false,l,true,0
193.51,-40,true,g,true,0
183.973,-60,false,g,true,0
137.457,-60,false,b,true,0
149.981,-40,true,l,true,0
160,-40,false,l,true,0
172.001,-40,true,g,true,0
161.196,-60,false,g,true,0
151.698,-60,false,b,true,0
163.132,-40,true,l,true,0
160,-40,false,l,true,0
175.944,-40,true,g,true,0
165.397,-60,false,g,true,0
160.459,-60,false,b,true,0
171.31,-40,true,l,true,0
160,-40,false,l,true,0
159.866,-40,true,g,true,0
148.179,-60,false,g,true,0
140.714,-60,false,b,true,0
152.972,-40,true,l,true,0
160,-40,false,l,true,0
175.586,-40,true,g,true,0
165.017,-60,false,g,true,0
145.778,-60,false,b,true,0
157.642,-40,true,l,true,0
160,-40,false,l,true,0
170.969,-40,true,g,true,0
160.094,-60,false,g,true,0
150.728,-60,false,b,true,0
162.231,-40,true,l,true,0
160,-40,false,l,true,0
207.541,-40,true,g,true,0
198.679,-60,false,g,true,0
138.913,-60,false,b,true,0
151.317,-40,true,l,true,0
160,-40,false,l,true,0
160.258,-40,true,g,true,0
148.602,-60,false,g,true,0
140.958,-60,false,b,true,0
153.196,-40,true,l,true,0
160,-40,false,l,true,0
189.279,-40,true,g,true,0
179.518,-60,false,g,true,0
169.741,-60,false,b,true,0
180.033,-40,true,l,true,0
160,-40,false,l,true,0
196.788,-40,true,g,true,0
187.418,-60,false,g,true,0
143.199,-60,false,b,true,0
155.261,-40,true,l,true,0
160,-40,false,l,true,0
205.536,-40,true,g,true,0
196.583,-60,false,g,true,0
154.434,-60,false,b,true,0
159.651,-60,false,b,true,0
170.553,-40,true,l,true,0
160,-40,false,l,true,0
188.205,-40,true,g,true,0
178.384,-60,false,g,true,0
139.041,-60,false,b,true,0
151.435,-40,true,l,true,0
160,-40,false,l,true,0
205.243,-40,true,g,true,0
196.277,-60,false,g,true,0
156.077,-60,false,b,true,0
167.213,-40,true,l,true,0
160,-40,false,l,true,0
176.902,-40,true,g,true,0
166.416,-60,false,g,true,0
161.79,-60,false,b,true,0
172.557,-40,true,l,true,0
160,-40,false,l,true,0
207.715,-40,true,g,true,0
198.861,-60,false,g,true,0
187.841,-60,false,b,true,0
160,-60,false,f,true,1
148.081,-60,false,b,true,1
159.774,-40,true,l,true,1
160,-40,false,l,true,1
168.383,-40,true,g,true,1
157.33,-60,false,g,true,1
148.681,-60,false,b,true,1
160.331,-40,true,l,true,1
160,-40,false,l,true,1
160.547,-40,true,g,true,1
148.914,-60,false,g,true,1
141.014,-60,false,b,true,1
153.248,-40,true,l,true,1
160,-40,false,l,true,1
197.354,-40,true,g,true,1
188.012,-60,false,g,true,1
185.992,-60,false,b,true,1
195.43,-40,true,l,true,1
160,-40,false,l,true,1
154.041,-40,true,g,true,1
141.875,-60,false,g,true,1
181.8,-60,false,b,true,1
191.445,-40,true,l,true,1
160,-40,false,l,true,1
198.203,-40,true,g,true,1
188.903,-60,false,g,true,1
186.326,-60,false,b,true,1
190.143,-60,false,b,true,1
169.696,-60,false,b,true,1
179.991,-40,true,l,true,1
160,-40,false,l,true,1
165.429,-40,true,g,true,1
154.164,-60,false,g,true,1
149.305,-60,false,b,true,1
188.878,-60,false,b,true,1
198.179,-40,true,l,true,1
160,-40,false,l,true,1
156.743,-40,true,g,true,1
144.804,-60,false,g,true,1
137.016,-60,false,b,true,1
149.577,-40,true,l,true,1
160,-40,false,l,true,1
190.876,-40,true,g,true,1
181.201,-60,false,g,true,1
177.426,-60,false,b,true,1
139.89,-60,false,b,true,1
180.119,-60,false,b,true,1
183.378,-60,false,b,true,1
192.944,-40,true,l,true,1
160,-40,false,l,true,1
179.319,-40,true,g,true,1
168.983,-60,false,g,true,1
141.108,-60,false,b,true,1
153.334,-40,true,l,true,1
160,-40,false,l,true,1
153.403,-40,true,g,true,1
141.183,-60,false,g,true,1
144.833,-60,false,b,true,1
175.274,-60,false,b,true,1
185.26,-40,true,l,true,1
160,-40,false,l,true,1
199.439,-40,true,g,true,1
190.2,-60,false,g,true,1
187.531,-60,false,b,true,1
196.896,-40,true,l,true,1
160,-40,false,l,true,1
183.862,-40,true,g,true,1
173.797,-60,false,g,true,1
139.322,-60,false,b,true,1
151.692,-40,true,l,true,1
160,-40,false,l,true,1
166.757,-40,true,g,true,1
155.589,-60,false,g,true,1
150.253,-60,false,b,true,1
161.79,-40,true,l,true,1
160,-40,false,l,true,1
150.62,-40,true,g,true,1
138.153,-60,false,g,true,1
137.1,-60,false,b,true,1
149.654,-40,true,l,true,1
160,-40,false,l,true,1
190.073,-40,true,g,true,1
180.354,-60,false,g,true,1
137.695,-60,false,b,true,1
145.523,-60,false,b,true,1
157.813,-60,false,b,true,1
168.834,-40,true,l,true,1
160,-40,false,l,true,1
167.096,-40,true,g,true,1
155.952,-60,false,g,true,1
147.415,-60,false,b,true,1
194.328,-60,false,b,true,1
203.38,-40,true,l,true,1
160,-40,false,l,true,1
161.304,-40,true,g,true,1
149.729,-60,false,g,true,1
144.649,-60,false,b,true,1
156.599,-40,true,l,true,1
160,-40,false,l,true,1
195.097,-40,true,g,true,1
185.641,-60,false,g,true,1
185.36,-60,false,b,true,1
156.894,-60,false,b,true,1
167.975,-40,true,l,true,1
160,-40,false,l,true,1
167.739,-40,true,g,true,1
156.64,-60,false,g,true,1
159.116,-60,false,b,true,1
170.053,-40,true,l,true,1
160,-40,false,l,true,1
208.452,-40,true,g,true,1
199.63,-60,false,g,true,1
171.311,-60,false,b,true,1
188.142,-60,false,b,true,1
147.438,-60,false,b,true,1
183.468,-60,false,b,true,1
186.691,-60,false,b,true,1
196.095,-40,true,l,true,1
160,-40,false,l,true,1
180.492,-40,true,g,true,1
170.227,-60,false,g,true,1
137.656,-60,false,b,true,1
150.164,-40,true,l,true,1
160,-40,false,l,true,1
161.858,-40,true,g,true,1
150.327,-60,false,g,true,1
142.04,-60,false,b,true,1
154.193,-40,true,l,true,1
160,-40,false,l,true,1
165.447,-40,true,g,true,1
154.184,-60,false,g,true,1
138.562,-60,false,b,true,1
150.995,-40,true,l,true,1
160,-40,false,l,true,1
204.448,-40,true,g,true,1
195.446,-60,false,g,true,1
154.194,-60,false,b,true,1
184.529,-60,false,b,true,1
183.455,-60,false,b,true,1
193.017,-40,true,l,true,1
160,-40,false,l,true,1
182.41,-40,true,g,true,1
172.26,-60,false,g,true,1
137.185,-60,false,b,true,1
153.305,-60,false,b,true,1
164.628,-40,true,l,true,1
160,-40,false,l,true,1
169.696,-40,true,g,true,1
158.735,-60,false,g,true,1
197.971,-60,false,b,true,1
206.863,-40,true,l,true,1
160,-40,false,l,true,1
187.207,-40,true,g,true,1
177.331,-60,false,g,true,1
173.7,-60,false,b,true,1
136.06,-60,false,b,true,1
154.252,-60,false,b,true,1
165.51,-40,true,l,true,1
160,-40,false,l,true,1
166.352,-40,true,g,true,1
155.154,-60,false,g,true,1
145.814,-60,false,b,true,1
157.676,-40,true,l,true,1
160,-40,false,l,true,1
175.46,-40,true,g,true,1
164.883,-60,false,g,true,1
158.118,-60,false,b,true,1
169.119,-40,true,l,true,1
160,-40,false,l,true,1
205.081,-40,true,g,true,1
196.108,-60,false,g,true,1
142.143,-60,false,b,true,1
154.287,-40,true,l,true,1
160,-40,false,l,true,1
205.303,-40,true,g,true,1
196.34,-60,false,g,true,1
194.305,-60,false,b,true,1
161.455,-60,false,b,true,1
198.507,-60,false,b,true,1
186.736,-60,false,b,true,1
196.139,-40,true,l,true,1
160,-40,false,l,true,1
195.798,-40,true,g,true,1
186.378,-60,false,g,true,1
150.844,-60,false,b,true,1
157.099,-60,false,b,true,1
168.167,-40,true,l,true,1
160,-40,false,l,true,1
165.618,-40,true,g,true,1
154.368,-60,false,g,true,1
187.615,-60,false,b,true,1
196.976,-40,true,l,true,1
160,-40,false,l,true,1
163.327,-40,true,g,true,1
151.907,-60,false,g,true,1
170.507,-60,false,b,true,1
180.756,-40,true,l,true,1
160,-40,false,l,true,1
188.957,-40,true,g,true,1
179.178,-60,false,g,true,1
176.265,-60,false,b,true,1
146.035,-60,false,b,true,1
186.274,-60,false,b,true,1
160.204,-60,false,b,true,1
171.071,-40,true,l,true,1
160,-40,false,l,true,1
154.96,-40,true,g,true,1
142.873,-60,false,g,true,1
142.595,-60,false,b,true,1
154.704,-40,true,l,true,1
160,-40,false,l,true,1
186.896,-40,true,g,true,1
177.003,-60,false,g,true,1
173.377,-60,false,b,true,1
138.046,-60,false,b,true,1
176.96,-60,false,b,true,1
179.049,-60,false,b,true,1
188.834,-40,true,l,true,1
160,-40,false,l,true,1
183.586,-40,true,g,true,1
173.504,-60,false,g,true,1
171.516,-60,false,b,true,1
186.592,-60,false,b,true,1
146.316,-60,false,b,true,1
141.995,-60,false,b,true,1
154.152,-40,true,l,true,1
160,-40,false,l,true,1
148.431,-40,true,g,true,1
135.764,-60,false,g,true,1
172.384,-60,false,b,true,1
138.698,-60,false,b,true,1
165.933,-60,false,b,true,1
138.034,-60,false,b,true,1
158.356,-60,false,b,true,1
169.342,-40,true,l,true,1
160,-40,false,l,true,1
161.873,-40,true,g,true,1
150.343,-60,false,g,true,1
144.474,-60,false,b,true,1
156.438,-40,true,l,true,1
160,-40,false,l,true,1
164.503,-40,true,g,true,1
153.17,-60,false,g,true,1
143.74,-60,false,b,true,1
144.348,-60,false,b,true,1
156.321,-40,true,l,true,1
160,-40,false,l,true,1
195.797,-40,true,g,true,1
186.377,-60,false,g,true,1
185.79,-60,false,b,true,1
156.958,-60,false,b,true,1
168.036,-40,true,l,true,1
160,-40,false,l,true,1
167.854,-40,true,g,true,1
156.764,-60,false,g,true,1
159.212,-60,false,b,true,1
170.143,-40,true,l,true,1
160,-40,false,l,true,1
182.746,-40,true,g,true,1
172.616,-60,false,g,true,1
148.114,-60,false,b,true,1
146.525,-60,false,b,true,1
155.954,-60,false,b,true,1
144.383,-60,false,b,true,1
146.36,-60,false,b,true,1
158.181,-40,true,l,true,1
160,-40,false,l,true,1
204.929,-40,true,g,true,1
195.948,-60,false,g,true,1
167.514,-60,false,b,true,1
135.547,-60,false,b,true,1
149.367,-60,false,b,true,1
142.268,-60,false,b,true,1
154.403,-40,true,l,true,1
160,-40,false,l,true,1
167.64,-40,true,g,true,1
156.534,-60,false,g,true,1
150.471,-60,false,b,true,1
161.993,-40,true,l,true,1
160,-40,false,l,true,1
192.138,-40,true,g,true,1
182.53,-60,false,g,true,1
180.216,-60,false,b,true,1
149.341,-60,false,b,true,1
183.422,-60,false,b,true,1
180.344,-60,false,b,true,1
190.063,-40,true,l,true,1
160,-40,false,l,true,1
168.384,-40,true,g,true,1
157.331,-60,false,g,true,1
154.321,-60,false,b,true,1
165.574,-40,true,l,true,1
160,-40,false,l,true,1
198.808,-40,true,g,true,1
189.538,-60,false,g,true,1
189.314,-60,false,b,true,1
198.595,-40,true,l,true,1
160,-40,false,l,true,1
179.798,-40,true,g,true,1
169.491,-60,false,g,true,1
166.233,-60,false,b,true,1
176.73,-40,true,l,true,1
160,-40,false,l,true,1
208.218,-40,true,g,true,1
199.385,-60,false,g,true,1
146.011,-60,false,b,true,1
157.858,-40,true,l,true,1
160,-40,false,l,true,1
172.915,-40,true,g,true,1
162.172,-60,false,g,true,1
142.306,-60,false,b,true,1
187.249,-60,false,b,true,1
196.627,-40,true,l,true,1
160,-40,false,l,true,1
192.675,-40,true,g,true,1
183.095,-60,false,g,true,1
137.654,-60,false,b,true,1
151.202,-60,false,b,true,1
171.779,-60,false,b,true,1
173.765,-60,false,b,true,1
183.832,-40,true,l,true,1
160,-40,false,l,true,1
200.517,-40,true,g,true,1
191.33,-60,false,g,true,1
186.839,-60,false,b,true,1
145.573,-60,false,b,true,1
181.243,-60,false,b,true,1
184.393,-60,false,b,true,1
193.909,-40,true,l,true,1
160,-40,false,l,true,1
179.494,-40,true,g,true,1
169.169,-60,false,g,true,1
168.176,-60,false,b,true,1
135.137,-60,false,b,true,1
147.858,-40,true,l,true,1
160,-40,false,l,true,1
203.346,-40,true,g,true,1
194.293,-60,false,g,true,1
151.73,-60,false,b,true,1
157.238,-60,false,b,true,1
168.297,-40,true,l,true,1
160,-40,false,l,true,1
158.255,-40,true,g,true,1
146.44,-60,false,g,true,1
148.582,-60,false,b,true,1
160.24,-40,true,l,true,1
160,-40,false,l,true,1
196.375,-40,true,g,true,1
186.984,-60,false,g,true,1
185.5,-60,false,b,true,1
155.819,-60,false,b,true,1
199.798,-60,false,b,true,1
198.21,-60,false,b,true,1
207.092,-40,true,l,true,1
160,-40,false,l,true,1
162.102,-40,true,g,true,1
150.589,-60,false,g,true,1
154.297,-60,false,b,true,1
165.552,-40,true,l,true,1
160,-40,false,l,true,1
189.494,-40,true,g,true,1
179.744,-60,false,g,true,1
144.003,-60,false,b,true,1
156.002,-40,true,l,true,1
160,-40,false,l,true,1
162.985,-40,true,g,true,1
151.54,-60,false,g,true,1
143.033,-60,false,b,true,1
155.108,-40,true,l,true,1
160,-40,false,l,true,1
193.634,-40,true,g,true,1
184.103,-60,false,g,true,1
183.819,-60,false,b,true,1
193.364,-40,true,l,true,1
160,-40,false,l,true,1
164.662,-40,true,g,true,1
153.342,-60,false,g,true,1
144.302,-60,false,b,true,1
156.279,-40,true,l,true,1
160,-40,false,l,true,1
153.852,-40,true,g,true,1
141.67,-60,false,g,true,1
146.211,-60,false,b,true,1
158.043,-40,true,l,true,1
160,-40,false,l,true,1
179.575,-40,true,g,true,1
169.255,-60,false,g,true,1
154.574,-60,false,b,true,1
165.81,-40,true,l,true,1
160,-40,false,l,true,1
177.42,-40,true,g,true,1
166.966,-60,false,g,true,1
166.573,-60,false,b,true,1
136.403,-60,false,b,true,1
174.164,-60,false,b,true,1
141.753,-60,false,b,true,1
153.929,-40,true,l,true,1
160,-40,false,l,true,1
155.829,-40,true,g,true,1
143.814,-60,false,g,true,1
136.189,-60,false,b,true,1
148.82,-40,true,l,true,1
160,-40,false,l,true,1
198.667,-40,true,g,true,1
189.39,-60,false,g,true,1
187.268,-60,false,b,true,1
193.106,-60,false,b,true,1
145.468,-60,false,b,true,1
158.47,-60,false,b,true,1
169.448,-40,true,l,true,1
160,-40,false,l,true,1
194.143,-40,true,g,true,1
184.639,-60,false,g,true,1
182.89,-60,false,b,true,1
151.155,-60,false,b,true,1
162.628,-40,true,l,true,1
160,-40,false,l,true,1
150.073,-40,true,g,true,1
137.556,-60,false,g,true,1
147.622,-60,false,b,true,1
136.548,-60,false,b,true,1
149.149,-40,true,l,true,1
160,-40,false,l,true,1
199.331,-40,true,g,true,1
190.086,-60,false,g,true,1
136.971,-60,false,b,true,1
149.536,-40,true,l,true,1
160,-40,false,l,true,1
200.185,-40,true,g,true,1
190.981,-60,false,g,true,1
197.606,-60,false,b,true,1
140.546,-60,false,b,true,1
178.483,-60,false,b,true,1
188.298,-40,true,l,true,1
160,-40,false,l,true,1
172.157,-40,true,g,true,1
161.363,-60,false,g,true,1
152.723,-60,false,b,true,1
154.977,-60,false,b,true,1
166.186,-40,true,l,true,1
160,-40,false,l,true,1
164.69,-40,true,g,true,1
153.371,-60,false,g,true,1
160.005,-60,false,b,true,1
199.527,-60,false,b,true,1
168.148,-60,false,b,true,1
178.533,-40,true,l,true,1
160,-40,false,l,true,1
185.134,-40,true,g,true,1
175.142,-60,false,g,true,1
177.923,-60,false,b,true,1
178.893,-60,false,b,true,1
188.687,-40,true,l,true,1
160,-40,false,l,true,1
160,-60,false,f,true,2
197.667,-60,false,b,true,2
206.572,-40,true,l,true,2
160,-40,false,l,true,2
149.168,-40,true,g,true,2
136.569,-60,false,g,true,2
184.197,-60,false,b,true,2
193.723,-40,true,l,true,2
160,-40,false,l,true,2
167.431,-40,true,g,true,2
156.311,-60,false,g,true,2
170.04,-60,false,b,true,2
180.315,-40,true,l,true,2
160,-40,false,l,true,2
205.928,-40,true,g,true,2
196.993,-60,false,g,true,2
193.205,-60,false,b,true,2
202.307,-40,true,l,true,2
160,-40,false,l,true,2
155.876,-40,true,g,true,2
143.866,-60,false,g,true,2
191.763,-60,false,b,true,2
200.93,-40,true,l,true,2
160,-40,false,l,true,2
148.877,-40,true,g,true,2
136.251,-60,false,g,true,2
184.524,-60,false,b,true,2
194.034,-40,true,l,true,2
160,-40,false,l,true,2
194.594,-40,true,g,true,2
185.113,-60,false,g,true,2
181.868,-60,false,b,true,2
196.703,-60,false,b,true,2
205.65,-40,true,l,true,2
160,-40,false,l,true,2
161.191,-40,true,g,true,2
149.608,-60,false,g,true,2
199.696,-60,false,b,true,2
208.515,-40,true,l,true,2
160,-40,false,l,true,2
180.717,-40,true,g,true,2
170.466,-60,false,g,true,2
197.579,-60,false,b,true,2
206.489,-40,true,l,true,2
160,-40,false,l,true,2
166.14,-40,true,g,true,2
154.928,-60,false,g,true,2
187.968,-60,false,b,true,2
197.312,-40,true,l,true,2
160,-40,false,l,true,2
151.978,-40,true,g,true,2
139.633,-60,false,g,true,2
197.455,-60,false,b,true,2
206.37,-40,true,l,true,2
160,-40,false,l,true,2
196.689,-40,true,g,true,2
187.314,-60,false,g,true,2
188.294,-60,false,b,true,2
197.622,-40,true,l,true,2
160,-40,false,l,true,2
155.974,-40,true,g,true,2
143.972,-60,false,g,true,2
191.342,-60,false,b,true,2
200.529,-40,true,l,true,2
160,-40,false,l,true,2
174.207,-40,true,g,true,2
163.548,-60,false,g,true,2
135.497,-60,false,b,true,2
142.59,-60,false,b,true,2
177.742,-60,false,b,true,2
198.54,-60,false,b,true,2
207.408,-40,true,l,true,2
160,-40,false,l,true,2
180.334,-40,true,g,true,2
170.06,-60,false,g,true,2
172.443,-60,false,b,true,2
191.859,-60,false,b,true,2
201.022,-40,true,l,true,2
160,-40,false,l,true,2
202.215,-40,true,g,true,2
193.109,-60,false,g,true,2
190.45,-60,false,b,true,2
199.678,-40,true,l,true,2
160,-40,false,l,true,2
182.506,-40,true,g,true,2
172.361,-60,false,g,true,2
196.287,-60,false,b,true,2
205.252,-40,true,l,true,2
160,-40,false,l,true,2
200.797,-40,true,g,true,2
191.623,-60,false,g,true,2
193.364,-60,false,b,true,2
202.459,-40,true,l,true,2
160,-40,false,l,true,2
207.266,-40,true,g,true,2
198.392,-60,false,g,true,2
198.228,-60,false,b,true,2
207.109,-40,true,l,true,2
160,-40,false,l,true,2
149.294,-40,true,g,true,2
136.706,-60,false,g,true,2
189.724,-60,false,b,true,2
199.798,-60,false,b,true,2
208.613,-40,true,l,true,2
160,-40,false,l,true,2
201.923,-40,true,g,true,2
192.802,-60,false,g,true,2
195.869,-60,false,b,true,2
204.853,-40,true,l,true,2
160,-40,false,l,true,2
181.073,-40,true,g,true,2
170.843,-60,false,g,true,2
169.763,-60,false,b,true,2
198.586,-60,false,b,true,2
207.452,-40,true,l,true,2
160,-40,false,l,true,2
196.881,-40,true,g,true,2
187.516,-60,false,g,true,2
185.273,-60,false,b,true,2
194.746,-40,true,l,true,2
160,-40,false,l,true,2
152.761,-40,true,g,true,2
140.485,-60,false,g,true,2
196.534,-60,false,b,true,2
205.488,-40,true,l,true,2
160,-40,false,l,true,2
164.204,-40,true,g,true,2
152.85,-60,false,g,true,2
161.542,-60,false,b,true,2
197.614,-60,false,b,true,2
206.522,-40,true,l,true,2
160,-40,false,l,true,2
205.653,-40,true,g,true,2
196.706,-60,false,g,true,2
194.473,-60,false,b,true,2
203.519,-40,true,l,true,2
160,-40,false,l,true,2
191.068,-40,true,g,true,2
181.402,-60,false,g,true,2
180.485,-60,false,b,true,2
190.196,-40,true,l,true,2
160,-40,false,l,true,2
168.484,-40,true,g,true,2
157.438,-60,false,g,true,2
172.37,-60,false,b,true,2
182.514,-40,true,l,true,2
160,-40,false,l,true,2
158.542,-40,true,g,true,2
146.75,-60,false,g,true,2
199.472,-60,false,b,true,2
208.3,-40,true,l,true,2
160,-40,false,l,true,2
152.998,-40,true,g,true,2
140.743,-60,false,g,true,2
176.649,-60,false,b,true,2
186.56,-40,true,l,true,2
160,-40,false,l,true,2
199.344,-40,true,g,true,2
190.1,-60,false,g,true,2
188.484,-60,false,b,true,2
197.803,-40,true,l,true,2
160,-40,false,l,true,2
192.185,-40,true,g,true,2
182.579,-60,false,g,true,2
182.382,-60,false,b,true,2
191.998,-40,true,l,true,2
160,-40,false,l,true,2
185.557,-40,true,g,true,2
175.589,-60,false,g,true,2
199.303,-60,false,b,true,2
208.139,-40,true,l,true,2
160,-40,false,l,true,2
165.844,-40,true,g,true,2
154.61,-60,false,g,true,2
193.956,-60,false,b,true,2
203.024,-40,true,l,true,2
160,-40,false,l,true,2
176.843,-40,true,g,true,2
166.353,-60,false,g,true,2
197.591,-60,false,b,true,2
206.5,-40,true,l,true,2
160,-40,false,l,true,2
164.897,-40,true,g,true,2
153.594,-60,false,g,true,2
155.526,-60,false,b,true,2
172.473,-60,false,b,true,2
198.383,-60,false,b,true,2
207.258,-40,true,l,true,2
160,-40,false,l,true,2
202.668,-40,true,g,true,2
193.583,-60,false,g,true,2
192.871,-60,false,b,true,2
201.988,-40,true,l,true,2
160,-40,false,l,true,2
163.261,-40,true,g,true,2
151.836,-60,false,g,true,2
196.033,-60,false,b,true,2
205.009,-40,true,l,true,2
160,-40,false,l,true,2
154.179,-40,true,g,true,2
142.025,-60,false,g,true,2
199.258,-60,false,b,true,2
208.095,-40,true,l,true,2
160,-40,false,l,true,2
174.728,-40,true,g,true,2
164.103,-60,false,g,true,2
162.482,-60,false,b,true,2
173.206,-40,true,l,true,2
160,-40,false,l,true,2
178.286,-40,true,g,true,2
167.887,-60,false,g,true,2
135.952,-60,false,b,true,2
185.734,-60,false,b,true,2
195.185,-40,true,l,true,2
160,-40,false,l,true,2
187.277,-40,true,g,true,2
177.405,-60,false,g,true,2
195.752,-60,false,b,true,2
204.741,-40,true,l,true,2
160,-40,false,l,true,2
155.139,-40,true,g,true,2
143.067,-60,false,g,true,2
183.783,-60,false,b,true,2
193.329,-40,true,l,true,2
160,-40,false,l,true,2
148.119,-40,true,g,true,2
135.422,-60,false,g,true,2
174.785,-60,false,b,true,2
184.797,-40,true,l,true,2
160,-40,false,l,true,2
199.427,-40,true,g,true,2
190.188,-60,false,g,true,2
188.546,-60,false,b,true,2
197.862,-40,true,l,true,2
160,-40,false,l,true,2
157.265,-40,true,g,true,2
145.37,-60,false,g,true,2
189.688,-60,false,b,true,2
198.951,-40,true,l,true,2
160,-40,false,l,true,2
167.73,-40,true,g,true,2
156.631,-60,false,g,true,2
188.769,-60,false,b,true,2
198.075,-40,true,l,true,2
160,-40,false,l,true,2
196.752,-40,true,g,true,2
187.38,-60,false,g,true,2
182.217,-60,false,b,true,2
191.842,-40,true,l,true,2
160,-40,false,l,true,2
176.106,-40,true,g,true,2
165.57,-60,false,g,true,2
197.257,-60,false,b,true,2
206.18,-40,true,l,true,2
160,-40,false,l,true,2
197.033,-40,true,g,true,2
187.675,-60,false,g,true,2
185.657,-60,false,b,true,2
192.87,-60,false,b,true,2
201.987,-40,true,l,true,2
160,-40,false,l,true,2
200.641,-40,true,g,true,2
191.459,-60,false,g,true,2
193.073,-60,false,b,true,2
202.181,-40,true,l,true,2
160,-40,false,l,true,2
207.287,-40,true,g,true,2
198.413,-60,false,g,true,2
197.898,-60,false,b,true,2
206.794,-40,true,l,true,2
160,-40,false,l,true,2
149.223,-40,true,g,true,2
136.629,-60,false,g,true,2
189.367,-60,false,b,true,2
176.779,-60,false,b,true,2
186.683,-40,true,l,true,2
160,-40,false,l,true,2
154.578,-40,true,g,true,2
142.458,-60,false,g,true,2
175.864,-60,false,b,true,2
185.817,-40,true,l,true,2
160,-40,false,l,true,2
167.543,-40,true,g,true,2
156.431,-60,false,g,true,2
156.892,-60,false,b,true,2
199.454,-60,false,b,true,2
208.283,-40,true,l,true,2
160,-40,false,l,true,2
167.27,-40,true,g,true,2
156.139,-60,false,g,true,2
181.541,-60,false,b,true,2
191.2,-40,true,l,true,2
160,-40,false,l,true,2
156.349,-40,true,g,true,2
144.378,-60,false,g,true,2
147.525,-60,false,b,true,2
180.228,-60,false,b,true,2
189.953,-40,true,l,true,2
160,-40,false,l,true,2
175.857,-40,true,g,true,2
165.305,-60,false,g,true,2
196.708,-60,false,b,true,2
205.655,-40,true,l,true,2
160,-40,false,l,true,2
168.848,-40,true,g,true,2
157.828,-60,false,g,true,2
197.6,-60,false,b,true,2
206.508,-40,true,l,true,2
160,-40,false,l,true,2
177.849,-40,true,g,true,2
167.423,-60,false,g,true,2
195.979,-60,false,b,true,2
204.958,-40,true,l,true,2
160,-40,false,l,true,2
149.55,-40,true,g,true,2
136.986,-60,false,g,true,2
168.425,-60,false,b,true,2
178.794,-40,true,l,true,2
160,-40,false,l,true,2
192.59,-40,true,g,true,2
183.005,-60,false,g,true,2
189.012,-60,false,b,true,2
198.306,-40,true,l,true,2
160,-40,false,l,true,2
154.319,-40,true,g,true,2
142.177,-60,false,g,true,2
191.56,-60,false,b,true,2
200.736,-40,true,l,true,2
160,-40,false,l,true,2
183.736,-40,true,g,true,2
173.663,-60,false,g,true,2
198.209,-60,false,b,true,2
198.135,-60,false,b,true,2
207.021,-40,true,l,true,2
160,-40,false,l,true,2
184.17,-40,true,g,true,2
174.123,-60,false,g,true,2
176.242,-60,false,b,true,2
197.494,-60,false,b,true,2
206.407,-40,true,l,true,2
160,-40,false,l,true,2
175.124,-40,true,g,true,2
164.525,-60,false,g,true,2
167.627,-60,false,b,true,2
198.263,-60,false,b,true,2
207.143,-40,true,l,true,2
160,-40,false,l,true,2
199.841,-40,true,g,true,2
190.621,-60,false,g,true,2
193.573,-60,false,b,true,2
202.659,-40,true,l,true,2
160,-40,false,l,true,2
179.038,-40,true,g,true,2
168.685,-60,false,g,true,2
167.468,-60,false,b,true,2
196.291,-60,false,b,true,2
205.256,-40,true,l,true,2
160,-40,false,l,true,2
206.981,-40,true,g,true,2
198.094,-60,false,g,true,2
199.032,-60,false,b,true,2
207.879,-40,true,l,true,2
160,-40,false,l,true,2
158.387,-40,true,g,true,2
146.582,-60,false,g,true,2
178.769,-60,false,b,true,2
188.569,-40,true,l,true,2
160,-40,false,l,true,2
201.807,-40,true,g,true,2
192.682,-60,false,g,true,2
189.519,-60,false,b,true,2
198.79,-40,true,l,true,2
160,-40,false,l,true,2
168.521,-40,true,g,true,2
157.478,-60,false,g,true,2
176.683,-60,false,b,true,2
186.593,-40,true,l,true,2
160,-40,false,l,true,2
151.886,-40,true,g,true,2
139.532,-60,false,g,true,2
189.19,-60,false,b,true,2
198.476,-40,true,l,true,2
160,-40,false,l,true,2
170.063,-40,true,g,true,2
159.128,-60,false,g,true,2
180.009,-60,false,b,true,2
189.745,-40,true,l,true,2
160,-40,false,l,true,2
198.256,-40,true,g,true,2
188.959,-60,false,g,true,2
187.725,-60,false,b,true,2
197.081,-40,true,l,true,2
160,-40,false,l,true,2
196.62,-40,true,g,true,2
187.241,-60,false,g,true,2
184.884,-60,false,b,true,2
194.376,-40,true,l,true,2
160,-40,false,l,true,2
185.101,-40,true,g,true,2
175.107,-60,false,g,true,2
189.965,-60,false,b,true,2
199.216,-40,true,l,true,2
160,-40,false,l,true,2
206.034,-40,true,g,true,2
197.104,-60,false,g,true,2
197.333,-60,false,b,true,2
206.253,-40,true,l,true,2
160,-40,false,l,true,2
169.526,-40,true,g,true,2
158.553,-60,false,g,true,2
169.148,-60,false,b,true,2
179.474,-40,true,l,true,2
160,-40,false,l,true,2
152.69,-40,true,g,true,2
140.407,-60,false,g,true,2
142.021,-60,false,b,true,2
154.175,-40,true,l,true,2
160,-40,false,l,true,2
173.117,-40,true,g,true,2
162.386,-60,false,g,true,2
198.265,-60,false,b,true,2
207.144,-40,true,l,true,2
160,-40,false,l,true,2
177.273,-40,true,g,true,2
166.811,-60,false,g,true,2
197.427,-60,false,b,true,2
206.343,-40,true,l,true,2
160,-40,false,l,true,2
190.076,-40,true,g,true,2
180.357,-60,false,g,true,2
142.722,-60,false,b,true,2
199.949,-60,false,b,true,2
208.757,-40,true,l,true,2
160,-40,false,l,true,2
160.031,-40,true,g,true,2
148.357,-60,false,g,true,2
197.151,-60,false,b,true,2
206.079,-40,true,l,true,2
160,-40,false,l,true,2
207.932,-40,true,g,true,2
199.087,-60,false,g,true,2
191.393,-60,false,b,true,2
200.577,-40,true,l,true,2
160,-40,false,l,true,2
203.142,-40,true,g,true,2
194.079,-60,false,g,true,2
193.101,-60,false,b,true,2
202.208,-40,true,l,true,2
160,-40,false,l,true,2
201.426,-40,true,g,true,2
192.283,-60,false,g,true,2
189.868,-60,false,b,true,2
199.122,-40,true,l,true,2
160,-40,false,l,true,2
175.367,-40,true,g,true,2
164.783,-60,false,g,true,2
168.851,-60,false,b,true,2
171.769,-60,false,b,true,2
181.947,-40,true,l,true,2
160,-40,false,l,true,2
167.213,-40,true,g,true,2
156.078,-60,false,g,true,2
180.606,-60,false,b,true,2
190.312,-40,true,l,true,2
160,-40,false,l,true,2
195.441,-40,true,g,true,2
186.003,-60,false,g,true,2
173.589,-60,false,b,true,2
183.666,-40,true,l,true,2
160,-40,false,l,true,2
194.188,-40,true,g,true,2
184.686,-60,false,g,true,2
199.504,-60,false,b,true,2
208.331,-40,true,l,true,2
160,-40,false,l,true,2
179.917,-40,true,g,true,2
169.618,-60,false,g,true,2
175.096,-60,false,b,true,2
194.663,-60,false,b,true,2
203.7,-40,true,l,true,2
160,-40,false,l,true,2
190.065,-40,true,g,true,2
180.346,-60,false,g,true,2
141.95,-60,false,b,true,2
198.309,-60,false,b,true,2
207.187,-40,true,l,true,2
160,-40,false,l,true,2
162.492,-40,true,g,true,2
151.008,-60,false,g,true,2
198.084,-60,false,b,true,2
160,-60,false,f,true,3
160,-40,false,l,true,3
175.389,-40,true,g,true,3
164.807,-60,false,g,true,3
156.641,-60,false,b,true,3
196.598,-60,false,b,true,3
205.55,-40,true,l,true,3
160,-40,false,l,true,3
174.174,-40,true,g,true,3
163.514,-60,false,g,true,3
198.764,-60,false,b,true,3
207.623,-40,true,l,true,3
160,-40,false,l,true,3
159.125,-40,true,g,true,3
147.38,-60,false,g,true,3
189.877,-60,false,b,true,3
199.132,-40,true,l,true,3
160,-40,false,l,true,3
201.717,-40,true,g,true,3
192.587,-60,false,g,true,3
193.734,-60,false,b,true,3
202.812,-40,true,l,true,3
160,-40,false,l,true,3
187.003,-40,true,g,true,3
177.116,-60,false,g,true,3
174.644,-60,false,b,true,3
184.663,-40,true,l,true,3
160,-40,false,l,true,3
162.073,-40,true,g,true,3
150.558,-60,false,g,true,3
198.3,-60,false,b,true,3
207.178,-40,true,l,true,3
160,-40,false,l,true,3
198.585,-40,true,g,true,3
189.304,-60,false,g,true,3
186.295,-60,false,b,true,3
195.718,-40,true,l,true,3
160,-40,false,l,true,3
152.996,-40,true,g,true,3
140.74,-60,false,g,true,3
199.529,-60,false,b,true,3
208.355,-40,true,l,true,3
160,-40,false,l,true,3
165.587,-40,true,g,true,3
154.335,-60,false,g,true,3
179.346,-60,false,b,true,3
189.116,-40,true,l,true,3
160,-40,false,l,true,3
167.062,-40,true,g,true,3
155.915,-60,false,g,true,3
163.85,-60,false,b,true,3
195.891,-60,false,b,true,3
204.874,-40,true,l,true,3
160,-40,false,l,true,3
177.409,-40,true,g,true,3
166.955,-60,false,g,true,3
198.454,-60,false,b,true,3
207.325,-40,true,l,true,3
160,-40,false,l,true,3
150.933,-40,true,g,true,3
138.494,-60,false,g,true,3
149.595,-60,false,b,true,3
184.725,-60,false,b,true,3
194.225,-40,true,l,true,3
160,-40,false,l,true,3
157.112,-40,true,g,true,3
145.204,-60,false,g,true,3
152.674,-60,false,b,true,3
199.106,-60,false,b,true,3
207.95,-40,true,l,true,3
160,-40,false,l,true,3
170.268,-40,true,g,true,3
159.347,-60,false,g,true,3
198.077,-60,false,b,true,3
206.965,-40,true,l,true,3
160,-40,false,l,true,3
153.175,-40,true,g,true,3
140.935,-60,false,g,true,3
162.674,-60,false,b,true,3
173.386,-40,true,l,true,3
160,-40,false,l,true,3
156.447,-40,true,g,true,3
144.484,-60,false,g,true,3
143.048,-60,false,b,true,3
149.791,-60,false,b,true,3
161.361,-40,true,l,true,3
160,-40,false,l,true,3
167.713,-40,true,g,true,3
156.614,-60,false,g,true,3
188.759,-60,false,b,true,3
199.165,-60,false,b,true,3
208.006,-40,true,l,true,3
160,-40,false,l,true,3
153.616,-40,true,g,true,3
141.414,-60,false,g,true,3
197.778,-60,false,b,true,3
206.678,-40,true,l,true,3
160,-40,false,l,true,3
162.335,-40,true,g,true,3
150.839,-60,false,g,true,3
194.259,-60,false,b,true,3
203.314,-40,true,l,true,3
160,-40,false,l,true,3
154.812,-40,true,g,true,3
142.712,-60,false,g,true,3
173.873,-60,false,b,true,3
177.282,-60,false,b,true,3
187.16,-40,true,l,true,3
160,-40,false,l,true,3
204.252,-40,true,g,true,3
195.241,-60,false,g,true,3
178.913,-60,false,b,true,3
188.706,-40,true,l,true,3
160,-40,false,l,true,3
163.955,-40,true,g,true,3
152.582,-60,false,g,true,3
193.281,-60,false,b,true,3
202.38,-40,true,l,true,3
160,-40,false,l,true,3
166.106,-40,true,g,true,3
154.89,-60,false,g,true,3
195.479,-60,false,b,true,3
204.48,-40,true,l,true,3
160,-40,false,l,true,3
172.781,-40,true,g,true,3
162.029,-60,false,g,true,3
193.707,-60,false,b,true,3
202.786,-40,true,l,true,3
160,-40,false,l,true,3
151.394,-40,true,g,true,3
138.996,-60,false,g,true,3
188.23,-60,false,b,true,3
197.561,-40,true,l,true,3
160,-40,false,l,true,3
153.311,-40,true,g,true,3
141.082,-60,false,g,true,3
189.715,-60,false,b,true,3
198.977,-40,true,l,true,3
160,-40,false,l,true,3
163.428,-40,true,g,true,3
152.016,-60,false,g,true,3
177.294,-60,false,b,true,3
187.171,-40,true,l,true,3
160,-40,false,l,true,3
157.581,-40,true,g,true,3
145.711,-60,false,g,true,3
147.726,-60,false,b,true,3
159.446,-40,true,l,true,3
160,-40,false,l,true,3
204.954,-40,true,g,true,3
195.974,-60,false,g,true,3
197.106,-60,false,b,true,3
206.036,-40,true,l,true,3
160,-40,false,l,true,3
169.2,-40,true,g,true,3
158.204,-60,false,g,true,3
173.84,-60,false,b,true,3
183.903,-40,true,l,true,3
160,-40,false,l,true,3
189.503,-40,true,g,true,3
179.754,-60,false,g,true,3
178.667,-60,false,b,true,3
188.473,-40,true,l,true,3
160,-40,false,l,true,3
154.413,-40,true,g,true,3
142.279,-60,false,g,true,3
199.94,-60,false,b,true,3
208.749,-40,true,l,true,3
160,-40,false,l,true,3
148.675,-40,true,g,true,3
136.03,-60,false,g,true,3
192.361,-60,false,b,true,3
201.502,-40,true,l,true,3
160,-40,false,l,true,3
162.828,-40,true,g,true,3
151.371,-60,false,g,true,3
198.366,-60,false,b,true,3
207.242,-40,true,l,true,3
160,-40,false,l,true,3
166.585,-40,true,g,true,3
155.405,-60,false,g,true,3
179.907,-60,false,b,true,3
189.648,-40,true,l,true,3
160,-40,false,l,true,3
197.433,-40,true,g,true,3
188.095,-60,false,g,true,3
183.566,-60,false,b,true,3
193.123,-40,true,l,true,3
160,-40,false,l,true,3
186.632,-40,true,g,true,3
176.724,-60,false,g,true,3
198.681,-60,false,b,true,3
207.543,-40,true,l,true,3
160,-40,false,l,true,3
164.14,-40,true,g,true,3
152.781,-60,false,g,true,3
185.397,-60,false,b,true,3
194.864,-40,true,l,true,3
160,-40,false,l,true,3
159.782,-40,true,g,true,3
148.089,-60,false,g,true,3
166.465,-60,false,b,true,3
176.948,-40,true,l,true,3
160,-40,false,l,true,3
158.64,-40,true,g,true,3
146.856,-60,false,g,true,3
150.241,-60,false,b,true,3
161.779,-40,true,l,true,3
160,-40,false,l,true,3
198.293,-40,true,g,true,3
188.998,-60,false,g,true,3
191.344,-60,false,b,true,3
200.53,-40,true,l,true,3
160,-40,false,l,true,3
149.106,-40,true,g,true,3
136.502,-60,false,g,true,3
182.062,-60,false,b,true,3
191.694,-40,true,l,true,3
160,-40,false,l,true,3
169.13,-40,true,g,true,3
158.13,-60,false,g,true,3
185.774,-60,false,b,true,3
195.223,-40,true,l,true,3
160,-40,false,l,true,3
165.94,-40,true,g,true,3
154.713,-60,false,g,true,3
155.544,-60,false,b,true,3
177.202,-60,false,b,true,3
187.085,-40,true,l,true,3
160,-40,false,l,true,3
174.585,-40,true,g,true,3
163.951,-60,false,g,true,3
160.434,-60,false,b,true,3
173.429,-60,false,b,true,3
183.515,-40,true,l,true,3
160,-40,false,l,true,3
148.51,-40,true,g,true,3
135.85,-60,false,g,true,3
160.74,-60,false,b,true,3
171.573,-40,true,l,true,3
160,-40,false,l,true,3
168.562,-40,true,g,true,3
157.521,-60,false,g,true,3
152.4,-60,false,b,true,3
163.786,-40,true,l,true,3
160,-40,false,l,true,3
177.788,-40,true,g,true,3
167.358,-60,false,g,true,3
194.535,-60,false,b,true,3
203.577,-40,true,l,true,3
160,-40,false,l,true,3
148.531,-40,true,g,true,3
135.873,-60,false,g,true,3
154.962,-60,false,b,true,3
166.172,-40,true,l,true,3
160,-40,false,l,true,3
165.064,-40,true,g,true,3
153.773,-60,false,g,true,3
199.048,-60,false,b,true,3
207.895,-40,true,l,true,3
160,-40,false,l,true,3
174.576,-40,true,g,true,3
163.941,-60,false,g,true,3
198.376,-60,false,b,true,3
207.251,-40,true,l,true,3
160,-40,false,l,true,3
161.493,-40,true,g,true,3
149.933,-60,false,g,true,3
193.26,-60,false,b,true,3
202.36,-40,true,l,true,3
160,-40,false,l,true,3
153.997,-40,true,g,true,3
141.827,-60,false,g,true,3
172.888,-60,false,b,true,3
176.292,-60,false,b,true,3
186.223,-40,true,l,true,3
160,-40,false,l,true,3
204.939,-40,true,g,true,3
195.96,-60,false,g,true,3
197.816,-60,false,b,true,3
206.715,-40,true,l,true,3
160,-40,false,l,true,3
151.789,-40,true,g,true,3
139.427,-60,false,g,true,3
183.975,-60,false,b,true,3
193.512,-40,true,l,true,3
160,-40,false,l,true,3
178.393,-40,true,g,true,3
168,-60,false,g,true,3
199.679,-60,false,b,true,3
208.499,-40,true,l,true,3
160,-40,false,l,true,3
168.246,-40,true,g,true,3
157.183,-60,false,g,true,3
186.127,-60,false,b,true,3
195.559,-40,true,l,true,3
160,-40,false,l,true,3
161.345,-40,true,g,true,3
149.774,-60,false,g,true,3
195.641,-60,false,b,true,3
204.634,-40,true,l,true,3
160,-40,false,l,true,3
164.115,-40,true,g,true,3
152.754,-60,false,g,true,3
191.063,-60,false,b,true,3
200.262,-40,true,l,true,3
160,-40,false,l,true,3
195.468,-40,true,g,true,3
186.031,-60,false,g,true,3
158.666,-60,false,b,true,3
199.895,-60,false,b,true,3
208.706,-40,true,l,true,3
160,-40,false,l,true,3
191.366,-40,true,g,true,3
181.717,-60,false,g,true,3
177.63,-60,false,b,true,3
151.359,-60,false,b,true,3
171.716,-60,false,b,true,3
181.896,-40,true,l,true,3
160,-40,false,l,true,3
176.375,-40,true,g,true,3
165.855,-60,false,g,true,3
178.334,-60,false,b,true,3
188.157,-40,true,l,true,3
160,-40,false,l,true,3
159.041,-40,true,g,true,3
147.289,-60,false,g,true,3
194.803,-60,false,b,true,3
203.834,-40,true,l,true,3
160,-40,false,l,true,3
155.076,-40,true,g,true,3
142.999,-60,false,g,true,3
135.069,-60,false,b,true,3
195.065,-60,false,b,true,3
204.084,-40,true,l,true,3
160,-40,false,l,true,3
155.766,-40,true,g,true,3
143.747,-60,false,g,true,3
146.158,-60,false,b,true,3
160.22,-60,false,b,true,3
171.086,-40,true,l,true,3
160,-40,false,l,true,3
207.993,-40,true,g,true,3
199.151,-60,false,g,true,3
197.708,-60,false,b,true,3
206.612,-40,true,l,true,3
160,-40,false,l,true,3
164.313,-40,true,g,true,3
152.966,-60,false,g,true,3
192.899,-60,false,b,true,3
202.015,-40,true,l,true,3
160,-40,false,l,true,3
198.17,-40,true,g,true,3
188.868,-60,false,g,true,3
196.689,-60,false,b,true,3
205.637,-40,true,l,true,3
160,-40,false,l,true,3
155.334,-40,true,g,true,3
143.278,-60,false,g,true,3
185.155,-60,false,b,true,3
194.634,-40,true,l,true,3
160,-40,false,l,true,3
175.588,-40,true,g,true,3
165.019,-60,false,g,true,3
180.299,-60,false,b,true,3
190.021,-40,true,l,true,3
160,-40,false,l,true,3
170.704,-40,true,g,true,3
159.812,-60,false,g,true,3
199.361,-60,false,b,true,3
208.194,-40,true,l,true,3
160,-40,false,l,true,3
160.527,-40,true,g,true,3
148.892,-60,false,g,true,3
181.785,-60,false,b,true,3
191.431,-40,true,l,true,3
160,-40,false,l,true,3
190.425,-40,true,g,true,3
180.725,-60,false,g,true,3
146.944,-60,false,b,true,3
199.386,-60,false,b,true,3
208.218,-40,true,l,true,3
160,-40,false,l,true,3
156.827,-40,true,g,true,3
144.895,-60,false,g,true,3
175.377,-60,false,b,true,3
185.357,-40,true,l,true,3
160,-40,false,l,true,3
167.207,-40,true,g,true,3
156.071,-60,false,g,true,3
196.72,-60,false,b,true,3
205.667,-40,true,l,true,3
160,-40,false,l,true,3
152.674,-40,true,g,true,3
140.39,-60,false,g,true,3
187.885,-60,false,b,true,3
197.232,-40,true,l,true,3
160,-40,false,l,true,3
163.616,-40,true,g,true,3
152.218,-60,false,g,true,3
195.331,-60,false,b,true,3
204.338,-40,true,l,true,3
160,-40,false,l,true,3
156.115,-40,true,g,true,3
144.125,-60,false,g,true,3
196.842,-60,false,b,true,3
205.783,-40,true,l,true,3
160,-40,false,l,true,3
150.583,-40,true,g,true,3
138.113,-60,false,g,true,3
177.705,-60,false,b,true,3
187.561,-40,true,l,true,3
160,-40,false,l,true,3
160.317,-40,true,g,true,3
148.666,-60,false,g,true,3
157.482,-60,false,b,true,3
168.525,-40,true,l,true,3
160,-40,false,l,true,3
196.668,-40,true,g,true,3
187.292,-60,false,g,true,3
199.882,-60,false,b,true,3
208.693,-40,true,l,true,3
160,-40,false,l,true,3
205.484,-40,true,g,true,3
196.529,-60,false,g,true,3
194.605,-60,false,b,true,3
203.645,-40,true,l,true,3
160,-40,false,l,true,3
148.103,-40,true,g,true,3
135.405,-60,false,g,true,3
164.354,-60,false,b,true,3
174.963,-40,true,l,true,3
160,-40,false,l,true,3
158.88,-40,true,g,true,3
147.115,-60,false,g,true,3
152.62,-60,false,b,true,3
192.206,-60,false,b,true,3
201.353,-40,true,l,true,3
160,-40,false,l,true,3
193.799,-40,true,g,true,3
184.278,-60,false,g,true,3
194.717,-60,false,b,true,3
203.751,-40,true,l,true,3
160,-40,false,l,true,3
163.279,-40,true,g,true,3
151.855,-60,false,g,true,3
188.015,-60,false,b,true,3
197.357,-40,true,l,true,3
160,-40,false,l,true,3
154.794,-40,true,g,true,3
142.693,-60,false,g,true,3
148.561,-60,false,b,true,3
172.284,-60,false,b,true,3
182.433,-40,true,l,true,3
160,-40,false,l,true,3
149.111,-40,true,g,true,3
136.506,-60,false,g,true,3
186.763,-60,false,b,true,3
196.165,-40,true,l,true,3
160,-40,false,l,true,3
164.607,-40,true,g,true,3
153.282,-60,false,g,true,3
189.384,-60,false,b,true,3
198.662,-40,true,l,true,3
160,-40,false,l,true,3
148.862,-40,true,g,true,3
136.235,-60,false,g,true,3
186.976,-60,false,b,true,3
196.367,-40,true,l,true,3
160,-40,false,l,true,3
162.419,-40,true,g,true,3
150.931,-60,false,g,true,3
198.078,-60,false,b,true,3
206.966,-40,true,l,true,3
160,-40,false,l,true,3
153.412,-40,true,g,true,3
141.192,-60,false,g,true,3
148.06,-60,false,b,true,3
189.02,-60,false,b,true,3
198.315,-40,true,l,true,3
160,-40,false,l,true,3
171.565,-40,true,g,true,3
160.732,-60,false,g,true,3
158.405,-60,false,b,true,3
192.012,-60,false,b,true,3
201.168,-40,true,l,true,3
160,-40,false,l,true,3
160,-60,false,f,true,4
197.667,-60,false,b,true,4
157.904,-60,false,b,true,4
168.919,-40,true,l,true,4
160,-40,false,l,true,4
166.422,-40,true,g,true,4
155.23,-60,false,g,true,4
145.866,-60,false,b,true,4
157.724,-40,true,l,true,4
160,-40,false,l,true,4
189.506,-40,true,g,true,4
179.757,-60,false,g,true,4
176.289,-60,false,b,true,4
136.059,-60,false,b,true,4
161.084,-60,false,b,true,4
171.895,-40,true,l,true,4
160,-40,false,l,true,4
160.244,-40,true,g,true,4
148.587,-60,false,g,true,4
141.621,-60,false,b,true,4
153.807,-40,true,l,true,4
160,-40,false,l,true,4
167.123,-40,true,g,true,4
155.981,-60,false,g,true,4
147.37,-60,false,b,true,4
159.116,-40,true,l,true,4
160,-40,false,l,true,4
190,-40,true,g,true,4
180.277,-60,false,g,true,4
176.208,-60,false,b,true,4
190.291,-60,false,b,true,4
153.996,-60,false,b,true,4
147.431,-60,false,b,true,4
159.172,-40,true,l,true,4
160,-40,false,l,true,4
202.625,-40,true,g,true,4
193.538,-60,false,g,true,4
169.097,-60,false,b,true,4
136.651,-60,false,b,true,4
158.94,-60,false,b,true,4
157.513,-60,false,b,true,4
168.553,-40,true,l,true,4
160,-40,false,l,true,4
193.314,-40,true,g,true,4
183.767,-60,false,g,true,4
170.057,-60,false,b,true,4
196.415,-60,false,b,true,4
205.375,-40,true,l,true,4
160,-40,false,l,true,4
196.889,-40,true,g,true,4
187.524,-60,false,g,true,4
137.047,-60,false,b,true,4
149.606,-40,true,l,true,4
160,-40,false,l,true,4
159.775,-40,true,g,true,4
148.082,-60,false,g,true,4
140.41,-60,false,b,true,4
152.692,-40,true,l,true,4
160,-40,false,l,true,4
166.669,-40,true,g,true,4
155.495,-60,false,g,true,4
146.202,-60,false,b,true,4
181.053,-60,false,b,true,4
190.736,-40,true,l,true,4
160,-40,false,l,true,4
154.299,-40,true,g,true,4
142.155,-60,false,g,true,4
178.609,-60,false,b,true,4
188.418,-40,true,l,true,4
160,-40,false,l,true,4
179.164,-40,true,g,true,4
168.819,-60,false,g,true,4
137.345,-60,false,b,true,4
147.945,-60,false,b,true,4
176.026,-60,false,b,true,4
176.884,-60,false,b,true,4
186.783,-40,true,l,true,4
160,-40,false,l,true,4
157.156,-40,true,g,true,4
145.251,-60,false,g,true,4
144.608,-60,false,b,true,4
156.562,-40,true,l,true,4
160,-40,false,l,true,4
172.023,-40,true,g,true,4
161.22,-60,false,g,true,4
154.76,-60,false,b,true,4
165.984,-40,true,l,true,4
160,-40,false,l,true,4
195.326,-40,true,g,true,4
185.882,-60,false,g,true,4
182.243,-60,false,b,true,4
136.789,-60,false,b,true,4
168.935,-60,false,b,true,4
171.654,-60,false,b,true,4
181.838,-40,true,l,true,4
160,-40,false,l,true,4
171.279,-40,true,g,true,4
160.426,-60,false,g,true,4
140.615,-60,false,b,true,4
166.046,-60,false,b,true,4
176.554,-40,true,l,true,4
160,-40,false,l,true,4
206.282,-40,true,g,true,4
197.363,-60,false,g,true,4
195.382,-60,false,b,true,4
163.913,-60,false,b,true,4
193.032,-60,false,b,true,4
194.315,-60,false,b,true,4
203.367,-40,true,l,true,4
160,-40,false,l,true,4
187.816,-40,true,g,true,4
177.974,-60,false,g,true,4
174.589,-60,false,b,true,4
184.611,-40,true,l,true,4
160,-40,false,l,true,4
177.218,-40,true,g,true,4
166.752,-60,false,g,true,4
159.532,-60,false,b,true,4
170.442,-40,true,l,true,4
160,-40,false,l,true,4
192.503,-40,true,g,true,4
182.914,-60,false,g,true,4
179.188,-60,false,b,true,4
185.608,-60,false,b,true,4
163.311,-60,false,b,true,4
197.919,-60,false,b,true,4
206.813,-40,true,l,true,4
160,-40,false,l,true,4
184.366,-40,true,g,true,4
174.33,-60,false,g,true,4
192.632,-60,false,b,true,4
187.493,-60,false,b,true,4
189.763,-60,false,b,true,4
199.023,-40,true,l,true,4
160,-40,false,l,true,4
163.253,-40,true,g,true,4
151.827,-60,false,g,true,4
143.665,-60,false,b,true,4
155.69,-40,true,l,true,4
160,-40,false,l,true,4
151.583,-40,true,g,true,4
139.203,-60,false,g,true,4
142.963,-60,false,b,true,4
155.044,-40,true,l,true,4
160,-40,false,l,true,4
183.346,-40,true,g,true,4
173.251,-60,false,g,true,4
170.62,-60,false,b,true,4
180.863,-40,true,l,true,4
160,-40,false,l,true,4
160.945,-40,true,g,true,4
149.343,-60,false,g,true,4
178.907,-60,false,b,true,4
188.7,-40,true,l,true,4
160,-40,false,l,true,4
172.549,-40,true,g,true,4
161.782,-60,false,g,true,4
137.067,-60,false,b,true,4
143.345,-60,false,b,true,4
179.188,-60,false,b,true,4
188.966,-40,true,l,true,4
160,-40,false,l,true,4
192.948,-40,true,g,true,4
183.382,-60,false,g,true,4
181.613,-60,false,b,true,4
142.086,-60,false,b,true,4
168.923,-60,false,b,true,4
197.676,-60,false,b,true,4
206.581,-40,true,l,true,4
160,-40,false,l,true,4
199.462,-40,true,g,true,4
190.224,-60,false,g,true,4
151.823,-60,false,b,true,4
163.767,-60,false,b,true,4
174.413,-40,true,l,true,4
160,-40,false,l,true,4
204.471,-40,true,g,true,4
195.47,-60,false,g,true,4
199.288,-60,false,b,true,4
208.124,-40,true,l,true,4
160,-40,false,l,true,4
163.541,-40,true,g,true,4
152.137,-60,false,g,true,4
141.894,-60,false,b,true,4
154.058,-40,true,l,true,4
160,-40,false,l,true,4
183.578,-40,true,g,true,4
173.497,-60,false,g,true,4
174.587,-60,false,b,true,4
147.293,-60,false,b,true,4
186.728,-60,false,b,true,4
188.373,-60,false,b,true,4
197.698,-40,true,l,true,4
160,-40,false,l,true,4
197.173,-40,true,g,true,4
187.822,-60,false,g,true,4
171.936,-60,false,b,true,4
137.016,-60,false,b,true,4
162.078,-60,false,b,true,4
161.723,-60,false,b,true,4
172.494,-40,true,l,true,4
160,-40,false,l,true,4
178.619,-40,true,g,true,4
168.24,-60,false,g,true,4
138.079,-60,false,b,true,4
150.552,-40,true,l,true,4
160,-40,false,l,true,4
169.196,-40,true,g,true,4
158.201,-60,false,g,true,4
154.241,-60,false,b,true,4
198.736,-60,false,b,true,4
207.595,-40,true,l,true,4
160,-40,false,l,true,4
181.977,-40,true,g,true,4
171.801,-60,false,g,true,4
136.276,-60,false,b,true,4
148.9,-40,true,l,true,4
160,-40,false,l,true,4
190.113,-40,true,g,true,4
180.397,-60,false,g,true,4
181.741,-60,false,b,true,4
159.687,-60,false,b,true,4
198.052,-60,false,b,true,4
193.222,-60,false,b,true,4
193.144,-60,false,b,true,4
202.249,-40,true,l,true,4
160,-40,false,l,true,4
158.474,-40,true,g,true,4
146.677,-60,false,g,true,4
169.656,-60,false,b,true,4
196.582,-60,false,b,true,4
205.535,-40,true,l,true,4
160,-40,false,l,true,4
195.678,-40,true,g,true,4
186.253,-60,false,g,true,4
182.484,-60,false,b,true,4
136.693,-60,false,b,true,4
168.445,-60,false,b,true,4
170.909,-60,false,b,true,4
181.135,-40,true,l,true,4
160,-40,false,l,true,4
171.17,-40,true,g,true,4
160.309,-60,false,g,true,4
140.074,-60,false,b,true,4
165.035,-60,false,b,true,4
175.604,-40,true,l,true,4
160,-40,false,l,true,4
174.618,-40,true,g,true,4
163.986,-60,false,g,true,4
135.805,-60,false,b,true,4
139.711,-60,false,b,true,4
156.988,-60,false,b,true,4
152.282,-60,false,b,true,4
180.144,-60,false,b,true,4
189.873,-40,true,l,true,4
160,-40,false,l,true,4
186.721,-40,true,g,true,4
176.818,-60,false,g,true,4
138.053,-60,false,b,true,4
155.14,-60,false,b,true,4
197.175,-60,false,b,true,4
206.102,-40,true,l,true,4
160,-40,false,l,true,4
205.089,-40,true,g,true,4
196.117,-60,false,g,true,4
172.911,-60,false,b,true,4
143.16,-60,false,b,true,4
187.253,-60,false,b,true,4
165.864,-60,false,b,true,4
176.383,-40,true,l,true,4
160,-40,false,l,true,4
193.85,-40,true,g,true,4
184.331,-60,false,g,true,4
161.159,-60,false,b,true,4
137.503,-60,false,b,true,4
150.024,-40,true,l,true,4
160,-40,false,l,true,4
208.79,-40,true,g,true,4
199.983,-60,false,g,true,4
173.684,-60,false,b,true,4
178.54,-60,false,b,true,4
173.956,-60,false,b,true,4
184.012,-40,true,l,true,4
160,-40,false,l,true,4
162.046,-40,true,g,true,4
150.529,-60,false,g,true,4
159.089,-60,false,b,true,4
135.834,-60,false,b,true,4
175.787,-60,false,b,true,4
147.329,-60,false,b,true,4
159.078,-40,true,l,true,4
160,-40,false,l,true,4
150.47,-40,true,g,true,4
137.99,-60,false,g,true,4
147.042,-60,false,b,true,4
158.812,-40,true,l,true,4
160,-40,false,l,true,4
183.802,-40,true,g,true,4
173.733,-60,false,g,true,4
142.638,-60,false,b,true,4
153.571,-60,false,b,true,4
143.426,-60,false,b,true,4
155.47,-40,true,l,true,4
160,-40,false,l,true,4
208.481,-40,true,g,true,4
199.66,-60,false,g,true,4
197.556,-60,false,b,true,4
165.702,-60,false,b,true,4
194.447,-60,false,b,true,4
195.382,-60,false,b,true,4
204.387,-40,true,l,true,4
160,-40,false,l,true,4
175.975,-40,true,g,true,4
165.43,-60,false,g,true,4
165.279,-60,false,b,true,4
175.833,-40,true,l,true,4
160,-40,false,l,true,4
204.983,-40,true,g,true,4
196.006,-60,false,g,true,4
199.773,-60,false,b,true,4
181.03,-60,false,b,true,4
199.798,-60,false,b,true,4
208.612,-40,true,l,true,4
160,-40,false,l,true,4
204.967,-40,true,g,true,4
195.988,-60,false,g,true,4
194.475,-60,false,b,true,4
156.161,-60,false,b,true,4
193.609,-60,false,b,true,4
162.728,-60,false,b,true,4
173.437,-40,true,l,true,4
160,-40,false,l,true,4
202.752,-40,true,g,true,4
193.671,-60,false,g,true,4
192.85,-60,false,b,true,4
164.347,-60,false,b,true,4
197.808,-60,false,b,true,4
206.708,-40,true,l,true,4
160,-40,false,l,true,4
158.243,-40,true,g,true,4
146.427,-60,false,g,true,4
171.691,-60,false,b,true,4
181.873,-40,true,l,true,4
160,-40,false,l,true,4
186.772,-40,true,g,true,4
176.872,-60,false,g,true,4
175.216,-60,false,b,true,4
137.063,-60,false,b,true,4
177.076,-60,false,b,true,4
186.965,-40,true,l,true,4
160,-40,false,l,true,4
202.939,-40,true,g,true,4
193.866,-60,false,g,true,4
191.355,-60,false,b,true,4
152.147,-60,false,b,true,4
182.216,-60,false,b,true,4
197.083,-60,false,b,true,4
197.741,-60,false,b,true,4
206.643,-40,true,l,true,4
160,-40,false,l,true,4
178.942,-40,true,g,true,4
168.583,-60,false,g,true,4
166.484,-60,false,b,true,4
135.492,-60,false,b,true,4
184.466,-60,false,b,true,4
185.658,-60,false,b,true,4
195.113,-40,true,l,true,4
160,-40,false,l,true,4
205.665,-40,true,g,true,4
196.718,-60,false,g,true,4
144.453,-60,false,b,true,4
156.419,-40,true,l,true,4
160,-40,false,l,true,4
163.987,-40,true,g,true,4
152.616,-60,false,g,true,4
146.502,-60,false,b,true,4
196.081,-60,false,b,true,4
205.056,-40,true,l,true,4
160,-40,false,l,true,4
180.933,-40,true,g,true,4
170.694,-60,false,g,true,4
168.429,-60,false,b,true,4
140.784,-60,false,b,true,4
184.292,-60,false,b,true,4
193.813,-40,true,l,true,4
160,-40,false,l,true,4
197.914,-40,true,g,true,4
188.6,-60,false,g,true,4
135.743,-60,false,b,true,4
157.943,-60,false,b,true,4
163.333,-60,false,b,true,4
174.004,-40,true,l,true,4
160,-40,false,l,true,4
188.809,-40,true,g,true,4
179.022,-60,false,g,true,4
174.951,-60,false,b,true,4
141.15,-60,false,b,true,4
197.253,-60,false,b,true,4
188.53,-60,false,b,true,4
178.91,-60,false,b,true,4
188.703,-40,true,l,true,4
160,-40,false,l,true,4
160.161,-40,true,g,true,4
148.498,-60,false,g,true,4
169.317,-60,false,b,true,4
179.634,-40,true,l,true,4
160,-40,false,l,true,4
197.739,-40,true,g,true,4
188.416,-60,false,g,true,4
139.738,-60,false,b,true,4
180.789,-60,false,b,true,4
157.899,-60,false,b,true,4
168.915,-40,true,l,true,4
160,-40,false,l,true,4
205.259,-40,true,g,true,4
196.294,-60,false,g,true,4
161.233,-60,false,b,true,4
152.517,-60,false,b,true,4
160,-60,false,f,true,5
148.081,-60,false,b,true,5
159.774,-40,true,l,true,5
160,-40,false,l,true,5
185.357,-40,true,g,true,5
175.378,-60,false,g,true,5
143.555,-60,false,b,true,5
155.59,-40,true,l,true,5
160,-40,false,l,true,5
204.09,-40,true,g,true,5
195.071,-60,false,g,true,5
153.016,-60,false,b,true,5
164.359,-40,true,l,true,5
160,-40,false,l,true,5
202.649,-40,true,g,true,5
193.563,-60,false,g,true,5
144.475,-60,false,b,true,5
156.439,-40,true,l,true,5
160,-40,false,l,true,5
162.738,-40,true,g,true,5
151.273,-60,false,g,true,5
136.5,-60,false,b,true,5
149.105,-40,true,l,true,5
160,-40,false,l,true,5
183.952,-40,true,g,true,5
173.892,-60,false,g,true,5
136.853,-60,false,b,true,5
149.428,-40,true,l,true,5
160,-40,false,l,true,5
198.449,-40,true,g,true,5
189.161,-60,false,g,true,5
136.349,-60,false,b,true,5
148.967,-40,true,l,true,5
160,-40,false,l,true,5
166.687,-40,true,g,true,5
155.514,-60,false,g,true,5
140.838,-60,false,b,true,5
153.086,-40,true,l,true,5
160,-40,false,l,true,5
195.398,-40,true,g,true,5
185.958,-60,false,g,true,5
135.547,-60,false,b,true,5
148.233,-40,true,l,true,5
160,-40,false,l,true,5
154.353,-40,true,g,true,5
142.214,-60,false,g,true,5
141.811,-60,false,b,true,5
153.982,-40,true,l,true,5
160,-40,false,l,true,5
169.464,-40,true,g,true,5
158.487,-60,false,g,true,5
147.867,-60,false,b,true,5
153.64,-60,false,b,true,5
164.94,-40,true,l,true,5
160,-40,false,l,true,5
207.242,-40,true,g,true,5
198.366,-60,false,g,true,5
137.375,-60,false,b,true,5
149.906,-40,true,l,true,5
160,-40,false,l,true,5
182.504,-40,true,g,true,5
172.36,-60,false,g,true,5
157.674,-60,false,b,true,5
168.704,-40,true,l,true,5
160,-40,false,l,true,5
203.927,-40,true,g,true,5
194.901,-60,false,g,true,5
191.75,-60,false,b,true,5
157.753,-60,false,b,true,5
136.063,-60,false,b,true,5
137.047,-60,false,b,true,5
149.606,-40,true,l,true,5
160,-40,false,l,true,5
195.416,-40,true,g,true,5
185.977,-60,false,g,true,5
144.453,-60,false,b,true,5
156.418,-40,true,l,true,5
160,-40,false,l,true,5
176.488,-40,true,g,true,5
165.976,-60,false,g,true,5
137.461,-60,false,b,true,5
149.985,-40,true,l,true,5
160,-40,false,l,true,5
183.99,-40,true,g,true,5
173.932,-60,false,g,true,5
135.221,-60,false,b,true,5
147.935,-40,true,l,true,5
160,-40,false,l,true,5
179.94,-40,true,g,true,5
169.642,-60,false,g,true,5
147.924,-60,false,b,true,5
147.59,-60,false,b,true,5
159.32,-40,true,l,true,5
160,-40,false,l,true,5
170.948,-40,true,g,true,5
160.072,-60,false,g,true,5
145.063,-60,false,b,true,5
156.982,-40,true,l,true,5
160,-40,false,l,true,5
195.142,-40,true,g,true,5
185.688,-60,false,g,true,5
180.801,-60,false,b,true,5
190.497,-40,true,l,true,5
160,-40,false,l,true,5
179.142,-40,true,g,true,5
168.796,-60,false,g,true,5
160.444,-60,false,b,true,5
135.718,-60,false,b,true,5
148.389,-40,true,l,true,5
160,-40,false,l,true,5
194.923,-40,true,g,true,5
185.459,-60,false,g,true,5
146.397,-60,false,b,true,5
158.215,-40,true,l,true,5
160,-40,false,l,true,5
178.973,-40,true,g,true,5
168.616,-60,false,g,true,5
135.197,-60,false,b,true,5
147.913,-40,true,l,true,5
160,-40,false,l,true,5
185.578,-40,true,g,true,5
175.611,-60,false,g,true,5
137.979,-60,false,b,true,5
150.46,-40,true,l,true,5
160,-40,false,l,true,5
201.935,-40,true,g,true,5
192.815,-60,false,g,true,5
139.553,-60,false,b,true,5
151.905,-40,true,l,true,5
160,-40,false,l,true,5
158.497,-40,true,g,true,5
146.701,-60,false,g,true,5
138.818,-60,false,b,true,5
169.891,-60,false,b,true,5
180.174,-40,true,l,true,5
160,-40,false,l,true,5
204.658,-40,true,g,true,5
195.665,-60,false,g,true,5
147.285,-60,false,b,true,5
159.037,-40,true,l,true,5
160,-40,false,l,true,5
176.129,-40,true,g,true,5
165.594,-60,false,g,true,5
135.903,-60,false,b,true,5
148.559,-40,true,l,true,5
160,-40,false,l,true,5
192.617,-40,true,g,true,5
183.034,-60,false,g,true,5
138.7,-60,false,b,true,5
151.121,-40,true,l,true,5
160,-40,false,l,true,5
159.59,-40,true,g,true,5
147.882,-60,false,g,true,5
142.644,-60,false,b,true,5
154.749,-40,true,l,true,5
160,-40,false,l,true,5
175.246,-40,true,g,true,5
164.655,-60,false,g,true,5
145.797,-60,false,b,true,5
157.66,-40,true,l,true,5
160,-40,false,l,true,5
197.314,-40,true,g,true,5
187.971,-60,false,g,true,5
143.773,-60,false,b,true,5
155.79,-40,true,l,true,5
160,-40,false,l,true,5
181.871,-40,true,g,true,5
171.689,-60,false,g,true,5
153.023,-60,false,b,true,5
164.366,-40,true,l,true,5
160,-40,false,l,true,5
166.755,-40,true,g,true,5
155.587,-60,false,g,true,5
146.65,-60,false,b,true,5
158.449,-40,true,l,true,5
160,-40,false,l,true,5
203.193,-40,true,g,true,5
194.133,-60,false,g,true,5
158.191,-60,false,b,true,5
169.188,-40,true,l,true,5
160,-40,false,l,true,5
183.288,-40,true,g,true,5
173.189,-60,false,g,true,5
138.832,-60,false,b,true,5
151.242,-40,true,l,true,5
160,-40,false,l,true,5
200.583,-40,true,g,true,5
191.399,-60,false,g,true,5
136.561,-60,false,b,true,5
149.16,-40,true,l,true,5
160,-40,false,l,true,5
202.879,-40,true,g,true,5
193.804,-60,false,g,true,5
189.873,-60,false,b,true,5
199.127,-40,true,l,true,5
160,-40,false,l,true,5
156.391,-40,true,g,true,5
144.423,-60,false,g,true,5
137.595,-60,false,b,true,5
150.108,-40,true,l,true,5
160,-40,false,l,true,5
208.763,-40,true,g,true,5
199.955,-60,false,g,true,5
148.644,-60,false,b,true,5
160.297,-40,true,l,true,5
160,-40,false,l,true,5
149.068,-40,true,g,true,5
136.46,-60,false,g,true,5
139.143,-60,false,b,true,5
151.528,-40,true,l,true,5
160,-40,false,l,true,5
203.504,-40,true,g,true,5
194.458,-60,false,g,true,5
165.026,-60,false,b,true,5
175.595,-40,true,l,true,5
160,-40,false,l,true,5
156.179,-40,true,g,true,5
144.194,-60,false,g,true,5
147.122,-60,false,b,true,5
135.363,-60,false,b,true,5
148.065,-40,true,l,true,5
160,-40,false,l,true,5
201.529,-40,true,g,true,5
192.39,-60,false,g,true,5
137.396,-60,false,b,true,5
149.926,-40,true,l,true,5
160,-40,false,l,true,5
150.948,-40,true,g,true,5
138.51,-60,false,g,true,5
143.8,-60,false,b,true,5
155.815,-40,true,l,true,5
160,-40,false,l,true,5
197.513,-40,true,g,true,5
188.179,-60,false,g,true,5
149.851,-60,false,b,true,5
161.417,-40,true,l,true,5
160,-40,false,l,true,5
162.42,-40,true,g,true,5
150.931,-60,false,g,true,5
144.361,-60,false,b,true,5
147.538,-60,false,b,true,5
159.271,-40,true,l,true,5
160,-40,false,l,true,5
171.48,-40,true,g,true,5
160.641,-60,false,g,true,5
145.212,-60,false,b,true,5
157.119,-40,true,l,true,5
160,-40,false,l,true,5
196.019,-40,true,g,true,5
186.61,-60,false,g,true,5
181.725,-60,false,b,true,5
191.374,-40,true,l,true,5
160,-40,false,l,true,5
179.603,-40,true,g,true,5
169.284,-60,false,g,true,5
181.288,-60,false,b,true,5
137.912,-60,false,b,true,5
150.399,-40,true,l,true,5
160,-40,false,l,true,5
206.784,-40,true,g,true,5
197.888,-60,false,g,true,5
196.859,-60,false,b,true,5
205.799,-40,true,l,true,5
160,-40,false,l,true,5
181.467,-40,true,g,true,5
171.261,-60,false,g,true,5
157.865,-60,false,b,true,5
151.17,-60,false,b,true,5
162.642,-40,true,l,true,5
160,-40,false,l,true,5
205.261,-40,true,g,true,5
196.296,-60,false,g,true,5
144.034,-60,false,b,true,5
156.032,-40,true,l,true,5
160,-40,false,l,true,5
195.327,-40,true,g,true,5
185.883,-60,false,g,true,5
146.511,-60,false,b,true,5
158.321,-40,true,l,true,5
160,-40,false,l,true,5
179.433,-40,true,g,true,5
169.104,-60,false,g,true,5
153.57,-60,false,b,true,5
164.875,-40,true,l,true,5
160,-40,false,l,true,5
177.658,-40,true,g,true,5
167.219,-60,false,g,true,5
160.135,-60,false,b,true,5
171.007,-40,true,l,true,5
160,-40,false,l,true,5
196.445,-40,true,g,true,5
187.058,-60,false,g,true,5
162.454,-60,false,b,true,5
173.18,-40,true,l,true,5
160,-40,false,l,true,5
201.496,-40,true,g,true,5
192.355,-60,false,g,true,5
179.732,-60,false,b,true,5
189.482,-40,true,l,true,5
160,-40,false,l,true,5
157.841,-40,true,g,true,5
145.992,-60,false,g,true,5
139.127,-60,false,b,true,5
151.514,-40,true,l,true,5
160,-40,false,l,true,5
201.558,-40,true,g,true,5
192.42,-60,false,g,true,5
186.592,-60,false,b,true,5
196.002,-40,true,l,true,5
160,-40,false,l,true,5
203.485,-40,true,g,true,5
194.438,-60,false,g,true,5
139.695,-60,false,b,true,5
152.035,-40,true,l,true,5
160,-40,false,l,true,5
194.55,-40,true,g,true,5
185.067,-60,false,g,true,5
177.229,-60,false,b,true,5
187.11,-40,true,l,true,5
160,-40,false,l,true,5
182.235,-40,true,g,true,5
172.074,-60,false,g,true,5
138.016,-60,false,b,true,5
150.494,-40,true,l,true,5
160,-40,false,l,true,5
196.446,-40,true,g,true,5
187.059,-60,false,g,true,5
148.28,-60,false,b,true,5
159.959,-40,true,l,true,5
160,-40,false,l,true,5
180.565,-40,true,g,true,5
170.305,-60,false,g,true,5
135.716,-60,false,b,true,5
148.387,-40,true,l,true,5
160,-40,false,l,true,5
206.422,-40,true,g,true,5
197.51,-60,false,g,true,5
150.364,-60,false,b,true,5
161.893,-40,true,l,true,5
160,-40,false,l,true,5
206.665,-40,true,g,true,5
197.764,-60,false,g,true,5
147.124,-60,false,b,true,5
158.888,-40,true,l,true,5
160,-40,false,l,true,5
193.591,-40,true,g,true,5
184.058,-60,false,g,true,5
150.546,-60,false,b,true,5
162.062,-40,true,l,true,5
160,-40,false,l,true,5
162.628,-40,true,g,true,5
151.155,-60,false,g,true,5
144.217,-60,false,b,true,5
156.2,-40,true,l,true,5
160,-40,false,l,true,5
196.395,-40,true,g,true,5
187.005,-60,false,g,true,5
152.56,-60,false,b,true,5
163.934,-40,true,l,true,5
160,-40,false,l,true,5
162.706,-40,true,g,true,5
151.239,-60,false,g,true,5
147.892,-60,false,b,true,5
159.6,-40,true,l,true,5
160,-40,false,l,true,5
205.157,-40,true,g,true,5
196.188,-60,false,g,true,5
153.136,-60,false,b,true,5
164.471,-40,true,l,true,5
160,-40,false,l,true,5
198.408,-40,true,g,true,5
189.119,-60,false,g,true,5
191.92,-60,false,b,true,5
201.081,-40,true,l,true,5
160,-40,false,l,true,5
173.713,-40,true,g,true,5
163.022,-60,false,g,true,5
138.288,-60,false,b,true,5
150.743,-40,true,l,true,5
160,-40,false,l,true,5
171.384,-40,true,g,true,5
160.538,-60,false,g,true,5
190.15,-60,false,b,true,5
199.392,-40,true,l,true,5
160,-40,false,l,true,5
154.444,-40,true,g,true,5
142.313,-60,false,g,true,5
135.289,-60,false,b,true,5
147.997,-40,true,l,true,5
160,-40,false,l,true,5
162.404,-40,true,g,true,5
150.914,-60,false,g,true,5
137.411,-60,false,b,true,5
149.94,-40,true,l,true,5
160,-40,false,l,true,5
178.979,-40,true,g,true,5
168.622,-60,false,g,true,5
167.78,-60,false,b,true,5
138.1,-60,false,b,true,5
150.571,-40,true,l,true,5
160,-40,false,l,true,5
166.279,-40,true,g,true,5
155.077,-60,false,g,true,5
145.594,-60,false,b,true,5
155.547,-60,false,b,true,5
166.718,-40,true,l,true,5
160,-40,false,l,true,5
200.051,-40,true,g,true,5
190.842,-60,false,g,true,5
192.148,-60,false,b,true,5
201.298,-40,true,l,true,5
160,-40,false,l,true,5
180.068,-40,true,g,true,5
169.777,-60,false,g,true,5
152.658,-60,false,b,true,5
164.026,-40,true,l,true,5
160,-40,false,l,true,5
160.901,-40,true,g,true,5
149.296,-60,false,g,true,5
151.418,-60,false,b,true,5
162.872,-40,true,l,true,5
160,-40,false,l,true,5
181.073,-40,true,g,true,5
170.843,-60,false,g,true,5
151.011,-60,false,b,true,5
150.703,-60,false,b,true,5
162.208,-40,true,l,true,5
160,-40,false,l,true,5
162.573,-40,true,g,true,5
151.096,-60,false,g,true,5
137.998,-60,false,b,true,5
150.477,-40,true,l,true,5
160,-40,false,l,true,5
172.952,-40,true,g,true,5
162.211,-60,false,g,true,5
191.001,-60,false,b,true,5
200.204,-40,true,l,true,5
160,-40,false,l,true,5
156.199,-40,true,g,true,5
144.216,-60,false,g,true,5
139.553,-60,false,b,true,5
151.905,-40,true,l,true,5
160,-40,false,l,true,5
