x,z,relay,string,error,index
160,-60,false,f,true
197.667,-60,false,b,true
206.572,-40,true,l,true
160,-40,false,l,true
149.168,-40,true,g,true
136.569,-60,false,g,true
184.197,-60,false,b,true
193.723,-40,true,l,true
160,-40,false,l,true
167.431,-40,true,g,true
156.311,-60,false,g,true
170.04,-60,false,b,true
180.315,-40,true,l,true
160,-40,false,l,true
205.928,-40,true,g,true
196.993,-60,false,g,true
193.205,-60,false,b,true
202.307,-40,true,l,true
160,-40,false,l,true
155.876,-40,true,g,true
143.866,-60,false,g,true
191.763,-60,false,b,true
200.93,-40,true,l,true
160,-40,false,l,true
148.877,-40,true,g,true
136.251,-60,false,g,true
184.524,-60,false,b,true
194.034,-40,true,l,true
160,-40,false,l,true
194.594,-40,true,g,true
185.113,-60,false,g,true
181.868,-60,false,b,true
196.703,-60,false,b,true
205.65,-40,true,l,true
160,-40,false,l,true
161.191,-40,true,g,true
149.608,-60,false,g,true
199.696,-60,false,b,true
208.515,-40,true,l,true
160,-40,false,l,true
180.717,-40,true,g,true
170.466,-60,false,g,true
197.579,-60,false,b,true
206.489,-40,true,l,true
160,-40,false,l,true
166.14,-40,true,g,true
154.928,-60,false,g,true
187.968,-60,false,b,true
197.312,-40,true,l,true
160,-40,false,l,true
151.978,-40,true,g,true
139.633,-60,false,g,true
197.455,-60,false,b,true
206.37,-40,true,l,true
160,-40,false,l,true
196.689,-40,true,g,true
187.314,-60,false,g,true
188.294,-60,false,b,true
197.622,-40,true,l,true
160,-40,false,l,true
155.974,-40,true,g,true
143.972,-60,false,g,true
191.342,-60,false,b,true
200.529,-40,true,l,true
160,-40,false,l,true
174.207,-40,true,g,true
163.548,-60,false,g,true
135.497,-60,false,b,true
142.59,-60,false,b,true
177.742,-60,false,b,true
198.54,-60,false,b,true
207.408,-40,true,l,true
160,-40,false,l,true
180.334,-40,true,g,true
170.06,-60,false,g,true
172.443,-60,false,b,true
191.859,-60,false,b,true
201.022,-40,true,l,true
160,-40,false,l,true
202.215,-40,true,g,true
193.109,-60,false,g,true
190.45,-60,false,b,true
199.678,-40,true,l,true
160,-40,false,l,true
182.506,-40,true,g,true
172.361,-60,false,g,true
196.287,-60,false,b,true
205.252,-40,true,l,true
160,-40,false,l,true
200.797,-40,true,g,true
191.623,-60,false,g,true
193.364,-60,false,b,true
202.459,-40,true,l,true
160,-40,false,l,true
207.266,-40,true,g,true
198.392,-60,false,g,true
198.228,-60,false,b,true
207.109,-40,true,l,true
160,-40,false,l,true
149.294,-40,true,g,true
136.706,-60,false,g,true
189.724,-60,false,b,true
199.798,-60,false,b,true
208.613,-40,true,l,true
160,-40,false,l,true
201.923,-40,true,g,true
192.802,-60,false,g,true
195.869,-60,false,b,true
204.853,-40,true,l,true
160,-40,false,l,true
181.073,-40,true,g,true
170.843,-60,false,g,true
169.763,-60,false,b,true
198.586,-60,false,b,true
207.452,-40,true,l,true
160,-40,false,l,true
196.881,-40,true,g,true
187.516,-60,false,g,true
185.273,-60,false,b,true
194.746,-40,true,l,true
160,-40,false,l,true
152.761,-40,true,g,true
140.485,-60,false,g,true
196.534,-60,false,b,true
205.488,-40,true,l,true
160,-40,false,l,true
164.204,-40,true,g,true
152.85,-60,false,g,true
161.542,-60,false,b,true
197.614,-60,false,b,true
206.522,-40,true,l,true
160,-40,false,l,true
205.653,-40,true,g,true
196.706,-60,false,g,true
194.473,-60,false,b,true
203.519,-40,true,l,true
160,-40,false,l,true
191.068,-40,true,g,true
181.402,-60,false,g,true
180.485,-60,false,b,true
190.196,-40,true,l,true
160,-40,false,l,true
168.484,-40,true,g,true
157.438,-60,false,g,true
172.37,-60,false,b,true
182.514,-40,true,l,true
160,-40,false,l,true
158.542,-40,true,g,true
146.75,-60,false,g,true
199.472,-60,false,b,true
208.3,-40,true,l,true
160,-40,false,l,true
152.998,-40,true,g,true
140.743,-60,false,g,true
176.649,-60,false,b,true
186.56,-40,true,l,true
160,-40,false,l,true
199.344,-40,true,g,true
190.1,-60,false,g,true
188.484,-60,false,b,true
197.803,-40,true,l,true
160,-40,false,l,true
192.185,-40,true,g,true
182.579,-60,false,g,true
182.382,-60,false,b,true
191.998,-40,true,l,true
160,-40,false,l,true
185.557,-40,true,g,true
175.589,-60,false,g,true
199.303,-60,false,b,true
208.139,-40,true,l,true
160,-40,false,l,true
165.844,-40,true,g,true
154.61,-60,false,g,true
193.956,-60,false,b,true
203.024,-40,true,l,true
160,-40,false,l,true
176.843,-40,true,g,true
166.353,-60,false,g,true
197.591,-60,false,b,true
206.5,-40,true,l,true
160,-40,false,l,true
164.897,-40,true,g,true
153.594,-60,false,g,true
155.526,-60,false,b,true
172.473,-60,false,b,true
198.383,-60,false,b,true
207.258,-40,true,l,true
160,-40,false,l,true
202.668,-40,true,g,true
193.583,-60,false,g,true
192.871,-60,false,b,true
201.988,-40,true,l,true
160,-40,false,l,true
163.261,-40,true,g,true
151.836,-60,false,g,true
196.033,-60,false,b,true
205.009,-40,true,l,true
160,-40,false,l,true
154.179,-40,true,g,true
142.025,-60,false,g,true
199.258,-60,false,b,true
208.095,-40,true,l,true
160,-40,false,l,true
174.728,-40,true,g,true
164.103,-60,false,g,true
162.482,-60,false,b,true
173.206,-40,true,l,true
160,-40,false,l,true
178.286,-40,true,g,true
167.887,-60,false,g,true
135.952,-60,false,b,true
185.734,-60,false,b,true
195.185,-40,true,l,true
160,-40,false,l,true
187.277,-40,true,g,true
177.405,-60,false,g,true
195.752,-60,false,b,true
204.741,-40,true,l,true
160,-40,false,l,true
155.139,-40,true,g,true
143.067,-60,false,g,true
183.783,-60,false,b,true
193.329,-40,true,l,true
160,-40,false,l,true
148.119,-40,true,g,true
135.422,-60,false,g,true
174.785,-60,false,b,true
184.797,-40,true,l,true
160,-40,false,l,true
199.427,-40,true,g,true
190.188,-60,false,g,true
188.546,-60,false,b,true
197.862,-40,true,l,true
160,-40,false,l,true
157.265,-40,true,g,true
145.37,-60,false,g,true
189.688,-60,false,b,true
198.951,-40,true,l,true
160,-40,false,l,true
167.73,-40,true,g,true
156.631,-60,false,g,true
188.769,-60,false,b,true
198.075,-40,true,l,true
160,-40,false,l,true
196.752,-40,true,g,true
187.38,-60,false,g,true
182.217,-60,false,b,true
191.842,-40,true,l,true
160,-40,false,l,true
176.106,-40,true,g,true
165.57,-60,false,g,true
197.257,-60,false,b,true
206.18,-40,true,l,true
160,-40,false,l,true
197.033,-40,true,g,true
187.675,-60,false,g,true
185.657,-60,false,b,true
192.87,-60,false,b,true
201.987,-40,true,l,true
160,-40,false,l,true
200.641,-40,true,g,true
191.459,-60,false,g,true
193.073,-60,false,b,true
202.181,-40,true,l,true
160,-40,false,l,true
207.287,-40,true,g,true
198.413,-60,false,g,true
197.898,-60,false,b,true
206.794,-40,true,l,true
160,-40,false,l,true
149.223,-40,true,g,true
136.629,-60,false,g,true
189.367,-60,false,b,true
176.779,-60,false,b,true
186.683,-40,true,l,true
160,-40,false,l,true
154.578,-40,true,g,true
142.458,-60,false,g,true
175.864,-60,false,b,true
185.817,-40,true,l,true
160,-40,false,l,true
167.543,-40,true,g,true
156.431,-60,false,g,true
156.892,-60,false,b,true
199.454,-60,false,b,true
208.283,-40,true,l,true
160,-40,false,l,true
167.27,-40,true,g,true
156.139,-60,false,g,true
181.541,-60,false,b,true
191.2,-40,true,l,true
160,-40,false,l,true
156.349,-40,true,g,true
144.378,-60,false,g,true
147.525,-60,false,b,true
180.228,-60,false,b,true
189.953,-40,true,l,true
160,-40,false,l,true
175.857,-40,true,g,true
165.305,-60,false,g,true
196.708,-60,false,b,true
205.655,-40,true,l,true
160,-40,false,l,true
168.848,-40,true,g,true
157.828,-60,false,g,true
197.6,-60,false,b,true
206.508,-40,true,l,true
160,-40,false,l,true
177.849,-40,true,g,true
167.423,-60,false,g,true
195.979,-60,false,b,true
204.958,-40,true,l,true
160,-40,false,l,true
149.55,-40,true,g,true
136.986,-60,false,g,true
168.425,-60,false,b,true
178.794,-40,true,l,true
160,-40,false,l,true
192.59,-40,true,g,true
183.005,-60,false,g,true
189.012,-60,false,b,true
198.306,-40,true,l,true
160,-40,false,l,true
154.319,-40,true,g,true
142.177,-60,false,g,true
191.56,-60,false,b,true
200.736,-40,true,l,true
160,-40,false,l,true
183.736,-40,true,g,true
173.663,-60,false,g,true
198.209,-60,false,b,true
198.135,-60,false,b,true
207.021,-40,true,l,true
160,-40,false,l,true
184.17,-40,true,g,true
174.123,-60,false,g,true
176.242,-60,false,b,true
197.494,-60,false,b,true
206.407,-40,true,l,true
160,-40,false,l,true
175.124,-40,true,g,true
164.525,-60,false,g,true
167.627,-60,false,b,true
198.263,-60,false,b,true
207.143,-40,true,l,true
160,-40,false,l,true
199.841,-40,true,g,true
190.621,-60,false,g,true
193.573,-60,false,b,true
202.659,-40,true,l,true
160,-40,false,l,true
179.038,-40,true,g,true
168.685,-60,false,g,true
167.468,-60,false,b,true
196.291,-60,false,b,true
205.256,-40,true,l,true
160,-40,false,l,true
206.981,-40,true,g,true
198.094,-60,false,g,true
199.032,-60,false,b,true
207.879,-40,true,l,true
160,-40,false,l,true
158.387,-40,true,g,true
146.582,-60,false,g,true
178.769,-60,false,b,true
188.569,-40,true,l,true
160,-40,false,l,true
201.807,-40,true,g,true
192.682,-60,false,g,true
189.519,-60,false,b,true
198.79,-40,true,l,true
160,-40,false,l,true
168.521,-40,true,g,true
157.478,-60,false,g,true
176.683,-60,false,b,true
186.593,-40,true,l,true
160,-40,false,l,true
151.886,-40,true,g,true
139.532,-60,false,g,true
189.19,-60,false,b,true
198.476,-40,true,l,true
160,-40,false,l,true
170.063,-40,true,g,true
159.128,-60,false,g,true
180.009,-60,false,b,true
189.745,-40,true,l,true
160,-40,false,l,true
198.256,-40,true,g,true
188.959,-60,false,g,true
187.725,-60,false,b,true
197.081,-40,true,l,true
160,-40,false,l,true
196.62,-40,true,g,true
187.241,-60,false,g,true
184.884,-60,false,b,true
194.376,-40,true,l,true
160,-40,false,l,true
185.101,-40,true,g,true
175.107,-60,false,g,true
189.965,-60,false,b,true
199.216,-40,true,l,true
160,-40,false,l,true
206.034,-40,true,g,true
197.104,-60,false,g,true
197.333,-60,false,b,true
206.253,-40,true,l,true
160,-40,false,l,true
169.526,-40,true,g,true
158.553,-60,false,g,true
169.148,-60,false,b,true
179.474,-40,true,l,true
160,-40,false,l,true
152.69,-40,true,g,true
140.407,-60,false,g,true
142.021,-60,false,b,true
154.175,-40,true,l,true
160,-40,false,l,true
173.117,-40,true,g,true
162.386,-60,false,g,true
198.265,-60,false,b,true
207.144,-40,true,l,true
160,-40,false,l,true
177.273,-40,true,g,true
166.811,-60,false,g,true
197.427,-60,false,b,true
206.343,-40,true,l,true
160,-40,false,l,true
190.076,-40,true,g,true
180.357,-60,false,g,true
142.722,-60,false,b,true
199.949,-60,false,b,true
208.757,-40,true,l,true
160,-40,false,l,true
160.031,-40,true,g,true
148.357,-60,false,g,true
197.151,-60,false,b,true
206.079,-40,true,l,true
160,-40,false,l,true
207.932,-40,true,g,true
199.087,-60,false,g,true
191.393,-60,false,b,true
200.577,-40,true,l,true
160,-40,false,l,true
203.142,-40,true,g,true
194.079,-60,false,g,true
193.101,-60,false,b,true
202.208,-40,true,l,true
160,-40,false,l,true
201.426,-40,true,g,true
192.283,-60,false,g,true
189.868,-60,false,b,true
199.122,-40,true,l,true
160,-40,false,l,true
175.367,-40,true,g,true
164.783,-60,false,g,true
168.851,-60,false,b,true
171.769,-60,false,b,true
181.947,-40,true,l,true
160,-40,false,l,true
167.213,-40,true,g,true
156.078,-60,false,g,true
180.606,-60,false,b,true
190.312,-40,true,l,true
160,-40,false,l,true
195.441,-40,true,g,true
186.003,-60,false,g,true
173.589,-60,false,b,true
183.666,-40,true,l,true
160,-40,false,l,true
194.188,-40,true,g,true
184.686,-60,false,g,true
199.504,-60,false,b,true
208.331,-40,true,l,true
160,-40,false,l,true
179.917,-40,true,g,true
169.618,-60,false,g,true
175.096,-60,false,b,true
194.663,-60,false,b,true
203.7,-40,true,l,true
160,-40,false,l,true
190.065,-40,true,g,true
180.346,-60,false,g,true
141.95,-60,false,b,true
198.309,-60,false,b,true
207.187,-40,true,l,true
160,-40,false,l,true
162.492,-40,true,g,true
151.008,-60,false,g,true
198.084,-60,false,b,true
