x,z,relay,string,error,index
160,-60,false,f,true
148.081,-60,false,b,true
159.774,-40,true,l,true
160,-40,false,l,true
185.357,-40,true,g,true
175.378,-60,false,g,true
143.555,-60,false,b,true
155.59,-40,true,l,true
160,-40,false,l,true
204.09,-40,true,g,true
195.071,-60,false,g,true
153.016,-60,false,b,true
164.359,-40,true,l,true
160,-40,false,l,true
173.536,-40,true,g,true
162.834,-60,false,g,true
155.772,-60,false,b,true
166.928,-40,true,l,true
160,-40,false,l,true
157.029,-40,true,g,true
145.114,-60,false,g,true
136.353,-60,false,b,true
138.557,-60,false,b,true
150.991,-40,true,l,true
160,-40,false,l,true
173.128,-40,true,g,true
162.398,-60,false,g,true
148.042,-60,false,b,true
143.264,-60,false,b,true
155.321,-40,true,l,true
160,-40,false,l,true
205.486,-40,true,g,true
196.531,-60,false,g,true
136.549,-60,false,b,true
149.15,-40,true,l,true
160,-40,false,l,true
168.133,-40,true,g,true
157.063,-60,false,g,true
146.131,-60,false,b,true
157.969,-40,true,l,true
160,-40,false,l,true
179.334,-40,true,g,true
168.999,-60,false,g,true
161.138,-60,false,b,true
171.946,-40,true,l,true
160,-40,false,l,true
173.31,-40,true,g,true
162.593,-60,false,g,true
156.599,-60,false,b,true
167.7,-40,true,l,true
160,-40,false,l,true
199.016,-40,true,g,true
189.756,-60,false,g,true
173.473,-60,false,b,true
136.661,-60,false,b,true
149.252,-40,true,l,true
160,-40,false,l,true
200.034,-40,true,g,true
190.824,-60,false,g,true
169.58,-60,false,b,true
166.181,-60,false,b,true
176.681,-40,true,l,true
160,-40,false,l,true
172.974,-40,true,g,true
162.235,-60,false,g,true
149.127,-60,false,b,true
160.745,-40,true,l,true
160,-40,false,l,true
180.419,-40,true,g,true
170.15,-60,false,g,true
151.02,-60,false,b,true
162.502,-40,true,l,true
160,-40,false,l,true
206.589,-40,true,g,true
197.685,-60,false,g,true
138.32,-60,false,b,true
139.706,-60,false,b,true
152.045,-40,true,l,true
160,-40,false,l,true
205.345,-40,true,g,true
196.383,-60,false,g,true
142.291,-60,false,b,true
154.424,-40,true,l,true
160,-40,false,l,true
160.405,-40,true,g,true
148.761,-60,false,g,true
140.114,-60,false,b,true
152.42,-40,true,l,true
160,-40,false,l,true
177.695,-40,true,g,true
167.259,-60,false,g,true
157.07,-60,false,b,true
147.785,-60,false,b,true
159.5,-40,true,l,true
160,-40,false,l,true
160.541,-40,true,g,true
148.907,-60,false,g,true
141.511,-60,false,b,true
153.706,-40,true,l,true
160,-40,false,l,true
205.404,-40,true,g,true
196.445,-60,false,g,true
145.36,-60,false,b,true
157.256,-40,true,l,true
160,-40,false,l,true
202.199,-40,true,g,true
193.092,-60,false,g,true
146.653,-60,false,b,true
158.452,-40,true,l,true
160,-40,false,l,true
181.896,-40,true,g,true
171.716,-60,false,g,true
164.695,-60,false,b,true
175.284,-40,true,l,true
160,-40,false,l,true
175.387,-40,true,g,true
164.804,-60,false,g,true
144.128,-60,false,b,true
144.582,-60,false,b,true
156.538,-40,true,l,true
160,-40,false,l,true
172.341,-40,true,g,true
161.56,-60,false,g,true
136.165,-60,false,b,true
148.799,-40,true,l,true
160,-40,false,l,true
204.214,-40,true,g,true
195.201,-60,false,g,true
180.333,-60,false,b,true
138.72,-60,false,b,true
141.311,-60,false,b,true
153.522,-40,true,l,true
160,-40,false,l,true
172.729,-40,true,g,true
161.973,-60,false,g,true
142.158,-60,false,b,true
142.414,-60,false,b,true
154.537,-40,true,l,true
160,-40,false,l,true
182.041,-40,true,g,true
171.869,-60,false,g,true
150.168,-60,false,b,true
161.711,-40,true,l,true
160,-40,false,l,true
156.19,-40,true,g,true
144.206,-60,false,g,true
139.506,-60,false,b,true
151.862,-40,true,l,true
160,-40,false,l,true
193.199,-40,true,g,true
183.646,-60,false,g,true
152.558,-60,false,b,true
137.563,-60,false,b,true
150.079,-40,true,l,true
160,-40,false,l,true
171.421,-40,true,g,true
160.577,-60,false,g,true
141.895,-60,false,b,true
154.059,-40,true,l,true
160,-40,false,l,true
177.802,-40,true,g,true
167.372,-60,false,g,true
147.699,-60,false,b,true
136.808,-60,false,b,true
149.386,-40,true,l,true
160,-40,false,l,true
205.887,-40,true,g,true
196.951,-60,false,g,true
137.025,-60,false,b,true
149.585,-40,true,l,true
160,-40,false,l,true
174.49,-40,true,g,true
163.85,-60,false,g,true
159.542,-60,false,b,true
170.451,-40,true,l,true
160,-40,false,l,true
163.158,-40,true,g,true
151.726,-60,false,g,true
142.697,-60,false,b,true
135.499,-60,false,b,true
148.189,-40,true,l,true
160,-40,false,l,true
170.957,-40,true,g,true
160.083,-60,false,g,true
149.052,-60,false,b,true
160.675,-40,true,l,true
160,-40,false,l,true
168.987,-40,true,g,true
157.977,-60,false,g,true
196.731,-60,false,b,true
149.408,-60,false,b,true
161.006,-40,true,l,true
160,-40,false,l,true
207.967,-40,true,g,true
199.124,-60,false,g,true
163.346,-60,false,b,true
174.017,-40,true,l,true
160,-40,false,l,true
153.937,-40,true,g,true
141.762,-60,false,g,true
148.743,-60,false,b,true
160.389,-40,true,l,true
160,-40,false,l,true
160.295,-40,true,g,true
148.642,-60,false,g,true
141.87,-60,false,b,true
154.036,-40,true,l,true
160,-40,false,l,true
205.898,-40,true,g,true
196.962,-60,false,g,true
165.482,-60,false,b,true
176.023,-40,true,l,true
160,-40,false,l,true
201.919,-40,true,g,true
192.799,-60,false,g,true
146.118,-60,false,b,true
157.957,-40,true,l,true
160,-40,false,l,true
196.581,-40,true,g,true
187.201,-60,false,g,true
137.996,-60,false,b,true
150.476,-40,true,l,true
160,-40,false,l,true
203.86,-40,true,g,true
194.83,-60,false,g,true
170.752,-60,false,b,true
180.987,-40,true,l,true
160,-40,false,l,true
177.197,-40,true,g,true
166.73,-60,false,g,true
175.656,-60,false,b,true
185.62,-40,true,l,true
160,-40,false,l,true
178.365,-40,true,g,true
167.97,-60,false,g,true
160.632,-60,false,b,true
171.472,-40,true,l,true
160,-40,false,l,true
153.993,-40,true,g,true
141.823,-60,false,g,true
135.611,-60,false,b,true
148.292,-40,true,l,true
160,-40,false,l,true
177.512,-40,true,g,true
167.064,-60,false,g,true
192.186,-60,false,b,true
201.334,-40,true,l,true
160,-40,false,l,true
160.491,-40,true,g,true
148.854,-60,false,g,true
140.757,-60,false,b,true
153.011,-40,true,l,true
160,-40,false,l,true
164.465,-40,true,g,true
153.13,-60,false,g,true
144.14,-60,false,b,true
145.961,-60,false,b,true
157.812,-40,true,l,true
160,-40,false,l,true
202.68,-40,true,g,true
193.596,-60,false,g,true
161.009,-60,false,b,true
186.315,-60,false,b,true
142.925,-60,false,b,true
155.008,-40,true,l,true
160,-40,false,l,true
181.161,-40,true,g,true
170.936,-60,false,g,true
199.182,-60,false,b,true
208.023,-40,true,l,true
160,-40,false,l,true
170.132,-40,true,g,true
159.201,-60,false,g,true
146.95,-60,false,b,true
177.65,-60,false,b,true
141.446,-60,false,b,true
153.645,-40,true,l,true
160,-40,false,l,true
168.403,-40,true,g,true
157.352,-60,false,g,true
150.715,-60,false,b,true
162.219,-40,true,l,true
160,-40,false,l,true
161.839,-40,true,g,true
150.306,-60,false,g,true
136.506,-60,false,b,true
149.111,-40,true,l,true
160,-40,false,l,true
203.913,-40,true,g,true
194.886,-60,false,g,true
185.068,-60,false,b,true
194.551,-40,true,l,true
160,-40,false,l,true
177.672,-40,true,g,true
167.234,-60,false,g,true
161.192,-60,false,b,true
171.996,-40,true,l,true
160,-40,false,l,true
170.263,-40,true,g,true
159.341,-60,false,g,true
140.153,-60,false,b,true
152.456,-40,true,l,true
160,-40,false,l,true
168.379,-40,true,g,true
157.326,-60,false,g,true
152.895,-60,false,b,true
153.797,-60,false,b,true
165.086,-40,true,l,true
160,-40,false,l,true
199.773,-40,true,g,true
190.55,-60,false,g,true
136.623,-60,false,b,true
149.218,-40,true,l,true
160,-40,false,l,true
199.808,-40,true,g,true
190.586,-60,false,g,true
175.862,-60,false,b,true
185.816,-40,true,l,true
160,-40,false,l,true
202.776,-40,true,g,true
193.696,-60,false,g,true
159.782,-60,false,b,true
170.676,-40,true,l,true
160,-40,false,l,true
179.452,-40,true,g,true
169.125,-60,false,g,true
135.988,-60,false,b,true
148.637,-40,true,l,true
160,-40,false,l,true
163.005,-40,true,g,true
151.56,-60,false,g,true
146.831,-60,false,b,true
158.617,-40,true,l,true
160,-40,false,l,true
191.105,-40,true,g,true
181.442,-60,false,g,true
150.591,-60,false,b,true
135.593,-60,false,b,true
148.275,-40,true,l,true
160,-40,false,l,true
206.161,-40,true,g,true
197.237,-60,false,g,true
153.049,-60,false,b,true
164.389,-40,true,l,true
160,-40,false,l,true
193.88,-40,true,g,true
184.362,-60,false,g,true
138.727,-60,false,b,true
151.146,-40,true,l,true
160,-40,false,l,true
198.053,-40,true,g,true
188.745,-60,false,g,true
174.062,-60,false,b,true
170.924,-60,false,b,true
181.149,-40,true,l,true
160,-40,false,l,true
156.35,-40,true,g,true
144.379,-60,false,g,true
137.432,-60,false,b,true
149.958,-40,true,l,true
160,-40,false,l,true
171.908,-40,true,g,true
161.097,-60,false,g,true
154.519,-60,false,b,true
165.759,-40,true,l,true
160,-40,false,l,true
202.939,-40,true,g,true
193.867,-60,false,g,true
141.057,-60,false,b,true
153.287,-40,true,l,true
160,-40,false,l,true
153.693,-40,true,g,true
141.498,-60,false,g,true
141.178,-60,false,b,true
153.399,-40,true,l,true
160,-40,false,l,true
207.057,-40,true,g,true
198.173,-60,false,g,true
146.405,-60,false,b,true
158.222,-40,true,l,true
160,-40,false,l,true
158.798,-40,true,g,true
147.026,-60,false,g,true
140.339,-60,false,b,true
152.627,-40,true,l,true
160,-40,false,l,true
201.056,-40,true,g,true
191.895,-60,false,g,true
167.598,-60,false,b,true
135.836,-60,false,b,true
148.497,-40,true,l,true
160,-40,false,l,true
169.035,-40,true,g,true
158.028,-60,false,g,true
141.38,-60,false,b,true
153.585,-40,true,l,true
160,-40,false,l,true
190.897,-40,true,g,true
181.223,-60,false,g,true
136.334,-60,false,b,true
148.953,-40,true,l,true
160,-40,false,l,true
197.702,-40,true,g,true
188.378,-60,false,g,true
145.515,-60,false,b,true
157.4,-40,true,l,true
160,-40,false,l,true
197.996,-40,true,g,true
188.686,-60,false,g,true
136.586,-60,false,b,true
150.591,-60,false,b,true
136.698,-60,false,b,true
149.286,-40,true,l,true
160,-40,false,l,true
167.294,-40,true,g,true
156.165,-60,false,g,true
148.298,-60,false,b,true
159.976,-40,true,l,true
160,-40,false,l,true
194.289,-40,true,g,true
184.792,-60,false,g,true
137.086,-60,false,b,true
149.642,-40,true,l,true
160,-40,false,l,true
200.1,-40,true,g,true
190.893,-60,false,g,true
138.023,-60,false,b,true
150.5,-40,true,l,true
160,-40,false,l,true
182.661,-40,true,g,true
172.525,-60,false,g,true
190.743,-60,false,b,true
185.674,-60,false,b,true
187.992,-60,false,b,true
197.334,-40,true,l,true
160,-40,false,l,true
169.254,-40,true,g,true
158.262,-60,false,g,true
143.026,-60,false,b,true
164.948,-60,false,b,true
175.522,-40,true,l,true
160,-40,false,l,true
202.052,-40,true,g,true
192.938,-60,false,g,true
146.416,-60,false,b,true
158.232,-40,true,l,true
160,-40,false,l,true
201.241,-40,true,g,true
192.088,-60,false,g,true
139.98,-60,false,b,true
152.297,-40,true,l,true
160,-40,false,l,true
197.913,-40,true,g,true
188.599,-60,false,g,true
188.545,-60,false,b,true
197.862,-40,true,l,true
160,-40,false,l,true
156.259,-40,true,g,true
144.281,-60,false,g,true
135.906,-60,false,b,true
146.635,-60,false,b,true
158.435,-40,true,l,true
160,-40,false,l,true
166.957,-40,true,g,true
155.803,-60,false,g,true
138.17,-60,false,b,true
150.635,-40,true,l,true
160,-40,false,l,true
167.3,-40,true,g,true
156.171,-60,false,g,true
147.176,-60,false,b,true
158.937,-40,true,l,true
160,-40,false,l,true
156.703,-40,true,g,true
144.761,-60,false,g,true
137.106,-60,false,b,true
149.659,-40,true,l,true
160,-40,false,l,true
204.711,-40,true,g,true
195.721,-60,false,g,true
170.836,-60,false,b,true
181.066,-40,true,l,true
160,-40,false,l,true
198.641,-40,true,g,true
189.363,-60,false,g,true
136.4,-60,false,b,true
149.013,-40,true,l,true
160,-40,false,l,true
