x,z,relay,string,error,index
160,-60,false,f,true
148.081,-60,false,b,true
159.774,-40,true,l,true
160,-40,false,l,true
168.383,-40,true,g,true
157.33,-60,false,g,true
148.681,-60,false,b,true
160.331,-40,true,l,true
160,-40,false,l,true
160.547,-40,true,g,true
148.914,-60,false,g,true
141.014,-60,false,b,true
153.248,-40,true,l,true
160,-40,false,l,true
175.895,-40,true,g,true
165.346,-60,false,g,true
158.425,-60,false,b,true
169.407,-40,true,l,true
160,-40,false,l,true
183.35,-40,true,g,true
173.254,-60,false,g,true
137.687,-60,false,b,true
150.193,-40,true,l,true
160,-40,false,l,true
171.668,-40,true,g,true
160.842,-60,false,g,true
136.975,-60,false,b,true
149.539,-40,true,l,true
160,-40,false,l,true
167.556,-40,true,g,true
156.445,-60,false,g,true
146.897,-60,false,b,true
158.678,-40,true,l,true
160,-40,false,l,true
162.149,-40,true,g,true
150.64,-60,false,g,true
182.231,-60,false,b,true
191.855,-40,true,l,true
160,-40,false,l,true
168.016,-40,true,g,true
156.937,-60,false,g,true
149.139,-60,false,b,true
160.756,-40,true,l,true
160,-40,false,l,true
203.016,-40,true,g,true
193.947,-60,false,g,true
158.27,-60,false,b,true
169.261,-40,true,l,true
160,-40,false,l,true
174.047,-40,true,g,true
163.378,-60,false,g,true
157.442,-60,false,b,true
168.488,-40,true,l,true
160,-40,false,l,true
160.37,-40,true,g,true
148.723,-60,false,g,true
142.218,-60,false,b,true
154.357,-40,true,l,true
160,-40,false,l,true
189.874,-40,true,g,true
180.145,-60,false,g,true
176.855,-60,false,b,true
152.215,-60,false,b,true
136.595,-60,false,b,true
139.111,-60,false,b,true
151.499,-40,true,l,true
160,-40,false,l,true
167.537,-40,true,g,true
156.424,-60,false,g,true
146.526,-60,false,b,true
158.335,-40,true,l,true
160,-40,false,l,true
171.519,-40,true,g,true
160.683,-60,false,g,true
152.788,-60,false,b,true
164.147,-40,true,l,true
160,-40,false,l,true
167.952,-40,true,g,true
156.869,-60,false,g,true
190.932,-60,false,b,true
154.818,-60,false,b,true
166.038,-40,true,l,true
160,-40,false,l,true
191.514,-40,true,g,true
181.872,-60,false,g,true
177.882,-60,false,b,true
185.301,-60,false,b,true
194.773,-40,true,l,true
160,-40,false,l,true
170.264,-40,true,g,true
159.341,-60,false,g,true
147.342,-60,false,b,true
197.283,-60,false,b,true
206.206,-40,true,l,true
160,-40,false,l,true
196.04,-40,true,g,true
186.633,-60,false,g,true
140.089,-60,false,b,true
163.112,-60,false,b,true
135.117,-60,false,b,true
147.839,-40,true,l,true
160,-40,false,l,true
157.128,-40,true,g,true
145.222,-60,false,g,true
139.084,-60,false,b,true
151.474,-40,true,l,true
160,-40,false,l,true
165.115,-40,true,g,true
153.827,-60,false,g,true
146.137,-60,false,b,true
157.975,-40,true,l,true
160,-40,false,l,true
168.684,-40,true,g,true
157.653,-60,false,g,true
150.009,-60,false,b,true
161.563,-40,true,l,true
160,-40,false,l,true
159.638,-40,true,g,true
147.934,-60,false,g,true
142.259,-60,false,b,true
154.394,-40,true,l,true
160,-40,false,l,true
205.047,-40,true,g,true
196.072,-60,false,g,true
143.083,-60,false,b,true
163.899,-60,false,b,true
180.559,-60,false,b,true
196.872,-60,false,b,true
205.812,-40,true,l,true
160,-40,false,l,true
160.278,-40,true,g,true
148.624,-60,false,g,true
176.005,-60,false,b,true
178.074,-60,false,b,true
187.911,-40,true,l,true
160,-40,false,l,true
194.04,-40,true,g,true
184.531,-60,false,g,true
135.241,-60,false,b,true
147.953,-40,true,l,true
160,-40,false,l,true
193.108,-40,true,g,true
183.55,-60,false,g,true
163.738,-60,false,b,true
138.842,-60,false,b,true
149.159,-60,false,b,true
181.92,-60,false,b,true
191.559,-40,true,l,true
160,-40,false,l,true
182.407,-40,true,g,true
172.256,-60,false,g,true
175.054,-60,false,b,true
185.051,-40,true,l,true
160,-40,false,l,true
189.766,-40,true,g,true
180.031,-60,false,g,true
148.561,-60,false,b,true
160.22,-40,true,l,true
160,-40,false,l,true
202.886,-40,true,g,true
193.811,-60,false,g,true
192.413,-60,false,b,true
161.892,-60,false,b,true
186.141,-60,false,b,true
183.398,-60,false,b,true
195.689,-60,false,b,true
204.681,-40,true,l,true
160,-40,false,l,true
173.164,-40,true,g,true
162.437,-60,false,g,true
197.698,-60,false,b,true
206.602,-40,true,l,true
160,-40,false,l,true
159.316,-40,true,g,true
147.586,-60,false,g,true
147.094,-60,false,b,true
135.409,-60,false,b,true
162.496,-60,false,b,true
168.512,-60,false,b,true
171.105,-60,false,b,true
181.32,-40,true,l,true
160,-40,false,l,true
180.697,-40,true,g,true
170.445,-60,false,g,true
142.307,-60,false,b,true
154.438,-40,true,l,true
160,-40,false,l,true
204.844,-40,true,g,true
195.86,-60,false,g,true
155.993,-60,false,b,true
199.763,-60,false,b,true
208.579,-40,true,l,true
160,-40,false,l,true
159.001,-40,true,g,true
147.246,-60,false,g,true
199.032,-60,false,b,true
207.879,-40,true,l,true
160,-40,false,l,true
183.636,-40,true,g,true
173.557,-60,false,g,true
158.855,-60,false,b,true
169.808,-40,true,l,true
160,-40,false,l,true
193.413,-40,true,g,true
183.871,-60,false,g,true
182.847,-60,false,b,true
154.001,-60,false,b,true
181.947,-60,false,b,true
185.736,-60,false,b,true
195.187,-40,true,l,true
160,-40,false,l,true
166.186,-40,true,g,true
154.976,-60,false,g,true
147.2,-60,false,b,true
158.958,-40,true,l,true
160,-40,false,l,true
176.563,-40,true,g,true
166.056,-60,false,g,true
195.11,-60,false,b,true
204.128,-40,true,l,true
160,-40,false,l,true
170.396,-40,true,g,true
159.483,-60,false,g,true
135.218,-60,false,b,true
147.932,-40,true,l,true
160,-40,false,l,true
177.795,-40,true,g,true
167.365,-60,false,g,true
161.712,-60,false,b,true
162.273,-60,false,b,true
143.535,-60,false,b,true
155.571,-40,true,l,true
160,-40,false,l,true
155.945,-40,true,g,true
143.941,-60,false,g,true
137.263,-60,false,b,true
186.065,-60,false,b,true
195.5,-40,true,l,true
160,-40,false,l,true
202.61,-40,true,g,true
193.522,-60,false,g,true
140.102,-60,false,b,true
160.701,-60,false,b,true
156.478,-60,false,b,true
167.587,-40,true,l,true
160,-40,false,l,true
168.176,-40,true,g,true
157.109,-60,false,g,true
151.2,-60,false,b,true
153.944,-60,false,b,true
165.224,-40,true,l,true
160,-40,false,l,true
149.968,-40,true,g,true
137.442,-60,false,g,true
143.182,-60,false,b,true
155.245,-40,true,l,true
160,-40,false,l,true
164.227,-40,true,g,true
152.874,-60,false,g,true
147.41,-60,false,b,true
159.153,-40,true,l,true
160,-40,false,l,true
156.663,-40,true,g,true
144.718,-60,false,g,true
184.568,-60,false,b,true
191.613,-60,false,b,true
159.576,-60,false,b,true
170.483,-40,true,l,true
160,-40,false,l,true
199.812,-40,true,g,true
190.591,-60,false,g,true
138.101,-60,false,b,true
160.479,-60,false,b,true
157.532,-60,false,b,true
168.572,-40,true,l,true
160,-40,false,l,true
162.846,-40,true,g,true
151.39,-60,false,g,true
140.59,-60,false,b,true
152.857,-40,true,l,true
160,-40,false,l,true
187.791,-40,true,g,true
177.948,-60,false,g,true
142.614,-60,false,b,true
154.722,-40,true,l,true
160,-40,false,l,true
172.32,-40,true,g,true
161.537,-60,false,g,true
158.031,-60,false,b,true
169.038,-40,true,l,true
160,-40,false,l,true
153.876,-40,true,g,true
141.696,-60,false,g,true
170.777,-60,false,b,true
173.839,-60,false,b,true
183.903,-40,true,l,true
160,-40,false,l,true
172.007,-40,true,g,true
161.203,-60,false,g,true
154.961,-60,false,b,true
166.171,-40,true,l,true
160,-40,false,l,true
161.657,-40,true,g,true
150.11,-60,false,g,true
146.722,-60,false,b,true
158.516,-40,true,l,true
160,-40,false,l,true
159.076,-40,true,g,true
147.327,-60,false,g,true
137.208,-60,false,b,true
137.824,-60,false,b,true
150.318,-40,true,l,true
160,-40,false,l,true
171.897,-40,true,g,true
161.085,-60,false,g,true
162.488,-60,false,b,true
173.212,-40,true,l,true
160,-40,false,l,true
170.992,-40,true,g,true
160.119,-60,false,g,true
160.407,-60,false,b,true
171.261,-40,true,l,true
160,-40,false,l,true
167.344,-40,true,g,true
156.218,-60,false,g,true
154.033,-60,false,b,true
165.306,-40,true,l,true
160,-40,false,l,true
173.766,-40,true,g,true
163.078,-60,false,g,true
154.987,-60,false,b,true
166.196,-40,true,l,true
160,-40,false,l,true
205.66,-40,true,g,true
196.714,-60,false,g,true
192.61,-60,false,b,true
196.583,-60,false,b,true
168.56,-60,false,b,true
178.92,-40,true,l,true
160,-40,false,l,true
160.877,-40,true,g,true
149.27,-60,false,g,true
139.787,-60,false,b,true
149.709,-60,false,b,true
160.421,-60,false,b,true
195.964,-60,false,b,true
204.943,-40,true,l,true
160,-40,false,l,true
157.544,-40,true,g,true
145.671,-60,false,g,true
175.663,-60,false,b,true
185.628,-40,true,l,true
160,-40,false,l,true
189.677,-40,true,g,true
179.937,-60,false,g,true
192.319,-60,false,b,true
201.461,-40,true,l,true
160,-40,false,l,true
200.005,-40,true,g,true
190.794,-60,false,g,true
138.973,-60,false,b,true
162.228,-60,false,b,true
158.779,-60,false,b,true
194.003,-60,false,b,true
203.07,-40,true,l,true
160,-40,false,l,true
203.604,-40,true,g,true
194.563,-60,false,g,true
193.086,-60,false,b,true
172.236,-60,false,b,true
155.033,-60,false,b,true
196.74,-60,false,b,true
205.686,-40,true,l,true
160,-40,false,l,true
205.982,-40,true,g,true
197.05,-60,false,g,true
157.241,-60,false,b,true
169.239,-60,false,b,true
179.56,-40,true,l,true
160,-40,false,l,true
170.88,-40,true,g,true
160,-60,false,g,true
148.909,-60,false,b,true
160.543,-40,true,l,true
160,-40,false,l,true
152.005,-40,true,g,true
139.662,-60,false,g,true
151.374,-60,false,b,true
162.831,-40,true,l,true
160,-40,false,l,true
192.309,-40,true,g,true
182.71,-60,false,g,true
135.821,-60,false,b,true
146.611,-60,false,b,true
179.07,-60,false,b,true
182.751,-60,false,b,true
192.349,-40,true,l,true
160,-40,false,l,true
162.227,-40,true,g,true
150.723,-60,false,g,true
175.057,-60,false,b,true
185.054,-40,true,l,true
160,-40,false,l,true
196.239,-40,true,g,true
186.842,-60,false,g,true
144.053,-60,false,b,true
156.049,-40,true,l,true
160,-40,false,l,true
164.376,-40,true,g,true
153.034,-60,false,g,true
184.601,-60,false,b,true
174.845,-60,false,b,true
177.469,-60,false,b,true
187.337,-40,true,l,true
160,-40,false,l,true
192.322,-40,true,g,true
182.724,-60,false,g,true
140.172,-60,false,b,true
152.474,-40,true,l,true
160,-40,false,l,true
199.256,-40,true,g,true
190.008,-60,false,g,true
186.43,-60,false,b,true
157.843,-60,false,b,true
181.927,-60,false,b,true
191.565,-40,true,l,true
160,-40,false,l,true
208.247,-40,true,g,true
199.417,-60,false,g,true
159.6,-60,false,b,true
158.399,-60,false,b,true
169.382,-40,true,l,true
160,-40,false,l,true
157.12,-40,true,g,true
145.213,-60,false,g,true
178.013,-60,false,b,true
181.06,-60,false,b,true
190.743,-40,true,l,true
160,-40,false,l,true
200.271,-40,true,g,true
191.072,-60,false,g,true
187.314,-60,false,b,true
151.598,-60,false,b,true
173.051,-60,false,b,true
172.843,-60,false,b,true
182.961,-40,true,l,true
160,-40,false,l,true
202.5,-40,true,g,true
193.407,-60,false,g,true
169.445,-60,false,b,true
172.363,-60,false,b,true
137.002,-60,false,b,true
149.564,-40,true,l,true
160,-40,false,l,true
170.027,-40,true,g,true
159.089,-60,false,g,true
157.356,-60,false,b,true
168.407,-40,true,l,true
160,-40,false,l,true
161.967,-40,true,g,true
150.444,-60,false,g,true
138.909,-60,false,b,true
151.314,-40,true,l,true
160,-40,false,l,true
166.894,-40,true,g,true
155.735,-60,false,g,true
150.358,-60,false,b,true
162.717,-60,false,b,true
173.427,-40,true,l,true
160,-40,false,l,true
190.449,-40,true,g,true
180.751,-60,false,g,true
169.332,-60,false,b,true
179.648,-40,true,l,true
160,-40,false,l,true
207.926,-40,true,g,true
199.081,-60,false,g,true
195.589,-60,false,b,true
204.585,-40,true,l,true
160,-40,false,l,true
183.311,-40,true,g,true
173.213,-60,false,g,true
157.322,-60,false,b,true
161.647,-60,false,b,true
188.573,-60,false,b,true
