x,z,relay,string,error,index
160,-60,false,f,true
197.667,-60,false,b,true
206.572,-40,true,l,true
160,-40,false,l,true
149.168,-40,true,g,true
136.569,-60,false,g,true
184.197,-60,false,b,true
193.723,-40,true,l,true
160,-40,false,l,true
193.995,-40,true,g,true
184.483,-60,false,g,true
183.867,-60,false,b,true
193.409,-40,true,l,true
160,-40,false,l,true
157.393,-40,true,g,true
145.508,-60,false,g,true
198.584,-60,false,b,true
207.45,-40,true,l,true
160,-40,false,l,true
168.553,-40,true,g,true
157.512,-60,false,g,true
174.059,-60,false,b,true
184.11,-40,true,l,true
160,-40,false,l,true
163.502,-40,true,g,true
152.095,-60,false,g,true
165.393,-60,false,b,true
175.94,-40,true,l,true
160,-40,false,l,true
175.285,-40,true,g,true
164.696,-60,false,g,true
199.844,-60,false,b,true
208.657,-40,true,l,true
160,-40,false,l,true
154.796,-40,true,g,true
142.695,-60,false,g,true
198.526,-60,false,b,true
207.395,-40,true,l,true
160,-40,false,l,true
160.113,-40,true,g,true
148.446,-60,false,g,true
195.354,-60,false,b,true
204.36,-40,true,l,true
160,-40,false,l,true
159.421,-40,true,g,true
147.699,-60,false,g,true
195.889,-60,false,b,true
204.872,-40,true,l,true
160,-40,false,l,true
149.541,-40,true,g,true
136.977,-60,false,g,true
186.142,-60,false,b,true
195.573,-40,true,l,true
160,-40,false,l,true
153.133,-40,true,g,true
140.889,-60,false,g,true
182.749,-60,false,b,true
192.347,-40,true,l,true
160,-40,false,l,true
174.207,-40,true,g,true
163.548,-60,false,g,true
189.556,-60,false,b,true
198.825,-40,true,l,true
160,-40,false,l,true
155.661,-40,true,g,true
143.632,-60,false,g,true
140.34,-60,false,b,true
150.366,-60,false,b,true
161.895,-40,true,l,true
160,-40,false,l,true
156.83,-40,true,g,true
144.899,-60,false,g,true
199.137,-60,false,b,true
207.98,-40,true,l,true
160,-40,false,l,true
149.213,-40,true,g,true
136.618,-60,false,g,true
195.782,-60,false,b,true
204.77,-40,true,l,true
160,-40,false,l,true
206.158,-40,true,g,true
197.234,-60,false,g,true
155.892,-60,false,b,true
199.952,-60,false,b,true
208.76,-40,true,l,true
160,-40,false,l,true
172.504,-40,true,g,true
161.733,-60,false,g,true
165.491,-60,false,b,true
187.157,-60,false,b,true
196.539,-40,true,l,true
160,-40,false,l,true
198.466,-40,true,g,true
189.179,-60,false,g,true
186.04,-60,false,b,true
195.476,-40,true,l,true
160,-40,false,l,true
172.23,-40,true,g,true
161.441,-60,false,g,true
188.287,-60,false,b,true
197.616,-40,true,l,true
160,-40,false,l,true
183.961,-40,true,g,true
173.901,-60,false,g,true
198.824,-60,false,b,true
207.68,-40,true,l,true
160,-40,false,l,true
157.217,-40,true,g,true
145.317,-60,false,g,true
192.373,-60,false,b,true
201.513,-40,true,l,true
160,-40,false,l,true
178.132,-40,true,g,true
167.723,-60,false,g,true
166.758,-60,false,b,true
192.122,-60,false,b,true
201.273,-40,true,l,true
160,-40,false,l,true
157.745,-40,true,g,true
145.888,-60,false,g,true
188.106,-60,false,b,true
197.443,-40,true,l,true
160,-40,false,l,true
164.428,-40,true,g,true
153.09,-60,false,g,true
182.123,-60,false,b,true
191.752,-40,true,l,true
160,-40,false,l,true
170.154,-40,true,g,true
159.224,-60,false,g,true
156.331,-60,false,b,true
196.429,-60,false,b,true
205.388,-40,true,l,true
160,-40,false,l,true
195.669,-40,true,g,true
186.242,-60,false,g,true
182.649,-60,false,b,true
196.458,-60,false,b,true
205.416,-40,true,l,true
160,-40,false,l,true
201.272,-40,true,g,true
192.121,-60,false,g,true
189.407,-60,false,b,true
198.683,-40,true,l,true
160,-40,false,l,true
158.377,-40,true,g,true
146.571,-60,false,g,true
199.736,-60,false,b,true
208.553,-40,true,l,true
160,-40,false,l,true
155.745,-40,true,g,true
143.724,-60,false,g,true
162.948,-60,false,b,true
177.743,-60,false,b,true
187.597,-40,true,l,true
160,-40,false,l,true
164.922,-40,true,g,true
153.62,-60,false,g,true
185.768,-60,false,b,true
195.218,-40,true,l,true
160,-40,false,l,true
158.183,-40,true,g,true
146.362,-60,false,g,true
188.265,-60,false,b,true
197.595,-40,true,l,true
160,-40,false,l,true
168.792,-40,true,g,true
157.768,-60,false,g,true
189.722,-60,false,b,true
198.983,-40,true,l,true
160,-40,false,l,true
171.002,-40,true,g,true
160.13,-60,false,g,true
199.606,-60,false,b,true
208.429,-40,true,l,true
160,-40,false,l,true
174.594,-40,true,g,true
163.961,-60,false,g,true
172.962,-60,false,b,true
183.073,-40,true,l,true
160,-40,false,l,true
203.345,-40,true,g,true
194.291,-60,false,g,true
199.973,-60,false,b,true
208.78,-40,true,l,true
160,-40,false,l,true
161.269,-40,true,g,true
149.692,-60,false,g,true
198.202,-60,false,b,true
207.085,-40,true,l,true
160,-40,false,l,true
164.102,-40,true,g,true
152.74,-60,false,g,true
198.008,-60,false,b,true
161.992,-60,false,b,true
172.747,-40,true,l,true
160,-40,false,l,true
171.545,-40,true,g,true
160.71,-60,false,g,true
196.861,-60,false,b,true
205.802,-40,true,l,true
160,-40,false,l,true
199.445,-40,true,g,true
190.206,-60,false,g,true
190.492,-60,false,b,true
199.718,-40,true,l,true
160,-40,false,l,true
161.708,-40,true,g,true
150.165,-60,false,g,true
185.896,-60,false,b,true
195.339,-40,true,l,true
160,-40,false,l,true
200.615,-40,true,g,true
191.432,-60,false,g,true
190.002,-60,false,b,true
199.25,-40,true,l,true
160,-40,false,l,true
174.011,-40,true,g,true
163.34,-60,false,g,true
197.058,-60,false,b,true
205.99,-40,true,l,true
160,-40,false,l,true
151.256,-40,true,g,true
138.846,-60,false,g,true
186.146,-60,false,b,true
195.577,-40,true,l,true
160,-40,false,l,true
149.702,-40,true,g,true
137.152,-60,false,g,true
196.618,-60,false,b,true
205.569,-40,true,l,true
160,-40,false,l,true
160.121,-40,true,g,true
148.455,-60,false,g,true
195.988,-60,false,b,true
204.967,-40,true,l,true
160,-40,false,l,true
160.743,-40,true,g,true
149.125,-60,false,g,true
199.321,-60,false,b,true
208.156,-40,true,l,true
160,-40,false,l,true
161.103,-40,true,g,true
149.513,-60,false,g,true
196.985,-60,false,b,true
205.92,-40,true,l,true
160,-40,false,l,true
184.668,-40,true,g,true
174.649,-60,false,g,true
173.547,-60,false,b,true
183.626,-40,true,l,true
160,-40,false,l,true
161.514,-40,true,g,true
149.956,-60,false,g,true
181.985,-60,false,b,true
191.621,-40,true,l,true
160,-40,false,l,true
202.718,-40,true,g,true
193.635,-60,false,g,true
191.805,-60,false,b,true
192.439,-60,false,b,true
201.576,-40,true,l,true
160,-40,false,l,true
169.064,-40,true,g,true
158.059,-60,false,g,true
173.029,-60,false,b,true
181.114,-60,false,b,true
190.793,-40,true,l,true
160,-40,false,l,true
150.704,-40,true,g,true
138.245,-60,false,g,true
195.12,-60,false,b,true
204.137,-40,true,l,true
160,-40,false,l,true
181.4,-40,true,g,true
171.19,-60,false,g,true
163.055,-60,false,b,true
173.744,-40,true,l,true
160,-40,false,l,true
157.764,-40,true,g,true
145.909,-60,false,g,true
180.138,-60,false,b,true
189.868,-40,true,l,true
160,-40,false,l,true
199.835,-40,true,g,true
190.615,-60,false,g,true
192.137,-60,false,b,true
201.287,-40,true,l,true
160,-40,false,l,true
170.404,-40,true,g,true
159.491,-60,false,g,true
191.55,-60,false,b,true
200.728,-40,true,l,true
160,-40,false,l,true
194.079,-40,true,g,true
184.571,-60,false,g,true
182.377,-60,false,b,true
191.993,-40,true,l,true
160,-40,false,l,true
160.115,-40,true,g,true
148.449,-60,false,g,true
170.329,-60,false,b,true
180.662,-60,false,b,true
190.365,-40,true,l,true
160,-40,false,l,true
158.631,-40,true,g,true
146.846,-60,false,g,true
175.344,-60,false,b,true
185.326,-40,true,l,true
160,-40,false,l,true
158.542,-40,true,g,true
146.75,-60,false,g,true
190.033,-60,false,b,true
199.28,-40,true,l,true
160,-40,false,l,true
166.332,-40,true,g,true
155.133,-60,false,g,true
186.766,-60,false,b,true
196.167,-40,true,l,true
160,-40,false,l,true
193.928,-40,true,g,true
184.413,-60,false,g,true
185.907,-60,false,b,true
195.35,-40,true,l,true
160,-40,false,l,true
165.374,-40,true,g,true
154.106,-60,false,g,true
155.175,-60,false,b,true
166.37,-40,true,l,true
160,-40,false,l,true
205.136,-40,true,g,true
196.165,-60,false,g,true
193.116,-60,false,b,true
202.222,-40,true,l,true
160,-40,false,l,true
151.267,-40,true,g,true
138.859,-60,false,g,true
198.091,-60,false,b,true
206.979,-40,true,l,true
160,-40,false,l,true
162.346,-40,true,g,true
150.851,-60,false,g,true
197.854,-60,false,b,true
206.751,-40,true,l,true
160,-40,false,l,true
195.267,-40,true,g,true
185.82,-60,false,g,true
189.486,-60,false,b,true
198.759,-40,true,l,true
160,-40,false,l,true
199.703,-40,true,g,true
190.477,-60,false,g,true
191.829,-60,false,b,true
200.994,-40,true,l,true
160,-40,false,l,true
159.83,-40,true,g,true
148.141,-60,false,g,true
149.635,-60,false,b,true
161.216,-40,true,l,true
160,-40,false,l,true
186.747,-40,true,g,true
176.846,-60,false,g,true
191.543,-60,false,b,true
200.72,-40,true,l,true
160,-40,false,l,true
168.897,-40,true,g,true
157.88,-60,false,g,true
197.235,-60,false,b,true
206.159,-40,true,l,true
160,-40,false,l,true
192.242,-40,true,g,true
182.639,-60,false,g,true
192.456,-60,false,b,true
190.674,-60,false,b,true
199.892,-40,true,l,true
160,-40,false,l,true
165.143,-40,true,g,true
153.858,-60,false,g,true
137.569,-60,false,b,true
146.348,-60,false,b,true
158.17,-40,true,l,true
160,-40,false,l,true
179.15,-40,true,g,true
168.804,-60,false,g,true
198.871,-60,false,b,true
207.725,-40,true,l,true
160,-40,false,l,true
164.151,-40,true,g,true
152.792,-60,false,g,true
188.321,-60,false,b,true
197.649,-40,true,l,true
160,-40,false,l,true
192.318,-40,true,g,true
182.719,-60,false,g,true
178.638,-60,false,b,true
192.434,-60,false,b,true
201.571,-40,true,l,true
160,-40,false,l,true
181.092,-40,true,g,true
170.863,-60,false,g,true
197.689,-60,false,b,true
206.594,-40,true,l,true
160,-40,false,l,true
155.629,-40,true,g,true
143.598,-60,false,g,true
141.823,-60,false,b,true
192.085,-60,false,b,true
201.238,-40,true,l,true
160,-40,false,l,true
162.351,-40,true,g,true
150.857,-60,false,g,true
190.208,-60,false,b,true
199.447,-40,true,l,true
160,-40,false,l,true
176.666,-40,true,g,true
166.165,-60,false,g,true
195.1,-60,false,b,true
204.118,-40,true,l,true
160,-40,false,l,true
167.397,-40,true,g,true
156.274,-60,false,g,true
176.825,-60,false,b,true
186.727,-40,true,l,true
160,-40,false,l,true
155.463,-40,true,g,true
143.418,-60,false,g,true
192.068,-60,false,b,true
201.222,-40,true,l,true
160,-40,false,l,true
159.708,-40,true,g,true
148.009,-60,false,g,true
197.134,-60,false,b,true
206.063,-40,true,l,true
160,-40,false,l,true
203.324,-40,true,g,true
194.27,-60,false,g,true
179.547,-60,false,b,true
189.307,-40,true,l,true
160,-40,false,l,true
205.374,-40,true,g,true
196.414,-60,false,g,true
196.594,-60,false,b,true
205.546,-40,true,l,true
160,-40,false,l,true
157.6,-40,true,g,true
145.731,-60,false,g,true
193.625,-60,false,b,true
202.708,-40,true,l,true
160,-40,false,l,true
185.643,-40,true,g,true
175.679,-60,false,g,true
198.668,-60,false,b,true
207.531,-40,true,l,true
160,-40,false,l,true
158.639,-40,true,g,true
146.855,-60,false,g,true
197.624,-60,false,b,true
206.532,-40,true,l,true
160,-40,false,l,true
204.35,-40,true,g,true
195.343,-60,false,g,true
196.527,-60,false,b,true
199.994,-60,false,b,true
208.8,-40,true,l,true
160,-40,false,l,true
194.191,-40,true,g,true
184.69,-60,false,g,true
181.964,-60,false,b,true
160.969,-60,false,b,true
196.033,-60,false,b,true
205.009,-40,true,l,true
160,-40,false,l,true
157.604,-40,true,g,true
145.736,-60,false,g,true
177.798,-60,false,b,true
192.655,-60,false,b,true
180.439,-60,false,b,true
199.565,-60,false,b,true
179.578,-60,false,b,true
189.337,-40,true,l,true
160,-40,false,l,true
169.49,-40,true,g,true
158.514,-60,false,g,true
155.15,-60,false,b,true
166.347,-40,true,l,true
160,-40,false,l,true
171.901,-40,true,g,true
161.09,-60,false,g,true
197.955,-60,false,b,true
206.848,-40,true,l,true
160,-40,false,l,true
192.953,-40,true,g,true
183.387,-60,false,g,true
195.155,-60,false,b,true
199.68,-60,false,b,true
208.5,-40,true,l,true
160,-40,false,l,true
179.965,-40,true,g,true
169.668,-60,false,g,true
166.226,-60,false,b,true
176.723,-40,true,l,true
160,-40,false,l,true
147.802,-40,true,g,true
135.076,-60,false,g,true
199.659,-60,false,b,true
208.48,-40,true,l,true
160,-40,false,l,true
167.806,-40,true,g,true
156.713,-60,false,g,true
199.465,-60,false,b,true
208.294,-40,true,l,true
160,-40,false,l,true
