x,z,relay,string,error,index
160,-60,false,f,true
160,-40,false,l,true
160.412,-40,true,g,true
148.768,-60,false,g,true
184.436,-60,false,b,true
193.95,-40,true,l,true
160,-40,false,l,true
160.551,-40,true,g,true
148.918,-60,false,g,true
144.435,-60,false,b,true
156.401,-40,true,l,true
160,-40,false,l,true
205.879,-40,true,g,true
196.942,-60,false,g,true
136.972,-60,false,b,true
149.537,-40,true,l,true
160,-40,false,l,true
201.273,-40,true,g,true
192.122,-60,false,g,true
148.862,-60,false,b,true
160.499,-40,true,l,true
160,-40,false,l,true
190.411,-40,true,g,true
180.711,-60,false,g,true
151.297,-60,false,b,true
162.76,-40,true,l,true
160,-40,false,l,true
194.1,-40,true,g,true
184.594,-60,false,g,true
182.181,-60,false,b,true
191.807,-40,true,l,true
160,-40,false,l,true
204.42,-40,true,g,true
195.416,-60,false,g,true
153.594,-60,false,b,true
164.897,-40,true,l,true
160,-40,false,l,true
174.468,-40,true,g,true
163.826,-60,false,g,true
156.956,-60,false,b,true
168.033,-40,true,l,true
160,-40,false,l,true
207.971,-40,true,g,true
199.127,-60,false,g,true
148.208,-60,false,b,true
159.892,-40,true,l,true
160,-40,false,l,true
200.044,-40,true,g,true
190.834,-60,false,g,true
151.534,-60,false,b,true
162.98,-40,true,l,true
160,-40,false,l,true
169.536,-40,true,g,true
158.564,-60,false,g,true
147.814,-60,false,b,true
159.528,-40,true,l,true
160,-40,false,l,true
180.123,-40,true,g,true
169.836,-60,false,g,true
136.773,-60,false,b,true
149.355,-40,true,l,true
160,-40,false,l,true
198.007,-40,true,g,true
188.698,-60,false,g,true
139.319,-60,false,b,true
151.69,-40,true,l,true
160,-40,false,l,true
150.652,-40,true,g,true
138.188,-60,false,g,true
144.423,-60,false,b,true
156.391,-40,true,l,true
160,-40,false,l,true
175.274,-40,true,g,true
164.684,-60,false,g,true
157.39,-60,false,b,true
168.439,-40,true,l,true
160,-40,false,l,true
176.888,-40,true,g,true
166.401,-60,false,g,true
155.67,-60,false,b,true
158.694,-60,false,b,true
169.658,-40,true,l,true
160,-40,false,l,true
195.359,-40,true,g,true
185.917,-60,false,g,true
137.768,-60,false,b,true
150.267,-40,true,l,true
160,-40,false,l,true
180.619,-40,true,g,true
170.362,-60,false,g,true
163.231,-60,false,b,true
148.399,-60,false,b,true
160.069,-40,true,l,true
160,-40,false,l,true
204.405,-40,true,g,true
195.401,-60,false,g,true
192.606,-60,false,b,true
201.735,-40,true,l,true
160,-40,false,l,true
171.119,-40,true,g,true
160.255,-60,false,g,true
154.867,-60,false,b,true
166.084,-40,true,l,true
160,-40,false,l,true
179.766,-40,true,g,true
169.458,-60,false,g,true
137.613,-60,false,b,true
150.124,-40,true,l,true
160,-40,false,l,true
178.303,-40,true,g,true
167.904,-60,false,g,true
157.806,-60,false,b,true
168.828,-40,true,l,true
160,-40,false,l,true
208.224,-40,true,g,true
199.392,-60,false,g,true
135.641,-60,false,b,true
148.319,-40,true,l,true
160,-40,false,l,true
165.585,-40,true,g,true
154.332,-60,false,g,true
158.888,-60,false,b,true
169.839,-40,true,l,true
160,-40,false,l,true
176.247,-40,true,g,true
165.719,-60,false,g,true
160.283,-60,false,b,true
171.145,-40,true,l,true
160,-40,false,l,true
206.854,-40,true,g,true
197.961,-60,false,g,true
178.381,-60,false,b,true
138.514,-60,false,b,true
150.951,-40,true,l,true
160,-40,false,l,true
198.742,-40,true,g,true
189.468,-60,false,g,true
145.264,-60,false,b,true
157.167,-40,true,l,true
160,-40,false,l,true
169.631,-40,true,g,true
158.666,-60,false,g,true
152.413,-60,false,b,true
163.798,-40,true,l,true
160,-40,false,l,true
167.17,-40,true,g,true
156.032,-60,false,g,true
147.45,-60,false,b,true
159.19,-40,true,l,true
160,-40,false,l,true
199.811,-40,true,g,true
190.589,-60,false,g,true
147.383,-60,false,b,true
159.128,-40,true,l,true
160,-40,false,l,true
164.032,-40,true,g,true
152.665,-60,false,g,true
147.955,-60,false,b,true
159.658,-40,true,l,true
160,-40,false,l,true
174.063,-40,true,g,true
163.395,-60,false,g,true
159.831,-60,false,b,true
170.722,-40,true,l,true
160,-40,false,l,true
191.863,-40,true,g,true
182.24,-60,false,g,true
178.701,-60,false,b,true
188.505,-40,true,l,true
160,-40,false,l,true
184.701,-40,true,g,true
174.684,-60,false,g,true
136.192,-60,false,b,true
148.823,-40,true,l,true
160,-40,false,l,true
206.832,-40,true,g,true
197.938,-60,false,g,true
156.197,-60,false,b,true
138.203,-60,false,b,true
150.665,-40,true,l,true
160,-40,false,l,true
173.524,-40,true,g,true
162.82,-60,false,g,true
156.839,-60,false,b,true
167.924,-40,true,l,true
160,-40,false,l,true
195.62,-40,true,g,true
186.191,-60,false,g,true
146.734,-60,false,b,true
158.527,-40,true,l,true
160,-40,false,l,true
198.055,-40,true,g,true
188.748,-60,false,g,true
150.245,-60,false,b,true
161.782,-40,true,l,true
160,-40,false,l,true
200.748,-40,true,g,true
191.572,-60,false,g,true
189.918,-60,false,b,true
199.17,-40,true,l,true
160,-40,false,l,true
160.874,-40,true,g,true
149.266,-60,false,g,true
141.885,-60,false,b,true
154.05,-40,true,l,true
160,-40,false,l,true
198.566,-40,true,g,true
189.284,-60,false,g,true
139.423,-60,false,b,true
151.785,-40,true,l,true
160,-40,false,l,true
179.267,-40,true,g,true
168.928,-60,false,g,true
159.176,-60,false,b,true
170.109,-40,true,l,true
160,-40,false,l,true
197.233,-40,true,g,true
187.885,-60,false,g,true
137.921,-60,false,b,true
150.406,-40,true,l,true
160,-40,false,l,true
165.799,-40,true,g,true
154.562,-60,false,g,true
143.248,-60,false,b,true
155.306,-40,true,l,true
160,-40,false,l,true
162.382,-40,true,g,true
150.89,-60,false,g,true
146.791,-60,false,b,true
158.58,-40,true,l,true
160,-40,false,l,true
163.735,-40,true,g,true
152.345,-60,false,g,true
143.19,-60,false,b,true
155.253,-40,true,l,true
160,-40,false,l,true
198.053,-40,true,g,true
188.745,-60,false,g,true
145.918,-60,false,b,true
157.772,-40,true,l,true
160,-40,false,l,true
193.845,-40,true,g,true
184.325,-60,false,g,true
179.768,-60,false,b,true
135.267,-60,false,b,true
147.977,-40,true,l,true
160,-40,false,l,true
174.033,-40,true,g,true
163.363,-60,false,g,true
157.231,-60,false,b,true
168.29,-40,true,l,true
160,-40,false,l,true
172.63,-40,true,g,true
161.868,-60,false,g,true
187.999,-60,false,b,true
197.341,-40,true,l,true
160,-40,false,l,true
206.691,-40,true,g,true
197.791,-60,false,g,true
173.3,-60,false,b,true
183.393,-40,true,l,true
160,-40,false,l,true
165.871,-40,true,g,true
154.639,-60,false,g,true
135.124,-60,false,b,true
147.846,-40,true,l,true
160,-40,false,l,true
205.337,-40,true,g,true
196.376,-60,false,g,true
151.429,-60,false,b,true
162.882,-40,true,l,true
160,-40,false,l,true
196.385,-40,true,g,true
186.995,-60,false,g,true
196.893,-60,false,b,true
205.832,-40,true,l,true
160,-40,false,l,true
176.707,-40,true,g,true
166.209,-60,false,g,true
157.912,-60,false,b,true
168.927,-40,true,l,true
160,-40,false,l,true
157.088,-40,true,g,true
145.178,-60,false,g,true
136.105,-60,false,b,true
148.743,-40,true,l,true
160,-40,false,l,true
172.667,-40,true,g,true
161.907,-60,false,g,true
146.052,-60,false,b,true
157.896,-40,true,l,true
160,-40,false,l,true
162.222,-40,true,g,true
150.718,-60,false,g,true
145.513,-60,false,b,true
157.398,-40,true,l,true
160,-40,false,l,true
168.137,-40,true,g,true
157.067,-60,false,g,true
196.926,-60,false,b,true
168.628,-60,false,b,true
178.984,-40,true,l,true
160,-40,false,l,true
205.637,-40,true,g,true
196.689,-60,false,g,true
138.879,-60,false,b,true
138.155,-60,false,b,true
150.621,-40,true,l,true
160,-40,false,l,true
208.171,-40,true,g,true
199.337,-60,false,g,true
141.562,-60,false,b,true
153.752,-40,true,l,true
160,-40,false,l,true
173.077,-40,true,g,true
162.344,-60,false,g,true
160.011,-60,false,b,true
170.89,-40,true,l,true
160,-40,false,l,true
193.506,-40,true,g,true
183.969,-60,false,g,true
184.03,-60,false,b,true
193.564,-40,true,l,true
160,-40,false,l,true
207.947,-40,true,g,true
199.102,-60,false,g,true
139.099,-60,false,b,true
151.488,-40,true,l,true
160,-40,false,l,true
205.801,-40,true,g,true
196.861,-60,false,g,true
137.597,-60,false,b,true
150.11,-40,true,l,true
160,-40,false,l,true
182.608,-40,true,g,true
172.469,-60,false,g,true
163.335,-60,false,b,true
145.04,-60,false,b,true
156.96,-40,true,l,true
160,-40,false,l,true
180.98,-40,true,g,true
170.744,-60,false,g,true
162.371,-60,false,b,true
173.102,-40,true,l,true
160,-40,false,l,true
204.171,-40,true,g,true
195.156,-60,false,g,true
135.518,-60,false,b,true
148.206,-40,true,l,true
160,-40,false,l,true
174.157,-40,true,g,true
163.495,-60,false,g,true
152.74,-60,false,b,true
164.102,-40,true,l,true
160,-40,false,l,true
195.892,-40,true,g,true
186.477,-60,false,g,true
151.335,-60,false,b,true
162.795,-40,true,l,true
160,-40,false,l,true
196.604,-40,true,g,true
187.225,-60,false,g,true
190.393,-60,false,b,true
135.523,-60,false,b,true
148.211,-40,true,l,true
160,-40,false,l,true
206.92,-40,true,g,true
198.03,-60,false,g,true
186.539,-60,false,b,true
195.951,-40,true,l,true
160,-40,false,l,true
197.59,-40,true,g,true
188.26,-60,false,g,true
181.021,-60,false,b,true
190.705,-40,true,l,true
160,-40,false,l,true
177.009,-40,true,g,true
166.53,-60,false,g,true
198.524,-60,false,b,true
138.528,-60,false,b,true
150.964,-40,true,l,true
160,-40,false,l,true
169.042,-40,true,g,true
158.036,-60,false,g,true
149.093,-60,false,b,true
144.094,-60,false,b,true
156.087,-40,true,l,true
160,-40,false,l,true
196.059,-40,true,g,true
186.653,-60,false,g,true
181.041,-60,false,b,true
190.725,-40,true,l,true
160,-40,false,l,true
208.511,-40,true,g,true
199.692,-60,false,g,true
171.466,-60,false,b,true
181.66,-40,true,l,true
160,-40,false,l,true
179.236,-40,true,g,true
168.895,-60,false,g,true
158.458,-60,false,b,true
169.437,-40,true,l,true
160,-40,false,l,true
191.719,-40,true,g,true
182.088,-60,false,g,true
137.241,-60,false,b,true
149.783,-40,true,l,true
160,-40,false,l,true
167.234,-40,true,g,true
156.1,-60,false,g,true
196.39,-60,false,b,true
205.351,-40,true,l,true
160,-40,false,l,true
203.044,-40,true,g,true
193.977,-60,false,g,true
141.899,-60,false,b,true
154.063,-40,true,l,true
160,-40,false,l,true
180.333,-40,true,g,true
170.058,-60,false,g,true
160.253,-60,false,b,true
171.117,-40,true,l,true
160,-40,false,l,true
193.351,-40,true,g,true
183.806,-60,false,g,true
188.734,-60,false,b,true
198.042,-40,true,l,true
160,-40,false,l,true
205.137,-40,true,g,true
196.167,-60,false,g,true
144.641,-60,false,b,true
156.592,-40,true,l,true
160,-40,false,l,true
163.046,-40,true,g,true
151.604,-60,false,g,true
141.942,-60,false,b,true
154.102,-40,true,l,true
160,-40,false,l,true
204.706,-40,true,g,true
195.715,-60,false,g,true
180.946,-60,false,b,true
135.835,-60,false,b,true
148.496,-40,true,l,true
160,-40,false,l,true
200.031,-40,true,g,true
190.82,-60,false,g,true
169.455,-60,false,b,true
179.764,-40,true,l,true
160,-40,false,l,true
196.324,-40,true,g,true
186.931,-60,false,g,true
143.026,-60,false,b,true
155.102,-40,true,l,true
160,-40,false,l,true
196.116,-40,true,g,true
186.712,-60,false,g,true
184.074,-60,false,b,true
193.606,-40,true,l,true
160,-40,false,l,true
162.999,-40,true,g,true
151.555,-60,false,g,true
137.235,-60,false,b,true
149.778,-40,true,l,true
160,-40,false,l,true
199.812,-40,true,g,true
190.591,-60,false,g,true
136.917,-60,false,b,true
149.487,-40,true,l,true
160,-40,false,l,true
198.393,-40,true,g,true
189.102,-60,false,g,true
173.036,-60,false,b,true
183.143,-40,true,l,true
160,-40,false,l,true
195.641,-40,true,g,true
186.213,-60,false,g,true
174.166,-60,false,b,true
139.491,-60,false,b,true
151.847,-40,true,l,true
160,-40,false,l,true
201.471,-40,true,g,true
192.329,-60,false,g,true
142.041,-60,false,b,true
154.193,-40,true,l,true
160,-40,false,l,true
171.051,-40,true,g,true
160.183,-60,false,g,true
148.598,-60,false,b,true
135.727,-60,false,b,true
148.397,-40,true,l,true
160,-40,false,l,true
195.253,-40,true,g,true
185.806,-60,false,g,true
135.626,-60,false,b,true
