x,z,relay,string,error,index
160,-60,false,f,true
160,-40,false,l,true
175.389,-40,true,g,true
164.807,-60,false,g,true
156.641,-60,false,b,true
196.598,-60,false,b,true
205.55,-40,true,l,true
160,-40,false,l,true
174.174,-40,true,g,true
163.514,-60,false,g,true
198.764,-60,false,b,true
207.623,-40,true,l,true
160,-40,false,l,true
150.269,-40,true,g,true
137.771,-60,false,g,true
196.841,-60,false,b,true
205.783,-40,true,l,true
160,-40,false,l,true
156.242,-40,true,g,true
144.262,-60,false,g,true
188.537,-60,false,b,true
197.854,-40,true,l,true
160,-40,false,l,true
188.051,-40,true,g,true
178.222,-60,false,g,true
195.994,-60,false,b,true
204.972,-40,true,l,true
160,-40,false,l,true
148.058,-40,true,g,true
135.356,-60,false,g,true
183.09,-60,false,b,true
192.671,-40,true,l,true
160,-40,false,l,true
166.642,-40,true,g,true
155.466,-60,false,g,true
191.133,-60,false,b,true
200.329,-40,true,l,true
160,-40,false,l,true
156.872,-40,true,g,true
144.944,-60,false,g,true
199.668,-60,false,b,true
208.488,-40,true,l,true
160,-40,false,l,true
165.029,-40,true,g,true
153.736,-60,false,g,true
198.025,-60,false,b,true
206.915,-40,true,l,true
160,-40,false,l,true
153.57,-40,true,g,true
141.364,-60,false,g,true
195.58,-60,false,b,true
204.576,-40,true,l,true
160,-40,false,l,true
164.125,-40,true,g,true
152.765,-60,false,g,true
195.838,-60,false,b,true
204.823,-40,true,l,true
160,-40,false,l,true
166.332,-40,true,g,true
155.133,-60,false,g,true
186.405,-60,false,b,true
195.824,-40,true,l,true
160,-40,false,l,true
171.266,-40,true,g,true
160.413,-60,false,g,true
199.671,-60,false,b,true
208.491,-40,true,l,true
160,-40,false,l,true
147.929,-40,true,g,true
135.214,-60,false,g,true
182.705,-60,false,b,true
192.305,-40,true,l,true
160,-40,false,l,true
163.386,-40,true,g,true
151.97,-60,false,g,true
199.472,-60,false,b,true
208.3,-40,true,l,true
160,-40,false,l,true
195.796,-40,true,g,true
186.376,-60,false,g,true
195.202,-60,false,b,true
204.215,-40,true,l,true
160,-40,false,l,true
193.022,-40,true,g,true
183.46,-60,false,g,true
180.137,-60,false,b,true
188.418,-60,false,b,true
197.74,-40,true,l,true
160,-40,false,l,true
165.573,-40,true,g,true
154.319,-60,false,g,true
155.631,-60,false,b,true
177.375,-60,false,b,true
187.248,-40,true,l,true
160,-40,false,l,true
172.343,-40,true,g,true
161.561,-60,false,g,true
137.374,-60,false,b,true
185.831,-60,false,b,true
195.277,-40,true,l,true
160,-40,false,l,true
159.101,-40,true,g,true
147.353,-60,false,g,true
195.103,-60,false,b,true
204.12,-40,true,l,true
160,-40,false,l,true
169.881,-40,true,g,true
158.932,-60,false,g,true
198.452,-60,false,b,true
207.323,-40,true,l,true
160,-40,false,l,true
166.392,-40,true,g,true
155.198,-60,false,g,true
198.832,-60,false,b,true
207.687,-40,true,l,true
160,-40,false,l,true
168.835,-40,true,g,true
157.814,-60,false,g,true
152.927,-60,false,b,true
164.276,-40,true,l,true
160,-40,false,l,true
168.626,-40,true,g,true
157.59,-60,false,g,true
161.438,-60,false,b,true
172.227,-40,true,l,true
160,-40,false,l,true
168.794,-40,true,g,true
157.77,-60,false,g,true
154.337,-60,false,b,true
183.387,-60,false,b,true
192.953,-40,true,l,true
160,-40,false,l,true
164.185,-40,true,g,true
152.829,-60,false,g,true
195.858,-60,false,b,true
204.842,-40,true,l,true
160,-40,false,l,true
166.003,-40,true,g,true
154.78,-60,false,g,true
196.402,-60,false,b,true
205.363,-40,true,l,true
160,-40,false,l,true
162.346,-40,true,g,true
150.851,-60,false,g,true
175.763,-60,false,b,true
184.051,-60,false,b,true
170.919,-60,false,b,true
181.144,-40,true,l,true
160,-40,false,l,true
173.892,-40,true,g,true
163.213,-60,false,g,true
161.701,-60,false,b,true
197.299,-60,false,b,true
206.221,-40,true,l,true
160,-40,false,l,true
188.489,-40,true,g,true
178.684,-60,false,g,true
176.605,-60,false,b,true
183.551,-60,false,b,true
193.109,-40,true,l,true
160,-40,false,l,true
173.372,-40,true,g,true
162.659,-60,false,g,true
156.081,-60,false,b,true
167.216,-40,true,l,true
160,-40,false,l,true
204.783,-40,true,g,true
195.796,-60,false,g,true
193.184,-60,false,b,true
202.287,-40,true,l,true
160,-40,false,l,true
168.686,-40,true,g,true
157.655,-60,false,g,true
190.431,-60,false,b,true
199.66,-40,true,l,true
160,-40,false,l,true
196.918,-40,true,g,true
187.555,-60,false,g,true
185.746,-60,false,b,true
195.196,-40,true,l,true
160,-40,false,l,true
175.245,-40,true,g,true
164.653,-60,false,g,true
198.953,-60,false,b,true
207.804,-40,true,l,true
160,-40,false,l,true
161.261,-40,true,g,true
149.683,-60,false,g,true
185.153,-60,false,b,true
194.632,-40,true,l,true
160,-40,false,l,true
176.196,-40,true,g,true
165.665,-60,false,g,true
200,-60,false,b,true
208.806,-40,true,l,true
160,-40,false,l,true
172.195,-40,true,g,true
161.403,-60,false,g,true
197.57,-60,false,b,true
206.48,-40,true,l,true
160,-40,false,l,true
168.171,-40,true,g,true
157.104,-60,false,g,true
139.409,-60,false,b,true
189.712,-60,false,b,true
198.923,-60,false,b,true
207.775,-40,true,l,true
160,-40,false,l,true
163.294,-40,true,g,true
151.871,-60,false,g,true
194.365,-60,false,b,true
203.415,-40,true,l,true
160,-40,false,l,true
152.336,-40,true,g,true
140.022,-60,false,g,true
137.926,-60,false,b,true
171.113,-60,false,b,true
181.328,-40,true,l,true
160,-40,false,l,true
168.844,-40,true,g,true
157.824,-60,false,g,true
197.455,-60,false,b,true
206.37,-40,true,l,true
160,-40,false,l,true
197.669,-40,true,g,true
188.343,-60,false,g,true
185.579,-60,false,b,true
195.037,-40,true,l,true
160,-40,false,l,true
171.958,-40,true,g,true
161.15,-60,false,g,true
179.214,-60,false,b,true
188.991,-40,true,l,true
160,-40,false,l,true
165.786,-40,true,g,true
154.547,-60,false,g,true
152.708,-60,false,b,true
164.073,-40,true,l,true
160,-40,false,l,true
168.4,-40,true,g,true
157.348,-60,false,g,true
199.877,-60,false,b,true
208.689,-40,true,l,true
160,-40,false,l,true
159.37,-40,true,g,true
147.644,-60,false,g,true
172.137,-60,false,b,true
182.294,-40,true,l,true
160,-40,false,l,true
166.939,-40,true,g,true
155.783,-60,false,g,true
184.21,-60,false,b,true
193.736,-40,true,l,true
160,-40,false,l,true
208.71,-40,true,g,true
199.9,-60,false,g,true
197.106,-60,false,b,true
206.036,-40,true,l,true
160,-40,false,l,true
153.479,-40,true,g,true
141.265,-60,false,g,true
140.994,-60,false,b,true
195.524,-60,false,b,true
204.523,-40,true,l,true
160,-40,false,l,true
165.653,-40,true,g,true
154.405,-60,false,g,true
155.096,-60,false,b,true
166.297,-40,true,l,true
160,-40,false,l,true
167.748,-40,true,g,true
156.651,-60,false,g,true
198.099,-60,false,b,true
206.986,-40,true,l,true
160,-40,false,l,true
193.432,-40,true,g,true
183.891,-60,false,g,true
174.11,-60,false,b,true
184.159,-40,true,l,true
160,-40,false,l,true
158.672,-40,true,g,true
146.89,-60,false,g,true
188.28,-60,false,b,true
197.609,-40,true,l,true
160,-40,false,l,true
165.274,-40,true,g,true
153.999,-60,false,g,true
196.969,-60,false,b,true
205.904,-40,true,l,true
160,-40,false,l,true
191.048,-40,true,g,true
181.382,-60,false,g,true
178.447,-60,false,b,true
188.264,-40,true,l,true
160,-40,false,l,true
173.947,-40,true,g,true
163.271,-60,false,g,true
198.27,-60,false,b,true
207.15,-40,true,l,true
160,-40,false,l,true
168.363,-40,true,g,true
157.309,-60,false,g,true
152.109,-60,false,b,true
196.804,-60,false,b,true
205.747,-40,true,l,true
160,-40,false,l,true
201.369,-40,true,g,true
192.222,-60,false,g,true
190.345,-60,false,b,true
199.577,-40,true,l,true
160,-40,false,l,true
152.661,-40,true,g,true
140.376,-60,false,g,true
199.475,-60,false,b,true
208.303,-40,true,l,true
160,-40,false,l,true
163.365,-40,true,g,true
151.948,-60,false,g,true
153.444,-60,false,b,true
164.757,-40,true,l,true
160,-40,false,l,true
172.219,-40,true,g,true
161.429,-60,false,g,true
198.672,-60,false,b,true
207.535,-40,true,l,true
160,-40,false,l,true
166.928,-40,true,g,true
155.773,-60,false,g,true
159,-60,false,b,true
169.944,-40,true,l,true
160,-40,false,l,true
157.853,-40,true,g,true
146.006,-60,false,g,true
188.001,-60,false,b,true
197.343,-40,true,l,true
160,-40,false,l,true
160.058,-40,true,g,true
148.386,-60,false,g,true
181.039,-60,false,b,true
190.723,-40,true,l,true
160,-40,false,l,true
160.128,-40,true,g,true
148.462,-60,false,g,true
177.946,-60,false,b,true
190.387,-60,false,b,true
199.617,-40,true,l,true
160,-40,false,l,true
180.202,-40,true,g,true
169.92,-60,false,g,true
198.269,-60,false,b,true
207.149,-40,true,l,true
160,-40,false,l,true
161.458,-40,true,g,true
149.895,-60,false,g,true
147.086,-60,false,b,true
155.44,-60,false,b,true
166.618,-40,true,l,true
160,-40,false,l,true
174.783,-40,true,g,true
164.162,-60,false,g,true
199.902,-60,false,b,true
208.712,-40,true,l,true
160,-40,false,l,true
208.447,-40,true,g,true
199.625,-60,false,g,true
197.331,-60,false,b,true
206.252,-40,true,l,true
160,-40,false,l,true
158.53,-40,true,g,true
146.737,-60,false,g,true
144.575,-60,false,b,true
156.531,-40,true,l,true
160,-40,false,l,true
173.095,-40,true,g,true
162.363,-60,false,g,true
194.144,-60,false,b,true
203.204,-40,true,l,true
160,-40,false,l,true
170.034,-40,true,g,true
159.096,-60,false,g,true
171.488,-60,false,b,true
183.112,-60,false,b,true
192.692,-40,true,l,true
160,-40,false,l,true
165.776,-40,true,g,true
154.537,-60,false,g,true
198.205,-60,false,b,true
207.088,-40,true,l,true
160,-40,false,l,true
196.156,-40,true,g,true
186.755,-60,false,g,true
136.784,-60,false,b,true
149.365,-40,true,l,true
160,-40,false,l,true
166.738,-40,true,g,true
155.568,-60,false,g,true
191.428,-60,false,b,true
200.61,-40,true,l,true
160,-40,false,l,true
179.358,-40,true,g,true
169.025,-60,false,g,true
194.92,-60,false,b,true
199.012,-60,false,b,true
207.86,-40,true,l,true
160,-40,false,l,true
167.097,-40,true,g,true
155.953,-60,false,g,true
195.328,-60,false,b,true
204.336,-40,true,l,true
160,-40,false,l,true
155.661,-40,true,g,true
143.633,-60,false,g,true
186.637,-60,false,b,true
196.044,-40,true,l,true
160,-40,false,l,true
169.987,-40,true,g,true
159.045,-60,false,g,true
199.147,-60,false,b,true
207.989,-40,true,l,true
160,-40,false,l,true
147.735,-40,true,g,true
135.002,-60,false,g,true
145.002,-60,false,b,true
176.708,-60,false,b,true
186.617,-40,true,l,true
160,-40,false,l,true
181.941,-40,true,g,true
171.762,-60,false,g,true
159.949,-60,false,b,true
194.773,-60,false,b,true
203.805,-40,true,l,true
160,-40,false,l,true
160.736,-40,true,g,true
149.117,-60,false,g,true
199.368,-60,false,b,true
208.201,-40,true,l,true
160,-40,false,l,true
189.533,-40,true,g,true
179.786,-60,false,g,true
176.474,-60,false,b,true
186.395,-40,true,l,true
160,-40,false,l,true
174.801,-40,true,g,true
164.181,-60,false,g,true
199.293,-60,false,b,true
208.129,-40,true,l,true
160,-40,false,l,true
155.01,-40,true,g,true
142.927,-60,false,g,true
197.626,-60,false,b,true
206.533,-40,true,l,true
160,-40,false,l,true
185.464,-40,true,g,true
175.491,-60,false,g,true
172.555,-60,false,b,true
182.689,-40,true,l,true
160,-40,false,l,true
178.885,-40,true,g,true
168.523,-60,false,g,true
198.66,-60,false,b,true
207.523,-40,true,l,true
160,-40,false,l,true
164.038,-40,true,g,true
152.671,-60,false,g,true
196.883,-60,false,b,true
205.823,-40,true,l,true
160,-40,false,l,true
198.555,-40,true,g,true
189.273,-60,false,g,true
189.022,-60,false,b,true
198.316,-40,true,l,true
160,-40,false,l,true
157.149,-40,true,g,true
145.244,-60,false,g,true
169.017,-60,false,b,true
179.351,-40,true,l,true
160,-40,false,l,true
169.517,-40,true,g,true
158.544,-60,false,g,true
198.115,-60,false,b,true
207.001,-40,true,l,true
160,-40,false,l,true
157.521,-40,true,g,true
145.646,-60,false,g,true
189.912,-60,false,b,true
199.165,-40,true,l,true
160,-40,false,l,true
171.738,-40,true,g,true
160.916,-60,false,g,true
159.208,-60,false,b,true
170.139,-40,true,l,true
160,-40,false,l,true
152.841,-40,true,g,true
140.571,-60,false,g,true
197.4,-60,false,b,true
206.318,-40,true,l,true
160,-40,false,l,true
192.594,-40,true,g,true
183.009,-60,false,g,true
195.416,-60,false,b,true
204.42,-40,true,l,true
160,-40,false,l,true
159.106,-40,true,g,true
147.359,-60,false,g,true
196.644,-60,false,b,true
205.594,-40,true,l,true
160,-40,false,l,true
176.456,-40,true,g,true
165.942,-60,false,g,true
162.536,-60,false,b,true
173.257,-40,true,l,true
160,-40,false,l,true
157.438,-40,true,g,true
145.557,-60,false,g,true
157.481,-60,false,b,true
161.828,-60,false,b,true
188.755,-60,false,b,true
