x,z,relay,string,error,index
160,-60,false,f,true
197.667,-60,false,b,true
157.904,-60,false,b,true
168.919,-40,true,l,true
160,-40,false,l,true
166.422,-40,true,g,true
155.23,-60,false,g,true
145.866,-60,false,b,true
157.724,-40,true,l,true
160,-40,false,l,true
161.019,-40,true,g,true
149.422,-60,false,g,true
181.099,-60,false,b,true
190.779,-40,true,l,true
160,-40,false,l,true
166.887,-40,true,g,true
155.729,-60,false,g,true
147.813,-60,false,b,true
159.527,-40,true,l,true
160,-40,false,l,true
153.243,-40,true,g,true
141.009,-60,false,g,true
140.66,-60,false,b,true
152.922,-40,true,l,true
160,-40,false,l,true
159.415,-40,true,g,true
147.693,-60,false,g,true
139.875,-60,false,b,true
152.201,-40,true,l,true
160,-40,false,l,true
174.748,-40,true,g,true
164.125,-60,false,g,true
157.298,-60,false,b,true
168.352,-40,true,l,true
160,-40,false,l,true
174.607,-40,true,g,true
163.974,-60,false,g,true
145.805,-60,false,b,true
157.667,-40,true,l,true
160,-40,false,l,true
197.014,-40,true,g,true
187.655,-60,false,g,true
147.981,-60,false,b,true
159.682,-40,true,l,true
160,-40,false,l,true
167.175,-40,true,g,true
156.037,-60,false,g,true
148.784,-60,false,b,true
160.427,-40,true,l,true
160,-40,false,l,true
190.589,-40,true,g,true
180.898,-60,false,g,true
138.012,-60,false,b,true
145.493,-60,false,b,true
157.379,-40,true,l,true
160,-40,false,l,true
185.802,-40,true,g,true
175.848,-60,false,g,true
173.154,-60,false,b,true
181.353,-60,false,b,true
191.021,-40,true,l,true
160,-40,false,l,true
200.049,-40,true,g,true
190.84,-60,false,g,true
136.29,-60,false,b,true
148.912,-40,true,l,true
160,-40,false,l,true
156.068,-40,true,g,true
144.073,-60,false,g,true
139.053,-60,false,b,true
151.445,-40,true,l,true
160,-40,false,l,true
159.763,-40,true,g,true
148.068,-60,false,g,true
191.317,-60,false,b,true
168.07,-60,false,b,true
161.496,-60,false,b,true
172.282,-40,true,l,true
160,-40,false,l,true
192.219,-40,true,g,true
182.615,-60,false,g,true
182.1,-60,false,b,true
199.002,-60,false,b,true
187.731,-60,false,b,true
197.087,-40,true,l,true
160,-40,false,l,true
174.628,-40,true,g,true
163.997,-60,false,g,true
198.87,-60,false,b,true
178.081,-60,false,b,true
187.917,-40,true,l,true
160,-40,false,l,true
155.558,-40,true,g,true
143.521,-60,false,g,true
135.114,-60,false,b,true
147.837,-40,true,l,true
160,-40,false,l,true
200.503,-40,true,g,true
191.315,-60,false,g,true
159.549,-60,false,b,true
170.458,-40,true,l,true
160,-40,false,l,true
158.395,-40,true,g,true
146.591,-60,false,g,true
138.861,-60,false,b,true
151.269,-40,true,l,true
160,-40,false,l,true
180.327,-40,true,g,true
170.052,-60,false,g,true
171.988,-60,false,b,true
199.356,-60,false,b,true
208.189,-40,true,l,true
160,-40,false,l,true
172.163,-40,true,g,true
161.37,-60,false,g,true
162.995,-60,false,b,true
140.116,-60,false,b,true
152.422,-40,true,l,true
160,-40,false,l,true
155.111,-40,true,g,true
143.037,-60,false,g,true
136.76,-60,false,b,true
149.343,-40,true,l,true
160,-40,false,l,true
160.415,-40,true,g,true
148.772,-60,false,g,true
140.2,-60,false,b,true
152.499,-40,true,l,true
160,-40,false,l,true
163.687,-40,true,g,true
152.294,-60,false,g,true
150.165,-60,false,b,true
169.616,-60,false,b,true
163.816,-60,false,b,true
184.263,-60,false,b,true
193.786,-40,true,l,true
160,-40,false,l,true
166.488,-40,true,g,true
155.301,-60,false,g,true
150.322,-60,false,b,true
161.854,-40,true,l,true
160,-40,false,l,true
167.147,-40,true,g,true
156.007,-60,false,g,true
148.607,-60,false,b,true
160.262,-40,true,l,true
160,-40,false,l,true
161.491,-40,true,g,true
149.931,-60,false,g,true
140.62,-60,false,b,true
172.451,-60,false,b,true
182.591,-40,true,l,true
160,-40,false,l,true
199.652,-40,true,g,true
190.424,-60,false,g,true
136.886,-60,false,b,true
157.822,-60,false,b,true
136.76,-60,false,b,true
186.208,-60,false,b,true
195.636,-40,true,l,true
160,-40,false,l,true
165.884,-40,true,g,true
154.653,-60,false,g,true
146.046,-60,false,b,true
157.89,-40,true,l,true
160,-40,false,l,true
163.97,-40,true,g,true
152.598,-60,false,g,true
137.258,-60,false,b,true
139.896,-60,false,b,true
152.22,-40,true,l,true
160,-40,false,l,true
175.06,-40,true,g,true
164.457,-60,false,g,true
158.569,-60,false,b,true
160.005,-60,false,b,true
170.885,-40,true,l,true
160,-40,false,l,true
167.94,-40,true,g,true
156.856,-60,false,g,true
150.643,-60,false,b,true
162.152,-40,true,l,true
160,-40,false,l,true
162.478,-40,true,g,true
150.993,-60,false,g,true
144.818,-60,false,b,true
174.284,-60,false,b,true
184.322,-40,true,l,true
160,-40,false,l,true
156.995,-40,true,g,true
145.077,-60,false,g,true
135.397,-60,false,b,true
148.096,-40,true,l,true
160,-40,false,l,true
171.034,-40,true,g,true
160.164,-60,false,g,true
156.799,-60,false,b,true
167.887,-40,true,l,true
160,-40,false,l,true
207.93,-40,true,g,true
199.085,-60,false,g,true
195.798,-60,false,b,true
158.366,-60,false,b,true
196.448,-60,false,b,true
199.247,-60,false,b,true
208.085,-40,true,l,true
160,-40,false,l,true
155.353,-40,true,g,true
143.299,-60,false,g,true
170.008,-60,false,b,true
180.286,-40,true,l,true
160,-40,false,l,true
183.283,-40,true,g,true
173.184,-60,false,g,true
145.716,-60,false,b,true
157.586,-40,true,l,true
160,-40,false,l,true
164.22,-40,true,g,true
152.866,-60,false,g,true
143.678,-60,false,b,true
155.703,-40,true,l,true
160,-40,false,l,true
169.367,-40,true,g,true
158.384,-60,false,g,true
152.668,-60,false,b,true
164.036,-40,true,l,true
160,-40,false,l,true
207.101,-40,true,g,true
198.219,-60,false,g,true
144.823,-60,false,b,true
156.76,-40,true,l,true
160,-40,false,l,true
166.111,-40,true,g,true
154.896,-60,false,g,true
148.352,-60,false,b,true
160.026,-40,true,l,true
160,-40,false,l,true
155.059,-40,true,g,true
142.98,-60,false,g,true
137.096,-60,false,b,true
149.65,-40,true,l,true
160,-40,false,l,true
201.062,-40,true,g,true
191.901,-60,false,g,true
189.703,-60,false,b,true
158.745,-60,false,b,true
199.074,-60,false,b,true
170.991,-60,false,b,true
181.212,-40,true,l,true
160,-40,false,l,true
205.875,-40,true,g,true
196.938,-60,false,g,true
193.692,-60,false,b,true
192.5,-60,false,b,true
154.569,-60,false,b,true
145.183,-60,false,b,true
188.014,-60,false,b,true
197.356,-40,true,l,true
160,-40,false,l,true
185.659,-40,true,g,true
175.697,-60,false,g,true
165.859,-60,false,b,true
176.378,-40,true,l,true
160,-40,false,l,true
207.361,-40,true,g,true
198.491,-60,false,g,true
145.6,-60,false,b,true
166.189,-60,false,b,true
161.707,-60,false,b,true
174.025,-60,false,b,true
184.078,-40,true,l,true
160,-40,false,l,true
202.333,-40,true,g,true
193.232,-60,false,g,true
195.536,-60,false,b,true
170.679,-60,false,b,true
196.725,-60,false,b,true
153.615,-60,false,b,true
164.917,-40,true,l,true
160,-40,false,l,true
171.43,-40,true,g,true
160.587,-60,false,g,true
136.165,-60,false,b,true
156.715,-60,false,b,true
152.24,-60,false,b,true
163.637,-40,true,l,true
160,-40,false,l,true
164.724,-40,true,g,true
153.407,-60,false,g,true
184.262,-60,false,b,true
193.785,-40,true,l,true
160,-40,false,l,true
159.614,-40,true,g,true
147.907,-60,false,g,true
152.816,-60,false,b,true
155.735,-60,false,b,true
135.967,-60,false,b,true
188.738,-60,false,b,true
198.046,-40,true,l,true
160,-40,false,l,true
149.963,-40,true,g,true
137.437,-60,false,g,true
143.584,-60,false,b,true
155.616,-40,true,l,true
160,-40,false,l,true
197.807,-40,true,g,true
188.488,-60,false,g,true
186.85,-60,false,b,true
160.394,-60,false,b,true
150.562,-60,false,b,true
174.145,-60,false,b,true
184.191,-40,true,l,true
160,-40,false,l,true
172.122,-40,true,g,true
161.325,-60,false,g,true
152.471,-60,false,b,true
163.852,-40,true,l,true
160,-40,false,l,true
163.6,-40,true,g,true
152.201,-60,false,g,true
187.718,-60,false,b,true
197.073,-40,true,l,true
160,-40,false,l,true
182.336,-40,true,g,true
172.181,-60,false,g,true
136.424,-60,false,b,true
150.917,-60,false,b,true
142.486,-60,false,b,true
174.574,-60,false,b,true
184.597,-40,true,l,true
160,-40,false,l,true
199.024,-40,true,g,true
189.765,-60,false,g,true
177.45,-60,false,b,true
187.319,-40,true,l,true
160,-40,false,l,true
165.881,-40,true,g,true
154.65,-60,false,g,true
146.498,-60,false,b,true
158.309,-40,true,l,true
160,-40,false,l,true
157.303,-40,true,g,true
145.411,-60,false,g,true
135.434,-60,false,b,true
144.174,-60,false,b,true
156.161,-40,true,l,true
160,-40,false,l,true
197.323,-40,true,g,true
187.98,-60,false,g,true
187.7,-60,false,b,true
158.909,-60,false,b,true
193.621,-60,false,b,true
143.627,-60,false,b,true
155.656,-40,true,l,true
160,-40,false,l,true
197.492,-40,true,g,true
188.158,-60,false,g,true
138.059,-60,false,b,true
145.424,-60,false,b,true
180.283,-60,false,b,true
183.927,-60,false,b,true
193.466,-40,true,l,true
160,-40,false,l,true
166.761,-40,true,g,true
155.593,-60,false,g,true
182.545,-60,false,b,true
192.153,-40,true,l,true
160,-40,false,l,true
179.092,-40,true,g,true
168.743,-60,false,g,true
178.36,-60,false,b,true
188.182,-40,true,l,true
160,-40,false,l,true
208.078,-40,true,g,true
199.24,-60,false,g,true
194.76,-60,false,b,true
169.348,-60,false,b,true
143.066,-60,false,b,true
186.333,-60,false,b,true
195.755,-40,true,l,true
160,-40,false,l,true
207.845,-40,true,g,true
198.997,-60,false,g,true
167.461,-60,false,b,true
191.647,-60,false,b,true
143.954,-60,false,b,true
155.958,-40,true,l,true
160,-40,false,l,true
161.235,-40,true,g,true
149.655,-60,false,g,true
143.601,-60,false,b,true
155.632,-40,true,l,true
160,-40,false,l,true
208.359,-40,true,g,true
199.534,-60,false,g,true
159.675,-60,false,b,true
170.576,-40,true,l,true
160,-40,false,l,true
155.262,-40,true,g,true
143.2,-60,false,g,true
138.204,-60,false,b,true
150.666,-40,true,l,true
160,-40,false,l,true
158.635,-40,true,g,true
146.85,-60,false,g,true
140.431,-60,false,b,true
152.712,-40,true,l,true
160,-40,false,l,true
157.008,-40,true,g,true
145.091,-60,false,g,true
143.971,-60,false,b,true
155.973,-40,true,l,true
160,-40,false,l,true
170.519,-40,true,g,true
159.614,-60,false,g,true
153.267,-60,false,b,true
164.593,-40,true,l,true
160,-40,false,l,true
170.275,-40,true,g,true
159.354,-60,false,g,true
198.516,-60,false,b,true
207.385,-40,true,l,true
160,-40,false,l,true
163.273,-40,true,g,true
151.849,-60,false,g,true
141.496,-60,false,b,true
177.043,-60,false,b,true
186.934,-40,true,l,true
160,-40,false,l,true
200.135,-40,true,g,true
190.93,-60,false,g,true
159.145,-60,false,b,true
170.08,-40,true,l,true
160,-40,false,l,true
183.869,-40,true,g,true
173.804,-60,false,g,true
135.705,-60,false,b,true
154.623,-60,false,b,true
198.216,-60,false,b,true
207.098,-40,true,l,true
160,-40,false,l,true
188.331,-40,true,g,true
178.517,-60,false,g,true
175.385,-60,false,b,true
185.365,-40,true,l,true
160,-40,false,l,true
155.531,-40,true,g,true
143.492,-60,false,g,true
135.809,-60,false,b,true
146.557,-60,false,b,true
158.363,-40,true,l,true
160,-40,false,l,true
166.044,-40,true,g,true
154.824,-60,false,g,true
138.756,-60,false,b,true
148.661,-60,false,b,true
143.43,-60,false,b,true
162.521,-60,false,b,true
173.243,-40,true,l,true
160,-40,false,l,true
166.962,-40,true,g,true
155.808,-60,false,g,true
148.508,-60,false,b,true
160.171,-40,true,l,true
160,-40,false,l,true
166.627,-40,true,g,true
155.45,-60,false,g,true
146.944,-60,false,b,true
162.766,-60,false,b,true
173.473,-40,true,l,true
160,-40,false,l,true
168.928,-40,true,g,true
157.914,-60,false,g,true
152.973,-60,false,b,true
