x,z,relay,string,error,index
160,-60,false,f,true,0
160,-40,false,l,true,0
160.412,-40,true,g,true,0
148.768,-60,false,g,true,0
184.436,-60,false,b,true,0
193.95,-40,true,l,true,0
160,-40,false,l,true,0
160.551,-40,true,g,true,0
148.918,-60,false,g,true,0
144.435,-60,false,b,true,0
156.401,-40,true,l,true,0
160,-40,false,l,true,0
205.879,-40,true,g,true,0
196.942,-60,false,g,true,0
136.972,-60,false,b,true,0
149.537,-40,true,l,true,0
160,-40,false,l,true,0
201.273,-40,true,g,true,0
192.122,-60,false,g,true,0
148.862,-60,false,b,true,0
160.499,-40,true,l,true,0
160,-40,false,l,true,0
190.411,-40,true,g,true,0
180.711,-60,false,g,true,0
151.297,-60,false,b,true,0
162.76,-40,true,l,true,0
160,-40,false,l,true,0
194.1,-40,true,g,true,0
184.594,-60,false,g,true,0
182.181,-60,false,b,true,0
191.807,-40,true,l,true,0
160,-40,false,l,true,0
204.42,-40,true,g,true,0
195.416,-60,false,g,true,0
153.594,-60,false,b,true,0
164.897,-40,true,l,true,0
160,-40,false,l,true,0
174.468,-40,true,g,true,0
163.826,-60,false,g,true,0
156.956,-60,false,b,true,0
168.033,-40,true,l,true,0
160,-40,false,l,true,0
207.971,-40,true,g,true,0
199.127,-60,false,g,true,0
148.208,-60,false,b,true,0
159.892,-40,true,l,true,0
160,-40,false,l,true,0
200.044,-40,true,g,true,0
190.834,-60,false,g,true,0
151.534,-60,false,b,true,0
162.98,-40,true,l,true,0
160,-40,false,l,true,0
169.536,-40,true,g,true,0
158.564,-60,false,g,true,0
147.814,-60,false,b,true,0
159.528,-40,true,l,true,0
160,-40,false,l,true,0
180.123,-40,true,g,true,0
169.836,-60,false,g,true,0
136.773,-60,false,b,true,0
149.355,-40,true,l,true,0
160,-40,false,l,true,0
198.007,-40,true,g,true,0
188.698,-60,false,g,true,0
139.319,-60,false,b,true,0
151.69,-40,true,l,true,0
160,-40,false,l,true,0
150.652,-40,true,g,true,0
138.188,-60,false,g,true,0
144.423,-60,false,b,true,0
156.391,-40,true,l,true,0
160,-40,false,l,true,0
175.274,-40,true,g,true,0
164.684,-60,false,g,true,0
157.39,-60,false,b,true,0
168.439,-40,true,l,true,0
160,-40,false,l,true,0
176.888,-40,true,g,true,0
166.401,-60,false,g,true,0
155.67,-60,false,b,true,0
158.694,-60,false,b,true,0
169.658,-40,true,l,true,0
160,-40,false,l,true,0
195.359,-40,true,g,true,0
185.917,-60,false,g,true,0
137.768,-60,false,b,true,0
150.267,-40,true,l,true,0
160,-40,false,l,true,0
180.619,-40,true,g,true,0
170.362,-60,false,g,true,0
163.231,-60,false,b,true,0
148.399,-60,false,b,true,0
160.069,-40,true,l,true,0
160,-40,false,l,true,0
204.405,-40,true,g,true,0
195.401,-60,false,g,true,0
192.606,-60,false,b,true,0
201.735,-40,true,l,true,0
160,-40,false,l,true,0
171.119,-40,true,g,true,0
160.255,-60,false,g,true,0
154.867,-60,false,b,true,0
166.084,-40,true,l,true,0
160,-40,false,l,true,0
179.766,-40,true,g,true,0
169.458,-60,false,g,true,0
137.613,-60,false,b,true,0
150.124,-40,true,l,true,0
160,-40,false,l,true,0
178.303,-40,true,g,true,0
167.904,-60,false,g,true,0
157.806,-60,false,b,true,0
168.828,-40,true,l,true,0
160,-40,false,l,true,0
208.224,-40,true,g,true,0
199.392,-60,false,g,true,0
135.641,-60,false,b,true,0
148.319,-40,true,l,true,0
160,-40,false,l,true,0
165.585,-40,true,g,true,0
154.332,-60,false,g,true,0
158.888,-60,false,b,true,0
169.839,-40,true,l,true,0
160,-40,false,l,true,0
176.247,-40,true,g,true,0
165.719,-60,false,g,true,0
160.283,-60,false,b,true,0
171.145,-40,true,l,true,0
160,-40,false,l,true,0
206.854,-40,true,g,true,0
197.961,-60,false,g,true,0
178.381,-60,false,b,true,0
138.514,-60,false,b,true,0
150.951,-40,true,l,true,0
160,-40,false,l,true,0
198.742,-40,true,g,true,0
189.468,-60,false,g,true,0
145.264,-60,false,b,true,0
157.167,-40,true,l,true,0
160,-40,false,l,true,0
169.631,-40,true,g,true,0
158.666,-60,false,g,true,0
152.413,-60,false,b,true,0
163.798,-40,true,l,true,0
160,-40,false,l,true,0
167.17,-40,true,g,true,0
156.032,-60,false,g,true,0
147.45,-60,false,b,true,0
159.19,-40,true,l,true,0
160,-40,false,l,true,0
199.811,-40,true,g,true,0
190.589,-60,false,g,true,0
147.383,-60,false,b,true,0
159.128,-40,true,l,true,0
160,-40,false,l,true,0
164.032,-40,true,g,true,0
152.665,-60,false,g,true,0
147.955,-60,false,b,true,0
159.658,-40,true,l,true,0
160,-40,false,l,true,0
174.063,-40,true,g,true,0
163.395,-60,false,g,true,0
159.831,-60,false,b,true,0
170.722,-40,true,l,true,0
160,-40,false,l,true,0
191.863,-40,true,g,true,0
182.24,-60,false,g,true,0
178.701,-60,false,b,true,0
188.505,-40,true,l,true,0
160,-40,false,l,true,0
184.701,-40,true,g,true,0
174.684,-60,false,g,true,0
136.192,-60,false,b,true,0
148.823,-40,true,l,true,0
160,-40,false,l,true,0
206.832,-40,true,g,true,0
197.938,-60,false,g,true,0
156.197,-60,false,b,true,0
138.203,-60,false,b,true,0
150.665,-40,true,l,true,0
160,-40,false,l,true,0
173.524,-40,true,g,true,0
162.82,-60,false,g,true,0
156.839,-60,false,b,true,0
167.924,-40,true,l,true,0
160,-40,false,l,true,0
195.62,-40,true,g,true,0
186.191,-60,false,g,true,0
146.734,-60,false,b,true,0
158.527,-40,true,l,true,0
160,-40,false,l,true,0
198.055,-40,true,g,true,0
188.748,-60,false,g,true,0
150.245,-60,false,b,true,0
161.782,-40,true,l,true,0
160,-40,false,l,true,0
200.748,-40,true,g,true,0
191.572,-60,false,g,true,0
189.918,-60,false,b,true,0
199.17,-40,true,l,true,0
160,-40,false,l,true,0
160.874,-40,true,g,true,0
149.266,-60,false,g,true,0
141.885,-60,false,b,true,0
154.05,-40,true,l,true,0
160,-40,false,l,true,0
198.566,-40,true,g,true,0
189.284,-60,false,g,true,0
139.423,-60,false,b,true,0
151.785,-40,true,l,true,0
160,-40,false,l,true,0
179.267,-40,true,g,true,0
168.928,-60,false,g,true,0
159.176,-60,false,b,true,0
170.109,-40,true,l,true,0
160,-40,false,l,true,0
197.233,-40,true,g,true,0
187.885,-60,false,g,true,0
137.921,-60,false,b,true,0
150.406,-40,true,l,true,0
160,-40,false,l,true,0
165.799,-40,true,g,true,0
154.562,-60,false,g,true,0
143.248,-60,false,b,true,0
155.306,-40,true,l,true,0
160,-40,false,l,true,0
162.382,-40,true,g,true,0
150.89,-60,false,g,true,0
146.791,-60,false,b,true,0
158.58,-40,true,l,true,0
160,-40,false,l,true,0
163.735,-40,true,g,true,0
152.345,-60,false,g,true,0
143.19,-60,false,b,true,0
155.253,-40,true,l,true,0
160,-40,false,l,true,0
198.053,-40,true,g,true,0
188.745,-60,false,g,true,0
145.918,-60,false,b,true,0
157.772,-40,true,l,true,0
160,-40,false,l,true,0
193.845,-40,true,g,true,0
184.325,-60,false,g,true,0
179.768,-60,false,b,true,0
135.267,-60,false,b,true,0
147.977,-40,true,l,true,0
160,-40,false,l,true,0
174.033,-40,true,g,true,0
163.363,-60,false,g,true,0
157.231,-60,false,b,true,0
168.29,-40,true,l,true,0
160,-40,false,l,true,0
172.63,-40,true,g,true,0
161.868,-60,false,g,true,0
187.999,-60,false,b,true,0
197.341,-40,true,l,true,0
160,-40,false,l,true,0
206.691,-40,true,g,true,0
197.791,-60,false,g,true,0
173.3,-60,false,b,true,0
183.393,-40,true,l,true,0
160,-40,false,l,true,0
165.871,-40,true,g,true,0
154.639,-60,false,g,true,0
135.124,-60,false,b,true,0
147.846,-40,true,l,true,0
160,-40,false,l,true,0
205.337,-40,true,g,true,0
196.376,-60,false,g,true,0
151.429,-60,false,b,true,0
162.882,-40,true,l,true,0
160,-40,false,l,true,0
196.385,-40,true,g,true,0
186.995,-60,false,g,true,0
196.893,-60,false,b,true,0
205.832,-40,true,l,true,0
160,-40,false,l,true,0
176.707,-40,true,g,true,0
166.209,-60,false,g,true,0
157.912,-60,false,b,true,0
168.927,-40,true,l,true,0
160,-40,false,l,true,0
157.088,-40,true,g,true,0
145.178,-60,false,g,true,0
136.105,-60,false,b,true,0
148.743,-40,true,l,true,0
160,-40,false,l,true,0
172.667,-40,true,g,true,0
161.907,-60,false,g,true,0
146.052,-60,false,b,true,0
157.896,-40,true,l,true,0
160,-40,false,l,true,0
162.222,-40,true,g,true,0
150.718,-60,false,g,true,0
145.513,-60,false,b,true,0
157.398,-40,true,l,true,0
160,-40,false,l,true,0
168.137,-40,true,g,true,0
157.067,-60,false,g,true,0
196.926,-60,false,b,true,0
168.628,-60,false,b,true,0
178.984,-40,true,l,true,0
160,-40,false,l,true,0
205.637,-40,true,g,true,0
196.689,-60,false,g,true,0
138.879,-60,false,b,true,0
138.155,-60,false,b,true,0
150.621,-40,true,l,true,0
160,-40,false,l,true,0
208.171,-40,true,g,true,0
199.337,-60,false,g,true,0
141.562,-60,false,b,true,0
153.752,-40,true,l,true,0
160,-40,false,l,true,0
173.077,-40,true,g,true,0
162.344,-60,false,g,true,0
160.011,-60,false,b,true,0
170.89,-40,true,l,true,0
160,-40,false,l,true,0
193.506,-40,true,g,true,0
183.969,-60,false,g,true,0
184.03,-60,false,b,true,0
193.564,-40,true,l,true,0
160,-40,false,l,true,0
207.947,-40,true,g,true,0
199.102,-60,false,g,true,0
139.099,-60,false,b,true,0
151.488,-40,true,l,true,0
160,-40,false,l,true,0
205.801,-40,true,g,true,0
196.861,-60,false,g,true,0
137.597,-60,false,b,true,0
150.11,-40,true,l,true,0
160,-40,false,l,true,0
182.608,-40,true,g,true,0
172.469,-60,false,g,true,0
163.335,-60,false,b,true,0
145.04,-60,false,b,true,0
156.96,-40,true,l,true,0
160,-40,false,l,true,0
180.98,-40,true,g,true,0
170.744,-60,false,g,true,0
162.371,-60,false,b,true,0
173.102,-40,true,l,true,0
160,-40,false,l,true,0
204.171,-40,true,g,true,0
195.156,-60,false,g,true,0
135.518,-60,false,b,true,0
148.206,-40,true,l,true,0
160,-40,false,l,true,0
174.157,-40,true,g,true,0
163.495,-60,false,g,true,0
152.74,-60,false,b,true,0
164.102,-40,true,l,true,0
160,-40,false,l,true,0
195.892,-40,true,g,true,0
186.477,-60,false,g,true,0
151.335,-60,false,b,true,0
162.795,-40,true,l,true,0
160,-40,false,l,true,0
196.604,-40,true,g,true,0
187.225,-60,false,g,true,0
190.393,-60,false,b,true,0
135.523,-60,false,b,true,0
148.211,-40,true,l,true,0
160,-40,false,l,true,0
206.92,-40,true,g,true,0
198.03,-60,false,g,true,0
186.539,-60,false,b,true,0
195.951,-40,true,l,true,0
160,-40,false,l,true,0
197.59,-40,true,g,true,0
188.26,-60,false,g,true,0
181.021,-60,false,b,true,0
190.705,-40,true,l,true,0
160,-40,false,l,true,0
177.009,-40,true,g,true,0
166.53,-60,false,g,true,0
198.524,-60,false,b,true,0
138.528,-60,false,b,true,0
150.964,-40,true,l,true,0
160,-40,false,l,true,0
169.042,-40,true,g,true,0
158.036,-60,false,g,true,0
149.093,-60,false,b,true,0
144.094,-60,false,b,true,0
156.087,-40,true,l,true,0
160,-40,false,l,true,0
196.059,-40,true,g,true,0
186.653,-60,false,g,true,0
181.041,-60,false,b,true,0
190.725,-40,true,l,true,0
160,-40,false,l,true,0
208.511,-40,true,g,true,0
199.692,-60,false,g,true,0
171.466,-60,false,b,true,0
181.66,-40,true,l,true,0
160,-40,false,l,true,0
179.236,-40,true,g,true,0
168.895,-60,false,g,true,0
158.458,-60,false,b,true,0
169.437,-40,true,l,true,0
160,-40,false,l,true,0
191.719,-40,true,g,true,0
182.088,-60,false,g,true,0
137.241,-60,false,b,true,0
149.783,-40,true,l,true,0
160,-40,false,l,true,0
167.234,-40,true,g,true,0
156.1,-60,false,g,true,0
196.39,-60,false,b,true,0
205.351,-40,true,l,true,0
160,-40,false,l,true,0
203.044,-40,true,g,true,0
193.977,-60,false,g,true,0
141.899,-60,false,b,true,0
154.063,-40,true,l,true,0
160,-40,false,l,true,0
180.333,-40,true,g,true,0
170.058,-60,false,g,true,0
160.253,-60,false,b,true,0
171.117,-40,true,l,true,0
160,-40,false,l,true,0
193.351,-40,true,g,true,0
183.806,-60,false,g,true,0
188.734,-60,false,b,true,0
198.042,-40,true,l,true,0
160,-40,false,l,true,0
205.137,-40,true,g,true,0
196.167,-60,false,g,true,0
144.641,-60,false,b,true,0
156.592,-40,true,l,true,0
160,-40,false,l,true,0
163.046,-40,true,g,true,0
151.604,-60,false,g,true,0
141.942,-60,false,b,true,0
154.102,-40,true,l,true,0
160,-40,false,l,true,0
204.706,-40,true,g,true,0
195.715,-60,false,g,true,0
180.946,-60,false,b,true,0
135.835,-60,false,b,true,0
148.496,-40,true,l,true,0
160,-40,false,l,true,0
200.031,-40,true,g,true,0
190.82,-60,false,g,true,0
169.455,-60,false,b,true,0
179.764,-40,true,l,true,0
160,-40,false,l,true,0
196.324,-40,true,g,true,0
186.931,-60,false,g,true,0
143.026,-60,false,b,true,0
155.102,-40,true,l,true,0
160,-40,false,l,true,0
196.116,-40,true,g,true,0
186.712,-60,false,g,true,0
184.074,-60,false,b,true,0
193.606,-40,true,l,true,0
160,-40,false,l,true,0
162.999,-40,true,g,true,0
151.555,-60,false,g,true,0
137.235,-60,false,b,true,0
149.778,-40,true,l,true,0
160,-40,false,l,true,0
199.812,-40,true,g,true,0
190.591,-60,false,g,true,0
136.917,-60,false,b,true,0
149.487,-40,true,l,true,0
160,-40,false,l,true,0
198.393,-40,true,g,true,0
189.102,-60,false,g,true,0
173.036,-60,false,b,true,0
183.143,-40,true,l,true,0
160,-40,false,l,true,0
195.641,-40,true,g,true,0
186.213,-60,false,g,true,0
174.166,-60,false,b,true,0
139.491,-60,false,b,true,0
151.847,-40,true,l,true,0
160,-40,false,l,true,0
201.471,-40,true,g,true,0
192.329,-60,false,g,true,0
142.041,-60,false,b,true,0
154.193,-40,true,l,true,0
160,-40,false,l,true,0
171.051,-40,true,g,true,0
160.183,-60,false,g,true,0
148.598,-60,false,b,true,0
135.727,-60,false,b,true,0
148.397,-40,true,l,true,0
160,-40,false,l,true,0
195.253,-40,true,g,true,0
185.806,-60,false,g,true,0
135.626,-60,false,b,true,0
160,-60,false,f,true,1
148.081,-60,false,b,true,1
159.774,-40,true,l,true,1
160,-40,false,l,true,1
168.383,-40,true,g,true,1
157.33,-60,false,g,true,1
148.681,-60,false,b,true,1
160.331,-40,true,l,true,1
160,-40,false,l,true,1
160.547,-40,true,g,true,1
148.914,-60,false,g,true,1
141.014,-60,false,b,true,1
153.248,-40,true,l,true,1
160,-40,false,l,true,1
175.895,-40,true,g,true,1
165.346,-60,false,g,true,1
158.425,-60,false,b,true,1
169.407,-40,true,l,true,1
160,-40,false,l,true,1
183.35,-40,true,g,true,1
173.254,-60,false,g,true,1
137.687,-60,false,b,true,1
150.193,-40,true,l,true,1
160,-40,false,l,true,1
171.668,-40,true,g,true,1
160.842,-60,false,g,true,1
136.975,-60,false,b,true,1
149.539,-40,true,l,true,1
160,-40,false,l,true,1
167.556,-40,true,g,true,1
156.445,-60,false,g,true,1
146.897,-60,false,b,true,1
158.678,-40,true,l,true,1
160,-40,false,l,true,1
162.149,-40,true,g,true,1
150.64,-60,false,g,true,1
182.231,-60,false,b,true,1
191.855,-40,true,l,true,1
160,-40,false,l,true,1
168.016,-40,true,g,true,1
156.937,-60,false,g,true,1
149.139,-60,false,b,true,1
160.756,-40,true,l,true,1
160,-40,false,l,true,1
203.016,-40,true,g,true,1
193.947,-60,false,g,true,1
158.27,-60,false,b,true,1
169.261,-40,true,l,true,1
160,-40,false,l,true,1
174.047,-40,true,g,true,1
163.378,-60,false,g,true,1
157.442,-60,false,b,true,1
168.488,-40,true,l,true,1
160,-40,false,l,true,1
160.37,-40,true,g,true,1
148.723,-60,false,g,true,1
142.218,-60,false,b,true,1
154.357,-40,true,l,true,1
160,-40,false,l,true,1
189.874,-40,true,g,true,1
180.145,-60,false,g,true,1
176.855,-60,false,b,true,1
152.215,-60,false,b,true,1
136.595,-60,false,b,true,1
139.111,-60,false,b,true,1
151.499,-40,true,l,true,1
160,-40,false,l,true,1
167.537,-40,true,g,true,1
156.424,-60,false,g,true,1
146.526,-60,false,b,true,1
158.335,-40,true,l,true,1
160,-40,false,l,true,1
171.519,-40,true,g,true,1
160.683,-60,false,g,true,1
152.788,-60,false,b,true,1
164.147,-40,true,l,true,1
160,-40,false,l,true,1
167.952,-40,true,g,true,1
156.869,-60,false,g,true,1
190.932,-60,false,b,true,1
154.818,-60,false,b,true,1
166.038,-40,true,l,true,1
160,-40,false,l,true,1
191.514,-40,true,g,true,1
181.872,-60,false,g,true,1
177.882,-60,false,b,true,1
185.301,-60,false,b,true,1
194.773,-40,true,l,true,1
160,-40,false,l,true,1
170.264,-40,true,g,true,1
159.341,-60,false,g,true,1
147.342,-60,false,b,true,1
197.283,-60,false,b,true,1
206.206,-40,true,l,true,1
160,-40,false,l,true,1
196.04,-40,true,g,true,1
186.633,-60,false,g,true,1
140.089,-60,false,b,true,1
163.112,-60,false,b,true,1
135.117,-60,false,b,true,1
147.839,-40,true,l,true,1
160,-40,false,l,true,1
157.128,-40,true,g,true,1
145.222,-60,false,g,true,1
139.084,-60,false,b,true,1
151.474,-40,true,l,true,1
160,-40,false,l,true,1
165.115,-40,true,g,true,1
153.827,-60,false,g,true,1
146.137,-60,false,b,true,1
157.975,-40,true,l,true,1
160,-40,false,l,true,1
168.684,-40,true,g,true,1
157.653,-60,false,g,true,1
150.009,-60,false,b,true,1
161.563,-40,true,l,true,1
160,-40,false,l,true,1
159.638,-40,true,g,true,1
147.934,-60,false,g,true,1
142.259,-60,false,b,true,1
154.394,-40,true,l,true,1
160,-40,false,l,true,1
205.047,-40,true,g,true,1
196.072,-60,false,g,true,1
143.083,-60,false,b,true,1
163.899,-60,false,b,true,1
180.559,-60,false,b,true,1
196.872,-60,false,b,true,1
205.812,-40,true,l,true,1
160,-40,false,l,true,1
160.278,-40,true,g,true,1
148.624,-60,false,g,true,1
176.005,-60,false,b,true,1
178.074,-60,false,b,true,1
187.911,-40,true,l,true,1
160,-40,false,l,true,1
194.04,-40,true,g,true,1
184.531,-60,false,g,true,1
135.241,-60,false,b,true,1
147.953,-40,true,l,true,1
160,-40,false,l,true,1
193.108,-40,true,g,true,1
183.55,-60,false,g,true,1
163.738,-60,false,b,true,1
138.842,-60,false,b,true,1
149.159,-60,false,b,true,1
181.92,-60,false,b,true,1
191.559,-40,true,l,true,1
160,-40,false,l,true,1
182.407,-40,true,g,true,1
172.256,-60,false,g,true,1
175.054,-60,false,b,true,1
185.051,-40,true,l,true,1
160,-40,false,l,true,1
189.766,-40,true,g,true,1
180.031,-60,false,g,true,1
148.561,-60,false,b,true,1
160.22,-40,true,l,true,1
160,-40,false,l,true,1
202.886,-40,true,g,true,1
193.811,-60,false,g,true,1
192.413,-60,false,b,true,1
161.892,-60,false,b,true,1
186.141,-60,false,b,true,1
183.398,-60,false,b,true,1
195.689,-60,false,b,true,1
204.681,-40,true,l,true,1
160,-40,false,l,true,1
173.164,-40,true,g,true,1
162.437,-60,false,g,true,1
197.698,-60,false,b,true,1
206.602,-40,true,l,true,1
160,-40,false,l,true,1
159.316,-40,true,g,true,1
147.586,-60,false,g,true,1
147.094,-60,false,b,true,1
135.409,-60,false,b,true,1
162.496,-60,false,b,true,1
168.512,-60,false,b,true,1
171.105,-60,false,b,true,1
181.32,-40,true,l,true,1
160,-40,false,l,true,1
180.697,-40,true,g,true,1
170.445,-60,false,g,true,1
142.307,-60,false,b,true,1
154.438,-40,true,l,true,1
160,-40,false,l,true,1
204.844,-40,true,g,true,1
195.86,-60,false,g,true,1
155.993,-60,false,b,true,1
199.763,-60,false,b,true,1
208.579,-40,true,l,true,1
160,-40,false,l,true,1
159.001,-40,true,g,true,1
147.246,-60,false,g,true,1
199.032,-60,false,b,true,1
207.879,-40,true,l,true,1
160,-40,false,l,true,1
183.636,-40,true,g,true,1
173.557,-60,false,g,true,1
158.855,-60,false,b,true,1
169.808,-40,true,l,true,1
160,-40,false,l,true,1
193.413,-40,true,g,true,1
183.871,-60,false,g,true,1
182.847,-60,false,b,true,1
154.001,-60,false,b,true,1
181.947,-60,false,b,true,1
185.736,-60,false,b,true,1
195.187,-40,true,l,true,1
160,-40,false,l,true,1
166.186,-40,true,g,true,1
154.976,-60,false,g,true,1
147.2,-60,false,b,true,1
158.958,-40,true,l,true,1
160,-40,false,l,true,1
176.563,-40,true,g,true,1
166.056,-60,false,g,true,1
195.11,-60,false,b,true,1
204.128,-40,true,l,true,1
160,-40,false,l,true,1
170.396,-40,true,g,true,1
159.483,-60,false,g,true,1
135.218,-60,false,b,true,1
147.932,-40,true,l,true,1
160,-40,false,l,true,1
177.795,-40,true,g,true,1
167.365,-60,false,g,true,1
161.712,-60,false,b,true,1
162.273,-60,false,b,true,1
143.535,-60,false,b,true,1
155.571,-40,true,l,true,1
160,-40,false,l,true,1
155.945,-40,true,g,true,1
143.941,-60,false,g,true,1
137.263,-60,false,b,true,1
186.065,-60,false,b,true,1
195.5,-40,true,l,true,1
160,-40,false,l,true,1
202.61,-40,true,g,true,1
193.522,-60,false,g,true,1
140.102,-60,false,b,true,1
160.701,-60,false,b,true,1
156.478,-60,false,b,true,1
167.587,-40,true,l,true,1
160,-40,false,l,true,1
168.176,-40,true,g,true,1
157.109,-60,false,g,true,1
151.2,-60,false,b,true,1
153.944,-60,false,b,true,1
165.224,-40,true,l,true,1
160,-40,false,l,true,1
149.968,-40,true,g,true,1
137.442,-60,false,g,true,1
143.182,-60,false,b,true,1
155.245,-40,true,l,true,1
160,-40,false,l,true,1
164.227,-40,true,g,true,1
152.874,-60,false,g,true,1
147.41,-60,false,b,true,1
159.153,-40,true,l,true,1
160,-40,false,l,true,1
156.663,-40,true,g,true,1
144.718,-60,false,g,true,1
184.568,-60,false,b,true,1
191.613,-60,false,b,true,1
159.576,-60,false,b,true,1
170.483,-40,true,l,true,1
160,-40,false,l,true,1
199.812,-40,true,g,true,1
190.591,-60,false,g,true,1
138.101,-60,false,b,true,1
160.479,-60,false,b,true,1
157.532,-60,false,b,true,1
168.572,-40,true,l,true,1
160,-40,false,l,true,1
162.846,-40,true,g,true,1
151.39,-60,false,g,true,1
140.59,-60,false,b,true,1
152.857,-40,true,l,true,1
160,-40,false,l,true,1
187.791,-40,true,g,true,1
177.948,-60,false,g,true,1
142.614,-60,false,b,true,1
154.722,-40,true,l,true,1
160,-40,false,l,true,1
172.32,-40,true,g,true,1
161.537,-60,false,g,true,1
158.031,-60,false,b,true,1
169.038,-40,true,l,true,1
160,-40,false,l,true,1
153.876,-40,true,g,true,1
141.696,-60,false,g,true,1
170.777,-60,false,b,true,1
173.839,-60,false,b,true,1
183.903,-40,true,l,true,1
160,-40,false,l,true,1
172.007,-40,true,g,true,1
161.203,-60,false,g,true,1
154.961,-60,false,b,true,1
166.171,-40,true,l,true,1
160,-40,false,l,true,1
161.657,-40,true,g,true,1
150.11,-60,false,g,true,1
146.722,-60,false,b,true,1
158.516,-40,true,l,true,1
160,-40,false,l,true,1
159.076,-40,true,g,true,1
147.327,-60,false,g,true,1
137.208,-60,false,b,true,1
137.824,-60,false,b,true,1
150.318,-40,true,l,true,1
160,-40,false,l,true,1
171.897,-40,true,g,true,1
161.085,-60,false,g,true,1
162.488,-60,false,b,true,1
173.212,-40,true,l,true,1
160,-40,false,l,true,1
170.992,-40,true,g,true,1
160.119,-60,false,g,true,1
160.407,-60,false,b,true,1
171.261,-40,true,l,true,1
160,-40,false,l,true,1
167.344,-40,true,g,true,1
156.218,-60,false,g,true,1
154.033,-60,false,b,true,1
165.306,-40,true,l,true,1
160,-40,false,l,true,1
173.766,-40,true,g,true,1
163.078,-60,false,g,true,1
154.987,-60,false,b,true,1
166.196,-40,true,l,true,1
160,-40,false,l,true,1
205.66,-40,true,g,true,1
196.714,-60,false,g,true,1
192.61,-60,false,b,true,1
196.583,-60,false,b,true,1
168.56,-60,false,b,true,1
178.92,-40,true,l,true,1
160,-40,false,l,true,1
160.877,-40,true,g,true,1
149.27,-60,false,g,true,1
139.787,-60,false,b,true,1
149.709,-60,false,b,true,1
160.421,-60,false,b,true,1
195.964,-60,false,b,true,1
204.943,-40,true,l,true,1
160,-40,false,l,true,1
157.544,-40,true,g,true,1
145.671,-60,false,g,true,1
175.663,-60,false,b,true,1
185.628,-40,true,l,true,1
160,-40,false,l,true,1
189.677,-40,true,g,true,1
179.937,-60,false,g,true,1
192.319,-60,false,b,true,1
201.461,-40,true,l,true,1
160,-40,false,l,true,1
200.005,-40,true,g,true,1
190.794,-60,false,g,true,1
138.973,-60,false,b,true,1
162.228,-60,false,b,true,1
158.779,-60,false,b,true,1
194.003,-60,false,b,true,1
203.07,-40,true,l,true,1
160,-40,false,l,true,1
203.604,-40,true,g,true,1
194.563,-60,false,g,true,1
193.086,-60,false,b,true,1
172.236,-60,false,b,true,1
155.033,-60,false,b,true,1
196.74,-60,false,b,true,1
205.686,-40,true,l,true,1
160,-40,false,l,true,1
205.982,-40,true,g,true,1
197.05,-60,false,g,true,1
157.241,-60,false,b,true,1
169.239,-60,false,b,true,1
179.56,-40,true,l,true,1
160,-40,false,l,true,1
170.88,-40,true,g,true,1
160,-60,false,g,true,1
148.909,-60,false,b,true,1
160.543,-40,true,l,true,1
160,-40,false,l,true,1
152.005,-40,true,g,true,1
139.662,-60,false,g,true,1
151.374,-60,false,b,true,1
162.831,-40,true,l,true,1
160,-40,false,l,true,1
192.309,-40,true,g,true,1
182.71,-60,false,g,true,1
135.821,-60,false,b,true,1
146.611,-60,false,b,true,1
179.07,-60,false,b,true,1
182.751,-60,false,b,true,1
192.349,-40,true,l,true,1
160,-40,false,l,true,1
162.227,-40,true,g,true,1
150.723,-60,false,g,true,1
175.057,-60,false,b,true,1
185.054,-40,true,l,true,1
160,-40,false,l,true,1
196.239,-40,true,g,true,1
186.842,-60,false,g,true,1
144.053,-60,false,b,true,1
156.049,-40,true,l,true,1
160,-40,false,l,true,1
164.376,-40,true,g,true,1
153.034,-60,false,g,true,1
184.601,-60,false,b,true,1
174.845,-60,false,b,true,1
177.469,-60,false,b,true,1
187.337,-40,true,l,true,1
160,-40,false,l,true,1
192.322,-40,true,g,true,1
182.724,-60,false,g,true,1
140.172,-60,false,b,true,1
152.474,-40,true,l,true,1
160,-40,false,l,true,1
199.256,-40,true,g,true,1
190.008,-60,false,g,true,1
186.43,-60,false,b,true,1
157.843,-60,false,b,true,1
181.927,-60,false,b,true,1
191.565,-40,true,l,true,1
160,-40,false,l,true,1
208.247,-40,true,g,true,1
199.417,-60,false,g,true,1
159.6,-60,false,b,true,1
158.399,-60,false,b,true,1
169.382,-40,true,l,true,1
160,-40,false,l,true,1
157.12,-40,true,g,true,1
145.213,-60,false,g,true,1
178.013,-60,false,b,true,1
181.06,-60,false,b,true,1
190.743,-40,true,l,true,1
160,-40,false,l,true,1
200.271,-40,true,g,true,1
191.072,-60,false,g,true,1
187.314,-60,false,b,true,1
151.598,-60,false,b,true,1
173.051,-60,false,b,true,1
172.843,-60,false,b,true,1
182.961,-40,true,l,true,1
160,-40,false,l,true,1
202.5,-40,true,g,true,1
193.407,-60,false,g,true,1
169.445,-60,false,b,true,1
172.363,-60,false,b,true,1
137.002,-60,false,b,true,1
149.564,-40,true,l,true,1
160,-40,false,l,true,1
170.027,-40,true,g,true,1
159.089,-60,false,g,true,1
157.356,-60,false,b,true,1
168.407,-40,true,l,true,1
160,-40,false,l,true,1
161.967,-40,true,g,true,1
150.444,-60,false,g,true,1
138.909,-60,false,b,true,1
151.314,-40,true,l,true,1
160,-40,false,l,true,1
166.894,-40,true,g,true,1
155.735,-60,false,g,true,1
150.358,-60,false,b,true,1
162.717,-60,false,b,true,1
173.427,-40,true,l,true,1
160,-40,false,l,true,1
190.449,-40,true,g,true,1
180.751,-60,false,g,true,1
169.332,-60,false,b,true,1
179.648,-40,true,l,true,1
160,-40,false,l,true,1
207.926,-40,true,g,true,1
199.081,-60,false,g,true,1
195.589,-60,false,b,true,1
204.585,-40,true,l,true,1
160,-40,false,l,true,1
183.311,-40,true,g,true,1
173.213,-60,false,g,true,1
157.322,-60,false,b,true,1
161.647,-60,false,b,true,1
188.573,-60,false,b,true,1
160,-60,false,f,true,2
197.667,-60,false,b,true,2
206.572,-40,true,l,true,2
160,-40,false,l,true,2
149.168,-40,true,g,true,2
136.569,-60,false,g,true,2
184.197,-60,false,b,true,2
193.723,-40,true,l,true,2
160,-40,false,l,true,2
193.995,-40,true,g,true,2
184.483,-60,false,g,true,2
183.867,-60,false,b,true,2
193.409,-40,true,l,true,2
160,-40,false,l,true,2
157.393,-40,true,g,true,2
145.508,-60,false,g,true,2
198.584,-60,false,b,true,2
207.45,-40,true,l,true,2
160,-40,false,l,true,2
168.553,-40,true,g,true,2
157.512,-60,false,g,true,2
174.059,-60,false,b,true,2
184.11,-40,true,l,true,2
160,-40,false,l,true,2
163.502,-40,true,g,true,2
152.095,-60,false,g,true,2
165.393,-60,false,b,true,2
175.94,-40,true,l,true,2
160,-40,false,l,true,2
175.285,-40,true,g,true,2
164.696,-60,false,g,true,2
199.844,-60,false,b,true,2
208.657,-40,true,l,true,2
160,-40,false,l,true,2
154.796,-40,true,g,true,2
142.695,-60,false,g,true,2
198.526,-60,false,b,true,2
207.395,-40,true,l,true,2
160,-40,false,l,true,2
160.113,-40,true,g,true,2
148.446,-60,false,g,true,2
195.354,-60,false,b,true,2
204.36,-40,true,l,true,2
160,-40,false,l,true,2
159.421,-40,true,g,true,2
147.699,-60,false,g,true,2
195.889,-60,false,b,true,2
204.872,-40,true,l,true,2
160,-40,false,l,true,2
149.541,-40,true,g,true,2
136.977,-60,false,g,true,2
186.142,-60,false,b,true,2
195.573,-40,true,l,true,2
160,-40,false,l,true,2
153.133,-40,true,g,true,2
140.889,-60,false,g,true,2
182.749,-60,false,b,true,2
192.347,-40,true,l,true,2
160,-40,false,l,true,2
174.207,-40,true,g,true,2
163.548,-60,false,g,true,2
189.556,-60,false,b,true,2
198.825,-40,true,l,true,2
160,-40,false,l,true,2
155.661,-40,true,g,true,2
143.632,-60,false,g,true,2
140.34,-60,false,b,true,2
150.366,-60,false,b,true,2
161.895,-40,true,l,true,2
160,-40,false,l,true,2
156.83,-40,true,g,true,2
144.899,-60,false,g,true,2
199.137,-60,false,b,true,2
207.98,-40,true,l,true,2
160,-40,false,l,true,2
149.213,-40,true,g,true,2
136.618,-60,false,g,true,2
195.782,-60,false,b,true,2
204.77,-40,true,l,true,2
160,-40,false,l,true,2
206.158,-40,true,g,true,2
197.234,-60,false,g,true,2
155.892,-60,false,b,true,2
199.952,-60,false,b,true,2
208.76,-40,true,l,true,2
160,-40,false,l,true,2
172.504,-40,true,g,true,2
161.733,-60,false,g,true,2
165.491,-60,false,b,true,2
187.157,-60,false,b,true,2
196.539,-40,true,l,true,2
160,-40,false,l,true,2
198.466,-40,true,g,true,2
189.179,-60,false,g,true,2
186.04,-60,false,b,true,2
195.476,-40,true,l,true,2
160,-40,false,l,true,2
172.23,-40,true,g,true,2
161.441,-60,false,g,true,2
188.287,-60,false,b,true,2
197.616,-40,true,l,true,2
160,-40,false,l,true,2
183.961,-40,true,g,true,2
173.901,-60,false,g,true,2
198.824,-60,false,b,true,2
207.68,-40,true,l,true,2
160,-40,false,l,true,2
157.217,-40,true,g,true,2
145.317,-60,false,g,true,2
192.373,-60,false,b,true,2
201.513,-40,true,l,true,2
160,-40,false,l,true,2
178.132,-40,true,g,true,2
167.723,-60,false,g,true,2
166.758,-60,false,b,true,2
192.122,-60,false,b,true,2
201.273,-40,true,l,true,2
160,-40,false,l,true,2
157.745,-40,true,g,true,2
145.888,-60,false,g,true,2
188.106,-60,false,b,true,2
197.443,-40,true,l,true,2
160,-40,false,l,true,2
164.428,-40,true,g,true,2
153.09,-60,false,g,true,2
182.123,-60,false,b,true,2
191.752,-40,true,l,true,2
160,-40,false,l,true,2
170.154,-40,true,g,true,2
159.224,-60,false,g,true,2
156.331,-60,false,b,true,2
196.429,-60,false,b,true,2
205.388,-40,true,l,true,2
160,-40,false,l,true,2
195.669,-40,true,g,true,2
186.242,-60,false,g,true,2
182.649,-60,false,b,true,2
196.458,-60,false,b,true,2
205.416,-40,true,l,true,2
160,-40,false,l,true,2
201.272,-40,true,g,true,2
192.121,-60,false,g,true,2
189.407,-60,false,b,true,2
198.683,-40,true,l,true,2
160,-40,false,l,true,2
158.377,-40,true,g,true,2
146.571,-60,false,g,true,2
199.736,-60,false,b,true,2
208.553,-40,true,l,true,2
160,-40,false,l,true,2
155.745,-40,true,g,true,2
143.724,-60,false,g,true,2
162.948,-60,false,b,true,2
177.743,-60,false,b,true,2
187.597,-40,true,l,true,2
160,-40,false,l,true,2
164.922,-40,true,g,true,2
153.62,-60,false,g,true,2
185.768,-60,false,b,true,2
195.218,-40,true,l,true,2
160,-40,false,l,true,2
158.183,-40,true,g,true,2
146.362,-60,false,g,true,2
188.265,-60,false,b,true,2
197.595,-40,true,l,true,2
160,-40,false,l,true,2
168.792,-40,true,g,true,2
157.768,-60,false,g,true,2
189.722,-60,false,b,true,2
198.983,-40,true,l,true,2
160,-40,false,l,true,2
171.002,-40,true,g,true,2
160.13,-60,false,g,true,2
199.606,-60,false,b,true,2
208.429,-40,true,l,true,2
160,-40,false,l,true,2
174.594,-40,true,g,true,2
163.961,-60,false,g,true,2
172.962,-60,false,b,true,2
183.073,-40,true,l,true,2
160,-40,false,l,true,2
203.345,-40,true,g,true,2
194.291,-60,false,g,true,2
199.973,-60,false,b,true,2
208.78,-40,true,l,true,2
160,-40,false,l,true,2
161.269,-40,true,g,true,2
149.692,-60,false,g,true,2
198.202,-60,false,b,true,2
207.085,-40,true,l,true,2
160,-40,false,l,true,2
164.102,-40,true,g,true,2
152.74,-60,false,g,true,2
198.008,-60,false,b,true,2
161.992,-60,false,b,true,2
172.747,-40,true,l,true,2
160,-40,false,l,true,2
171.545,-40,true,g,true,2
160.71,-60,false,g,true,2
196.861,-60,false,b,true,2
205.802,-40,true,l,true,2
160,-40,false,l,true,2
199.445,-40,true,g,true,2
190.206,-60,false,g,true,2
190.492,-60,false,b,true,2
199.718,-40,true,l,true,2
160,-40,false,l,true,2
161.708,-40,true,g,true,2
150.165,-60,false,g,true,2
185.896,-60,false,b,true,2
195.339,-40,true,l,true,2
160,-40,false,l,true,2
200.615,-40,true,g,true,2
191.432,-60,false,g,true,2
190.002,-60,false,b,true,2
199.25,-40,true,l,true,2
160,-40,false,l,true,2
174.011,-40,true,g,true,2
163.34,-60,false,g,true,2
197.058,-60,false,b,true,2
205.99,-40,true,l,true,2
160,-40,false,l,true,2
151.256,-40,true,g,true,2
138.846,-60,false,g,true,2
186.146,-60,false,b,true,2
195.577,-40,true,l,true,2
160,-40,false,l,true,2
149.702,-40,true,g,true,2
137.152,-60,false,g,true,2
196.618,-60,false,b,true,2
205.569,-40,true,l,true,2
160,-40,false,l,true,2
160.121,-40,true,g,true,2
148.455,-60,false,g,true,2
195.988,-60,false,b,true,2
204.967,-40,true,l,true,2
160,-40,false,l,true,2
160.743,-40,true,g,true,2
149.125,-60,false,g,true,2
199.321,-60,false,b,true,2
208.156,-40,true,l,true,2
160,-40,false,l,true,2
161.103,-40,true,g,true,2
149.513,-60,false,g,true,2
196.985,-60,false,b,true,2
205.92,-40,true,l,true,2
160,-40,false,l,true,2
184.668,-40,true,g,true,2
174.649,-60,false,g,true,2
173.547,-60,false,b,true,2
183.626,-40,true,l,true,2
160,-40,false,l,true,2
161.514,-40,true,g,true,2
149.956,-60,false,g,true,2
181.985,-60,false,b,true,2
191.621,-40,true,l,true,2
160,-40,false,l,true,2
202.718,-40,true,g,true,2
193.635,-60,false,g,true,2
191.805,-60,false,b,true,2
192.439,-60,false,b,true,2
201.576,-40,true,l,true,2
160,-40,false,l,true,2
169.064,-40,true,g,true,2
158.059,-60,false,g,true,2
173.029,-60,false,b,true,2
181.114,-60,false,b,true,2
190.793,-40,true,l,true,2
160,-40,false,l,true,2
150.704,-40,true,g,true,2
138.245,-60,false,g,true,2
195.12,-60,false,b,true,2
204.137,-40,true,l,true,2
160,-40,false,l,true,2
181.4,-40,true,g,true,2
171.19,-60,false,g,true,2
163.055,-60,false,b,true,2
173.744,-40,true,l,true,2
160,-40,false,l,true,2
157.764,-40,true,g,true,2
145.909,-60,false,g,true,2
180.138,-60,false,b,true,2
189.868,-40,true,l,true,2
160,-40,false,l,true,2
199.835,-40,true,g,true,2
190.615,-60,false,g,true,2
192.137,-60,false,b,true,2
201.287,-40,true,l,true,2
160,-40,false,l,true,2
170.404,-40,true,g,true,2
159.491,-60,false,g,true,2
191.55,-60,false,b,true,2
200.728,-40,true,l,true,2
160,-40,false,l,true,2
194.079,-40,true,g,true,2
184.571,-60,false,g,true,2
182.377,-60,false,b,true,2
191.993,-40,true,l,true,2
160,-40,false,l,true,2
160.115,-40,true,g,true,2
148.449,-60,false,g,true,2
170.329,-60,false,b,true,2
180.662,-60,false,b,true,2
190.365,-40,true,l,true,2
160,-40,false,l,true,2
158.631,-40,true,g,true,2
146.846,-60,false,g,true,2
175.344,-60,false,b,true,2
185.326,-40,true,l,true,2
160,-40,false,l,true,2
158.542,-40,true,g,true,2
146.75,-60,false,g,true,2
190.033,-60,false,b,true,2
199.28,-40,true,l,true,2
160,-40,false,l,true,2
166.332,-40,true,g,true,2
155.133,-60,false,g,true,2
186.766,-60,false,b,true,2
196.167,-40,true,l,true,2
160,-40,false,l,true,2
193.928,-40,true,g,true,2
184.413,-60,false,g,true,2
185.907,-60,false,b,true,2
195.35,-40,true,l,true,2
160,-40,false,l,true,2
165.374,-40,true,g,true,2
154.106,-60,false,g,true,2
155.175,-60,false,b,true,2
166.37,-40,true,l,true,2
160,-40,false,l,true,2
205.136,-40,true,g,true,2
196.165,-60,false,g,true,2
193.116,-60,false,b,true,2
202.222,-40,true,l,true,2
160,-40,false,l,true,2
151.267,-40,true,g,true,2
138.859,-60,false,g,true,2
198.091,-60,false,b,true,2
206.979,-40,true,l,true,2
160,-40,false,l,true,2
162.346,-40,true,g,true,2
150.851,-60,false,g,true,2
197.854,-60,false,b,true,2
206.751,-40,true,l,true,2
160,-40,false,l,true,2
195.267,-40,true,g,true,2
185.82,-60,false,g,true,2
189.486,-60,false,b,true,2
198.759,-40,true,l,true,2
160,-40,false,l,true,2
199.703,-40,true,g,true,2
190.477,-60,false,g,true,2
191.829,-60,false,b,true,2
200.994,-40,true,l,true,2
160,-40,false,l,true,2
159.83,-40,true,g,true,2
148.141,-60,false,g,true,2
149.635,-60,false,b,true,2
161.216,-40,true,l,true,2
160,-40,false,l,true,2
186.747,-40,true,g,true,2
176.846,-60,false,g,true,2
191.543,-60,false,b,true,2
200.72,-40,true,l,true,2
160,-40,false,l,true,2
168.897,-40,true,g,true,2
157.88,-60,false,g,true,2
197.235,-60,false,b,true,2
206.159,-40,true,l,true,2
160,-40,false,l,true,2
192.242,-40,true,g,true,2
182.639,-60,false,g,true,2
192.456,-60,false,b,true,2
190.674,-60,false,b,true,2
199.892,-40,true,l,true,2
160,-40,false,l,true,2
165.143,-40,true,g,true,2
153.858,-60,false,g,true,2
137.569,-60,false,b,true,2
146.348,-60,false,b,true,2
158.17,-40,true,l,true,2
160,-40,false,l,true,2
179.15,-40,true,g,true,2
168.804,-60,false,g,true,2
198.871,-60,false,b,true,2
207.725,-40,true,l,true,2
160,-40,false,l,true,2
164.151,-40,true,g,true,2
152.792,-60,false,g,true,2
188.321,-60,false,b,true,2
197.649,-40,true,l,true,2
160,-40,false,l,true,2
192.318,-40,true,g,true,2
182.719,-60,false,g,true,2
178.638,-60,false,b,true,2
192.434,-60,false,b,true,2
201.571,-40,true,l,true,2
160,-40,false,l,true,2
181.092,-40,true,g,true,2
170.863,-60,false,g,true,2
197.689,-60,false,b,true,2
206.594,-40,true,l,true,2
160,-40,false,l,true,2
155.629,-40,true,g,true,2
143.598,-60,false,g,true,2
141.823,-60,false,b,true,2
192.085,-60,false,b,true,2
201.238,-40,true,l,true,2
160,-40,false,l,true,2
162.351,-40,true,g,true,2
150.857,-60,false,g,true,2
190.208,-60,false,b,true,2
199.447,-40,true,l,true,2
160,-40,false,l,true,2
176.666,-40,true,g,true,2
166.165,-60,false,g,true,2
195.1,-60,false,b,true,2
204.118,-40,true,l,true,2
160,-40,false,l,true,2
167.397,-40,true,g,true,2
156.274,-60,false,g,true,2
176.825,-60,false,b,true,2
186.727,-40,true,l,true,2
160,-40,false,l,true,2
155.463,-40,true,g,true,2
143.418,-60,false,g,true,2
192.068,-60,false,b,true,2
201.222,-40,true,l,true,2
160,-40,false,l,true,2
159.708,-40,true,g,true,2
148.009,-60,false,g,true,2
197.134,-60,false,b,true,2
206.063,-40,true,l,true,2
160,-40,false,l,true,2
203.324,-40,true,g,true,2
194.27,-60,false,g,true,2
179.547,-60,false,b,true,2
189.307,-40,true,l,true,2
160,-40,false,l,true,2
205.374,-40,true,g,true,2
196.414,-60,false,g,true,2
196.594,-60,false,b,true,2
205.546,-40,true,l,true,2
160,-40,false,l,true,2
157.6,-40,true,g,true,2
145.731,-60,false,g,true,2
193.625,-60,false,b,true,2
202.708,-40,true,l,true,2
160,-40,false,l,true,2
185.643,-40,true,g,true,2
175.679,-60,false,g,true,2
198.668,-60,false,b,true,2
207.531,-40,true,l,true,2
160,-40,false,l,true,2
158.639,-40,true,g,true,2
146.855,-60,false,g,true,2
197.624,-60,false,b,true,2
206.532,-40,true,l,true,2
160,-40,false,l,true,2
204.35,-40,true,g,true,2
195.343,-60,false,g,true,2
196.527,-60,false,b,true,2
199.994,-60,false,b,true,2
208.8,-40,true,l,true,2
160,-40,false,l,true,2
194.191,-40,true,g,true,2
184.69,-60,false,g,true,2
181.964,-60,false,b,true,2
160.969,-60,false,b,true,2
196.033,-60,false,b,true,2
205.009,-40,true,l,true,2
160,-40,false,l,true,2
157.604,-40,true,g,true,2
145.736,-60,false,g,true,2
177.798,-60,false,b,true,2
192.655,-60,false,b,true,2
180.439,-60,false,b,true,2
199.565,-60,false,b,true,2
179.578,-60,false,b,true,2
189.337,-40,true,l,true,2
160,-40,false,l,true,2
169.49,-40,true,g,true,2
158.514,-60,false,g,true,2
155.15,-60,false,b,true,2
166.347,-40,true,l,true,2
160,-40,false,l,true,2
171.901,-40,true,g,true,2
161.09,-60,false,g,true,2
197.955,-60,false,b,true,2
206.848,-40,true,l,true,2
160,-40,false,l,true,2
192.953,-40,true,g,true,2
183.387,-60,false,g,true,2
195.155,-60,false,b,true,2
199.68,-60,false,b,true,2
208.5,-40,true,l,true,2
160,-40,false,l,true,2
179.965,-40,true,g,true,2
169.668,-60,false,g,true,2
166.226,-60,false,b,true,2
176.723,-40,true,l,true,2
160,-40,false,l,true,2
147.802,-40,true,g,true,2
135.076,-60,false,g,true,2
199.659,-60,false,b,true,2
208.48,-40,true,l,true,2
160,-40,false,l,true,2
167.806,-40,true,g,true,2
156.713,-60,false,g,true,2
199.465,-60,false,b,true,2
208.294,-40,true,l,true,2
160,-40,false,l,true,2
160,-60,false,f,true,3
160,-40,false,l,true,3
175.389,-40,true,g,true,3
164.807,-60,false,g,true,3
156.641,-60,false,b,true,3
196.598,-60,false,b,true,3
205.55,-40,true,l,true,3
160,-40,false,l,true,3
174.174,-40,true,g,true,3
163.514,-60,false,g,true,3
198.764,-60,false,b,true,3
207.623,-40,true,l,true,3
160,-40,false,l,true,3
150.269,-40,true,g,true,3
137.771,-60,false,g,true,3
196.841,-60,false,b,true,3
205.783,-40,true,l,true,3
160,-40,false,l,true,3
156.242,-40,true,g,true,3
144.262,-60,false,g,true,3
188.537,-60,false,b,true,3
197.854,-40,true,l,true,3
160,-40,false,l,true,3
188.051,-40,true,g,true,3
178.222,-60,false,g,true,3
195.994,-60,false,b,true,3
204.972,-40,true,l,true,3
160,-40,false,l,true,3
148.058,-40,true,g,true,3
135.356,-60,false,g,true,3
183.09,-60,false,b,true,3
192.671,-40,true,l,true,3
160,-40,false,l,true,3
166.642,-40,true,g,true,3
155.466,-60,false,g,true,3
191.133,-60,false,b,true,3
200.329,-40,true,l,true,3
160,-40,false,l,true,3
156.872,-40,true,g,true,3
144.944,-60,false,g,true,3
199.668,-60,false,b,true,3
208.488,-40,true,l,true,3
160,-40,false,l,true,3
165.029,-40,true,g,true,3
153.736,-60,false,g,true,3
198.025,-60,false,b,true,3
206.915,-40,true,l,true,3
160,-40,false,l,true,3
153.57,-40,true,g,true,3
141.364,-60,false,g,true,3
195.58,-60,false,b,true,3
204.576,-40,true,l,true,3
160,-40,false,l,true,3
164.125,-40,true,g,true,3
152.765,-60,false,g,true,3
195.838,-60,false,b,true,3
204.823,-40,true,l,true,3
160,-40,false,l,true,3
166.332,-40,true,g,true,3
155.133,-60,false,g,true,3
186.405,-60,false,b,true,3
195.824,-40,true,l,true,3
160,-40,false,l,true,3
171.266,-40,true,g,true,3
160.413,-60,false,g,true,3
199.671,-60,false,b,true,3
208.491,-40,true,l,true,3
160,-40,false,l,true,3
147.929,-40,true,g,true,3
135.214,-60,false,g,true,3
182.705,-60,false,b,true,3
192.305,-40,true,l,true,3
160,-40,false,l,true,3
163.386,-40,true,g,true,3
151.97,-60,false,g,true,3
199.472,-60,false,b,true,3
208.3,-40,true,l,true,3
160,-40,false,l,true,3
195.796,-40,true,g,true,3
186.376,-60,false,g,true,3
195.202,-60,false,b,true,3
204.215,-40,true,l,true,3
160,-40,false,l,true,3
193.022,-40,true,g,true,3
183.46,-60,false,g,true,3
180.137,-60,false,b,true,3
188.418,-60,false,b,true,3
197.74,-40,true,l,true,3
160,-40,false,l,true,3
165.573,-40,true,g,true,3
154.319,-60,false,g,true,3
155.631,-60,false,b,true,3
177.375,-60,false,b,true,3
187.248,-40,true,l,true,3
160,-40,false,l,true,3
172.343,-40,true,g,true,3
161.561,-60,false,g,true,3
137.374,-60,false,b,true,3
185.831,-60,false,b,true,3
195.277,-40,true,l,true,3
160,-40,false,l,true,3
159.101,-40,true,g,true,3
147.353,-60,false,g,true,3
195.103,-60,false,b,true,3
204.12,-40,true,l,true,3
160,-40,false,l,true,3
169.881,-40,true,g,true,3
158.932,-60,false,g,true,3
198.452,-60,false,b,true,3
207.323,-40,true,l,true,3
160,-40,false,l,true,3
166.392,-40,true,g,true,3
155.198,-60,false,g,true,3
198.832,-60,false,b,true,3
207.687,-40,true,l,true,3
160,-40,false,l,true,3
168.835,-40,true,g,true,3
157.814,-60,false,g,true,3
152.927,-60,false,b,true,3
164.276,-40,true,l,true,3
160,-40,false,l,true,3
168.626,-40,true,g,true,3
157.59,-60,false,g,true,3
161.438,-60,false,b,true,3
172.227,-40,true,l,true,3
160,-40,false,l,true,3
168.794,-40,true,g,true,3
157.77,-60,false,g,true,3
154.337,-60,false,b,true,3
183.387,-60,false,b,true,3
192.953,-40,true,l,true,3
160,-40,false,l,true,3
164.185,-40,true,g,true,3
152.829,-60,false,g,true,3
195.858,-60,false,b,true,3
204.842,-40,true,l,true,3
160,-40,false,l,true,3
166.003,-40,true,g,true,3
154.78,-60,false,g,true,3
196.402,-60,false,b,true,3
205.363,-40,true,l,true,3
160,-40,false,l,true,3
162.346,-40,true,g,true,3
150.851,-60,false,g,true,3
175.763,-60,false,b,true,3
184.051,-60,false,b,true,3
170.919,-60,false,b,true,3
181.144,-40,true,l,true,3
160,-40,false,l,true,3
173.892,-40,true,g,true,3
163.213,-60,false,g,true,3
161.701,-60,false,b,true,3
197.299,-60,false,b,true,3
206.221,-40,true,l,true,3
160,-40,false,l,true,3
188.489,-40,true,g,true,3
178.684,-60,false,g,true,3
176.605,-60,false,b,true,3
183.551,-60,false,b,true,3
193.109,-40,true,l,true,3
160,-40,false,l,true,3
173.372,-40,true,g,true,3
162.659,-60,false,g,true,3
156.081,-60,false,b,true,3
167.216,-40,true,l,true,3
160,-40,false,l,true,3
204.783,-40,true,g,true,3
195.796,-60,false,g,true,3
193.184,-60,false,b,true,3
202.287,-40,true,l,true,3
160,-40,false,l,true,3
168.686,-40,true,g,true,3
157.655,-60,false,g,true,3
190.431,-60,false,b,true,3
199.66,-40,true,l,true,3
160,-40,false,l,true,3
196.918,-40,true,g,true,3
187.555,-60,false,g,true,3
185.746,-60,false,b,true,3
195.196,-40,true,l,true,3
160,-40,false,l,true,3
175.245,-40,true,g,true,3
164.653,-60,false,g,true,3
198.953,-60,false,b,true,3
207.804,-40,true,l,true,3
160,-40,false,l,true,3
161.261,-40,true,g,true,3
149.683,-60,false,g,true,3
185.153,-60,false,b,true,3
194.632,-40,true,l,true,3
160,-40,false,l,true,3
176.196,-40,true,g,true,3
165.665,-60,false,g,true,3
200,-60,false,b,true,3
208.806,-40,true,l,true,3
160,-40,false,l,true,3
172.195,-40,true,g,true,3
161.403,-60,false,g,true,3
197.57,-60,false,b,true,3
206.48,-40,true,l,true,3
160,-40,false,l,true,3
168.171,-40,true,g,true,3
157.104,-60,false,g,true,3
139.409,-60,false,b,true,3
189.712,-60,false,b,true,3
198.923,-60,false,b,true,3
207.775,-40,true,l,true,3
160,-40,false,l,true,3
163.294,-40,true,g,true,3
151.871,-60,false,g,true,3
194.365,-60,false,b,true,3
203.415,-40,true,l,true,3
160,-40,false,l,true,3
152.336,-40,true,g,true,3
140.022,-60,false,g,true,3
137.926,-60,false,b,true,3
171.113,-60,false,b,true,3
181.328,-40,true,l,true,3
160,-40,false,l,true,3
168.844,-40,true,g,true,3
157.824,-60,false,g,true,3
197.455,-60,false,b,true,3
206.37,-40,true,l,true,3
160,-40,false,l,true,3
197.669,-40,true,g,true,3
188.343,-60,false,g,true,3
185.579,-60,false,b,true,3
195.037,-40,true,l,true,3
160,-40,false,l,true,3
171.958,-40,true,g,true,3
161.15,-60,false,g,true,3
179.214,-60,false,b,true,3
188.991,-40,true,l,true,3
160,-40,false,l,true,3
165.786,-40,true,g,true,3
154.547,-60,false,g,true,3
152.708,-60,false,b,true,3
164.073,-40,true,l,true,3
160,-40,false,l,true,3
168.4,-40,true,g,true,3
157.348,-60,false,g,true,3
199.877,-60,false,b,true,3
208.689,-40,true,l,true,3
160,-40,false,l,true,3
159.37,-40,true,g,true,3
147.644,-60,false,g,true,3
172.137,-60,false,b,true,3
182.294,-40,true,l,true,3
160,-40,false,l,true,3
166.939,-40,true,g,true,3
155.783,-60,false,g,true,3
184.21,-60,false,b,true,3
193.736,-40,true,l,true,3
160,-40,false,l,true,3
208.71,-40,true,g,true,3
199.9,-60,false,g,true,3
197.106,-60,false,b,true,3
206.036,-40,true,l,true,3
160,-40,false,l,true,3
153.479,-40,true,g,true,3
141.265,-60,false,g,true,3
140.994,-60,false,b,true,3
195.524,-60,false,b,true,3
204.523,-40,true,l,true,3
160,-40,false,l,true,3
165.653,-40,true,g,true,3
154.405,-60,false,g,true,3
155.096,-60,false,b,true,3
166.297,-40,true,l,true,3
160,-40,false,l,true,3
167.748,-40,true,g,true,3
156.651,-60,false,g,true,3
198.099,-60,false,b,true,3
206.986,-40,true,l,true,3
160,-40,false,l,true,3
193.432,-40,true,g,true,3
183.891,-60,false,g,true,3
174.11,-60,false,b,true,3
184.159,-40,true,l,true,3
160,-40,false,l,true,3
158.672,-40,true,g,true,3
146.89,-60,false,g,true,3
188.28,-60,false,b,true,3
197.609,-40,true,l,true,3
160,-40,false,l,true,3
165.274,-40,true,g,true,3
153.999,-60,false,g,true,3
196.969,-60,false,b,true,3
205.904,-40,true,l,true,3
160,-40,false,l,true,3
191.048,-40,true,g,true,3
181.382,-60,false,g,true,3
178.447,-60,false,b,true,3
188.264,-40,true,l,true,3
160,-40,false,l,true,3
173.947,-40,true,g,true,3
163.271,-60,false,g,true,3
198.27,-60,false,b,true,3
207.15,-40,true,l,true,3
160,-40,false,l,true,3
168.363,-40,true,g,true,3
157.309,-60,false,g,true,3
152.109,-60,false,b,true,3
196.804,-60,false,b,true,3
205.747,-40,true,l,true,3
160,-40,false,l,true,3
201.369,-40,true,g,true,3
192.222,-60,false,g,true,3
190.345,-60,false,b,true,3
199.577,-40,true,l,true,3
160,-40,false,l,true,3
152.661,-40,true,g,true,3
140.376,-60,false,g,true,3
199.475,-60,false,b,true,3
208.303,-40,true,l,true,3
160,-40,false,l,true,3
163.365,-40,true,g,true,3
151.948,-60,false,g,true,3
153.444,-60,false,b,true,3
164.757,-40,true,l,true,3
160,-40,false,l,true,3
172.219,-40,true,g,true,3
161.429,-60,false,g,true,3
198.672,-60,false,b,true,3
207.535,-40,true,l,true,3
160,-40,false,l,true,3
166.928,-40,true,g,true,3
155.773,-60,false,g,true,3
159,-60,false,b,true,3
169.944,-40,true,l,true,3
160,-40,false,l,true,3
157.853,-40,true,g,true,3
146.006,-60,false,g,true,3
188.001,-60,false,b,true,3
197.343,-40,true,l,true,3
160,-40,false,l,true,3
160.058,-40,true,g,true,3
148.386,-60,false,g,true,3
181.039,-60,false,b,true,3
190.723,-40,true,l,true,3
160,-40,false,l,true,3
160.128,-40,true,g,true,3
148.462,-60,false,g,true,3
177.946,-60,false,b,true,3
190.387,-60,false,b,true,3
199.617,-40,true,l,true,3
160,-40,false,l,true,3
180.202,-40,true,g,true,3
169.92,-60,false,g,true,3
198.269,-60,false,b,true,3
207.149,-40,true,l,true,3
160,-40,false,l,true,3
161.458,-40,true,g,true,3
149.895,-60,false,g,true,3
147.086,-60,false,b,true,3
155.44,-60,false,b,true,3
166.618,-40,true,l,true,3
160,-40,false,l,true,3
174.783,-40,true,g,true,3
164.162,-60,false,g,true,3
199.902,-60,false,b,true,3
208.712,-40,true,l,true,3
160,-40,false,l,true,3
208.447,-40,true,g,true,3
199.625,-60,false,g,true,3
197.331,-60,false,b,true,3
206.252,-40,true,l,true,3
160,-40,false,l,true,3
158.53,-40,true,g,true,3
146.737,-60,false,g,true,3
144.575,-60,false,b,true,3
156.531,-40,true,l,true,3
160,-40,false,l,true,3
173.095,-40,true,g,true,3
162.363,-60,false,g,true,3
194.144,-60,false,b,true,3
203.204,-40,true,l,true,3
160,-40,false,l,true,3
170.034,-40,true,g,true,3
159.096,-60,false,g,true,3
171.488,-60,false,b,true,3
183.112,-60,false,b,true,3
192.692,-40,true,l,true,3
160,-40,false,l,true,3
165.776,-40,true,g,true,3
154.537,-60,false,g,true,3
198.205,-60,false,b,true,3
207.088,-40,true,l,true,3
160,-40,false,l,true,3
196.156,-40,true,g,true,3
186.755,-60,false,g,true,3
136.784,-60,false,b,true,3
149.365,-40,true,l,true,3
160,-40,false,l,true,3
166.738,-40,true,g,true,3
155.568,-60,false,g,true,3
191.428,-60,false,b,true,3
200.61,-40,true,l,true,3
160,-40,false,l,true,3
179.358,-40,true,g,true,3
169.025,-60,false,g,true,3
194.92,-60,false,b,true,3
199.012,-60,false,b,true,3
207.86,-40,true,l,true,3
160,-40,false,l,true,3
167.097,-40,true,g,true,3
155.953,-60,false,g,true,3
195.328,-60,false,b,true,3
204.336,-40,true,l,true,3
160,-40,false,l,true,3
155.661,-40,true,g,true,3
143.633,-60,false,g,true,3
186.637,-60,false,b,true,3
196.044,-40,true,l,true,3
160,-40,false,l,true,3
169.987,-40,true,g,true,3
159.045,-60,false,g,true,3
199.147,-60,false,b,true,3
207.989,-40,true,l,true,3
160,-40,false,l,true,3
147.735,-40,true,g,true,3
135.002,-60,false,g,true,3
145.002,-60,false,b,true,3
176.708,-60,false,b,true,3
186.617,-40,true,l,true,3
160,-40,false,l,true,3
181.941,-40,true,g,true,3
171.762,-60,false,g,true,3
159.949,-60,false,b,true,3
194.773,-60,false,b,true,3
203.805,-40,true,l,true,3
160,-40,false,l,true,3
160.736,-40,true,g,true,3
149.117,-60,false,g,true,3
199.368,-60,false,b,true,3
208.201,-40,true,l,true,3
160,-40,false,l,true,3
189.533,-40,true,g,true,3
179.786,-60,false,g,true,3
176.474,-60,false,b,true,3
186.395,-40,true,l,true,3
160,-40,false,l,true,3
174.801,-40,true,g,true,3
164.181,-60,false,g,true,3
199.293,-60,false,b,true,3
208.129,-40,true,l,true,3
160,-40,false,l,true,3
155.01,-40,true,g,true,3
142.927,-60,false,g,true,3
197.626,-60,false,b,true,3
206.533,-40,true,l,true,3
160,-40,false,l,true,3
185.464,-40,true,g,true,3
175.491,-60,false,g,true,3
172.555,-60,false,b,true,3
182.689,-40,true,l,true,3
160,-40,false,l,true,3
178.885,-40,true,g,true,3
168.523,-60,false,g,true,3
198.66,-60,false,b,true,3
207.523,-40,true,l,true,3
160,-40,false,l,true,3
164.038,-40,true,g,true,3
152.671,-60,false,g,true,3
196.883,-60,false,b,true,3
205.823,-40,true,l,true,3
160,-40,false,l,true,3
198.555,-40,true,g,true,3
189.273,-60,false,g,true,3
189.022,-60,false,b,true,3
198.316,-40,true,l,true,3
160,-40,false,l,true,3
157.149,-40,true,g,true,3
145.244,-60,false,g,true,3
169.017,-60,false,b,true,3
179.351,-40,true,l,true,3
160,-40,false,l,true,3
169.517,-40,true,g,true,3
158.544,-60,false,g,true,3
198.115,-60,false,b,true,3
207.001,-40,true,l,true,3
160,-40,false,l,true,3
157.521,-40,true,g,true,3
145.646,-60,false,g,true,3
189.912,-60,false,b,true,3
199.165,-40,true,l,true,3
160,-40,false,l,true,3
171.738,-40,true,g,true,3
160.916,-60,false,g,true,3
159.208,-60,false,b,true,3
170.139,-40,true,l,true,3
160,-40,false,l,true,3
152.841,-40,true,g,true,3
140.571,-60,false,g,true,3
197.4,-60,false,b,true,3
206.318,-40,true,l,true,3
160,-40,false,l,true,3
192.594,-40,true,g,true,3
183.009,-60,false,g,true,3
195.416,-60,false,b,true,3
204.42,-40,true,l,true,3
160,-40,false,l,true,3
159.106,-40,true,g,true,3
147.359,-60,false,g,true,3
196.644,-60,false,b,true,3
205.594,-40,true,l,true,3
160,-40,false,l,true,3
176.456,-40,true,g,true,3
165.942,-60,false,g,true,3
162.536,-60,false,b,true,3
173.257,-40,true,l,true,3
160,-40,false,l,true,3
157.438,-40,true,g,true,3
145.557,-60,false,g,true,3
157.481,-60,false,b,true,3
161.828,-60,false,b,true,3
188.755,-60,false,b,true,3
160,-60,false,f,true,4
197.667,-60,false,b,true,4
157.904,-60,false,b,true,4
168.919,-40,true,l,true,4
160,-40,false,l,true,4
166.422,-40,true,g,true,4
155.23,-60,false,g,true,4
145.866,-60,false,b,true,4
157.724,-40,true,l,true,4
160,-40,false,l,true,4
161.019,-40,true,g,true,4
149.422,-60,false,g,true,4
181.099,-60,false,b,true,4
190.779,-40,true,l,true,4
160,-40,false,l,true,4
166.887,-40,true,g,true,4
155.729,-60,false,g,true,4
147.813,-60,false,b,true,4
159.527,-40,true,l,true,4
160,-40,false,l,true,4
153.243,-40,true,g,true,4
141.009,-60,false,g,true,4
140.66,-60,false,b,true,4
152.922,-40,true,l,true,4
160,-40,false,l,true,4
159.415,-40,true,g,true,4
147.693,-60,false,g,true,4
139.875,-60,false,b,true,4
152.201,-40,true,l,true,4
160,-40,false,l,true,4
174.748,-40,true,g,true,4
164.125,-60,false,g,true,4
157.298,-60,false,b,true,4
168.352,-40,true,l,true,4
160,-40,false,l,true,4
174.607,-40,true,g,true,4
163.974,-60,false,g,true,4
145.805,-60,false,b,true,4
157.667,-40,true,l,true,4
160,-40,false,l,true,4
197.014,-40,true,g,true,4
187.655,-60,false,g,true,4
147.981,-60,false,b,true,4
159.682,-40,true,l,true,4
160,-40,false,l,true,4
167.175,-40,true,g,true,4
156.037,-60,false,g,true,4
148.784,-60,false,b,true,4
160.427,-40,true,l,true,4
160,-40,false,l,true,4
190.589,-40,true,g,true,4
180.898,-60,false,g,true,4
138.012,-60,false,b,true,4
145.493,-60,false,b,true,4
157.379,-40,true,l,true,4
160,-40,false,l,true,4
185.802,-40,true,g,true,4
175.848,-60,false,g,true,4
173.154,-60,false,b,true,4
181.353,-60,false,b,true,4
191.021,-40,true,l,true,4
160,-40,false,l,true,4
200.049,-40,true,g,true,4
190.84,-60,false,g,true,4
136.29,-60,false,b,true,4
148.912,-40,true,l,true,4
160,-40,false,l,true,4
156.068,-40,true,g,true,4
144.073,-60,false,g,true,4
139.053,-60,false,b,true,4
151.445,-40,true,l,true,4
160,-40,false,l,true,4
159.763,-40,true,g,true,4
148.068,-60,false,g,true,4
191.317,-60,false,b,true,4
168.07,-60,false,b,true,4
161.496,-60,false,b,true,4
172.282,-40,true,l,true,4
160,-40,false,l,true,4
192.219,-40,true,g,true,4
182.615,-60,false,g,true,4
182.1,-60,false,b,true,4
199.002,-60,false,b,true,4
187.731,-60,false,b,true,4
197.087,-40,true,l,true,4
160,-40,false,l,true,4
174.628,-40,true,g,true,4
163.997,-60,false,g,true,4
198.87,-60,false,b,true,4
178.081,-60,false,b,true,4
187.917,-40,true,l,true,4
160,-40,false,l,true,4
155.558,-40,true,g,true,4
143.521,-60,false,g,true,4
135.114,-60,false,b,true,4
147.837,-40,true,l,true,4
160,-40,false,l,true,4
200.503,-40,true,g,true,4
191.315,-60,false,g,true,4
159.549,-60,false,b,true,4
170.458,-40,true,l,true,4
160,-40,false,l,true,4
158.395,-40,true,g,true,4
146.591,-60,false,g,true,4
138.861,-60,false,b,true,4
151.269,-40,true,l,true,4
160,-40,false,l,true,4
180.327,-40,true,g,true,4
170.052,-60,false,g,true,4
171.988,-60,false,b,true,4
199.356,-60,false,b,true,4
208.189,-40,true,l,true,4
160,-40,false,l,true,4
172.163,-40,true,g,true,4
161.37,-60,false,g,true,4
162.995,-60,false,b,true,4
140.116,-60,false,b,true,4
152.422,-40,true,l,true,4
160,-40,false,l,true,4
155.111,-40,true,g,true,4
143.037,-60,false,g,true,4
136.76,-60,false,b,true,4
149.343,-40,true,l,true,4
160,-40,false,l,true,4
160.415,-40,true,g,true,4
148.772,-60,false,g,true,4
140.2,-60,false,b,true,4
152.499,-40,true,l,true,4
160,-40,false,l,true,4
163.687,-40,true,g,true,4
152.294,-60,false,g,true,4
150.165,-60,false,b,true,4
169.616,-60,false,b,true,4
163.816,-60,false,b,true,4
184.263,-60,false,b,true,4
193.786,-40,true,l,true,4
160,-40,false,l,true,4
166.488,-40,true,g,true,4
155.301,-60,false,g,true,4
150.322,-60,false,b,true,4
161.854,-40,true,l,true,4
160,-40,false,l,true,4
167.147,-40,true,g,true,4
156.007,-60,false,g,true,4
148.607,-60,false,b,true,4
160.262,-40,true,l,true,4
160,-40,false,l,true,4
161.491,-40,true,g,true,4
149.931,-60,false,g,true,4
140.62,-60,false,b,true,4
172.451,-60,false,b,true,4
182.591,-40,true,l,true,4
160,-40,false,l,true,4
199.652,-40,true,g,true,4
190.424,-60,false,g,true,4
136.886,-60,false,b,true,4
157.822,-60,false,b,true,4
136.76,-60,false,b,true,4
186.208,-60,false,b,true,4
195.636,-40,true,l,true,4
160,-40,false,l,true,4
165.884,-40,true,g,true,4
154.653,-60,false,g,true,4
146.046,-60,false,b,true,4
157.89,-40,true,l,true,4
160,-40,false,l,true,4
163.97,-40,true,g,true,4
152.598,-60,false,g,true,4
137.258,-60,false,b,true,4
139.896,-60,false,b,true,4
152.22,-40,true,l,true,4
160,-40,false,l,true,4
175.06,-40,true,g,true,4
164.457,-60,false,g,true,4
158.569,-60,false,b,true,4
160.005,-60,false,b,true,4
170.885,-40,true,l,true,4
160,-40,false,l,true,4
167.94,-40,true,g,true,4
156.856,-60,false,g,true,4
150.643,-60,false,b,true,4
162.152,-40,true,l,true,4
160,-40,false,l,true,4
162.478,-40,true,g,true,4
150.993,-60,false,g,true,4
144.818,-60,false,b,true,4
174.284,-60,false,b,true,4
184.322,-40,true,l,true,4
160,-40,false,l,true,4
156.995,-40,true,g,true,4
145.077,-60,false,g,true,4
135.397,-60,false,b,true,4
148.096,-40,true,l,true,4
160,-40,false,l,true,4
171.034,-40,true,g,true,4
160.164,-60,false,g,true,4
156.799,-60,false,b,true,4
167.887,-40,true,l,true,4
160,-40,false,l,true,4
207.93,-40,true,g,true,4
199.085,-60,false,g,true,4
195.798,-60,false,b,true,4
158.366,-60,false,b,true,4
196.448,-60,false,b,true,4
199.247,-60,false,b,true,4
208.085,-40,true,l,true,4
160,-40,false,l,true,4
155.353,-40,true,g,true,4
143.299,-60,false,g,true,4
170.008,-60,false,b,true,4
180.286,-40,true,l,true,4
160,-40,false,l,true,4
183.283,-40,true,g,true,4
173.184,-60,false,g,true,4
145.716,-60,false,b,true,4
157.586,-40,true,l,true,4
160,-40,false,l,true,4
164.22,-40,true,g,true,4
152.866,-60,false,g,true,4
143.678,-60,false,b,true,4
155.703,-40,true,l,true,4
160,-40,false,l,true,4
169.367,-40,true,g,true,4
158.384,-60,false,g,true,4
152.668,-60,false,b,true,4
164.036,-40,true,l,true,4
160,-40,false,l,true,4
207.101,-40,true,g,true,4
198.219,-60,false,g,true,4
144.823,-60,false,b,true,4
156.76,-40,true,l,true,4
160,-40,false,l,true,4
166.111,-40,true,g,true,4
154.896,-60,false,g,true,4
148.352,-60,false,b,true,4
160.026,-40,true,l,true,4
160,-40,false,l,true,4
155.059,-40,true,g,true,4
142.98,-60,false,g,true,4
137.096,-60,false,b,true,4
149.65,-40,true,l,true,4
160,-40,false,l,true,4
201.062,-40,true,g,true,4
191.901,-60,false,g,true,4
189.703,-60,false,b,true,4
158.745,-60,false,b,true,4
199.074,-60,false,b,true,4
170.991,-60,false,b,true,4
181.212,-40,true,l,true,4
160,-40,false,l,true,4
205.875,-40,true,g,true,4
196.938,-60,false,g,true,4
193.692,-60,false,b,true,4
192.5,-60,false,b,true,4
154.569,-60,false,b,true,4
145.183,-60,false,b,true,4
188.014,-60,false,b,true,4
197.356,-40,true,l,true,4
160,-40,false,l,true,4
185.659,-40,true,g,true,4
175.697,-60,false,g,true,4
165.859,-60,false,b,true,4
176.378,-40,true,l,true,4
160,-40,false,l,true,4
207.361,-40,true,g,true,4
198.491,-60,false,g,true,4
145.6,-60,false,b,true,4
166.189,-60,false,b,true,4
161.707,-60,false,b,true,4
174.025,-60,false,b,true,4
184.078,-40,true,l,true,4
160,-40,false,l,true,4
202.333,-40,true,g,true,4
193.232,-60,false,g,true,4
195.536,-60,false,b,true,4
170.679,-60,false,b,true,4
196.725,-60,false,b,true,4
153.615,-60,false,b,true,4
164.917,-40,true,l,true,4
160,-40,false,l,true,4
171.43,-40,true,g,true,4
160.587,-60,false,g,true,4
136.165,-60,false,b,true,4
156.715,-60,false,b,true,4
152.24,-60,false,b,true,4
163.637,-40,true,l,true,4
160,-40,false,l,true,4
164.724,-40,true,g,true,4
153.407,-60,false,g,true,4
184.262,-60,false,b,true,4
193.785,-40,true,l,true,4
160,-40,false,l,true,4
159.614,-40,true,g,true,4
147.907,-60,false,g,true,4
152.816,-60,false,b,true,4
155.735,-60,false,b,true,4
135.967,-60,false,b,true,4
188.738,-60,false,b,true,4
198.046,-40,true,l,true,4
160,-40,false,l,true,4
149.963,-40,true,g,true,4
137.437,-60,false,g,true,4
143.584,-60,false,b,true,4
155.616,-40,true,l,true,4
160,-40,false,l,true,4
197.807,-40,true,g,true,4
188.488,-60,false,g,true,4
186.85,-60,false,b,true,4
160.394,-60,false,b,true,4
150.562,-60,false,b,true,4
174.145,-60,false,b,true,4
184.191,-40,true,l,true,4
160,-40,false,l,true,4
172.122,-40,true,g,true,4
161.325,-60,false,g,true,4
152.471,-60,false,b,true,4
163.852,-40,true,l,true,4
160,-40,false,l,true,4
163.6,-40,true,g,true,4
152.201,-60,false,g,true,4
187.718,-60,false,b,true,4
197.073,-40,true,l,true,4
160,-40,false,l,true,4
182.336,-40,true,g,true,4
172.181,-60,false,g,true,4
136.424,-60,false,b,true,4
150.917,-60,false,b,true,4
142.486,-60,false,b,true,4
174.574,-60,false,b,true,4
184.597,-40,true,l,true,4
160,-40,false,l,true,4
199.024,-40,true,g,true,4
189.765,-60,false,g,true,4
177.45,-60,false,b,true,4
187.319,-40,true,l,true,4
160,-40,false,l,true,4
165.881,-40,true,g,true,4
154.65,-60,false,g,true,4
146.498,-60,false,b,true,4
158.309,-40,true,l,true,4
160,-40,false,l,true,4
157.303,-40,true,g,true,4
145.411,-60,false,g,true,4
135.434,-60,false,b,true,4
144.174,-60,false,b,true,4
156.161,-40,true,l,true,4
160,-40,false,l,true,4
197.323,-40,true,g,true,4
187.98,-60,false,g,true,4
187.7,-60,false,b,true,4
158.909,-60,false,b,true,4
193.621,-60,false,b,true,4
143.627,-60,false,b,true,4
155.656,-40,true,l,true,4
160,-40,false,l,true,4
197.492,-40,true,g,true,4
188.158,-60,false,g,true,4
138.059,-60,false,b,true,4
145.424,-60,false,b,true,4
180.283,-60,false,b,true,4
183.927,-60,false,b,true,4
193.466,-40,true,l,true,4
160,-40,false,l,true,4
166.761,-40,true,g,true,4
155.593,-60,false,g,true,4
182.545,-60,false,b,true,4
192.153,-40,true,l,true,4
160,-40,false,l,true,4
179.092,-40,true,g,true,4
168.743,-60,false,g,true,4
178.36,-60,false,b,true,4
188.182,-40,true,l,true,4
160,-40,false,l,true,4
208.078,-40,true,g,true,4
199.24,-60,false,g,true,4
194.76,-60,false,b,true,4
169.348,-60,false,b,true,4
143.066,-60,false,b,true,4
186.333,-60,false,b,true,4
195.755,-40,true,l,true,4
160,-40,false,l,true,4
207.845,-40,true,g,true,4
198.997,-60,false,g,true,4
167.461,-60,false,b,true,4
191.647,-60,false,b,true,4
143.954,-60,false,b,true,4
155.958,-40,true,l,true,4
160,-40,false,l,true,4
161.235,-40,true,g,true,4
149.655,-60,false,g,true,4
143.601,-60,false,b,true,4
155.632,-40,true,l,true,4
160,-40,false,l,true,4
208.359,-40,true,g,true,4
199.534,-60,false,g,true,4
159.675,-60,false,b,true,4
170.576,-40,true,l,true,4
160,-40,false,l,true,4
155.262,-40,true,g,true,4
143.2,-60,false,g,true,4
138.204,-60,false,b,true,4
150.666,-40,true,l,true,4
160,-40,false,l,true,4
158.635,-40,true,g,true,4
146.85,-60,false,g,true,4
140.431,-60,false,b,true,4
152.712,-40,true,l,true,4
160,-40,false,l,true,4
157.008,-40,true,g,true,4
145.091,-60,false,g,true,4
143.971,-60,false,b,true,4
155.973,-40,true,l,true,4
160,-40,false,l,true,4
170.519,-40,true,g,true,4
159.614,-60,false,g,true,4
153.267,-60,false,b,true,4
164.593,-40,true,l,true,4
160,-40,false,l,true,4
170.275,-40,true,g,true,4
159.354,-60,false,g,true,4
198.516,-60,false,b,true,4
207.385,-40,true,l,true,4
160,-40,false,l,true,4
163.273,-40,true,g,true,4
151.849,-60,false,g,true,4
141.496,-60,false,b,true,4
177.043,-60,false,b,true,4
186.934,-40,true,l,true,4
160,-40,false,l,true,4
200.135,-40,true,g,true,4
190.93,-60,false,g,true,4
159.145,-60,false,b,true,4
170.08,-40,true,l,true,4
160,-40,false,l,true,4
183.869,-40,true,g,true,4
173.804,-60,false,g,true,4
135.705,-60,false,b,true,4
154.623,-60,false,b,true,4
198.216,-60,false,b,true,4
207.098,-40,true,l,true,4
160,-40,false,l,true,4
188.331,-40,true,g,true,4
178.517,-60,false,g,true,4
175.385,-60,false,b,true,4
185.365,-40,true,l,true,4
160,-40,false,l,true,4
155.531,-40,true,g,true,4
143.492,-60,false,g,true,4
135.809,-60,false,b,true,4
146.557,-60,false,b,true,4
158.363,-40,true,l,true,4
160,-40,false,l,true,4
166.044,-40,true,g,true,4
154.824,-60,false,g,true,4
138.756,-60,false,b,true,4
148.661,-60,false,b,true,4
143.43,-60,false,b,true,4
162.521,-60,false,b,true,4
173.243,-40,true,l,true,4
160,-40,false,l,true,4
166.962,-40,true,g,true,4
155.808,-60,false,g,true,4
148.508,-60,false,b,true,4
160.171,-40,true,l,true,4
160,-40,false,l,true,4
166.627,-40,true,g,true,4
155.45,-60,false,g,true,4
146.944,-60,false,b,true,4
162.766,-60,false,b,true,4
173.473,-40,true,l,true,4
160,-40,false,l,true,4
168.928,-40,true,g,true,4
157.914,-60,false,g,true,4
152.973,-60,false,b,true,4
160,-60,false,f,true,5
148.081,-60,false,b,true,5
159.774,-40,true,l,true,5
160,-40,false,l,true,5
185.357,-40,true,g,true,5
175.378,-60,false,g,true,5
143.555,-60,false,b,true,5
155.59,-40,true,l,true,5
160,-40,false,l,true,5
204.09,-40,true,g,true,5
195.071,-60,false,g,true,5
153.016,-60,false,b,true,5
164.359,-40,true,l,true,5
160,-40,false,l,true,5
173.536,-40,true,g,true,5
162.834,-60,false,g,true,5
155.772,-60,false,b,true,5
166.928,-40,true,l,true,5
160,-40,false,l,true,5
157.029,-40,true,g,true,5
145.114,-60,false,g,true,5
136.353,-60,false,b,true,5
138.557,-60,false,b,true,5
150.991,-40,true,l,true,5
160,-40,false,l,true,5
173.128,-40,true,g,true,5
162.398,-60,false,g,true,5
148.042,-60,false,b,true,5
143.264,-60,false,b,true,5
155.321,-40,true,l,true,5
160,-40,false,l,true,5
205.486,-40,true,g,true,5
196.531,-60,false,g,true,5
136.549,-60,false,b,true,5
149.15,-40,true,l,true,5
160,-40,false,l,true,5
168.133,-40,true,g,true,5
157.063,-60,false,g,true,5
146.131,-60,false,b,true,5
157.969,-40,true,l,true,5
160,-40,false,l,true,5
179.334,-40,true,g,true,5
168.999,-60,false,g,true,5
161.138,-60,false,b,true,5
171.946,-40,true,l,true,5
160,-40,false,l,true,5
173.31,-40,true,g,true,5
162.593,-60,false,g,true,5
156.599,-60,false,b,true,5
167.7,-40,true,l,true,5
160,-40,false,l,true,5
199.016,-40,true,g,true,5
189.756,-60,false,g,true,5
173.473,-60,false,b,true,5
136.661,-60,false,b,true,5
149.252,-40,true,l,true,5
160,-40,false,l,true,5
200.034,-40,true,g,true,5
190.824,-60,false,g,true,5
169.58,-60,false,b,true,5
166.181,-60,false,b,true,5
176.681,-40,true,l,true,5
160,-40,false,l,true,5
172.974,-40,true,g,true,5
162.235,-60,false,g,true,5
149.127,-60,false,b,true,5
160.745,-40,true,l,true,5
160,-40,false,l,true,5
180.419,-40,true,g,true,5
170.15,-60,false,g,true,5
151.02,-60,false,b,true,5
162.502,-40,true,l,true,5
160,-40,false,l,true,5
206.589,-40,true,g,true,5
197.685,-60,false,g,true,5
138.32,-60,false,b,true,5
139.706,-60,false,b,true,5
152.045,-40,true,l,true,5
160,-40,false,l,true,5
205.345,-40,true,g,true,5
196.383,-60,false,g,true,5
142.291,-60,false,b,true,5
154.424,-40,true,l,true,5
160,-40,false,l,true,5
160.405,-40,true,g,true,5
148.761,-60,false,g,true,5
140.114,-60,false,b,true,5
152.42,-40,true,l,true,5
160,-40,false,l,true,5
177.695,-40,true,g,true,5
167.259,-60,false,g,true,5
157.07,-60,false,b,true,5
147.785,-60,false,b,true,5
159.5,-40,true,l,true,5
160,-40,false,l,true,5
160.541,-40,true,g,true,5
148.907,-60,false,g,true,5
141.511,-60,false,b,true,5
153.706,-40,true,l,true,5
160,-40,false,l,true,5
205.404,-40,true,g,true,5
196.445,-60,false,g,true,5
145.36,-60,false,b,true,5
157.256,-40,true,l,true,5
160,-40,false,l,true,5
202.199,-40,true,g,true,5
193.092,-60,false,g,true,5
146.653,-60,false,b,true,5
158.452,-40,true,l,true,5
160,-40,false,l,true,5
181.896,-40,true,g,true,5
171.716,-60,false,g,true,5
164.695,-60,false,b,true,5
175.284,-40,true,l,true,5
160,-40,false,l,true,5
175.387,-40,true,g,true,5
164.804,-60,false,g,true,5
144.128,-60,false,b,true,5
144.582,-60,false,b,true,5
156.538,-40,true,l,true,5
160,-40,false,l,true,5
172.341,-40,true,g,true,5
161.56,-60,false,g,true,5
136.165,-60,false,b,true,5
148.799,-40,true,l,true,5
160,-40,false,l,true,5
204.214,-40,true,g,true,5
195.201,-60,false,g,true,5
180.333,-60,false,b,true,5
138.72,-60,false,b,true,5
141.311,-60,false,b,true,5
153.522,-40,true,l,true,5
160,-40,false,l,true,5
172.729,-40,true,g,true,5
161.973,-60,false,g,true,5
142.158,-60,false,b,true,5
142.414,-60,false,b,true,5
154.537,-40,true,l,true,5
160,-40,false,l,true,5
182.041,-40,true,g,true,5
171.869,-60,false,g,true,5
150.168,-60,false,b,true,5
161.711,-40,true,l,true,5
160,-40,false,l,true,5
156.19,-40,true,g,true,5
144.206,-60,false,g,true,5
139.506,-60,false,b,true,5
151.862,-40,true,l,true,5
160,-40,false,l,true,5
193.199,-40,true,g,true,5
183.646,-60,false,g,true,5
152.558,-60,false,b,true,5
137.563,-60,false,b,true,5
150.079,-40,true,l,true,5
160,-40,false,l,true,5
171.421,-40,true,g,true,5
160.577,-60,false,g,true,5
141.895,-60,false,b,true,5
154.059,-40,true,l,true,5
160,-40,false,l,true,5
177.802,-40,true,g,true,5
167.372,-60,false,g,true,5
147.699,-60,false,b,true,5
136.808,-60,false,b,true,5
149.386,-40,true,l,true,5
160,-40,false,l,true,5
205.887,-40,true,g,true,5
196.951,-60,false,g,true,5
137.025,-60,false,b,true,5
149.585,-40,true,l,true,5
160,-40,false,l,true,5
174.49,-40,true,g,true,5
163.85,-60,false,g,true,5
159.542,-60,false,b,true,5
170.451,-40,true,l,true,5
160,-40,false,l,true,5
163.158,-40,true,g,true,5
151.726,-60,false,g,true,5
142.697,-60,false,b,true,5
135.499,-60,false,b,true,5
148.189,-40,true,l,true,5
160,-40,false,l,true,5
170.957,-40,true,g,true,5
160.083,-60,false,g,true,5
149.052,-60,false,b,true,5
160.675,-40,true,l,true,5
160,-40,false,l,true,5
168.987,-40,true,g,true,5
157.977,-60,false,g,true,5
196.731,-60,false,b,true,5
149.408,-60,false,b,true,5
161.006,-40,true,l,true,5
160,-40,false,l,true,5
207.967,-40,true,g,true,5
199.124,-60,false,g,true,5
163.346,-60,false,b,true,5
174.017,-40,true,l,true,5
160,-40,false,l,true,5
153.937,-40,true,g,true,5
141.762,-60,false,g,true,5
148.743,-60,false,b,true,5
160.389,-40,true,l,true,5
160,-40,false,l,true,5
160.295,-40,true,g,true,5
148.642,-60,false,g,true,5
141.87,-60,false,b,true,5
154.036,-40,true,l,true,5
160,-40,false,l,true,5
205.898,-40,true,g,true,5
196.962,-60,false,g,true,5
165.482,-60,false,b,true,5
176.023,-40,true,l,true,5
160,-40,false,l,true,5
201.919,-40,true,g,true,5
192.799,-60,false,g,true,5
146.118,-60,false,b,true,5
157.957,-40,true,l,true,5
160,-40,false,l,true,5
196.581,-40,true,g,true,5
187.201,-60,false,g,true,5
137.996,-60,false,b,true,5
150.476,-40,true,l,true,5
160,-40,false,l,true,5
203.86,-40,true,g,true,5
194.83,-60,false,g,true,5
170.752,-60,false,b,true,5
180.987,-40,true,l,true,5
160,-40,false,l,true,5
177.197,-40,true,g,true,5
166.73,-60,false,g,true,5
175.656,-60,false,b,true,5
185.62,-40,true,l,true,5
160,-40,false,l,true,5
178.365,-40,true,g,true,5
167.97,-60,false,g,true,5
160.632,-60,false,b,true,5
171.472,-40,true,l,true,5
160,-40,false,l,true,5
153.993,-40,true,g,true,5
141.823,-60,false,g,true,5
135.611,-60,false,b,true,5
148.292,-40,true,l,true,5
160,-40,false,l,true,5
177.512,-40,true,g,true,5
167.064,-60,false,g,true,5
192.186,-60,false,b,true,5
201.334,-40,true,l,true,5
160,-40,false,l,true,5
160.491,-40,true,g,true,5
148.854,-60,false,g,true,5
140.757,-60,false,b,true,5
153.011,-40,true,l,true,5
160,-40,false,l,true,5
164.465,-40,true,g,true,5
153.13,-60,false,g,true,5
144.14,-60,false,b,true,5
145.961,-60,false,b,true,5
157.812,-40,true,l,true,5
160,-40,false,l,true,5
202.68,-40,true,g,true,5
193.596,-60,false,g,true,5
161.009,-60,false,b,true,5
186.315,-60,false,b,true,5
142.925,-60,false,b,true,5
155.008,-40,true,l,true,5
160,-40,false,l,true,5
181.161,-40,true,g,true,5
170.936,-60,false,g,true,5
199.182,-60,false,b,true,5
208.023,-40,true,l,true,5
160,-40,false,l,true,5
170.132,-40,true,g,true,5
159.201,-60,false,g,true,5
146.95,-60,false,b,true,5
177.65,-60,false,b,true,5
141.446,-60,false,b,true,5
153.645,-40,true,l,true,5
160,-40,false,l,true,5
168.403,-40,true,g,true,5
157.352,-60,false,g,true,5
150.715,-60,false,b,true,5
162.219,-40,true,l,true,5
160,-40,false,l,true,5
161.839,-40,true,g,true,5
150.306,-60,false,g,true,5
136.506,-60,false,b,true,5
149.111,-40,true,l,true,5
160,-40,false,l,true,5
203.913,-40,true,g,true,5
194.886,-60,false,g,true,5
185.068,-60,false,b,true,5
194.551,-40,true,l,true,5
160,-40,false,l,true,5
177.672,-40,true,g,true,5
167.234,-60,false,g,true,5
161.192,-60,false,b,true,5
171.996,-40,true,l,true,5
160,-40,false,l,true,5
170.263,-40,true,g,true,5
159.341,-60,false,g,true,5
140.153,-60,false,b,true,5
152.456,-40,true,l,true,5
160,-40,false,l,true,5
168.379,-40,true,g,true,5
157.326,-60,false,g,true,5
152.895,-60,false,b,true,5
153.797,-60,false,b,true,5
165.086,-40,true,l,true,5
160,-40,false,l,true,5
199.773,-40,true,g,true,5
190.55,-60,false,g,true,5
136.623,-60,false,b,true,5
149.218,-40,true,l,true,5
160,-40,false,l,true,5
199.808,-40,true,g,true,5
190.586,-60,false,g,true,5
175.862,-60,false,b,true,5
185.816,-40,true,l,true,5
160,-40,false,l,true,5
202.776,-40,true,g,true,5
193.696,-60,false,g,true,5
159.782,-60,false,b,true,5
170.676,-40,true,l,true,5
160,-40,false,l,true,5
179.452,-40,true,g,true,5
169.125,-60,false,g,true,5
135.988,-60,false,b,true,5
148.637,-40,true,l,true,5
160,-40,false,l,true,5
163.005,-40,true,g,true,5
151.56,-60,false,g,true,5
146.831,-60,false,b,true,5
158.617,-40,true,l,true,5
160,-40,false,l,true,5
191.105,-40,true,g,true,5
181.442,-60,false,g,true,5
150.591,-60,false,b,true,5
135.593,-60,false,b,true,5
148.275,-40,true,l,true,5
160,-40,false,l,true,5
206.161,-40,true,g,true,5
197.237,-60,false,g,true,5
153.049,-60,false,b,true,5
164.389,-40,true,l,true,5
160,-40,false,l,true,5
193.88,-40,true,g,true,5
184.362,-60,false,g,true,5
138.727,-60,false,b,true,5
151.146,-40,true,l,true,5
160,-40,false,l,true,5
198.053,-40,true,g,true,5
188.745,-60,false,g,true,5
174.062,-60,false,b,true,5
170.924,-60,false,b,true,5
181.149,-40,true,l,true,5
160,-40,false,l,true,5
156.35,-40,true,g,true,5
144.379,-60,false,g,true,5
137.432,-60,false,b,true,5
149.958,-40,true,l,true,5
160,-40,false,l,true,5
171.908,-40,true,g,true,5
161.097,-60,false,g,true,5
154.519,-60,false,b,true,5
165.759,-40,true,l,true,5
160,-40,false,l,true,5
202.939,-40,true,g,true,5
193.867,-60,false,g,true,5
141.057,-60,false,b,true,5
153.287,-40,true,l,true,5
160,-40,false,l,true,5
153.693,-40,true,g,true,5
141.498,-60,false,g,true,5
141.178,-60,false,b,true,5
153.399,-40,true,l,true,5
160,-40,false,l,true,5
207.057,-40,true,g,true,5
198.173,-60,false,g,true,5
146.405,-60,false,b,true,5
158.222,-40,true,l,true,5
160,-40,false,l,true,5
158.798,-40,true,g,true,5
147.026,-60,false,g,true,5
140.339,-60,false,b,true,5
152.627,-40,true,l,true,5
160,-40,false,l,true,5
201.056,-40,true,g,true,5
191.895,-60,false,g,true,5
167.598,-60,false,b,true,5
135.836,-60,false,b,true,5
148.497,-40,true,l,true,5
160,-40,false,l,true,5
169.035,-40,true,g,true,5
158.028,-60,false,g,true,5
141.38,-60,false,b,true,5
153.585,-40,true,l,true,5
160,-40,false,l,true,5
190.897,-40,true,g,true,5
181.223,-60,false,g,true,5
136.334,-60,false,b,true,5
148.953,-40,true,l,true,5
160,-40,false,l,true,5
197.702,-40,true,g,true,5
188.378,-60,false,g,true,5
145.515,-60,false,b,true,5
157.4,-40,true,l,true,5
160,-40,false,l,true,5
197.996,-40,true,g,true,5
188.686,-60,false,g,true,5
136.586,-60,false,b,true,5
150.591,-60,false,b,true,5
136.698,-60,false,b,true,5
149.286,-40,true,l,true,5
160,-40,false,l,true,5
167.294,-40,true,g,true,5
156.165,-60,false,g,true,5
148.298,-60,false,b,true,5
159.976,-40,true,l,true,5
160,-40,false,l,true,5
194.289,-40,true,g,true,5
184.792,-60,false,g,true,5
137.086,-60,false,b,true,5
149.642,-40,true,l,true,5
160,-40,false,l,true,5
200.1,-40,true,g,true,5
190.893,-60,false,g,true,5
138.023,-60,false,b,true,5
150.5,-40,true,l,true,5
160,-40,false,l,true,5
182.661,-40,true,g,true,5
172.525,-60,false,g,true,5
190.743,-60,false,b,true,5
185.674,-60,false,b,true,5
187.992,-60,false,b,true,5
197.334,-40,true,l,true,5
160,-40,false,l,true,5
169.254,-40,true,g,true,5
158.262,-60,false,g,true,5
143.026,-60,false,b,true,5
164.948,-60,false,b,true,5
175.522,-40,true,l,true,5
160,-40,false,l,true,5
202.052,-40,true,g,true,5
192.938,-60,false,g,true,5
146.416,-60,false,b,true,5
158.232,-40,true,l,true,5
160,-40,false,l,true,5
201.241,-40,true,g,true,5
192.088,-60,false,g,true,5
139.98,-60,false,b,true,5
152.297,-40,true,l,true,5
160,-40,false,l,true,5
197.913,-40,true,g,true,5
188.599,-60,false,g,true,5
188.545,-60,false,b,true,5
197.862,-40,true,l,true,5
160,-40,false,l,true,5
156.259,-40,true,g,true,5
144.281,-60,false,g,true,5
135.906,-60,false,b,true,5
146.635,-60,false,b,true,5
158.435,-40,true,l,true,5
160,-40,false,l,true,5
166.957,-40,true,g,true,5
155.803,-60,false,g,true,5
138.17,-60,false,b,true,5
150.635,-40,true,l,true,5
160,-40,false,l,true,5
167.3,-40,true,g,true,5
156.171,-60,false,g,true,5
147.176,-60,false,b,true,5
158.937,-40,true,l,true,5
160,-40,false,l,true,5
156.703,-40,true,g,true,5
144.761,-60,false,g,true,5
137.106,-60,false,b,true,5
149.659,-40,true,l,true,5
160,-40,false,l,true,5
204.711,-40,true,g,true,5
195.721,-60,false,g,true,5
170.836,-60,false,b,true,5
181.066,-40,true,l,true,5
160,-40,false,l,true,5
198.641,-40,true,g,true,5
189.363,-60,false,g,true,5
136.4,-60,false,b,true,5
149.013,-40,true,l,true,5
160,-40,false,l,true,5
