number, v,,,,,,kaisou,,,,,, COMTYPE, center_of_mass, thP, thR, thY, leg[0],,, Leg[1],,, leg[2],,, leg[3],,, leg[4],,, leg[5],,, leg2[0],,, Leg2[1],,, leg2[2],,, leg2[3],,, leg2[4],,, leg2[5],,, global_center_of_mass,,, debug, kaisoubit,,,,,last_node_num,time
, leg0, leg1, leg2, leg3, leg4, leg5, leg0, leg1, leg2, leg3, leg4, leg5, , , , , , x, y, z, x, y, z, x, y, z, x, y, z, x, y, z, x, y, z, x, y, z, x, y, z, x, y, z, x, y, z, x, y, z, x, y, z, x, y, z,
1
0,1,1,1,1,1,1,4,4,4,4,4,4,0,0,0,0,0,120,100,-130,130,0,-130,120,-100,-130,-120,-100,-130,-130,0,-130,-120,100,-130,120,100,-130,130,0,-130,120,-100,-130,-120,-100,-130,-130,0,-130,-120,100,-130,0,0,130,24,0100,0100,0100,0100,0100,0100,0,0,
1,1,1,1,1,1,1,4,4,4,4,4,4,0,0,0,0,0,120,100,-30,130,0,-30,120,-100,-30,-120,-100,-30,-130,0,-30,-120,100,-30,120,100,-30,130,0,-30,120,-100,-30,-120,-100,-30,-130,0,-30,-120,100,-30,0,0,30,62,0100,0100,0100,0100,0100,0100,5,0.365,
2,1,1,0,1,1,0,4,4,4,4,4,4,0,0,0,0,0,120,100,-30,130,0,-30,120,-100,-20,-120,-100,-30,-130,0,-30,-120,100,-20,120,100,-30,130,0,-30,120,-100,-30,-120,-100,-30,-130,0,-30,-120,100,-30,0,0,30,26,0100,0100,0100,0100,0100,0100,17,0.298,
3,1,1,0,1,1,0,4,4,4,4,4,4,8,0,0,0,0,120,100,-30,130,0,-30,120,-100,-20,-120,-100,-30,-130,0,-30,-120,100,-20,120,100,-30,130,0,-30,120,-100,-30,-120,-100,-30,-130,0,-30,-120,100,-30,0,0,30,32,0100,0100,0100,0100,0100,0100,1,0.217,
4,1,1,0,1,1,0,4,4,6,4,4,6,8,0,0,0,0,120,100,-30,130,0,-30,120,-100,-20,-120,-100,-30,-130,0,-30,-120,100,-20,120,100,-30,130,0,-30,120,-100,-30,-120,-100,-30,-130,0,-30,-120,100,-30,0,0,30,43,0100,0100,0110,0100,0100,0110,49,0.23,
5,1,1,1,1,1,1,4,4,6,4,4,6,8,0,0,0,0,120,100,-30,130,0,-30,220,-20,-30,-120,-100,-30,-130,0,-30,-80,220,-30,120,100,-30,130,0,-30,120,-100,-30,-120,-100,-30,-130,0,-30,-120,100,-30,0,0,30,824,0100,0100,0110,0100,0100,0110,3,0.21,
6,0,1,0,1,0,1,4,4,6,4,4,6,8,0,0,0,0,120,100,-20,130,0,-30,220,-20,-20,-120,-100,-30,-130,0,-20,-80,220,-30,120,100,-30,130,0,-30,120,-100,-30,-120,-100,-30,-130,0,-30,-120,100,-30,0,0,30,26,0100,0100,0110,0100,0100,0110,5,0.242,
7,0,1,0,1,0,1,4,4,4,4,4,4,5,0,0,0,0,120,100,-20,126.011,-99.0456,-30,220,-20,-20,-123.989,-199.046,-30,-130,0,-20,-83.9895,120.954,-30,120,100,-30,126.011,-99.0456,-30,220,-20,-30,-123.989,-199.046,-30,-130,0,-30,-83.9895,120.954,-30,3.98945,99.0456,30,32,0100,0100,0100,0100,0100,0100,1,0.247,
8,0,1,0,1,0,1,4,4,6,4,2,4,5,0,0,0,0,120,100,-20,126.011,-99.0456,-30,220,-20,-20,-123.989,-199.046,-30,-130,0,-20,-83.9895,120.954,-30,120,100,-30,126.011,-99.0456,-30,220,-20,-30,-123.989,-199.046,-30,-130,0,-30,-83.9895,120.954,-30,3.98945,99.0456,30,43,0100,0100,0110,0100,0010,0100,343,0.322,
9,1,1,1,1,1,1,4,4,6,4,2,4,5,0,0,0,0,116.011,100.954,-30,126.011,-99.0456,-30,156.011,-19.0456,-30,-123.989,-199.046,-30,-183.989,-19.0456,-30,-83.9895,120.954,-30,120,100,-30,126.011,-99.0456,-30,220,-20,-30,-123.989,-199.046,-30,-130,0,-30,-83.9895,120.954,-30,3.98945,99.0456,30,1724,0100,0100,0110,0100,0010,0100,7,0.225,
10,1,0,1,0,1,0,4,4,6,4,2,4,5,0,0,0,0,116.011,100.954,-30,126.011,-99.0456,-20,156.011,-19.0456,-30,-123.989,-199.046,-20,-183.989,-19.0456,-30,-83.9895,120.954,-20,120,100,-30,126.011,-99.0456,-30,220,-20,-30,-123.989,-199.046,-30,-130,0,-30,-83.9895,120.954,-30,3.98945,99.0456,30,26,0100,0100,0110,0100,0010,0100,5,0.268,
11,1,0,1,0,1,0,4,4,4,4,4,4,5,0,0,0,0,129.019,20.6126,-30,126.011,-99.0456,-20,169.019,-99.3874,-30,-123.989,-199.046,-20,-170.981,-99.3874,-30,-83.9895,120.954,-20,129.019,20.6126,-30,126.011,-99.0456,-30,169.019,-99.3874,-30,-123.989,-199.046,-30,-170.981,-99.3874,-30,-83.9895,120.954,-30,-9.01855,179.387,30,32,0100,0100,0100,0100,0100,0100,1,0.235,
12,1,0,1,0,1,0,4,2,4,4,4,2,5,0,0,0,0,129.019,20.6126,-30,126.011,-99.0456,-20,169.019,-99.3874,-30,-123.989,-199.046,-20,-170.981,-99.3874,-30,-83.9895,120.954,-20,129.019,20.6126,-30,126.011,-99.0456,-30,169.019,-99.3874,-30,-123.989,-199.046,-30,-170.981,-99.3874,-30,-83.9895,120.954,-30,-9.01855,179.387,30,43,0100,0010,0100,0100,0100,0010,343,0.331,
13,1,1,1,1,1,1,4,2,4,4,4,2,5,0,0,0,0,129.019,20.6126,-30,189.019,-119.387,-30,169.019,-99.3874,-30,-110.981,-199.387,-30,-170.981,-99.3874,-30,-210.981,100.613,-30,129.019,20.6126,-30,126.011,-99.0456,-30,169.019,-99.3874,-30,-123.989,-199.046,-30,-170.981,-99.3874,-30,-83.9895,120.954,-30,-9.01855,179.387,30,1624,0100,0010,0100,0100,0100,0010,7,0.23,
14,0,1,1,0,1,1,4,2,4,4,4,2,5,0,0,0,0,129.019,20.6126,-20,189.019,-119.387,-30,169.019,-99.3874,-30,-110.981,-199.387,-20,-170.981,-99.3874,-30,-210.981,100.613,-30,129.019,20.6126,-30,126.011,-99.0456,-30,169.019,-99.3874,-30,-123.989,-199.046,-30,-170.981,-99.3874,-30,-83.9895,120.954,-30,-9.01855,179.387,30,26,0100,0010,0100,0100,0100,0010,5,0.266,
15,0,1,1,0,1,1,4,4,4,4,4,4,6,0,0,0,0,129.019,20.6126,-20,181.318,-147.849,-30,161.318,-127.849,-30,-110.981,-199.387,-20,-178.682,-127.849,-30,-218.682,72.1512,-30,129.019,20.6126,-30,181.318,-147.849,-30,161.318,-127.849,-30,-110.981,-199.387,-30,-178.682,-127.849,-30,-218.682,72.1512,-30,-1.31782,207.849,30,32,0100,0100,0100,0100,0100,0100,1,0.201,
16,0,1,1,0,1,1,6,4,4,2,4,4,6,0,0,0,0,129.019,20.6126,-20,181.318,-147.849,-30,161.318,-127.849,-30,-110.981,-199.387,-20,-178.682,-127.849,-30,-218.682,72.1512,-30,129.019,20.6126,-30,181.318,-147.849,-30,161.318,-127.849,-30,-110.981,-199.387,-30,-178.682,-127.849,-30,-218.682,72.1512,-30,-1.31782,207.849,30,43,0110,0100,0100,0010,0100,0100,49,0.228,
17,1,1,1,1,1,1,6,4,4,2,4,4,6,0,0,0,0,181.318,52.1512,-30,181.318,-147.849,-30,161.318,-127.849,-30,-18.6822,-207.849,-30,-178.682,-127.849,-30,-218.682,72.1512,-30,129.019,20.6126,-30,181.318,-147.849,-30,161.318,-127.849,-30,-110.981,-199.387,-30,-178.682,-127.849,-30,-218.682,72.1512,-30,-1.31782,207.849,30,724,0110,0100,0100,0010,0100,0100,5,0.215,
18,1,0,1,0,0,1,6,4,4,2,4,4,6,0,0,0,0,181.318,52.1512,-30,181.318,-147.849,-20,161.318,-127.849,-30,-18.6822,-207.849,-20,-178.682,-127.849,-20,-218.682,72.1512,-30,129.019,20.6126,-30,181.318,-147.849,-30,161.318,-127.849,-30,-110.981,-199.387,-30,-178.682,-127.849,-30,-218.682,72.1512,-30,-1.31782,207.849,30,26,0110,0100,0100,0010,0100,0100,5,0.243,
19,1,0,1,0,0,1,4,4,4,4,4,4,6,0,0,0,0,191.14,37.669,-30,181.318,-147.849,-20,171.14,-142.331,-30,-18.6822,-207.849,-20,-178.682,-127.849,-20,-208.86,57.669,-30,191.14,37.669,-30,181.318,-147.849,-30,171.14,-142.331,-30,-18.6822,-207.849,-30,-178.682,-127.849,-30,-208.86,57.669,-30,-11.1402,222.331,30,32,0100,0100,0100,0100,0100,0100,1,0.228,
20,1,0,1,0,0,1,4,6,4,6,6,4,6,0,0,0,0,191.14,37.669,-30,181.318,-147.849,-20,171.14,-142.331,-30,-18.6822,-207.849,-20,-178.682,-127.849,-20,-208.86,57.669,-30,191.14,37.669,-30,181.318,-147.849,-30,171.14,-142.331,-30,-18.6822,-207.849,-30,-178.682,-127.849,-30,-208.86,57.669,-30,-11.1402,222.331,30,43,0100,0110,0100,0110,0110,0100,343,0.283,
21,1,1,1,1,1,1,4,6,4,6,6,4,6,0,0,0,0,191.14,37.669,-30,171.14,137.669,-30,171.14,-142.331,-30,-128.86,-22.331,-30,-188.86,137.669,-30,-208.86,57.669,-30,191.14,37.669,-30,181.318,-147.849,-30,171.14,-142.331,-30,-18.6822,-207.849,-30,-178.682,-127.849,-30,-208.86,57.669,-30,-11.1402,222.331,30,2724,0100,0110,0100,0110,0110,0100,7,0.209,
22,0,1,0,1,0,1,4,6,4,6,6,4,6,0,0,0,0,191.14,37.669,-20,171.14,137.669,-30,171.14,-142.331,-20,-128.86,-22.331,-30,-188.86,137.669,-20,-208.86,57.669,-30,191.14,37.669,-30,181.318,-147.849,-30,171.14,-142.331,-30,-18.6822,-207.849,-30,-178.682,-127.849,-30,-208.86,57.669,-30,-11.1402,222.331,30,26,0100,0110,0100,0110,0110,0100,5,0.237,
23,0,1,0,1,0,1,4,4,4,4,4,4,7,0,0,0,0,191.14,37.669,-20,171.939,102.622,-30,171.14,-142.331,-20,-128.061,-57.3783,-30,-188.86,137.669,-20,-208.061,22.6217,-30,191.14,37.669,-30,171.939,102.622,-30,171.14,-142.331,-30,-128.061,-57.3783,-30,-188.86,137.669,-30,-208.061,22.6217,-30,-11.9394,257.378,30,32,0100,0100,0100,0100,0100,0100,1,0.221,
24,0,1,0,1,0,1,5,4,6,4,4,4,7,0,0,0,0,191.14,37.669,-20,171.939,102.622,-30,171.14,-142.331,-20,-128.061,-57.3783,-30,-188.86,137.669,-20,-208.061,22.6217,-30,191.14,37.669,-30,171.939,102.622,-30,171.14,-142.331,-30,-128.061,-57.3783,-30,-188.86,137.669,-30,-208.061,22.6217,-30,-11.9394,257.378,30,43,0101,0100,0110,0100,0100,0100,343,0.265,
25,1,1,1,1,1,1,5,4,6,4,4,4,7,0,0,0,0,51.9394,122.622,-170,171.939,102.622,-30,191.939,-17.3783,-30,-128.061,-57.3783,-30,-188.061,122.622,-30,-208.061,22.6217,-30,191.14,37.669,-30,171.939,102.622,-30,171.14,-142.331,-30,-128.061,-57.3783,-30,-188.86,137.669,-30,-208.061,22.6217,-30,-11.9394,257.378,30,1724,0101,0100,0110,0100,0100,0100,7,0.217,
26,0,1,1,0,1,0,5,4,6,4,4,4,7,0,0,0,0,51.9394,122.622,-20,171.939,102.622,-30,191.939,-17.3783,-30,-128.061,-57.3783,-20,-188.061,122.622,-30,-208.061,22.6217,-20,191.14,37.669,-30,171.939,102.622,-30,171.14,-142.331,-30,-128.061,-57.3783,-30,-188.86,137.669,-30,-208.061,22.6217,-30,-11.9394,257.378,30,26,0101,0100,0110,0100,0100,0100,5,0.228,
27,0,1,1,0,1,0,4,4,4,4,4,4,7,0,0,0,0,51.9394,122.622,-20,178.059,1.74863,-30,198.059,-118.251,-30,-128.061,-57.3783,-20,-181.941,21.7486,-30,-208.061,22.6217,-20,51.9394,122.622,-30,178.059,1.74863,-30,198.059,-118.251,-30,-128.061,-57.3783,-30,-181.941,21.7486,-30,-208.061,22.6217,-30,-18.0589,358.251,30,32,0100,0100,0100,0100,0100,0100,2,0.217,
28,0,1,1,0,1,0,1,4,4,6,4,1,7,0,0,0,0,51.9394,122.622,-20,178.059,1.74863,-30,198.059,-118.251,-30,-128.061,-57.3783,-20,-181.941,21.7486,-30,-208.061,22.6217,-20,51.9394,122.622,-30,178.059,1.74863,-30,198.059,-118.251,-30,-128.061,-57.3783,-30,-181.941,21.7486,-30,-208.061,22.6217,-30,-18.0589,358.251,30,43,0001,0100,0100,0110,0100,0001,343,0.238,
29,0,1,1,1,1,0,1,4,4,6,4,1,7,0,0,0,0,51.9394,122.622,-20,178.059,1.74863,-30,198.059,-118.251,-30,-161.941,-18.2514,-30,-181.941,21.7486,-30,-208.061,22.6217,-20,51.9394,122.622,-30,178.059,1.74863,-30,198.059,-118.251,-30,-128.061,-57.3783,-30,-181.941,21.7486,-30,-208.061,22.6217,-30,-18.0589,358.251,30,2924,0001,0100,0100,0110,0100,0001,3,0.2,
30,0,1,0,1,1,0,1,4,4,6,4,1,7,0,0,0,0,51.9394,122.622,-20,178.059,1.74863,-30,198.059,-118.251,-20,-161.941,-18.2514,-30,-181.941,21.7486,-30,-208.061,22.6217,-20,51.9394,122.622,-30,178.059,1.74863,-30,198.059,-118.251,-30,-128.061,-57.3783,-30,-181.941,21.7486,-30,-208.061,22.6217,-30,-18.0589,358.251,30,2326,0001,0100,0100,0110,0100,0001,5,0.204,
31,0,1,0,1,1,0,4,4,4,4,4,4,2,0,0,0,0,51.9394,122.622,-20,154.622,3.74302,-30,198.059,-118.251,-20,-185.378,-16.257,-30,-205.378,23.743,-30,-208.061,22.6217,-20,51.9394,122.622,-30,154.622,3.74302,-30,198.059,-118.251,-30,-185.378,-16.257,-30,-205.378,23.743,-30,-208.061,22.6217,-30,5.3777,356.257,30,32,0100,0100,0100,0100,0100,0100,1,0.217,
32,0,1,0,1,1,0,1,4,2,4,4,5,2,0,0,0,0,51.9394,122.622,-20,154.622,3.74302,-30,198.059,-118.251,-20,-185.378,-16.257,-30,-205.378,23.743,-30,-208.061,22.6217,-20,51.9394,122.622,-30,154.622,3.74302,-30,198.059,-118.251,-30,-185.378,-16.257,-30,-205.378,23.743,-30,-208.061,22.6217,-30,5.3777,356.257,30,43,0001,0100,0010,0100,0100,0101,343,0.241,
33,1,1,1,1,1,0,1,4,2,4,4,5,2,0,0,0,0,74.6223,103.743,-170,154.622,3.74302,-30,94.6223,-116.257,-30,-185.378,-16.257,-30,-205.378,23.743,-30,-208.061,22.6217,-20,51.9394,122.622,-30,154.622,3.74302,-30,198.059,-118.251,-30,-185.378,-16.257,-30,-205.378,23.743,-30,-208.061,22.6217,-30,5.3777,356.257,30,3524,0001,0100,0010,0100,0100,0101,3,0.206,
34,1,1,0,1,1,0,1,4,2,4,4,5,2,0,0,0,0,74.6223,103.743,-170,154.622,3.74302,-30,94.6223,-116.257,-20,-185.378,-16.257,-30,-205.378,23.743,-30,-208.061,22.6217,-20,51.9394,122.622,-30,154.622,3.74302,-30,198.059,-118.251,-30,-185.378,-16.257,-30,-205.378,23.743,-30,-208.061,22.6217,-30,5.3777,356.257,30,526,0001,0100,0010,0100,0100,0101,5,0.227,
35,1,1,0,1,1,0,4,4,4,4,4,4,6,0,0,0,0,129.507,34.3823,-170,209.507,-65.6177,-30,94.6223,-116.257,-20,-130.493,-85.6177,-30,-150.493,-45.6177,-30,-208.061,22.6217,-20,129.507,34.3823,-170,209.507,-65.6177,-30,94.6223,-116.257,-30,-130.493,-85.6177,-30,-150.493,-45.6177,-30,-208.061,22.6217,-30,-49.5071,425.618,30,32,0100,0100,0100,0100,0100,0100,2,0.202,
36,1,1,0,1,1,0,4,4,4,4,4,3,6,0,0,0,0,129.507,34.3823,-170,209.507,-65.6177,-30,94.6223,-116.257,-20,-130.493,-85.6177,-30,-150.493,-45.6177,-30,-208.061,22.6217,-20,129.507,34.3823,-170,209.507,-65.6177,-30,94.6223,-116.257,-30,-130.493,-85.6177,-30,-150.493,-45.6177,-30,-208.061,22.6217,-30,-49.5071,425.618,30,43,0100,0100,0100,0100,0100,0011,49,0.221,
37,1,1,1,1,1,0,4,4,4,4,4,3,6,0,0,0,0,129.507,34.3823,-170,209.507,-65.6177,-30,89.5071,-125.618,-30,-130.493,-85.6177,-30,-150.493,-45.6177,-30,-208.061,22.6217,-20,129.507,34.3823,-170,209.507,-65.6177,-30,94.6223,-116.257,-30,-130.493,-85.6177,-30,-150.493,-45.6177,-30,-208.061,22.6217,-30,-49.5071,425.618,30,824,0100,0100,0100,0100,0100,0011,3,0.2,
38,1,1,1,0,1,0,4,4,4,4,4,3,6,0,0,0,0,129.507,34.3823,-170,209.507,-65.6177,-30,89.5071,-125.618,-30,-130.493,-85.6177,-20,-150.493,-45.6177,-30,-208.061,22.6217,-20,129.507,34.3823,-170,209.507,-65.6177,-30,94.6223,-116.257,-30,-130.493,-85.6177,-30,-150.493,-45.6177,-30,-208.061,22.6217,-30,-49.5071,425.618,30,526,0100,0100,0100,0100,0100,0011,5,0.216,
39,1,1,1,0,1,0,4,4,4,4,4,4,6,0,0,0,0,129.335,11.354,-170,209.335,-88.646,-30,89.3345,-148.646,-30,-130.493,-85.6177,-20,-150.665,-68.646,-30,-208.061,22.6217,-20,129.335,11.354,-170,209.335,-88.646,-30,89.3345,-148.646,-30,-130.493,-85.6177,-30,-150.665,-68.646,-30,-208.061,22.6217,-30,-49.3345,448.646,30,32,0100,0100,0100,0100,0100,0100,2,0.2,
40,1,1,1,0,1,0,4,4,4,6,4,1,6,0,0,0,0,129.335,11.354,-170,209.335,-88.646,-30,89.3345,-148.646,-30,-130.493,-85.6177,-20,-150.665,-68.646,-30,-208.061,22.6217,-20,129.335,11.354,-170,209.335,-88.646,-30,89.3345,-148.646,-30,-130.493,-85.6177,-30,-150.665,-68.646,-30,-208.061,22.6217,-30,-49.3345,448.646,30,43,0100,0100,0100,0110,0100,0001,49,0.204,
41,1,1,1,1,1,0,4,4,4,6,4,1,6,0,0,0,0,129.335,11.354,-170,209.335,-88.646,-30,89.3345,-148.646,-30,-130.665,-28.646,-30,-150.665,-68.646,-30,-208.061,22.6217,-20,129.335,11.354,-170,209.335,-88.646,-30,89.3345,-148.646,-30,-130.493,-85.6177,-30,-150.665,-68.646,-30,-208.061,22.6217,-30,-49.3345,448.646,30,1224,0100,0100,0100,0110,0100,0001,3,0.194,
42,1,0,1,0,1,0,4,4,4,6,4,1,6,0,0,0,0,129.335,11.354,-170,209.335,-88.646,-20,89.3345,-148.646,-30,-130.665,-28.646,-20,-150.665,-68.646,-30,-208.061,22.6217,-20,129.335,11.354,-170,209.335,-88.646,-30,89.3345,-148.646,-30,-130.493,-85.6177,-30,-150.665,-68.646,-30,-208.061,22.6217,-30,-49.3345,448.646,30,526,0100,0100,0100,0110,0100,0001,5,0.204,
43,1,0,1,0,1,0,4,4,4,4,4,4,1,0,0,0,0,123.566,32.811,-170,209.335,-88.646,-20,83.5657,-127.189,-30,-130.665,-28.646,-20,-156.434,-47.189,-30,-208.061,22.6217,-20,123.566,32.811,-170,209.335,-88.646,-30,83.5657,-127.189,-30,-130.665,-28.646,-30,-156.434,-47.189,-30,-208.061,22.6217,-30,-43.5657,427.189,30,32,0100,0100,0100,0100,0100,0100,1,0.216,
44,1,0,1,0,1,0,4,4,4,7,4,3,1,0,0,0,0,123.566,32.811,-170,209.335,-88.646,-20,83.5657,-127.189,-30,-130.665,-28.646,-20,-156.434,-47.189,-30,-208.061,22.6217,-20,123.566,32.811,-170,209.335,-88.646,-30,83.5657,-127.189,-30,-130.665,-28.646,-30,-156.434,-47.189,-30,-208.061,22.6217,-30,-43.5657,427.189,30,43,0100,0100,0100,0111,0100,0011,343,0.252,
45,1,1,1,0,1,0,4,4,4,7,4,3,1,0,0,0,0,123.566,32.811,-170,203.566,-87.189,-30,83.5657,-127.189,-30,-130.665,-28.646,-20,-156.434,-47.189,-30,-208.061,22.6217,-20,123.566,32.811,-170,209.335,-88.646,-30,83.5657,-127.189,-30,-130.665,-28.646,-30,-156.434,-47.189,-30,-208.061,22.6217,-30,-43.5657,427.189,30,1624,0100,0100,0100,0111,0100,0011,1,0.198,
46,1,0,1,0,1,0,4,4,4,7,4,3,1,0,0,0,0,123.566,32.811,-170,203.566,-87.189,-20,83.5657,-127.189,-30,-130.665,-28.646,-20,-156.434,-47.189,-30,-208.061,22.6217,-20,123.566,32.811,-170,209.335,-88.646,-30,83.5657,-127.189,-30,-130.665,-28.646,-30,-156.434,-47.189,-30,-208.061,22.6217,-30,-43.5657,427.189,30,1226,0100,0100,0100,0111,0100,0011,5,0.216,
47,1,0,1,0,1,0,4,4,4,4,4,4,6,0,0,0,0,129.522,11.6097,-170,203.566,-87.189,-20,89.5219,-148.39,-30,-130.665,-28.646,-20,-150.478,-68.3903,-30,-208.061,22.6217,-20,129.522,11.6097,-170,203.566,-87.189,-30,89.5219,-148.39,-30,-130.665,-28.646,-30,-150.478,-68.3903,-30,-208.061,22.6217,-30,-49.5219,448.39,30,32,0100,0100,0100,0100,0100,0100,2,0.217,
48,1,0,1,0,1,0,4,5,4,4,4,5,6,0,0,0,0,129.522,11.6097,-170,203.566,-87.189,-20,89.5219,-148.39,-30,-130.665,-28.646,-20,-150.478,-68.3903,-30,-208.061,22.6217,-20,129.522,11.6097,-170,203.566,-87.189,-30,89.5219,-148.39,-30,-130.665,-28.646,-30,-150.478,-68.3903,-30,-208.061,22.6217,-30,-49.5219,448.39,30,43,0100,0101,0100,0100,0100,0101,343,0.231,
49,1,1,1,1,1,0,4,5,4,4,4,5,6,0,0,0,0,129.522,11.6097,-170,109.522,71.6097,-170,89.5219,-148.39,-30,-130.478,-28.3903,-30,-150.478,-68.3903,-30,-208.061,22.6217,-20,129.522,11.6097,-170,203.566,-87.189,-30,89.5219,-148.39,-30,-130.665,-28.646,-30,-150.478,-68.3903,-30,-208.061,22.6217,-30,-49.5219,448.39,30,1624,0100,0101,0100,0100,0100,0101,3,0.196,
50,1,0,1,0,1,0,4,5,4,4,4,5,6,0,0,0,0,129.522,11.6097,-170,109.522,71.6097,-20,89.5219,-148.39,-30,-130.478,-28.3903,-20,-150.478,-68.3903,-30,-208.061,22.6217,-20,129.522,11.6097,-170,203.566,-87.189,-30,89.5219,-148.39,-30,-130.665,-28.646,-30,-150.478,-68.3903,-30,-208.061,22.6217,-30,-49.5219,448.39,30,526,0100,0101,0100,0100,0100,0101,5,0.2,
51,1,0,1,0,1,0,4,4,4,4,4,4,2,0,0,0,0,120.743,29.0962,-170,109.522,71.6097,-20,80.7434,-130.904,-30,-130.478,-28.3903,-20,-159.257,-50.9038,-30,-208.061,22.6217,-20,120.743,29.0962,-170,109.522,71.6097,-30,80.7434,-130.904,-30,-130.478,-28.3903,-30,-159.257,-50.9038,-30,-208.061,22.6217,-30,-40.7434,430.904,30,32,0100,0100,0100,0100,0100,0100,1,0.205,
52,1,0,1,0,1,0,4,2,4,4,4,2,2,0,0,0,0,120.743,29.0962,-170,109.522,71.6097,-20,80.7434,-130.904,-30,-130.478,-28.3903,-20,-159.257,-50.9038,-30,-208.061,22.6217,-20,120.743,29.0962,-170,109.522,71.6097,-30,80.7434,-130.904,-30,-130.478,-28.3903,-30,-159.257,-50.9038,-30,-208.061,22.6217,-30,-40.7434,430.904,30,43,0100,0010,0100,0100,0100,0010,343,0.217,
53,1,1,1,1,1,0,4,2,4,4,4,2,2,0,0,0,0,120.743,29.0962,-170,220.743,-50.9038,-30,80.7434,-130.904,-30,-139.257,-30.9038,-30,-159.257,-50.9038,-30,-208.061,22.6217,-20,120.743,29.0962,-170,109.522,71.6097,-30,80.7434,-130.904,-30,-130.478,-28.3903,-30,-159.257,-50.9038,-30,-208.061,22.6217,-30,-40.7434,430.904,30,1624,0100,0010,0100,0100,0100,0010,3,0.192,
54,1,0,1,0,1,0,4,2,4,4,4,2,2,0,0,0,0,120.743,29.0962,-170,220.743,-50.9038,-20,80.7434,-130.904,-30,-139.257,-30.9038,-20,-159.257,-50.9038,-30,-208.061,22.6217,-20,120.743,29.0962,-170,109.522,71.6097,-30,80.7434,-130.904,-30,-130.478,-28.3903,-30,-159.257,-50.9038,-30,-208.061,22.6217,-30,-40.7434,430.904,30,526,0100,0010,0100,0100,0100,0010,5,0.202,
55,1,0,1,0,1,0,4,4,4,4,4,4,6,0,0,0,0,129.227,12.6535,-170,220.743,-50.9038,-20,89.227,-147.346,-30,-139.257,-30.9038,-20,-150.773,-67.3465,-30,-208.061,22.6217,-20,129.227,12.6535,-170,220.743,-50.9038,-30,89.227,-147.346,-30,-139.257,-30.9038,-30,-150.773,-67.3465,-30,-208.061,22.6217,-30,-49.227,447.346,30,32,0100,0100,0100,0100,0100,0100,1,0.216,
56,1,0,1,0,1,0,4,5,4,4,4,5,6,0,0,0,0,129.227,12.6535,-170,220.743,-50.9038,-20,89.227,-147.346,-30,-139.257,-30.9038,-20,-150.773,-67.3465,-30,-208.061,22.6217,-20,129.227,12.6535,-170,220.743,-50.9038,-30,89.227,-147.346,-30,-139.257,-30.9038,-30,-150.773,-67.3465,-30,-208.061,22.6217,-30,-49.227,447.346,30,43,0100,0101,0100,0100,0100,0101,343,0.23,
57,1,1,1,1,1,0,4,5,4,4,4,5,6,0,0,0,0,129.227,12.6535,-170,109.227,72.6535,-170,89.227,-147.346,-30,-130.773,-27.3465,-30,-150.773,-67.3465,-30,-208.061,22.6217,-20,129.227,12.6535,-170,220.743,-50.9038,-30,89.227,-147.346,-30,-139.257,-30.9038,-30,-150.773,-67.3465,-30,-208.061,22.6217,-30,-49.227,447.346,30,1624,0100,0101,0100,0100,0100,0101,3,0.197,
58,1,0,1,0,1,0,4,5,4,4,4,5,6,0,0,0,0,129.227,12.6535,-170,109.227,72.6535,-20,89.227,-147.346,-30,-130.773,-27.3465,-20,-150.773,-67.3465,-30,-208.061,22.6217,-20,129.227,12.6535,-170,220.743,-50.9038,-30,89.227,-147.346,-30,-139.257,-30.9038,-30,-150.773,-67.3465,-30,-208.061,22.6217,-30,-49.227,447.346,30,526,0100,0101,0100,0100,0100,0101,5,0.197,
59,1,0,1,0,1,0,4,4,4,4,4,4,2,0,0,0,0,120.902,29.174,-170,109.227,72.6535,-20,80.9017,-130.826,-30,-130.773,-27.3465,-20,-159.098,-50.826,-30,-208.061,22.6217,-20,120.902,29.174,-170,109.227,72.6535,-30,80.9017,-130.826,-30,-130.773,-27.3465,-30,-159.098,-50.826,-30,-208.061,22.6217,-30,-40.9017,430.826,30,32,0100,0100,0100,0100,0100,0100,1,0.211,
60,1,0,1,0,1,0,4,2,4,4,4,2,2,0,0,0,0,120.902,29.174,-170,109.227,72.6535,-20,80.9017,-130.826,-30,-130.773,-27.3465,-20,-159.098,-50.826,-30,-208.061,22.6217,-20,120.902,29.174,-170,109.227,72.6535,-30,80.9017,-130.826,-30,-130.773,-27.3465,-30,-159.098,-50.826,-30,-208.061,22.6217,-30,-40.9017,430.826,30,43,0100,0010,0100,0100,0100,0010,343,0.23,
failed_by_gate_pattern_loop
2
0,1,1,1,1,1,1,4,4,4,4,4,4,0,0,0,0,0,120,100,-130,130,0,-130,120,-100,-130,-120,-100,-130,-130,0,-130,-120,100,-130,120,100,-130,130,0,-130,120,-100,-130,-120,-100,-130,-130,0,-130,-120,100,-130,-338.224,-134.839,130,24,0100,0100,0100,0100,0100,0100,3,0.192,
1,1,1,1,1,1,1,4,4,4,4,4,4,0,0,0,0,0,120,100,-30,130,0,-30,120,-100,-30,-120,-100,-30,-130,0,-30,-120,100,-30,120,100,-30,130,0,-30,120,-100,-30,-120,-100,-30,-130,0,-30,-120,100,-30,-338.224,-134.839,30,62,0100,0100,0100,0100,0100,0100,5,0.221,
2,1,1,0,1,1,0,4,4,4,4,4,4,0,0,0,0,0,120,100,-30,130,0,-30,120,-100,-20,-120,-100,-30,-130,0,-30,-120,100,-20,120,100,-30,130,0,-30,120,-100,-30,-120,-100,-30,-130,0,-30,-120,100,-30,-338.224,-134.839,30,26,0100,0100,0100,0100,0100,0100,17,0.254,
3,1,1,0,1,1,0,4,4,4,4,4,4,8,0,0,0,0,120,100,-30,130,0,-30,120,-100,-20,-120,-100,-30,-130,0,-30,-120,100,-20,120,100,-30,130,0,-30,120,-100,-30,-120,-100,-30,-130,0,-30,-120,100,-30,-338.224,-134.839,30,32,0100,0100,0100,0100,0100,0100,1,0.197,
4,1,1,0,1,1,0,4,4,6,4,4,6,8,0,0,0,0,120,100,-30,130,0,-30,120,-100,-20,-120,-100,-30,-130,0,-30,-120,100,-20,120,100,-30,130,0,-30,120,-100,-30,-120,-100,-30,-130,0,-30,-120,100,-30,-338.224,-134.839,30,43,0100,0100,0110,0100,0100,0110,49,0.206,
5,1,1,1,1,1,1,4,4,6,4,4,6,8,0,0,0,0,120,100,-30,130,0,-30,218.224,-25.161,-30,-120,-100,-30,-130,0,-30,-81.7756,214.839,-30,120,100,-30,130,0,-30,120,-100,-30,-120,-100,-30,-130,0,-30,-120,100,-30,-338.224,-134.839,30,824,0100,0100,0110,0100,0100,0110,3,0.212,
6,0,0,1,0,1,1,4,4,6,4,4,6,8,0,0,0,0,120,100,-20,130,0,-20,218.224,-25.161,-30,-120,-100,-20,-130,0,-30,-81.7756,214.839,-30,120,100,-30,130,0,-30,120,-100,-30,-120,-100,-30,-130,0,-30,-120,100,-30,-338.224,-134.839,30,26,0100,0100,0110,0100,0100,0110,5,0.24,
7,0,0,1,0,1,1,4,4,4,4,4,4,5,0,0,0,0,120,100,-20,130,0,-20,168.948,-122.599,-30,-120,-100,-20,-179.276,-97.4375,-30,-131.052,117.401,-30,120,100,-30,130,0,-30,168.948,-122.599,-30,-120,-100,-30,-179.276,-97.4375,-30,-131.052,117.401,-30,-288.948,-37.4014,30,32,0100,0100,0100,0100,0100,0100,2,0.246,
8,0,0,1,0,1,1,4,6,4,6,4,4,5,0,0,0,0,120,100,-20,130,0,-20,168.948,-122.599,-30,-120,-100,-20,-179.276,-97.4375,-30,-131.052,117.401,-30,120,100,-30,130,0,-30,168.948,-122.599,-30,-120,-100,-30,-179.276,-97.4375,-30,-131.052,117.401,-30,-288.948,-37.4014,30,43,0100,0110,0100,0110,0100,0100,343,0.338,
9,1,1,1,1,1,1,4,6,4,6,4,4,5,0,0,0,0,128.948,97.4014,-30,168.948,137.401,-30,168.948,-122.599,-30,-131.052,-22.5986,-30,-179.276,-97.4375,-30,-131.052,117.401,-30,120,100,-30,130,0,-30,168.948,-122.599,-30,-120,-100,-30,-179.276,-97.4375,-30,-131.052,117.401,-30,-288.948,-37.4014,30,3024,0100,0110,0100,0110,0100,0100,7,0.21,
10,0,1,0,1,0,1,4,6,4,6,4,4,5,0,0,0,0,128.948,97.4014,-20,168.948,137.401,-30,168.948,-122.599,-20,-131.052,-22.5986,-30,-179.276,-97.4375,-20,-131.052,117.401,-30,120,100,-30,130,0,-30,168.948,-122.599,-30,-120,-100,-30,-179.276,-97.4375,-30,-131.052,117.401,-30,-288.948,-37.4014,30,26,0100,0110,0100,0110,0100,0100,5,0.22,
11,0,1,0,1,0,1,4,4,4,4,4,4,6,0,0,0,0,128.948,97.4014,-20,120.988,37.5411,-30,168.948,-122.599,-20,-179.012,-122.459,-30,-179.276,-97.4375,-20,-179.012,17.5411,-30,128.948,97.4014,-30,120.988,37.5411,-30,168.948,-122.599,-30,-179.012,-122.459,-30,-179.276,-97.4375,-30,-179.012,17.5411,-30,-240.988,62.4589,30,32,0100,0100,0100,0100,0100,0100,2,0.247,
12,0,1,0,1,0,1,6,4,2,4,6,4,6,0,0,0,0,128.948,97.4014,-20,120.988,37.5411,-30,168.948,-122.599,-20,-179.012,-122.459,-30,-179.276,-97.4375,-20,-179.012,17.5411,-30,128.948,97.4014,-30,120.988,37.5411,-30,168.948,-122.599,-30,-179.012,-122.459,-30,-179.276,-97.4375,-30,-179.012,17.5411,-30,-240.988,62.4589,30,43,0110,0100,0010,0100,0110,0100,343,0.296,
13,1,1,0,1,1,1,6,4,2,4,6,4,6,0,0,0,0,20.9877,217.541,-30,120.988,37.5411,-30,168.948,-122.599,-20,-179.012,-122.459,-30,-179.012,137.541,-30,-179.012,17.5411,-30,128.948,97.4014,-30,120.988,37.5411,-30,168.948,-122.599,-30,-179.012,-122.459,-30,-179.276,-97.4375,-30,-179.012,17.5411,-30,-240.988,62.4589,30,1724,0110,0100,0010,0100,0110,0100,7,0.211,
14,1,1,0,1,1,0,6,4,2,4,6,4,6,0,0,0,0,20.9877,217.541,-30,120.988,37.5411,-30,168.948,-122.599,-20,-179.012,-122.459,-30,-179.012,137.541,-30,-179.012,17.5411,-20,128.948,97.4014,-30,120.988,37.5411,-30,168.948,-122.599,-30,-179.012,-122.459,-30,-179.276,-97.4375,-30,-179.012,17.5411,-30,-240.988,62.4589,30,226,0110,0100,0010,0100,0110,0100,5,0.213,
15,1,1,0,1,1,0,4,4,4,4,4,4,7,0,0,0,0,92.3333,133.409,-30,192.333,-46.5913,-30,168.948,-122.599,-20,-107.667,-206.591,-30,-107.667,53.4087,-30,-179.012,17.5411,-20,92.3333,133.409,-30,192.333,-46.5913,-30,168.948,-122.599,-30,-107.667,-206.591,-30,-107.667,53.4087,-30,-179.012,17.5411,-30,-312.333,146.591,30,32,0100,0100,0100,0100,0100,0100,2,0.202,
16,1,1,0,1,1,0,4,4,6,4,4,6,7,0,0,0,0,92.3333,133.409,-30,192.333,-46.5913,-30,168.948,-122.599,-20,-107.667,-206.591,-30,-107.667,53.4087,-30,-179.012,17.5411,-20,92.3333,133.409,-30,192.333,-46.5913,-30,168.948,-122.599,-30,-107.667,-206.591,-30,-107.667,53.4087,-30,-179.012,17.5411,-30,-312.333,146.591,30,43,0100,0100,0110,0100,0100,0110,49,0.222,
17,1,1,1,1,1,1,4,4,6,4,4,6,7,0,0,0,0,92.3333,133.409,-30,192.333,-46.5913,-30,232.333,-26.5913,-30,-107.667,-206.591,-30,-107.667,53.4087,-30,-187.667,113.409,-30,92.3333,133.409,-30,192.333,-46.5913,-30,168.948,-122.599,-30,-107.667,-206.591,-30,-107.667,53.4087,-30,-179.012,17.5411,-30,-312.333,146.591,30,824,0100,0100,0110,0100,0100,0110,5,0.2,
18,0,1,1,0,1,1,4,4,6,4,4,6,7,0,0,0,0,92.3333,133.409,-20,192.333,-46.5913,-30,232.333,-26.5913,-30,-107.667,-206.591,-20,-107.667,53.4087,-30,-187.667,113.409,-30,92.3333,133.409,-30,192.333,-46.5913,-30,168.948,-122.599,-30,-107.667,-206.591,-30,-107.667,53.4087,-30,-179.012,17.5411,-30,-312.333,146.591,30,26,0100,0100,0110,0100,0100,0110,5,0.204,
19,0,1,1,0,1,1,4,4,4,4,4,4,6,0,0,0,0,92.3333,133.409,-20,165.928,-122.65,-30,205.928,-102.65,-30,-107.667,-206.591,-20,-134.072,-22.6503,-30,-214.072,37.3497,-30,92.3333,133.409,-30,165.928,-122.65,-30,205.928,-102.65,-30,-107.667,-206.591,-30,-134.072,-22.6503,-30,-214.072,37.3497,-30,-285.928,222.65,30,32,0100,0100,0100,0100,0100,0100,1,0.204,
20,0,1,1,0,1,1,2,4,4,6,4,4,6,0,0,0,0,92.3333,133.409,-20,165.928,-122.65,-30,205.928,-102.65,-30,-107.667,-206.591,-20,-134.072,-22.6503,-30,-214.072,37.3497,-30,92.3333,133.409,-30,165.928,-122.65,-30,205.928,-102.65,-30,-107.667,-206.591,-30,-134.072,-22.6503,-30,-214.072,37.3497,-30,-285.928,222.65,30,43,0010,0100,0100,0110,0100,0100,49,0.215,
21,1,1,1,1,1,1,2,4,4,6,4,4,6,0,0,0,0,105.928,57.3497,-30,165.928,-122.65,-30,205.928,-102.65,-30,-172.296,-17.4893,-30,-134.072,-22.6503,-30,-214.072,37.3497,-30,92.3333,133.409,-30,165.928,-122.65,-30,205.928,-102.65,-30,-107.667,-206.591,-30,-134.072,-22.6503,-30,-214.072,37.3497,-30,-285.928,222.65,30,724,0010,0100,0100,0110,0100,0100,5,0.22,
22,1,1,0,1,0,1,2,4,4,6,4,4,6,0,0,0,0,105.928,57.3497,-30,165.928,-122.65,-30,205.928,-102.65,-20,-172.296,-17.4893,-30,-134.072,-22.6503,-20,-214.072,37.3497,-30,92.3333,133.409,-30,165.928,-122.65,-30,205.928,-102.65,-30,-107.667,-206.591,-30,-134.072,-22.6503,-30,-214.072,37.3497,-30,-285.928,222.65,30,26,0010,0100,0100,0110,0100,0100,5,0.242,
23,1,1,0,1,0,1,4,4,4,4,4,4,1,0,0,0,0,131.162,44.3491,-30,191.162,-135.651,-30,205.928,-102.65,-20,-147.062,-30.4898,-30,-134.072,-22.6503,-20,-188.838,24.3491,-30,131.162,44.3491,-30,191.162,-135.651,-30,205.928,-102.65,-30,-147.062,-30.4898,-30,-134.072,-22.6503,-30,-188.838,24.3491,-30,-311.162,235.651,30,32,0100,0100,0100,0100,0100,0100,1,0.204,
24,1,1,0,1,0,1,4,4,2,4,2,4,1,0,0,0,0,131.162,44.3491,-30,191.162,-135.651,-30,205.928,-102.65,-20,-147.062,-30.4898,-30,-134.072,-22.6503,-20,-188.838,24.3491,-30,131.162,44.3491,-30,191.162,-135.651,-30,205.928,-102.65,-30,-147.062,-30.4898,-30,-134.072,-22.6503,-30,-188.838,24.3491,-30,-311.162,235.651,30,43,0100,0100,0010,0100,0010,0100,49,0.224,
25,1,1,1,1,1,1,4,4,2,4,2,4,1,0,0,0,0,131.162,44.3491,-30,191.162,-135.651,-30,151.162,-115.651,-30,-147.062,-30.4898,-30,-188.838,-35.6509,-30,-188.838,24.3491,-30,131.162,44.3491,-30,191.162,-135.651,-30,205.928,-102.65,-30,-147.062,-30.4898,-30,-134.072,-22.6503,-30,-188.838,24.3491,-30,-311.162,235.651,30,1124,0100,0100,0010,0100,0010,0100,5,0.216,
26,1,0,1,0,1,0,4,4,2,4,2,4,1,0,0,0,0,131.162,44.3491,-30,191.162,-135.651,-20,151.162,-115.651,-30,-147.062,-30.4898,-20,-188.838,-35.6509,-30,-188.838,24.3491,-20,131.162,44.3491,-30,191.162,-135.651,-30,205.928,-102.65,-30,-147.062,-30.4898,-30,-134.072,-22.6503,-30,-188.838,24.3491,-30,-311.162,235.651,30,26,0100,0100,0010,0100,0010,0100,5,0.266,
27,1,0,1,0,1,0,4,4,4,4,4,4,6,0,0,0,0,153.356,29.0461,-30,191.162,-135.651,-20,173.356,-130.954,-30,-147.062,-30.4898,-20,-166.644,-50.9539,-30,-188.838,24.3491,-20,153.356,29.0461,-30,191.162,-135.651,-30,173.356,-130.954,-30,-147.062,-30.4898,-30,-166.644,-50.9539,-30,-188.838,24.3491,-30,-333.356,250.954,30,32,0100,0100,0100,0100,0100,0100,4,0.259,
28,1,0,1,0,1,0,4,6,4,7,4,7,6,0,0,0,0,153.356,29.0461,-30,191.162,-135.651,-20,173.356,-130.954,-30,-147.062,-30.4898,-20,-166.644,-50.9539,-30,-188.838,24.3491,-20,153.356,29.0461,-30,191.162,-135.651,-30,173.356,-130.954,-30,-147.062,-30.4898,-30,-166.644,-50.9539,-30,-188.838,24.3491,-30,-333.356,250.954,30,43,0100,0110,0100,0111,0100,0111,343,0.259,
29,1,1,1,0,1,0,4,6,4,7,4,7,6,0,0,0,0,153.356,29.0461,-30,173.356,129.046,-30,173.356,-130.954,-30,-147.062,-30.4898,-20,-166.644,-50.9539,-30,-188.838,24.3491,-20,153.356,29.0461,-30,191.162,-135.651,-30,173.356,-130.954,-30,-147.062,-30.4898,-30,-166.644,-50.9539,-30,-188.838,24.3491,-30,-333.356,250.954,30,1624,0100,0110,0100,0111,0100,0111,1,0.194,
30,1,0,1,0,1,0,4,6,4,7,4,7,6,0,0,0,0,153.356,29.0461,-30,173.356,129.046,-20,173.356,-130.954,-30,-147.062,-30.4898,-20,-166.644,-50.9539,-30,-188.838,24.3491,-20,153.356,29.0461,-30,191.162,-135.651,-30,173.356,-130.954,-30,-147.062,-30.4898,-30,-166.644,-50.9539,-30,-188.838,24.3491,-30,-333.356,250.954,30,1226,0100,0110,0100,0111,0100,0111,5,0.2,
31,1,0,1,0,1,0,4,4,4,4,4,4,7,0,0,0,0,160.985,17.0872,-30,173.356,129.046,-20,180.985,-142.913,-30,-147.062,-30.4898,-20,-159.015,-62.9128,-30,-188.838,24.3491,-20,160.985,17.0872,-30,173.356,129.046,-30,180.985,-142.913,-30,-147.062,-30.4898,-30,-159.015,-62.9128,-30,-188.838,24.3491,-30,-340.985,262.913,30,32,0100,0100,0100,0100,0100,0100,1,0.231,
32,1,0,1,0,1,0,4,2,4,2,4,5,7,0,0,0,0,160.985,17.0872,-30,173.356,129.046,-20,180.985,-142.913,-30,-147.062,-30.4898,-20,-159.015,-62.9128,-30,-188.838,24.3491,-20,160.985,17.0872,-30,173.356,129.046,-30,180.985,-142.913,-30,-147.062,-30.4898,-30,-159.015,-62.9128,-30,-188.838,24.3491,-30,-340.985,262.913,30,43,0100,0010,0100,0010,0100,0101,343,0.246,
33,1,1,1,1,1,1,4,2,4,2,4,5,7,0,0,0,0,160.985,17.0872,-30,120.985,97.0872,-30,180.985,-142.913,-30,-199.015,-42.9128,-30,-159.015,-62.9128,-30,-19.0146,137.087,-170,160.985,17.0872,-30,173.356,129.046,-30,180.985,-142.913,-30,-147.062,-30.4898,-30,-159.015,-62.9128,-30,-188.838,24.3491,-30,-340.985,262.913,30,1624,0100,0010,0100,0010,0100,0101,7,0.197,
34,0,1,0,1,0,1,4,2,4,2,4,5,7,0,0,0,0,160.985,17.0872,-20,120.985,97.0872,-30,180.985,-142.913,-20,-199.015,-42.9128,-30,-159.015,-62.9128,-20,-19.0146,137.087,-170,160.985,17.0872,-30,173.356,129.046,-30,180.985,-142.913,-30,-147.062,-30.4898,-30,-159.015,-62.9128,-30,-188.838,24.3491,-30,-340.985,262.913,30,26,0100,0010,0100,0010,0100,0101,5,0.203,
35,0,1,0,1,0,1,4,4,4,4,4,4,4,0,0,0,0,160.985,17.0872,-20,119.35,84.4006,-30,180.985,-142.913,-20,-200.65,-55.5994,-30,-159.015,-62.9128,-20,-20.6504,124.401,-170,160.985,17.0872,-30,119.35,84.4006,-30,180.985,-142.913,-30,-200.65,-55.5994,-30,-159.015,-62.9128,-30,-20.6504,124.401,-170,-339.35,275.599,30,32,0100,0100,0100,0100,0100,0100,1,0.228,
36,0,1,0,1,0,1,5,4,6,4,6,4,4,0,0,0,0,160.985,17.0872,-20,119.35,84.4006,-30,180.985,-142.913,-20,-200.65,-55.5994,-30,-159.015,-62.9128,-20,-20.6504,124.401,-170,160.985,17.0872,-30,119.35,84.4006,-30,180.985,-142.913,-30,-200.65,-55.5994,-30,-159.015,-62.9128,-30,-20.6504,124.401,-170,-339.35,275.599,30,43,0101,0100,0110,0100,0110,0100,343,0.252,
37,1,1,1,1,1,1,5,4,6,4,6,4,4,0,0,0,0,99.3496,84.4006,-170,119.35,84.4006,-30,159.35,-15.5994,-30,-200.65,-55.5994,-30,-180.65,124.401,-30,-20.6504,124.401,-170,160.985,17.0872,-30,119.35,84.4006,-30,180.985,-142.913,-30,-200.65,-55.5994,-30,-159.015,-62.9128,-30,-20.6504,124.401,-170,-339.35,275.599,30,1724,0101,0100,0110,0100,0110,0100,7,0.208,
38,0,1,1,1,1,0,5,4,6,4,6,4,4,0,0,0,0,99.3496,84.4006,-20,119.35,84.4006,-30,159.35,-15.5994,-30,-200.65,-55.5994,-30,-180.65,124.401,-30,-20.6504,124.401,-20,160.985,17.0872,-30,119.35,84.4006,-30,180.985,-142.913,-30,-200.65,-55.5994,-30,-159.015,-62.9128,-30,-20.6504,124.401,-170,-339.35,275.599,30,26,0101,0100,0110,0100,0110,0100,5,0.242,
39,0,1,1,1,1,0,4,4,4,4,4,4,4,0,0,0,0,99.3496,84.4006,-20,140.657,-7.58738,-30,180.657,-107.587,-30,-179.343,-147.587,-30,-159.343,32.4126,-30,-20.6504,124.401,-20,99.3496,84.4006,-30,140.657,-7.58738,-30,180.657,-107.587,-30,-179.343,-147.587,-30,-159.343,32.4126,-30,-20.6504,124.401,-170,-360.657,367.587,30,32,0100,0100,0100,0100,0100,0100,2,0.2,
40,0,1,1,1,1,0,3,4,4,4,4,4,4,0,0,0,0,99.3496,84.4006,-20,140.657,-7.58738,-30,180.657,-107.587,-30,-179.343,-147.587,-30,-159.343,32.4126,-30,-20.6504,124.401,-20,99.3496,84.4006,-30,140.657,-7.58738,-30,180.657,-107.587,-30,-179.343,-147.587,-30,-159.343,32.4126,-30,-20.6504,124.401,-170,-360.657,367.587,30,43,0011,0100,0100,0100,0100,0100,49,0.211,
41,0,1,1,1,1,1,3,4,4,4,4,4,4,0,0,0,0,99.3496,84.4006,-20,140.657,-7.58738,-30,180.657,-107.587,-30,-179.343,-147.587,-30,-159.343,32.4126,-30,-19.3433,132.413,-170,99.3496,84.4006,-30,140.657,-7.58738,-30,180.657,-107.587,-30,-179.343,-147.587,-30,-159.343,32.4126,-30,-20.6504,124.401,-170,-360.657,367.587,30,2324,0011,0100,0100,0100,0100,0100,3,0.197,
42,0,0,1,0,1,1,3,4,4,4,4,4,4,0,0,0,0,99.3496,84.4006,-20,140.657,-7.58738,-20,180.657,-107.587,-30,-179.343,-147.587,-20,-159.343,32.4126,-30,-19.3433,132.413,-170,99.3496,84.4006,-30,140.657,-7.58738,-30,180.657,-107.587,-30,-179.343,-147.587,-30,-159.343,32.4126,-30,-20.6504,124.401,-170,-360.657,367.587,30,626,0011,0100,0100,0100,0100,0100,5,0.218,
43,0,0,1,0,1,1,4,4,4,4,4,4,8,0,0,0,0,99.3496,84.4006,-20,140.657,-7.58738,-20,121.619,-131.247,-30,-179.343,-147.587,-20,-218.381,8.75337,-30,-78.3811,108.753,-170,99.3496,84.4006,-30,140.657,-7.58738,-30,121.619,-131.247,-30,-179.343,-147.587,-30,-218.381,8.75337,-30,-78.3811,108.753,-170,-301.619,391.247,30,32,0100,0100,0100,0100,0100,0100,1,0.213,
44,0,0,1,0,1,1,6,2,4,6,4,4,8,0,0,0,0,99.3496,84.4006,-20,140.657,-7.58738,-20,121.619,-131.247,-30,-179.343,-147.587,-20,-218.381,8.75337,-30,-78.3811,108.753,-170,99.3496,84.4006,-30,140.657,-7.58738,-30,121.619,-131.247,-30,-179.343,-147.587,-30,-218.381,8.75337,-30,-78.3811,108.753,-170,-301.619,391.247,30,43,0110,0010,0100,0110,0100,0100,343,0.24,
45,0,1,1,1,1,1,6,2,4,6,4,4,8,0,0,0,0,99.3496,84.4006,-20,221.619,-11.2466,-30,121.619,-131.247,-30,-118.381,-31.2466,-30,-218.381,8.75337,-30,-78.3811,108.753,-170,99.3496,84.4006,-30,140.657,-7.58738,-30,121.619,-131.247,-30,-179.343,-147.587,-30,-218.381,8.75337,-30,-78.3811,108.753,-170,-301.619,391.247,30,3024,0110,0010,0100,0110,0100,0100,3,0.195,
46,0,1,1,1,0,1,6,2,4,6,4,4,8,0,0,0,0,99.3496,84.4006,-20,221.619,-11.2466,-30,121.619,-131.247,-30,-118.381,-31.2466,-30,-218.381,8.75337,-20,-78.3811,108.753,-170,99.3496,84.4006,-30,140.657,-7.58738,-30,121.619,-131.247,-30,-179.343,-147.587,-30,-218.381,8.75337,-30,-78.3811,108.753,-170,-301.619,391.247,30,626,0110,0010,0100,0110,0100,0100,5,0.199,
47,0,1,1,1,0,1,4,4,4,4,4,4,1,0,0,0,0,99.3496,84.4006,-20,174.949,-78.7346,-30,74.9485,-198.735,-30,-165.051,-98.7346,-30,-218.381,8.75337,-20,-125.051,41.2654,-170,99.3496,84.4006,-30,174.949,-78.7346,-30,74.9485,-198.735,-30,-165.051,-98.7346,-30,-218.381,8.75337,-30,-125.051,41.2654,-170,-254.949,458.735,30,32,0100,0100,0100,0100,0100,0100,1,0.199,
48,0,1,1,1,0,1,5,4,4,4,2,4,1,0,0,0,0,99.3496,84.4006,-20,174.949,-78.7346,-30,74.9485,-198.735,-30,-165.051,-98.7346,-30,-218.381,8.75337,-20,-125.051,41.2654,-170,99.3496,84.4006,-30,174.949,-78.7346,-30,74.9485,-198.735,-30,-165.051,-98.7346,-30,-218.381,8.75337,-30,-125.051,41.2654,-170,-254.949,458.735,30,43,0101,0100,0100,0100,0010,0100,49,0.22,
49,0,1,1,1,1,1,5,4,4,4,2,4,1,0,0,0,0,99.3496,84.4006,-20,174.949,-78.7346,-30,74.9485,-198.735,-30,-165.051,-98.7346,-30,-105.051,-78.7346,-30,-125.051,41.2654,-170,99.3496,84.4006,-30,174.949,-78.7346,-30,74.9485,-198.735,-30,-165.051,-98.7346,-30,-218.381,8.75337,-30,-125.051,41.2654,-170,-254.949,458.735,30,1324,0101,0100,0100,0100,0010,0100,3,0.199,
50,0,1,1,0,0,1,5,4,4,4,2,4,1,0,0,0,0,99.3496,84.4006,-20,174.949,-78.7346,-30,74.9485,-198.735,-30,-165.051,-98.7346,-20,-105.051,-78.7346,-20,-125.051,41.2654,-170,99.3496,84.4006,-30,174.949,-78.7346,-30,74.9485,-198.735,-30,-165.051,-98.7346,-30,-218.381,8.75337,-30,-125.051,41.2654,-170,-254.949,458.735,30,626,0101,0100,0100,0100,0010,0100,5,0.21,
51,0,1,1,0,0,1,4,4,4,4,4,4,1,0,0,0,0,99.3496,84.4006,-20,169.297,-92.375,-30,69.2969,-212.375,-30,-165.051,-98.7346,-20,-105.051,-78.7346,-20,-130.703,27.625,-170,99.3496,84.4006,-30,169.297,-92.375,-30,69.2969,-212.375,-30,-165.051,-98.7346,-30,-105.051,-78.7346,-30,-130.703,27.625,-170,-249.297,472.375,30,32,0100,0100,0100,0100,0100,0100,1,0.225,
52,0,1,1,0,0,1,2,4,4,2,4,4,1,0,0,0,0,99.3496,84.4006,-20,169.297,-92.375,-30,69.2969,-212.375,-30,-165.051,-98.7346,-20,-105.051,-78.7346,-20,-130.703,27.625,-170,99.3496,84.4006,-30,169.297,-92.375,-30,69.2969,-212.375,-30,-165.051,-98.7346,-30,-105.051,-78.7346,-30,-130.703,27.625,-170,-249.297,472.375,30,43,0010,0100,0100,0010,0100,0100,343,0.249,
53,0,1,1,1,1,1,2,4,4,2,4,4,1,0,0,0,0,99.3496,84.4006,-20,169.297,-92.375,-30,69.2969,-212.375,-30,-50.7031,-112.375,-30,-110.703,-92.375,-30,-130.703,27.625,-170,99.3496,84.4006,-30,169.297,-92.375,-30,69.2969,-212.375,-30,-165.051,-98.7346,-30,-105.051,-78.7346,-30,-130.703,27.625,-170,-249.297,472.375,30,3324,0010,0100,0100,0010,0100,0100,3,0.195,
54,0,1,0,1,0,1,2,4,4,2,4,4,1,0,0,0,0,99.3496,84.4006,-20,169.297,-92.375,-30,69.2969,-212.375,-20,-50.7031,-112.375,-30,-110.703,-92.375,-20,-130.703,27.625,-170,99.3496,84.4006,-30,169.297,-92.375,-30,69.2969,-212.375,-30,-165.051,-98.7346,-30,-105.051,-78.7346,-30,-130.703,27.625,-170,-249.297,472.375,30,626,0010,0100,0100,0010,0100,0100,5,0.198,
55,0,1,0,1,0,1,4,4,4,4,4,4,6,0,0,0,0,99.3496,84.4006,-20,164.121,-106.209,-30,69.2969,-212.375,-20,-55.8791,-126.209,-30,-110.703,-92.375,-20,-135.879,13.7911,-170,99.3496,84.4006,-30,164.121,-106.209,-30,69.2969,-212.375,-30,-55.8791,-126.209,-30,-110.703,-92.375,-30,-135.879,13.7911,-170,-244.121,486.209,30,32,0100,0100,0100,0100,0100,0100,1,0.217,
56,0,1,0,1,0,1,5,4,4,4,5,4,6,0,0,0,0,99.3496,84.4006,-20,164.121,-106.209,-30,69.2969,-212.375,-20,-55.8791,-126.209,-30,-110.703,-92.375,-20,-135.879,13.7911,-170,99.3496,84.4006,-30,164.121,-106.209,-30,69.2969,-212.375,-30,-55.8791,-126.209,-30,-110.703,-92.375,-30,-135.879,13.7911,-170,-244.121,486.209,30,43,0101,0100,0100,0100,0101,0100,343,0.244,
57,1,1,1,1,1,1,5,4,4,4,5,4,6,0,0,0,0,84.1209,93.7911,-170,164.121,-106.209,-30,64.1209,-206.209,-30,-55.8791,-126.209,-30,-115.879,73.7911,-170,-135.879,13.7911,-170,99.3496,84.4006,-30,164.121,-106.209,-30,69.2969,-212.375,-30,-55.8791,-126.209,-30,-110.703,-92.375,-30,-135.879,13.7911,-170,-244.121,486.209,30,1724,0101,0100,0100,0100,0101,0100,7,0.209,
58,1,1,1,1,1,0,5,4,4,4,5,4,6,0,0,0,0,84.1209,93.7911,-170,164.121,-106.209,-30,64.1209,-206.209,-30,-55.8791,-126.209,-30,-115.879,73.7911,-170,-135.879,13.7911,-20,99.3496,84.4006,-30,164.121,-106.209,-30,69.2969,-212.375,-30,-55.8791,-126.209,-30,-110.703,-92.375,-30,-135.879,13.7911,-170,-244.121,486.209,30,26,0101,0100,0100,0100,0101,0100,5,0.213,
59,1,1,1,1,1,0,4,4,4,4,4,4,6,0,0,0,0,92.1617,83.5087,-170,172.162,-116.491,-30,72.1617,-216.491,-30,-47.8383,-136.491,-30,-107.838,63.5087,-170,-135.879,13.7911,-20,92.1617,83.5087,-170,172.162,-116.491,-30,72.1617,-216.491,-30,-47.8383,-136.491,-30,-107.838,63.5087,-170,-135.879,13.7911,-170,-252.162,496.491,30,32,0100,0100,0100,0100,0100,0100,1,0.205,
60,1,1,1,1,1,0,4,4,4,4,4,6,6,0,0,0,0,92.1617,83.5087,-170,172.162,-116.491,-30,72.1617,-216.491,-30,-47.8383,-136.491,-30,-107.838,63.5087,-170,-135.879,13.7911,-20,92.1617,83.5087,-170,172.162,-116.491,-30,72.1617,-216.491,-30,-47.8383,-136.491,-30,-107.838,63.5087,-170,-135.879,13.7911,-170,-252.162,496.491,30,43,0100,0100,0100,0100,0100,0110,7,0.213,
61,1,1,1,1,1,1,4,4,4,4,4,6,6,0,0,0,0,92.1617,83.5087,-170,172.162,-116.491,-30,72.1617,-216.491,-30,-47.8383,-136.491,-30,-107.838,63.5087,-170,-107.838,63.5087,-170,92.1617,83.5087,-170,172.162,-116.491,-30,72.1617,-216.491,-30,-47.8383,-136.491,-30,-107.838,63.5087,-170,-135.879,13.7911,-170,-252.162,496.491,30,524,0100,0100,0100,0100,0100,0110,7,0.202,
62,0,1,1,0,0,1,4,4,4,4,4,6,6,0,0,0,0,92.1617,83.5087,-20,172.162,-116.491,-30,72.1617,-216.491,-30,-47.8383,-136.491,-20,-107.838,63.5087,-20,-107.838,63.5087,-170,92.1617,83.5087,-170,172.162,-116.491,-30,72.1617,-216.491,-30,-47.8383,-136.491,-30,-107.838,63.5087,-170,-135.879,13.7911,-170,-252.162,496.491,30,26,0100,0100,0100,0100,0100,0110,5,0.217,
63,0,1,1,0,0,1,4,4,4,4,4,4,6,0,0,0,0,92.1617,83.5087,-20,169.258,-121.173,-30,69.2584,-221.173,-30,-47.8383,-136.491,-20,-107.838,63.5087,-20,-110.742,58.8266,-170,92.1617,83.5087,-170,169.258,-121.173,-30,69.2584,-221.173,-30,-47.8383,-136.491,-30,-107.838,63.5087,-170,-110.742,58.8266,-170,-249.258,501.173,30,32,0100,0100,0100,0100,0100,0100,2,0.223,
64,0,1,1,0,0,1,3,4,4,2,3,4,6,0,0,0,0,92.1617,83.5087,-20,169.258,-121.173,-30,69.2584,-221.173,-30,-47.8383,-136.491,-20,-107.838,63.5087,-20,-110.742,58.8266,-170,92.1617,83.5087,-170,169.258,-121.173,-30,69.2584,-221.173,-30,-47.8383,-136.491,-30,-107.838,63.5087,-170,-110.742,58.8266,-170,-249.258,501.173,30,43,0011,0100,0100,0010,0011,0100,343,0.271,
65,0,1,1,1,1,1,3,4,4,2,3,4,6,0,0,0,0,92.1617,83.5087,-20,169.258,-121.173,-30,69.2584,-221.173,-30,-110.742,-141.173,-30,-150.742,-121.173,-30,-110.742,58.8266,-170,92.1617,83.5087,-170,169.258,-121.173,-30,69.2584,-221.173,-30,-47.8383,-136.491,-30,-107.838,63.5087,-170,-110.742,58.8266,-170,-249.258,501.173,30,3324,0011,0100,0100,0010,0011,0100,3,0.197,
66,0,1,0,1,0,1,3,4,4,2,3,4,6,0,0,0,0,92.1617,83.5087,-20,169.258,-121.173,-30,69.2584,-221.173,-20,-110.742,-141.173,-30,-150.742,-121.173,-20,-110.742,58.8266,-170,92.1617,83.5087,-170,169.258,-121.173,-30,69.2584,-221.173,-30,-47.8383,-136.491,-30,-107.838,63.5087,-170,-110.742,58.8266,-170,-249.258,501.173,30,626,0011,0100,0100,0010,0011,0100,5,0.207,
67,0,1,0,1,0,1,4,4,4,4,4,4,6,0,0,0,0,92.1617,83.5087,-20,166.951,-139.069,-30,69.2584,-221.173,-20,-113.049,-159.069,-30,-150.742,-121.173,-20,-113.049,40.9305,-170,92.1617,83.5087,-170,166.951,-139.069,-30,69.2584,-221.173,-30,-113.049,-159.069,-30,-150.742,-121.173,-170,-113.049,40.9305,-170,-246.951,519.069,30,32,0100,0100,0100,0100,0100,0100,1,0.221,
68,0,1,0,1,0,1,4,4,4,4,6,4,6,0,0,0,0,92.1617,83.5087,-20,166.951,-139.069,-30,69.2584,-221.173,-20,-113.049,-159.069,-30,-150.742,-121.173,-20,-113.049,40.9305,-170,92.1617,83.5087,-170,166.951,-139.069,-30,69.2584,-221.173,-30,-113.049,-159.069,-30,-150.742,-121.173,-170,-113.049,40.9305,-170,-246.951,519.069,30,43,0100,0100,0100,0100,0110,0100,343,0.237,
69,1,1,1,1,1,1,4,4,4,4,6,4,6,0,0,0,0,106.951,80.9305,-170,166.951,-139.069,-30,66.9507,-219.069,-30,-113.049,-159.069,-30,-113.049,60.9305,-170,-113.049,40.9305,-170,92.1617,83.5087,-170,166.951,-139.069,-30,69.2584,-221.173,-30,-113.049,-159.069,-30,-150.742,-121.173,-170,-113.049,40.9305,-170,-246.951,519.069,30,1724,0100,0100,0100,0100,0110,0100,7,0.207,
70,1,0,0,1,0,1,4,4,4,4,6,4,6,0,0,0,0,106.951,80.9305,-170,166.951,-139.069,-20,66.9507,-219.069,-20,-113.049,-159.069,-30,-113.049,60.9305,-20,-113.049,40.9305,-170,92.1617,83.5087,-170,166.951,-139.069,-30,69.2584,-221.173,-30,-113.049,-159.069,-30,-150.742,-121.173,-170,-113.049,40.9305,-170,-246.951,519.069,30,26,0100,0100,0100,0100,0110,0100,5,0.224,
71,1,0,0,1,0,1,4,4,4,4,4,4,6,0,0,0,0,103.488,69.8499,-170,166.951,-139.069,-20,66.9507,-219.069,-20,-116.512,-170.15,-30,-113.049,60.9305,-20,-116.512,29.8499,-170,103.488,69.8499,-170,166.951,-139.069,-30,66.9507,-219.069,-30,-116.512,-170.15,-30,-113.049,60.9305,-170,-116.512,29.8499,-170,-243.488,530.15,30,32,0100,0100,0100,0100,0100,0100,1,0.216,
72,1,0,0,1,0,1,4,7,5,4,2,4,6,0,0,0,0,103.488,69.8499,-170,166.951,-139.069,-20,66.9507,-219.069,-20,-116.512,-170.15,-30,-113.049,60.9305,-20,-116.512,29.8499,-170,103.488,69.8499,-170,166.951,-139.069,-30,66.9507,-219.069,-30,-116.512,-170.15,-30,-113.049,60.9305,-170,-116.512,29.8499,-170,-243.488,530.15,30,43,0100,0111,0101,0100,0010,0100,343,0.228,
73,1,0,0,1,1,1,4,7,5,4,2,4,6,0,0,0,0,103.488,69.8499,-170,166.951,-139.069,-20,66.9507,-219.069,-20,-116.512,-170.15,-30,-136.512,9.84989,-170,-116.512,29.8499,-170,103.488,69.8499,-170,166.951,-139.069,-30,66.9507,-219.069,-30,-116.512,-170.15,-30,-113.049,60.9305,-170,-116.512,29.8499,-170,-243.488,530.15,30,3124,0100,0111,0101,0100,0010,0100,1,0.212,
74,1,0,0,1,1,0,4,7,5,4,2,4,6,0,0,0,0,103.488,69.8499,-170,166.951,-139.069,-20,66.9507,-219.069,-20,-116.512,-170.15,-30,-136.512,9.84989,-170,-116.512,29.8499,-20,103.488,69.8499,-170,166.951,-139.069,-30,66.9507,-219.069,-30,-116.512,-170.15,-30,-113.049,60.9305,-170,-116.512,29.8499,-170,-243.488,530.15,30,1926,0100,0111,0101,0100,0010,0100,5,0.216,
75,1,0,0,1,1,0,4,4,4,4,4,4,6,0,0,0,0,114.275,42.7578,-170,166.951,-139.069,-20,66.9507,-219.069,-20,-105.725,-197.242,-30,-125.725,-17.2422,-170,-116.512,29.8499,-20,114.275,42.7578,-170,166.951,-139.069,-30,66.9507,-219.069,-30,-105.725,-197.242,-30,-125.725,-17.2422,-170,-116.512,29.8499,-170,-254.275,557.242,30,32,0100,0100,0100,0100,0100,0100,1,0.21,
76,1,0,0,1,1,0,4,2,6,4,4,6,6,0,0,0,0,114.275,42.7578,-170,166.951,-139.069,-20,66.9507,-219.069,-20,-105.725,-197.242,-30,-125.725,-17.2422,-170,-116.512,29.8499,-20,114.275,42.7578,-170,166.951,-139.069,-30,66.9507,-219.069,-30,-105.725,-197.242,-30,-125.725,-17.2422,-170,-116.512,29.8499,-170,-254.275,557.242,30,43,0100,0010,0110,0100,0100,0110,343,0.231,
77,1,0,1,1,1,1,4,2,6,4,4,6,6,0,0,0,0,114.275,42.7578,-170,166.951,-139.069,-20,214.275,-57.2422,-30,-105.725,-197.242,-30,-125.725,-17.2422,-170,-45.7247,122.758,-170,114.275,42.7578,-170,166.951,-139.069,-30,66.9507,-219.069,-30,-105.725,-197.242,-30,-125.725,-17.2422,-170,-116.512,29.8499,-170,-254.275,557.242,30,2524,0100,0010,0110,0100,0100,0110,3,0.202,
78,1,0,1,0,1,0,4,2,6,4,4,6,6,0,0,0,0,114.275,42.7578,-170,166.951,-139.069,-20,214.275,-57.2422,-30,-105.725,-197.242,-20,-125.725,-17.2422,-170,-45.7247,122.758,-20,114.275,42.7578,-170,166.951,-139.069,-30,66.9507,-219.069,-30,-105.725,-197.242,-30,-125.725,-17.2422,-170,-116.512,29.8499,-170,-254.275,557.242,30,126,0100,0010,0110,0100,0100,0110,5,0.212,
79,1,0,1,0,1,0,4,4,4,4,4,4,5,0,0,0,0,118.795,31.8678,-170,166.951,-139.069,-20,218.795,-68.1322,-30,-105.725,-197.242,-20,-121.205,-28.1322,-170,-45.7247,122.758,-20,118.795,31.8678,-170,166.951,-139.069,-30,218.795,-68.1322,-30,-105.725,-197.242,-30,-121.205,-28.1322,-170,-45.7247,122.758,-170,-258.795,568.132,30,32,0100,0100,0100,0100,0100,0100,1,0.208,
80,1,0,1,0,1,0,4,4,4,6,4,4,5,0,0,0,0,118.795,31.8678,-170,166.951,-139.069,-20,218.795,-68.1322,-30,-105.725,-197.242,-20,-121.205,-28.1322,-170,-45.7247,122.758,-20,118.795,31.8678,-170,166.951,-139.069,-30,218.795,-68.1322,-30,-105.725,-197.242,-30,-121.205,-28.1322,-170,-45.7247,122.758,-170,-258.795,568.132,30,43,0100,0100,0100,0110,0100,0100,343,0.223,
81,1,0,1,1,1,1,4,4,4,6,4,4,5,0,0,0,0,118.795,31.8678,-170,166.951,-139.069,-20,218.795,-68.1322,-30,-101.205,-68.1322,-30,-121.205,-28.1322,-170,-41.2047,131.868,-170,118.795,31.8678,-170,166.951,-139.069,-30,218.795,-68.1322,-30,-105.725,-197.242,-30,-121.205,-28.1322,-170,-45.7247,122.758,-170,-258.795,568.132,30,1624,0100,0100,0100,0110,0100,0100,3,0.194,
82,0,0,1,1,0,1,4,4,4,6,4,4,5,0,0,0,0,118.795,31.8678,-20,166.951,-139.069,-20,218.795,-68.1322,-30,-101.205,-68.1322,-30,-121.205,-28.1322,-20,-41.2047,131.868,-170,118.795,31.8678,-170,166.951,-139.069,-30,218.795,-68.1322,-30,-105.725,-197.242,-30,-121.205,-28.1322,-170,-45.7247,122.758,-170,-258.795,568.132,30,126,0100,0100,0100,0110,0100,0100,5,0.21,
83,0,0,1,1,0,1,4,4,4,4,4,4,5,0,0,0,0,118.795,31.8678,-20,166.951,-139.069,-20,187.25,-94.0548,-30,-132.75,-94.0548,-30,-121.205,-28.1322,-20,-72.7498,105.945,-170,118.795,31.8678,-170,166.951,-139.069,-30,187.25,-94.0548,-30,-132.75,-94.0548,-30,-121.205,-28.1322,-170,-72.7498,105.945,-170,-227.25,594.055,30,32,0100,0100,0100,0100,0100,0100,1,0.211,
84,0,0,1,1,0,1,6,5,4,4,3,4,5,0,0,0,0,118.795,31.8678,-20,166.951,-139.069,-20,187.25,-94.0548,-30,-132.75,-94.0548,-30,-121.205,-28.1322,-20,-72.7498,105.945,-170,118.795,31.8678,-170,166.951,-139.069,-30,187.25,-94.0548,-30,-132.75,-94.0548,-30,-121.205,-28.1322,-170,-72.7498,105.945,-170,-227.25,594.055,30,43,0110,0101,0100,0100,0011,0100,343,0.238,
85,1,1,1,1,0,1,6,5,4,4,3,4,5,0,0,0,0,67.2502,105.945,-170,127.25,45.9452,-170,187.25,-94.0548,-30,-132.75,-94.0548,-30,-121.205,-28.1322,-20,-72.7498,105.945,-170,118.795,31.8678,-170,166.951,-139.069,-30,187.25,-94.0548,-30,-132.75,-94.0548,-30,-121.205,-28.1322,-170,-72.7498,105.945,-170,-227.25,594.055,30,2424,0110,0101,0100,0100,0011,0100,3,0.206,
86,0,0,1,1,0,1,6,5,4,4,3,4,5,0,0,0,0,67.2502,105.945,-20,127.25,45.9452,-20,187.25,-94.0548,-30,-132.75,-94.0548,-30,-121.205,-28.1322,-20,-72.7498,105.945,-170,118.795,31.8678,-170,166.951,-139.069,-30,187.25,-94.0548,-30,-132.75,-94.0548,-30,-121.205,-28.1322,-170,-72.7498,105.945,-170,-227.25,594.055,30,426,0110,0101,0100,0100,0011,0100,5,0.216,
87,0,0,1,1,0,1,4,4,4,4,4,4,8,0,0,0,0,67.2502,105.945,-20,127.25,45.9452,-20,164.037,-120.618,-30,-155.963,-120.618,-30,-121.205,-28.1322,-20,-95.9632,79.3816,-170,67.2502,105.945,-170,127.25,45.9452,-30,164.037,-120.618,-30,-155.963,-120.618,-30,-121.205,-28.1322,-170,-95.9632,79.3816,-170,-204.037,620.618,30,32,0100,0100,0100,0100,0100,0100,2,0.217,
88,0,0,1,1,0,1,2,6,4,4,6,4,8,0,0,0,0,67.2502,105.945,-20,127.25,45.9452,-20,164.037,-120.618,-30,-155.963,-120.618,-30,-121.205,-28.1322,-20,-95.9632,79.3816,-170,67.2502,105.945,-170,127.25,45.9452,-30,164.037,-120.618,-30,-155.963,-120.618,-30,-121.205,-28.1322,-170,-95.9632,79.3816,-170,-204.037,620.618,30,43,0010,0110,0100,0100,0110,0100,343,0.248,
89,1,0,1,1,1,1,2,6,4,4,6,4,8,0,0,0,0,124.037,59.3816,-170,127.25,45.9452,-20,164.037,-120.618,-30,-155.963,-120.618,-30,-115.963,59.3816,-170,-95.9632,79.3816,-170,67.2502,105.945,-170,127.25,45.9452,-30,164.037,-120.618,-30,-155.963,-120.618,-30,-121.205,-28.1322,-170,-95.9632,79.3816,-170,-204.037,620.618,30,2424,0010,0110,0100,0100,0110,0100,3,0.198,
90,1,0,1,0,1,0,2,6,4,4,6,4,8,0,0,0,0,124.037,59.3816,-170,127.25,45.9452,-20,164.037,-120.618,-30,-155.963,-120.618,-20,-115.963,59.3816,-170,-95.9632,79.3816,-20,67.2502,105.945,-170,127.25,45.9452,-30,164.037,-120.618,-30,-155.963,-120.618,-30,-121.205,-28.1322,-170,-95.9632,79.3816,-170,-204.037,620.618,30,126,0010,0110,0100,0100,0110,0100,5,0.209,
91,1,0,1,0,1,0,4,4,4,4,4,4,7,0,0,0,0,117.458,26.4637,-170,127.25,45.9452,-20,157.458,-153.536,-30,-155.963,-120.618,-20,-122.542,26.4637,-170,-95.9632,79.3816,-20,117.458,26.4637,-170,127.25,45.9452,-30,157.458,-153.536,-30,-155.963,-120.618,-30,-122.542,26.4637,-170,-95.9632,79.3816,-170,-197.458,653.536,30,32,0100,0100,0100,0100,0100,0100,1,0.217,
92,1,0,1,0,1,0,4,1,4,4,4,2,7,0,0,0,0,117.458,26.4637,-170,127.25,45.9452,-20,157.458,-153.536,-30,-155.963,-120.618,-20,-122.542,26.4637,-170,-95.9632,79.3816,-20,117.458,26.4637,-170,127.25,45.9452,-30,157.458,-153.536,-30,-155.963,-120.618,-30,-122.542,26.4637,-170,-95.9632,79.3816,-170,-197.458,653.536,30,43,0100,0001,0100,0100,0100,0010,343,0.252,
93,1,1,1,0,1,0,4,1,4,4,4,2,7,0,0,0,0,117.458,26.4637,-170,117.458,26.4637,-170,157.458,-153.536,-30,-155.963,-120.618,-20,-122.542,26.4637,-170,-95.9632,79.3816,-20,117.458,26.4637,-170,127.25,45.9452,-30,157.458,-153.536,-30,-155.963,-120.618,-30,-122.542,26.4637,-170,-95.9632,79.3816,-170,-197.458,653.536,30,1624,0100,0001,0100,0100,0100,0010,7,0.213,
94,1,1,1,1,1,1,4,1,4,4,4,2,7,0,0,0,0,117.458,26.4637,-170.919,117.458,26.4637,-170.919,157.458,-153.536,-30.9188,-162.542,-153.536,-30.9188,-122.542,26.4637,-170.919,-122.542,26.4637,-170.919,117.458,26.4637,-170.919,127.25,45.9452,-30.9188,157.458,-153.536,-30.9188,-155.963,-120.618,-30.9188,-122.542,26.4637,-170.919,-95.9632,79.3816,-170.919,-197.458,653.536,30.9188,1226,0100,0001,0100,0100,0100,0010,5,0.196,
94,1,1,1,0,1,0,4,1,4,4,4,2,7,0,0,0,0,117.458,26.4637,-170.919,117.458,26.4637,-170.919,157.458,-153.536,-30.9188,-155.963,-120.618,-20,-122.542,26.4637,-170.919,-95.9632,79.3816,-20,117.458,26.4637,-170.919,127.25,45.9452,-30.9188,157.458,-153.536,-30.9188,-155.963,-120.618,-30.9188,-122.542,26.4637,-170.919,-95.9632,79.3816,-170.919,-197.458,653.536,30.9188,62,0100,0001,0100,0100,0100,0010,1,0.191,
failed_by_no_gate_pattern
3
0,1,1,1,1,1,1,4,4,4,4,4,4,0,0,0,0,0,120,100,-130,130,0,-130,120,-100,-130,-120,-100,-130,-130,0,-130,-120,100,-130,120,100,-130,130,0,-130,120,-100,-130,-120,-100,-130,-130,0,-130,-120,100,-130,-507.963,-64.2674,130,24,0100,0100,0100,0100,0100,0100,5,0.196,
1,1,1,1,1,1,1,4,4,4,4,4,4,0,0,0,0,0,120,100,-30,130,0,-30,120,-100,-30,-120,-100,-30,-130,0,-30,-120,100,-30,120,100,-30,130,0,-30,120,-100,-30,-120,-100,-30,-130,0,-30,-120,100,-30,-507.963,-64.2674,30,62,0100,0100,0100,0100,0100,0100,5,0.221,
2,1,1,0,1,1,0,4,4,4,4,4,4,0,0,0,0,0,120,100,-30,130,0,-30,120,-100,-20,-120,-100,-30,-130,0,-30,-120,100,-20,120,100,-30,130,0,-30,120,-100,-30,-120,-100,-30,-130,0,-30,-120,100,-30,-507.963,-64.2674,30,26,0100,0100,0100,0100,0100,0100,17,0.249,
3,1,1,0,1,1,0,4,4,4,4,4,4,8,0,0,0,0,120,100,-30,130,0,-30,120,-100,-20,-120,-100,-30,-130,0,-30,-120,100,-20,120,100,-30,130,0,-30,120,-100,-30,-120,-100,-30,-130,0,-30,-120,100,-30,-507.963,-64.2674,30,32,0100,0100,0100,0100,0100,0100,1,0.198,
4,1,1,0,1,1,0,4,4,6,4,4,6,8,0,0,0,0,120,100,-30,130,0,-30,120,-100,-20,-120,-100,-30,-130,0,-30,-120,100,-20,120,100,-30,130,0,-30,120,-100,-30,-120,-100,-30,-130,0,-30,-120,100,-30,-507.963,-64.2674,30,43,0100,0100,0110,0100,0100,0110,49,0.206,
5,1,1,1,1,1,1,4,4,6,4,4,6,8,0,0,0,0,120,100,-30,130,0,-30,167.963,-15.7326,-30,-120,-100,-30,-130,0,-30,-52.0369,224.267,-30,120,100,-30,130,0,-30,120,-100,-30,-120,-100,-30,-130,0,-30,-120,100,-30,-507.963,-64.2674,30,824,0100,0100,0110,0100,0100,0110,3,0.205,
6,0,0,1,0,1,1,4,4,6,4,4,6,8,0,0,0,0,120,100,-20,130,0,-20,167.963,-15.7326,-30,-120,-100,-20,-130,0,-30,-52.0369,224.267,-30,120,100,-30,130,0,-30,120,-100,-30,-120,-100,-30,-130,0,-30,-120,100,-30,-507.963,-64.2674,30,26,0100,0100,0110,0100,0100,0110,5,0.23,
7,0,0,1,0,1,1,4,4,4,4,4,4,5,0,0,0,0,120,100,-20,130,0,-20,119.726,-114.207,-30,-120,-100,-20,-178.237,-98.4745,-30,-100.274,125.793,-30,120,100,-30,130,0,-30,119.726,-114.207,-30,-120,-100,-30,-178.237,-98.4745,-30,-100.274,125.793,-30,-459.726,34.2071,30,32,0100,0100,0100,0100,0100,0100,2,0.237,
8,0,0,1,0,1,1,4,2,4,6,4,4,5,0,0,0,0,120,100,-20,130,0,-20,119.726,-114.207,-30,-120,-100,-20,-178.237,-98.4745,-30,-100.274,125.793,-30,120,100,-30,130,0,-30,119.726,-114.207,-30,-120,-100,-30,-178.237,-98.4745,-30,-100.274,125.793,-30,-459.726,34.2071,30,43,0100,0010,0100,0110,0100,0100,343,0.336,
9,1,1,1,1,1,1,4,2,4,6,4,4,5,0,0,0,0,119.726,105.793,-30,219.726,-14.2071,-30,119.726,-114.207,-30,-120.274,-14.2071,-30,-178.237,-98.4745,-30,-100.274,125.793,-30,120,100,-30,130,0,-30,119.726,-114.207,-30,-120,-100,-30,-178.237,-98.4745,-30,-100.274,125.793,-30,-459.726,34.2071,30,3024,0100,0010,0100,0110,0100,0100,7,0.225,
10,0,1,0,1,0,1,4,2,4,6,4,4,5,0,0,0,0,119.726,105.793,-20,219.726,-14.2071,-30,119.726,-114.207,-20,-120.274,-14.2071,-30,-178.237,-98.4745,-20,-100.274,125.793,-30,120,100,-30,130,0,-30,119.726,-114.207,-30,-120,-100,-30,-178.237,-98.4745,-30,-100.274,125.793,-30,-459.726,34.2071,30,26,0100,0010,0100,0110,0100,0100,5,0.261,
11,0,1,0,1,0,1,4,4,4,4,4,4,6,0,0,0,0,119.726,105.793,-20,179.64,-127.444,-30,119.726,-114.207,-20,-160.36,-127.444,-30,-178.237,-98.4745,-20,-140.36,12.5563,-30,119.726,105.793,-30,179.64,-127.444,-30,119.726,-114.207,-30,-160.36,-127.444,-30,-178.237,-98.4745,-30,-140.36,12.5563,-30,-419.64,147.444,30,32,0100,0100,0100,0100,0100,0100,3,0.253,
12,0,1,0,1,0,1,1,4,6,4,6,4,6,0,0,0,0,119.726,105.793,-20,179.64,-127.444,-30,119.726,-114.207,-20,-160.36,-127.444,-30,-178.237,-98.4745,-20,-140.36,12.5563,-30,119.726,105.793,-30,179.64,-127.444,-30,119.726,-114.207,-30,-160.36,-127.444,-30,-178.237,-98.4745,-30,-140.36,12.5563,-30,-419.64,147.444,30,43,0001,0100,0110,0100,0110,0100,343,0.309,
13,0,1,1,1,1,1,1,4,6,4,6,4,6,0,0,0,0,119.726,105.793,-20,179.64,-127.444,-30,199.64,-27.4437,-30,-160.36,-127.444,-30,-180.36,132.556,-30,-140.36,12.5563,-30,119.726,105.793,-30,179.64,-127.444,-30,119.726,-114.207,-30,-160.36,-127.444,-30,-178.237,-98.4745,-30,-140.36,12.5563,-30,-419.64,147.444,30,1724,0001,0100,0110,0100,0110,0100,3,0.197,
13,0,1,0,1,0,1,2,4,2,4,4,4,6,0,0,0,0,119.726,105.793,-20,179.64,-127.444,-30,119.726,-114.207,-20,-160.36,-127.444,-30,-178.237,-98.4745,-20,-140.36,12.5563,-30,119.726,105.793,-30,179.64,-127.444,-30,119.726,-114.207,-30,-160.36,-127.444,-30,-178.237,-98.4745,-30,-140.36,12.5563,-30,-419.64,147.444,30,43,0010,0100,0010,0100,0100,0100,5,0.194,
failed_by_no_gate_pattern
s,0,
1V~[VB,406,[mm/V~[V]
B,642,[mm]
B,147,[mm]
1ep^[T,0.222725,[s]
T,0.365,[s]
T,0.191,[s]

Jf,33,
ep^[f,66,
ep^[,171,
ep^[|,38.086,b
Yv,1219mm
1ep^[,7mm/
Yx,32.0065mm/b
